{
  "SD": 1.2444444444444445,
  "SM": 1.2444444444444445,
  "SI": 1.2444444444444445,
  "K": 5,
  "L": 4,
  "W": 25.0,
  "G": 100000000.0,
  "MU": 0,
  "R": 1e-08,
  "SIM_END": 2000000.0,
  "IND_RECORD_LAG": 10,
  "IND_RECORD_LIM": 20,
  "IND_RECORD_FREQ": 200,
  "OUTPATH": "out.trees",
  "SEED": 1570908457
}