{
  "SD": 2.7777777777777777,
  "SM": 2.7777777777777777,
  "SI": 2.7777777777777777,
  "K": 5,
  "L": 4,
  "W": 25.0,
  "G": 100000000.0,
  "MU": 0,
  "R": 1e-08,
  "SIM_END": 2000000.0,
  "IND_RECORD_LAG": 10,
  "IND_RECORD_LIM": 20,
  "IND_RECORD_FREQ": 200,
  "OUTPATH": "out.trees",
  "SEED": 667960606
}