{
  "mode": "site",
  "rep": 458,
  "ne": 10000,
  "r": 1e-05,
  "mu": [
    1e-07,
    4.413793103448276e-07,
    7.827586206896552e-07,
    1.1241379310344827e-06,
    1.4655172413793102e-06,
    1.8068965517241377e-06,
    2.1482758620689656e-06,
    2.489655172413793e-06,
    2.8310344827586205e-06,
    3.172413793103448e-06,
    3.5137931034482755e-06,
    3.5137931034482755e-06,
    3.855172413793104e-06,
    3.855172413793104e-06,
    4.196551724137931e-06,
    4.196551724137931e-06,
    4.537931034482759e-06,
    4.537931034482759e-06,
    4.879310344827586e-06,
    4.879310344827586e-06,
    5.220689655172414e-06,
    5.220689655172414e-06,
    5.562068965517241e-06,
    5.562068965517241e-06,
    5.903448275862069e-06,
    5.903448275862069e-06,
    6.244827586206896e-06,
    6.244827586206896e-06,
    6.5862068965517236e-06,
    6.5862068965517236e-06,
    6.927586206896551e-06,
    6.927586206896551e-06,
    7.268965517241379e-06,
    7.268965517241379e-06,
    7.610344827586207e-06,
    7.610344827586207e-06,
    7.951724137931034e-06,
    7.951724137931034e-06,
    8.293103448275863e-06,
    8.293103448275863e-06,
    8.634482758620691e-06,
    8.634482758620691e-06,
    8.975862068965518e-06,
    8.975862068965518e-06,
    9.317241379310346e-06,
    9.317241379310346e-06,
    9.658620689655173e-06,
    9.658620689655173e-06,
    1e-05,
    1e-05
  ],
  "samples": 500,
  "sequence_length": 50000,
  "seeds": [
    1135438050,
    777154610,
    328102984,
    1297815984,
    1580669339,
    638663931,
    1416664205,
    1784622064,
    1465893021,
    1095260627,
    881047249,
    1775407674,
    993703117,
    1019349569,
    1882788192,
    399635448,
    1186233319,
    129221379,
    1212894039,
    494733581,
    1608110939,
    165771458,
    1141359821,
    316929971,
    1023752726,
    1474054065,
    568770282,
    668822809,
    87868709,
    539883719,
    1565896745,
    1476778699,
    1018937170,
    383763171,
    870062166,
    1304688489,
    2072606922,
    752863363,
    1335583025,
    1640596783,
    69777774,
    2123557849,
    1236995882,
    1811601620,
    1630059852,
    637398191,
    389148637,
    169514309,
    32434451,
    1362544594
  ]
}