{
  "mode": "site",
  "rep": 73,
  "ne": 10000,
  "r": 1e-05,
  "mu": [
    1e-07,
    1e-07,
    4.413793103448276e-07,
    4.413793103448276e-07,
    7.827586206896552e-07,
    7.827586206896552e-07,
    1.1241379310344827e-06,
    1.1241379310344827e-06,
    1.4655172413793102e-06,
    1.4655172413793102e-06,
    1.8068965517241377e-06,
    1.8068965517241377e-06,
    2.1482758620689656e-06,
    2.1482758620689656e-06,
    2.489655172413793e-06,
    2.489655172413793e-06,
    2.8310344827586205e-06,
    2.8310344827586205e-06,
    3.172413793103448e-06,
    3.172413793103448e-06,
    3.5137931034482755e-06,
    3.855172413793104e-06,
    4.196551724137931e-06,
    4.537931034482759e-06,
    4.879310344827586e-06,
    5.220689655172414e-06,
    5.562068965517241e-06,
    5.903448275862069e-06,
    6.244827586206896e-06,
    6.5862068965517236e-06,
    6.927586206896551e-06,
    6.927586206896551e-06,
    7.268965517241379e-06,
    7.268965517241379e-06,
    7.610344827586207e-06,
    7.610344827586207e-06,
    7.951724137931034e-06,
    7.951724137931034e-06,
    8.293103448275863e-06,
    8.293103448275863e-06,
    8.634482758620691e-06,
    8.634482758620691e-06,
    8.975862068965518e-06,
    8.975862068965518e-06,
    9.317241379310346e-06,
    9.317241379310346e-06,
    9.658620689655173e-06,
    9.658620689655173e-06,
    1e-05,
    1e-05
  ],
  "samples": 500,
  "sequence_length": 10000,
  "seeds": [
    127566857,
    1468474290,
    980115273,
    736734559,
    2123046990,
    806666705,
    1195198056,
    1830909079,
    1284227628,
    785705919,
    182902045,
    303244776,
    350423073,
    188942167,
    1473483739,
    2052044862,
    1279543109,
    1573101045,
    45426058,
    1285358394,
    2031475146,
    1670460565,
    938394137,
    1067043228,
    2037501294,
    654365268,
    781219783,
    1167794787,
    2297830,
    1902845498,
    2116421121,
    1152470892,
    1186808284,
    1513032121,
    844033415,
    317883305,
    1893848552,
    1493929229,
    1741481886,
    399287066,
    1987907004,
    1322798889,
    1570858952,
    795340052,
    1186368642,
    364031443,
    1915883073,
    759212999,
    967253768,
    486461483
  ]
}