{
  "mode": "branch",
  "rep": 687,
  "ne": 10000,
  "r": [
    1e-08,
    1e-08,
    1.820689655172414e-07,
    1.820689655172414e-07,
    3.541379310344828e-07,
    3.541379310344828e-07,
    5.262068965517242e-07,
    5.262068965517242e-07,
    6.982758620689656e-07,
    6.982758620689656e-07,
    8.70344827586207e-07,
    8.70344827586207e-07,
    1.0424137931034483e-06,
    1.0424137931034483e-06,
    1.2144827586206895e-06,
    1.2144827586206895e-06,
    1.386551724137931e-06,
    1.386551724137931e-06,
    1.5586206896551725e-06,
    1.5586206896551725e-06,
    1.7306896551724138e-06,
    1.7306896551724138e-06,
    1.9027586206896551e-06,
    1.9027586206896551e-06,
    2.0748275862068966e-06,
    2.0748275862068966e-06,
    2.246896551724138e-06,
    2.246896551724138e-06,
    2.418965517241379e-06,
    2.418965517241379e-06,
    2.5910344827586207e-06,
    2.5910344827586207e-06,
    2.763103448275862e-06,
    2.763103448275862e-06,
    2.9351724137931037e-06,
    2.9351724137931037e-06,
    3.107241379310345e-06,
    3.107241379310345e-06,
    3.2793103448275863e-06,
    3.2793103448275863e-06,
    3.4513793103448278e-06,
    3.6234482758620693e-06,
    3.7955172413793103e-06,
    3.967586206896552e-06,
    4.139655172413793e-06,
    4.311724137931034e-06,
    4.483793103448276e-06,
    4.655862068965517e-06,
    4.8279310344827585e-06,
    5e-06
  ],
  "mu": 0,
  "samples": 250,
  "sequence_length": 1000,
  "seeds": [
    1855393867,
    1488031301,
    550432179,
    1951402030,
    2038782825,
    1581346203,
    76326119,
    376253916,
    676446890,
    1385191056,
    479838516,
    531559877,
    54702122,
    377400375,
    1554823989,
    339075029,
    831357562,
    561646194,
    1793995689,
    751385281,
    978549159,
    1963404583,
    216301175,
    1193627666,
    1424463887,
    2132274883,
    1435371275,
    955724417,
    1013671421,
    172735857,
    765834594,
    801726837,
    489708533,
    222040476,
    1231187680,
    2105781043,
    169807185,
    1359542054,
    1538441186,
    1101176539,
    170879842,
    1420468237,
    1928971710,
    1873549398,
    311497109,
    947785018,
    36433801,
    1538481993,
    228857677,
    1027754114
  ]
}