{
  "mode": "site",
  "rep": 340,
  "ne": 10000,
  "r": 1e-05,
  "mu": [
    1e-07,
    1e-07,
    4.413793103448276e-07,
    4.413793103448276e-07,
    7.827586206896552e-07,
    7.827586206896552e-07,
    1.1241379310344827e-06,
    1.1241379310344827e-06,
    1.4655172413793102e-06,
    1.4655172413793102e-06,
    1.8068965517241377e-06,
    1.8068965517241377e-06,
    2.1482758620689656e-06,
    2.1482758620689656e-06,
    2.489655172413793e-06,
    2.489655172413793e-06,
    2.8310344827586205e-06,
    2.8310344827586205e-06,
    3.172413793103448e-06,
    3.172413793103448e-06,
    3.5137931034482755e-06,
    3.855172413793104e-06,
    4.196551724137931e-06,
    4.537931034482759e-06,
    4.879310344827586e-06,
    5.220689655172414e-06,
    5.562068965517241e-06,
    5.903448275862069e-06,
    6.244827586206896e-06,
    6.5862068965517236e-06,
    6.927586206896551e-06,
    6.927586206896551e-06,
    7.268965517241379e-06,
    7.268965517241379e-06,
    7.610344827586207e-06,
    7.610344827586207e-06,
    7.951724137931034e-06,
    7.951724137931034e-06,
    8.293103448275863e-06,
    8.293103448275863e-06,
    8.634482758620691e-06,
    8.634482758620691e-06,
    8.975862068965518e-06,
    8.975862068965518e-06,
    9.317241379310346e-06,
    9.317241379310346e-06,
    9.658620689655173e-06,
    9.658620689655173e-06,
    1e-05,
    1e-05
  ],
  "samples": 500,
  "sequence_length": 10000,
  "seeds": [
    241472019,
    1170892968,
    680034123,
    1856116816,
    776847691,
    1642798537,
    825049408,
    2079376283,
    2112163220,
    1194439650,
    1386352767,
    2140170760,
    449163534,
    505265582,
    1486118397,
    1687269643,
    1972146297,
    570355542,
    52105801,
    795128828,
    1537164782,
    2136573371,
    541058572,
    1109900950,
    41151550,
    767618133,
    1749553977,
    2139930038,
    259193884,
    754613124,
    900693190,
    1255570542,
    565665583,
    14759371,
    1651302674,
    2132730328,
    81699815,
    1812669045,
    576720597,
    636409320,
    1912252638,
    1742208594,
    1438853728,
    1022214829,
    1399660964,
    832897379,
    564067611,
    1076067140,
    629316638,
    1895465213
  ]
}