{
  "mode": "branch",
  "rep": 918,
  "ne": 10000,
  "r": [
    1e-08,
    1e-08,
    1.820689655172414e-07,
    1.820689655172414e-07,
    3.541379310344828e-07,
    3.541379310344828e-07,
    5.262068965517242e-07,
    5.262068965517242e-07,
    6.982758620689656e-07,
    6.982758620689656e-07,
    8.70344827586207e-07,
    8.70344827586207e-07,
    1.0424137931034483e-06,
    1.0424137931034483e-06,
    1.2144827586206895e-06,
    1.2144827586206895e-06,
    1.386551724137931e-06,
    1.386551724137931e-06,
    1.5586206896551725e-06,
    1.5586206896551725e-06,
    1.7306896551724138e-06,
    1.7306896551724138e-06,
    1.9027586206896551e-06,
    1.9027586206896551e-06,
    2.0748275862068966e-06,
    2.0748275862068966e-06,
    2.246896551724138e-06,
    2.246896551724138e-06,
    2.418965517241379e-06,
    2.418965517241379e-06,
    2.5910344827586207e-06,
    2.5910344827586207e-06,
    2.763103448275862e-06,
    2.763103448275862e-06,
    2.9351724137931037e-06,
    2.9351724137931037e-06,
    3.107241379310345e-06,
    3.107241379310345e-06,
    3.2793103448275863e-06,
    3.2793103448275863e-06,
    3.4513793103448278e-06,
    3.6234482758620693e-06,
    3.7955172413793103e-06,
    3.967586206896552e-06,
    4.139655172413793e-06,
    4.311724137931034e-06,
    4.483793103448276e-06,
    4.655862068965517e-06,
    4.8279310344827585e-06,
    5e-06
  ],
  "mu": 0,
  "samples": 250,
  "sequence_length": 1000,
  "seeds": [
    349537928,
    1245799402,
    1565349174,
    1969344450,
    1662151127,
    760842173,
    1870804472,
    231922851,
    394033987,
    1184583123,
    2128846491,
    217406506,
    1060606484,
    1388658973,
    1611622938,
    1730354338,
    1354731003,
    509622575,
    911701869,
    1902513944,
    1767090445,
    1408335593,
    1301992006,
    1431272807,
    1822412843,
    809626820,
    1231573062,
    677625972,
    35941368,
    666493363,
    834646375,
    106442150,
    523644821,
    1187729481,
    1220591201,
    902190638,
    152815582,
    267212370,
    297324753,
    602836899,
    1696947080,
    1147027336,
    1521901809,
    1032567108,
    2122161816,
    1817896426,
    1403534913,
    1253930601,
    386680633,
    192630339
  ]
}