{
  "mode": "branch",
  "rep": 751,
  "ne": 10000,
  "r": [
    1e-08,
    1e-08,
    1.820689655172414e-07,
    1.820689655172414e-07,
    3.541379310344828e-07,
    3.541379310344828e-07,
    5.262068965517242e-07,
    5.262068965517242e-07,
    6.982758620689656e-07,
    6.982758620689656e-07,
    8.70344827586207e-07,
    8.70344827586207e-07,
    1.0424137931034483e-06,
    1.0424137931034483e-06,
    1.2144827586206895e-06,
    1.2144827586206895e-06,
    1.386551724137931e-06,
    1.386551724137931e-06,
    1.5586206896551725e-06,
    1.5586206896551725e-06,
    1.7306896551724138e-06,
    1.9027586206896551e-06,
    2.0748275862068966e-06,
    2.246896551724138e-06,
    2.418965517241379e-06,
    2.5910344827586207e-06,
    2.763103448275862e-06,
    2.9351724137931037e-06,
    3.107241379310345e-06,
    3.2793103448275863e-06,
    3.4513793103448278e-06,
    3.4513793103448278e-06,
    3.6234482758620693e-06,
    3.6234482758620693e-06,
    3.7955172413793103e-06,
    3.7955172413793103e-06,
    3.967586206896552e-06,
    3.967586206896552e-06,
    4.139655172413793e-06,
    4.139655172413793e-06,
    4.311724137931034e-06,
    4.311724137931034e-06,
    4.483793103448276e-06,
    4.483793103448276e-06,
    4.655862068965517e-06,
    4.655862068965517e-06,
    4.8279310344827585e-06,
    4.8279310344827585e-06,
    5e-06,
    5e-06
  ],
  "mu": 0,
  "samples": 250,
  "sequence_length": 1000,
  "seeds": [
    1317926757,
    654478807,
    1088698637,
    211511535,
    856542100,
    1049006636,
    1668503872,
    1978450268,
    1956907276,
    610594046,
    2084090896,
    1334310710,
    581952343,
    600485488,
    1563649692,
    541527288,
    1720360562,
    1864090850,
    1753406303,
    916676451,
    2094503205,
    1057353845,
    1185869481,
    597231382,
    1329796464,
    1268367287,
    1615656544,
    531422812,
    246806801,
    1464044137,
    1516047553,
    1108252635,
    1905620160,
    1192468031,
    1297836063,
    1580400359,
    401056843,
    1556439126,
    457326638,
    353795945,
    1726954931,
    1916083780,
    2014635875,
    1668174474,
    1269848030,
    240115866,
    257816227,
    1625060607,
    596119686,
    254820295
  ]
}