{
  "mode": "branch",
  "rep": 935,
  "ne": 10000,
  "r": [
    1e-08,
    1.820689655172414e-07,
    3.541379310344828e-07,
    5.262068965517242e-07,
    6.982758620689656e-07,
    8.70344827586207e-07,
    1.0424137931034483e-06,
    1.2144827586206895e-06,
    1.386551724137931e-06,
    1.5586206896551725e-06,
    1.7306896551724138e-06,
    1.7306896551724138e-06,
    1.9027586206896551e-06,
    1.9027586206896551e-06,
    2.0748275862068966e-06,
    2.0748275862068966e-06,
    2.246896551724138e-06,
    2.246896551724138e-06,
    2.418965517241379e-06,
    2.418965517241379e-06,
    2.5910344827586207e-06,
    2.5910344827586207e-06,
    2.763103448275862e-06,
    2.763103448275862e-06,
    2.9351724137931037e-06,
    2.9351724137931037e-06,
    3.107241379310345e-06,
    3.107241379310345e-06,
    3.2793103448275863e-06,
    3.2793103448275863e-06,
    3.4513793103448278e-06,
    3.4513793103448278e-06,
    3.6234482758620693e-06,
    3.6234482758620693e-06,
    3.7955172413793103e-06,
    3.7955172413793103e-06,
    3.967586206896552e-06,
    3.967586206896552e-06,
    4.139655172413793e-06,
    4.139655172413793e-06,
    4.311724137931034e-06,
    4.311724137931034e-06,
    4.483793103448276e-06,
    4.483793103448276e-06,
    4.655862068965517e-06,
    4.655862068965517e-06,
    4.8279310344827585e-06,
    4.8279310344827585e-06,
    5e-06,
    5e-06
  ],
  "mu": 0,
  "samples": 250,
  "sequence_length": 1000,
  "seeds": [
    947452711,
    754939962,
    1746113382,
    1697353827,
    631284440,
    1770607497,
    1509103595,
    289022448,
    1464474599,
    862203434,
    1948150351,
    1309557454,
    228333098,
    622633778,
    2133365267,
    1290675994,
    244597046,
    855673418,
    402263487,
    648481325,
    1169830747,
    665944576,
    680882206,
    254735879,
    218590998,
    2071849386,
    3435534,
    774172940,
    3200086,
    1394416738,
    346161267,
    2065987185,
    1250106557,
    1089768218,
    1905586701,
    1494878258,
    412975377,
    2075344462,
    321370913,
    747343846,
    18842656,
    544883053,
    1688886585,
    1688382678,
    1668890268,
    750073052,
    2065880001,
    1600562451,
    672208582,
    577666040
  ]
}