{
  "mode": "site",
  "rep": 30,
  "ne": 10000,
  "r": 1e-05,
  "mu": [
    1e-07,
    1e-07,
    4.413793103448276e-07,
    4.413793103448276e-07,
    7.827586206896552e-07,
    7.827586206896552e-07,
    1.1241379310344827e-06,
    1.1241379310344827e-06,
    1.4655172413793102e-06,
    1.4655172413793102e-06,
    1.8068965517241377e-06,
    1.8068965517241377e-06,
    2.1482758620689656e-06,
    2.1482758620689656e-06,
    2.489655172413793e-06,
    2.489655172413793e-06,
    2.8310344827586205e-06,
    2.8310344827586205e-06,
    3.172413793103448e-06,
    3.172413793103448e-06,
    3.5137931034482755e-06,
    3.5137931034482755e-06,
    3.855172413793104e-06,
    3.855172413793104e-06,
    4.196551724137931e-06,
    4.196551724137931e-06,
    4.537931034482759e-06,
    4.537931034482759e-06,
    4.879310344827586e-06,
    4.879310344827586e-06,
    5.220689655172414e-06,
    5.220689655172414e-06,
    5.562068965517241e-06,
    5.562068965517241e-06,
    5.903448275862069e-06,
    5.903448275862069e-06,
    6.244827586206896e-06,
    6.244827586206896e-06,
    6.5862068965517236e-06,
    6.5862068965517236e-06,
    6.927586206896551e-06,
    7.268965517241379e-06,
    7.610344827586207e-06,
    7.951724137931034e-06,
    8.293103448275863e-06,
    8.634482758620691e-06,
    8.975862068965518e-06,
    9.317241379310346e-06,
    9.658620689655173e-06,
    1e-05
  ],
  "samples": 500,
  "sequence_length": 10000,
  "seeds": [
    938714772,
    884811247,
    1184428175,
    245437865,
    1464972584,
    2132246219,
    309442532,
    502984250,
    1891102304,
    367183586,
    2136486168,
    1271627061,
    493167077,
    517123944,
    1987234899,
    1250361737,
    132193198,
    1031567873,
    453353128,
    2046563305,
    128703860,
    1764470579,
    32818536,
    1559382776,
    1024122891,
    842183763,
    688237824,
    1155503851,
    476069912,
    190381731,
    2028058604,
    624326198,
    113438456,
    27197943,
    1985591675,
    241806545,
    1598370953,
    2087829607,
    432086238,
    2100471660,
    498098222,
    525234490,
    256245707,
    2142696767,
    246677750,
    235076521,
    63244944,
    452929814,
    542375815,
    823278857
  ]
}