{
  "mode": "branch",
  "rep": 624,
  "ne": 10000,
  "r": [
    1e-08,
    1e-08,
    1.820689655172414e-07,
    1.820689655172414e-07,
    3.541379310344828e-07,
    3.541379310344828e-07,
    5.262068965517242e-07,
    5.262068965517242e-07,
    6.982758620689656e-07,
    6.982758620689656e-07,
    8.70344827586207e-07,
    8.70344827586207e-07,
    1.0424137931034483e-06,
    1.0424137931034483e-06,
    1.2144827586206895e-06,
    1.2144827586206895e-06,
    1.386551724137931e-06,
    1.386551724137931e-06,
    1.5586206896551725e-06,
    1.5586206896551725e-06,
    1.7306896551724138e-06,
    1.7306896551724138e-06,
    1.9027586206896551e-06,
    1.9027586206896551e-06,
    2.0748275862068966e-06,
    2.0748275862068966e-06,
    2.246896551724138e-06,
    2.246896551724138e-06,
    2.418965517241379e-06,
    2.418965517241379e-06,
    2.5910344827586207e-06,
    2.5910344827586207e-06,
    2.763103448275862e-06,
    2.763103448275862e-06,
    2.9351724137931037e-06,
    2.9351724137931037e-06,
    3.107241379310345e-06,
    3.107241379310345e-06,
    3.2793103448275863e-06,
    3.2793103448275863e-06,
    3.4513793103448278e-06,
    3.6234482758620693e-06,
    3.7955172413793103e-06,
    3.967586206896552e-06,
    4.139655172413793e-06,
    4.311724137931034e-06,
    4.483793103448276e-06,
    4.655862068965517e-06,
    4.8279310344827585e-06,
    5e-06
  ],
  "mu": 0,
  "samples": 250,
  "sequence_length": 1000,
  "seeds": [
    1760332000,
    521468785,
    1654152585,
    1044451276,
    974036204,
    152500782,
    1996328961,
    2050320665,
    1560148204,
    780192873,
    1131670511,
    186469738,
    1948306442,
    1100577430,
    1443304244,
    1473365426,
    530027403,
    396218699,
    332300925,
    816259747,
    1330710054,
    441085071,
    107709269,
    759484352,
    1904681589,
    1872622342,
    737112409,
    1277317137,
    755200861,
    1709713,
    1968796772,
    262785325,
    675863282,
    177431427,
    612409080,
    465545913,
    225515879,
    1007322758,
    592049561,
    1546979923,
    953611957,
    614782008,
    711006180,
    1962921926,
    1522813172,
    461020048,
    1236676254,
    1621792638,
    1819458736,
    1762416994
  ]
}