{
  "mode": "site",
  "rep": 265,
  "ne": 10000,
  "r": 1e-05,
  "mu": [
    1e-07,
    1e-07,
    4.413793103448276e-07,
    4.413793103448276e-07,
    7.827586206896552e-07,
    7.827586206896552e-07,
    1.1241379310344827e-06,
    1.1241379310344827e-06,
    1.4655172413793102e-06,
    1.4655172413793102e-06,
    1.8068965517241377e-06,
    1.8068965517241377e-06,
    2.1482758620689656e-06,
    2.1482758620689656e-06,
    2.489655172413793e-06,
    2.489655172413793e-06,
    2.8310344827586205e-06,
    2.8310344827586205e-06,
    3.172413793103448e-06,
    3.172413793103448e-06,
    3.5137931034482755e-06,
    3.855172413793104e-06,
    4.196551724137931e-06,
    4.537931034482759e-06,
    4.879310344827586e-06,
    5.220689655172414e-06,
    5.562068965517241e-06,
    5.903448275862069e-06,
    6.244827586206896e-06,
    6.5862068965517236e-06,
    6.927586206896551e-06,
    6.927586206896551e-06,
    7.268965517241379e-06,
    7.268965517241379e-06,
    7.610344827586207e-06,
    7.610344827586207e-06,
    7.951724137931034e-06,
    7.951724137931034e-06,
    8.293103448275863e-06,
    8.293103448275863e-06,
    8.634482758620691e-06,
    8.634482758620691e-06,
    8.975862068965518e-06,
    8.975862068965518e-06,
    9.317241379310346e-06,
    9.317241379310346e-06,
    9.658620689655173e-06,
    9.658620689655173e-06,
    1e-05,
    1e-05
  ],
  "samples": 500,
  "sequence_length": 10000,
  "seeds": [
    15870359,
    979484980,
    7549346,
    2124469037,
    1637465354,
    501666312,
    1145734484,
    1546307001,
    821758657,
    1363312024,
    1515254262,
    1480472577,
    465596729,
    1916659712,
    1383626285,
    981344339,
    78722844,
    2133927040,
    200370378,
    760493856,
    1624820788,
    2020131054,
    1433446840,
    1130604992,
    1728871256,
    2088055208,
    1446728504,
    769448930,
    206996870,
    939720253,
    638435612,
    1949891261,
    1889570401,
    959812693,
    1513490019,
    1326936196,
    887801955,
    1206842144,
    495093513,
    103223234,
    1268086177,
    1689076363,
    1342397792,
    1301749805,
    588136498,
    657975060,
    626402430,
    1311916247,
    796786066,
    29458628
  ]
}