{
  "mode": "branch",
  "rep": 695,
  "ne": 10000,
  "r": [
    1e-08,
    1.820689655172414e-07,
    3.541379310344828e-07,
    5.262068965517242e-07,
    6.982758620689656e-07,
    8.70344827586207e-07,
    1.0424137931034483e-06,
    1.2144827586206895e-06,
    1.386551724137931e-06,
    1.5586206896551725e-06,
    1.7306896551724138e-06,
    1.7306896551724138e-06,
    1.9027586206896551e-06,
    1.9027586206896551e-06,
    2.0748275862068966e-06,
    2.0748275862068966e-06,
    2.246896551724138e-06,
    2.246896551724138e-06,
    2.418965517241379e-06,
    2.418965517241379e-06,
    2.5910344827586207e-06,
    2.5910344827586207e-06,
    2.763103448275862e-06,
    2.763103448275862e-06,
    2.9351724137931037e-06,
    2.9351724137931037e-06,
    3.107241379310345e-06,
    3.107241379310345e-06,
    3.2793103448275863e-06,
    3.2793103448275863e-06,
    3.4513793103448278e-06,
    3.4513793103448278e-06,
    3.6234482758620693e-06,
    3.6234482758620693e-06,
    3.7955172413793103e-06,
    3.7955172413793103e-06,
    3.967586206896552e-06,
    3.967586206896552e-06,
    4.139655172413793e-06,
    4.139655172413793e-06,
    4.311724137931034e-06,
    4.311724137931034e-06,
    4.483793103448276e-06,
    4.483793103448276e-06,
    4.655862068965517e-06,
    4.655862068965517e-06,
    4.8279310344827585e-06,
    4.8279310344827585e-06,
    5e-06,
    5e-06
  ],
  "mu": 0,
  "samples": 250,
  "sequence_length": 1000,
  "seeds": [
    1469695871,
    961925740,
    656668967,
    693742907,
    354876892,
    62709283,
    2114503901,
    1765651597,
    1522666927,
    68994538,
    1205485310,
    898587156,
    171824354,
    432130936,
    322359204,
    1711724195,
    1846794074,
    13086013,
    1901073235,
    1534973317,
    2032266146,
    92624190,
    303617427,
    1913445667,
    1422450956,
    990523452,
    1676368171,
    405456670,
    1997254377,
    1048211694,
    856752604,
    1224576680,
    1994365793,
    856853012,
    568522042,
    2002612492,
    743007566,
    1506619180,
    1554653084,
    1151504205,
    1644842136,
    62848902,
    693343194,
    594589516,
    331782308,
    1903497887,
    1054105436,
    1950817136,
    1824359892,
    1090822623
  ]
}