{
  "mode": "site",
  "rep": 337,
  "ne": 10000,
  "r": 1e-05,
  "mu": [
    1e-07,
    1e-07,
    4.413793103448276e-07,
    4.413793103448276e-07,
    7.827586206896552e-07,
    7.827586206896552e-07,
    1.1241379310344827e-06,
    1.1241379310344827e-06,
    1.4655172413793102e-06,
    1.4655172413793102e-06,
    1.8068965517241377e-06,
    1.8068965517241377e-06,
    2.1482758620689656e-06,
    2.1482758620689656e-06,
    2.489655172413793e-06,
    2.489655172413793e-06,
    2.8310344827586205e-06,
    2.8310344827586205e-06,
    3.172413793103448e-06,
    3.172413793103448e-06,
    3.5137931034482755e-06,
    3.855172413793104e-06,
    4.196551724137931e-06,
    4.537931034482759e-06,
    4.879310344827586e-06,
    5.220689655172414e-06,
    5.562068965517241e-06,
    5.903448275862069e-06,
    6.244827586206896e-06,
    6.5862068965517236e-06,
    6.927586206896551e-06,
    6.927586206896551e-06,
    7.268965517241379e-06,
    7.268965517241379e-06,
    7.610344827586207e-06,
    7.610344827586207e-06,
    7.951724137931034e-06,
    7.951724137931034e-06,
    8.293103448275863e-06,
    8.293103448275863e-06,
    8.634482758620691e-06,
    8.634482758620691e-06,
    8.975862068965518e-06,
    8.975862068965518e-06,
    9.317241379310346e-06,
    9.317241379310346e-06,
    9.658620689655173e-06,
    9.658620689655173e-06,
    1e-05,
    1e-05
  ],
  "samples": 500,
  "sequence_length": 10000,
  "seeds": [
    578093281,
    1821061333,
    1443984461,
    910214530,
    1351963995,
    1953812216,
    1035384546,
    344109260,
    2089947872,
    971091910,
    594504111,
    1021593433,
    1252415498,
    574727131,
    693572078,
    990894477,
    216128338,
    839074214,
    1583291831,
    1370823385,
    631996068,
    1670780882,
    941105470,
    241803450,
    1735008413,
    1519243305,
    816578568,
    1523001857,
    2063257418,
    1697625761,
    338268713,
    1360714476,
    488595708,
    1168980146,
    1074487887,
    1830261211,
    1460321415,
    838310603,
    171526278,
    1369569733,
    650336347,
    326356218,
    1485610985,
    200996976,
    1323452731,
    941817805,
    996390099,
    1808350381,
    714322265,
    1496452458
  ]
}