{
  "mode": "branch",
  "rep": 719,
  "ne": 10000,
  "r": [
    1e-08,
    1.820689655172414e-07,
    3.541379310344828e-07,
    5.262068965517242e-07,
    6.982758620689656e-07,
    8.70344827586207e-07,
    1.0424137931034483e-06,
    1.2144827586206895e-06,
    1.386551724137931e-06,
    1.5586206896551725e-06,
    1.7306896551724138e-06,
    1.7306896551724138e-06,
    1.9027586206896551e-06,
    1.9027586206896551e-06,
    2.0748275862068966e-06,
    2.0748275862068966e-06,
    2.246896551724138e-06,
    2.246896551724138e-06,
    2.418965517241379e-06,
    2.418965517241379e-06,
    2.5910344827586207e-06,
    2.5910344827586207e-06,
    2.763103448275862e-06,
    2.763103448275862e-06,
    2.9351724137931037e-06,
    2.9351724137931037e-06,
    3.107241379310345e-06,
    3.107241379310345e-06,
    3.2793103448275863e-06,
    3.2793103448275863e-06,
    3.4513793103448278e-06,
    3.4513793103448278e-06,
    3.6234482758620693e-06,
    3.6234482758620693e-06,
    3.7955172413793103e-06,
    3.7955172413793103e-06,
    3.967586206896552e-06,
    3.967586206896552e-06,
    4.139655172413793e-06,
    4.139655172413793e-06,
    4.311724137931034e-06,
    4.311724137931034e-06,
    4.483793103448276e-06,
    4.483793103448276e-06,
    4.655862068965517e-06,
    4.655862068965517e-06,
    4.8279310344827585e-06,
    4.8279310344827585e-06,
    5e-06,
    5e-06
  ],
  "mu": 0,
  "samples": 250,
  "sequence_length": 1000,
  "seeds": [
    440707037,
    1282061616,
    999548794,
    1440322075,
    1719095605,
    450294835,
    747459255,
    1119389383,
    356520628,
    1923952345,
    878221358,
    1806202782,
    348431770,
    1655227973,
    361309644,
    1022859933,
    210139344,
    1267785564,
    2122084461,
    834587635,
    1415576222,
    760762097,
    804339982,
    44382772,
    2068913202,
    713116103,
    264158021,
    1723038264,
    616157025,
    895748784,
    1911957659,
    2138556788,
    195729829,
    121110388,
    759589834,
    238511769,
    434895532,
    1057859728,
    627004758,
    407710703,
    1001462341,
    579387511,
    1444904394,
    1831002916,
    869795551,
    782592296,
    772322375,
    970798837,
    163096321,
    340779518
  ]
}