{
  "mode": "branch",
  "rep": 1194,
  "ne": 10000,
  "r": [
    1e-08,
    1e-08,
    1.820689655172414e-07,
    1.820689655172414e-07,
    3.541379310344828e-07,
    3.541379310344828e-07,
    5.262068965517242e-07,
    5.262068965517242e-07,
    6.982758620689656e-07,
    6.982758620689656e-07,
    8.70344827586207e-07,
    8.70344827586207e-07,
    1.0424137931034483e-06,
    1.0424137931034483e-06,
    1.2144827586206895e-06,
    1.2144827586206895e-06,
    1.386551724137931e-06,
    1.386551724137931e-06,
    1.5586206896551725e-06,
    1.5586206896551725e-06,
    1.7306896551724138e-06,
    1.7306896551724138e-06,
    1.9027586206896551e-06,
    1.9027586206896551e-06,
    2.0748275862068966e-06,
    2.0748275862068966e-06,
    2.246896551724138e-06,
    2.246896551724138e-06,
    2.418965517241379e-06,
    2.418965517241379e-06,
    2.5910344827586207e-06,
    2.5910344827586207e-06,
    2.763103448275862e-06,
    2.763103448275862e-06,
    2.9351724137931037e-06,
    2.9351724137931037e-06,
    3.107241379310345e-06,
    3.107241379310345e-06,
    3.2793103448275863e-06,
    3.2793103448275863e-06,
    3.4513793103448278e-06,
    3.6234482758620693e-06,
    3.7955172413793103e-06,
    3.967586206896552e-06,
    4.139655172413793e-06,
    4.311724137931034e-06,
    4.483793103448276e-06,
    4.655862068965517e-06,
    4.8279310344827585e-06,
    5e-06
  ],
  "mu": 0,
  "samples": 250,
  "sequence_length": 1000,
  "seeds": [
    1297570062,
    553975589,
    842641925,
    1110591247,
    1696860286,
    2142481856,
    175781505,
    1949551553,
    91332631,
    2088237152,
    1976990870,
    50465474,
    1971730321,
    1395434058,
    603213508,
    1015325946,
    1761167984,
    1094811155,
    1519964125,
    816684488,
    1198966998,
    999605520,
    1093638186,
    830884685,
    993264347,
    837187777,
    1954386062,
    1293181246,
    1284517227,
    685976595,
    88994297,
    784242236,
    2137580160,
    131411263,
    838906512,
    1814111881,
    400085248,
    690320677,
    1253208933,
    2133445129,
    348981762,
    665789637,
    1470158047,
    1643827283,
    1286481639,
    1778539894,
    452813949,
    504831496,
    326135985,
    327530473
  ]
}