{
  "mode": "site",
  "rep": 14,
  "ne": 10000,
  "r": 1e-05,
  "mu": [
    1e-07,
    4.413793103448276e-07,
    7.827586206896552e-07,
    1.1241379310344827e-06,
    1.4655172413793102e-06,
    1.8068965517241377e-06,
    2.1482758620689656e-06,
    2.489655172413793e-06,
    2.8310344827586205e-06,
    3.172413793103448e-06,
    3.5137931034482755e-06,
    3.5137931034482755e-06,
    3.855172413793104e-06,
    3.855172413793104e-06,
    4.196551724137931e-06,
    4.196551724137931e-06,
    4.537931034482759e-06,
    4.537931034482759e-06,
    4.879310344827586e-06,
    4.879310344827586e-06,
    5.220689655172414e-06,
    5.220689655172414e-06,
    5.562068965517241e-06,
    5.562068965517241e-06,
    5.903448275862069e-06,
    5.903448275862069e-06,
    6.244827586206896e-06,
    6.244827586206896e-06,
    6.5862068965517236e-06,
    6.5862068965517236e-06,
    6.927586206896551e-06,
    6.927586206896551e-06,
    7.268965517241379e-06,
    7.268965517241379e-06,
    7.610344827586207e-06,
    7.610344827586207e-06,
    7.951724137931034e-06,
    7.951724137931034e-06,
    8.293103448275863e-06,
    8.293103448275863e-06,
    8.634482758620691e-06,
    8.634482758620691e-06,
    8.975862068965518e-06,
    8.975862068965518e-06,
    9.317241379310346e-06,
    9.317241379310346e-06,
    9.658620689655173e-06,
    9.658620689655173e-06,
    1e-05,
    1e-05
  ],
  "samples": 500,
  "sequence_length": 50000,
  "seeds": [
    1694278123,
    1607714632,
    2057652786,
    1326674745,
    359181912,
    2131283555,
    1923645970,
    1882358145,
    976430148,
    359607699,
    1307678245,
    504546434,
    1500407920,
    459515123,
    942810560,
    2020932642,
    1322249191,
    129138286,
    2048772386,
    1405034021,
    221928849,
    2103537706,
    1627632064,
    1967691061,
    2099414878,
    2014323810,
    763245939,
    1254438121,
    1281554219,
    676353609,
    65011253,
    1092346331,
    427774462,
    1873860830,
    1372606714,
    1109901807,
    903607555,
    90598506,
    574562482,
    2110535186,
    995203389,
    1037667774,
    2008602288,
    111341639,
    376870781,
    505723454,
    786913328,
    1289888585,
    293652461,
    1885775819
  ]
}