{
  "mode": "site",
  "rep": 563,
  "ne": 10000,
  "r": 1e-05,
  "mu": [
    1e-07,
    4.413793103448276e-07,
    7.827586206896552e-07,
    1.1241379310344827e-06,
    1.4655172413793102e-06,
    1.8068965517241377e-06,
    2.1482758620689656e-06,
    2.489655172413793e-06,
    2.8310344827586205e-06,
    3.172413793103448e-06,
    3.5137931034482755e-06,
    3.5137931034482755e-06,
    3.855172413793104e-06,
    3.855172413793104e-06,
    4.196551724137931e-06,
    4.196551724137931e-06,
    4.537931034482759e-06,
    4.537931034482759e-06,
    4.879310344827586e-06,
    4.879310344827586e-06,
    5.220689655172414e-06,
    5.220689655172414e-06,
    5.562068965517241e-06,
    5.562068965517241e-06,
    5.903448275862069e-06,
    5.903448275862069e-06,
    6.244827586206896e-06,
    6.244827586206896e-06,
    6.5862068965517236e-06,
    6.5862068965517236e-06,
    6.927586206896551e-06,
    6.927586206896551e-06,
    7.268965517241379e-06,
    7.268965517241379e-06,
    7.610344827586207e-06,
    7.610344827586207e-06,
    7.951724137931034e-06,
    7.951724137931034e-06,
    8.293103448275863e-06,
    8.293103448275863e-06,
    8.634482758620691e-06,
    8.634482758620691e-06,
    8.975862068965518e-06,
    8.975862068965518e-06,
    9.317241379310346e-06,
    9.317241379310346e-06,
    9.658620689655173e-06,
    9.658620689655173e-06,
    1e-05,
    1e-05
  ],
  "samples": 500,
  "sequence_length": 50000,
  "seeds": [
    1064604492,
    166542332,
    1325629735,
    504295822,
    1597056608,
    103052712,
    883720673,
    554228406,
    1673473752,
    1078513689,
    2051166857,
    1277966630,
    1774247701,
    932268941,
    266295342,
    760365331,
    117125110,
    2048291431,
    410570745,
    1913271534,
    579039449,
    1640580436,
    2067364914,
    1242310260,
    1395456534,
    1351886800,
    795141070,
    791333710,
    2014849963,
    38772586,
    586983510,
    1517873430,
    665765143,
    939908841,
    1196616244,
    1083811624,
    1336800312,
    308672753,
    1104258141,
    2074711616,
    1291398676,
    1746408105,
    506853527,
    1871557263,
    704877760,
    1833452608,
    1756044545,
    1590062192,
    1905734267,
    2028023230
  ]
}