{
  "mode": "site",
  "rep": 83,
  "ne": 10000,
  "r": 1e-05,
  "mu": [
    1e-07,
    4.413793103448276e-07,
    7.827586206896552e-07,
    1.1241379310344827e-06,
    1.4655172413793102e-06,
    1.8068965517241377e-06,
    2.1482758620689656e-06,
    2.489655172413793e-06,
    2.8310344827586205e-06,
    3.172413793103448e-06,
    3.5137931034482755e-06,
    3.5137931034482755e-06,
    3.855172413793104e-06,
    3.855172413793104e-06,
    4.196551724137931e-06,
    4.196551724137931e-06,
    4.537931034482759e-06,
    4.537931034482759e-06,
    4.879310344827586e-06,
    4.879310344827586e-06,
    5.220689655172414e-06,
    5.220689655172414e-06,
    5.562068965517241e-06,
    5.562068965517241e-06,
    5.903448275862069e-06,
    5.903448275862069e-06,
    6.244827586206896e-06,
    6.244827586206896e-06,
    6.5862068965517236e-06,
    6.5862068965517236e-06,
    6.927586206896551e-06,
    6.927586206896551e-06,
    7.268965517241379e-06,
    7.268965517241379e-06,
    7.610344827586207e-06,
    7.610344827586207e-06,
    7.951724137931034e-06,
    7.951724137931034e-06,
    8.293103448275863e-06,
    8.293103448275863e-06,
    8.634482758620691e-06,
    8.634482758620691e-06,
    8.975862068965518e-06,
    8.975862068965518e-06,
    9.317241379310346e-06,
    9.317241379310346e-06,
    9.658620689655173e-06,
    9.658620689655173e-06,
    1e-05,
    1e-05
  ],
  "samples": 500,
  "sequence_length": 10000,
  "seeds": [
    1728980831,
    1021007383,
    851895040,
    1025130845,
    150823144,
    106093253,
    1078002858,
    328135811,
    924425862,
    1915027489,
    411429714,
    1282490261,
    1596479765,
    756112044,
    1731201733,
    1982754102,
    1802283802,
    1093272132,
    1333111903,
    1658308739,
    1043213890,
    1138826295,
    1923246790,
    847577891,
    1153755386,
    1029324376,
    475179708,
    2069986084,
    377892214,
    816941848,
    272554275,
    646608867,
    688704114,
    1544311037,
    2028414806,
    644337292,
    1920890463,
    861920675,
    394912405,
    809039386,
    727993694,
    219228694,
    1721529907,
    537510795,
    1894090376,
    979447524,
    1630885433,
    2038046239,
    1144565441,
    4775058
  ]
}