{
  "mode": "branch",
  "rep": 998,
  "ne": 10000,
  "r": [
    1e-08,
    1.820689655172414e-07,
    3.541379310344828e-07,
    5.262068965517242e-07,
    6.982758620689656e-07,
    8.70344827586207e-07,
    1.0424137931034483e-06,
    1.2144827586206895e-06,
    1.386551724137931e-06,
    1.5586206896551725e-06,
    1.7306896551724138e-06,
    1.7306896551724138e-06,
    1.9027586206896551e-06,
    1.9027586206896551e-06,
    2.0748275862068966e-06,
    2.0748275862068966e-06,
    2.246896551724138e-06,
    2.246896551724138e-06,
    2.418965517241379e-06,
    2.418965517241379e-06,
    2.5910344827586207e-06,
    2.5910344827586207e-06,
    2.763103448275862e-06,
    2.763103448275862e-06,
    2.9351724137931037e-06,
    2.9351724137931037e-06,
    3.107241379310345e-06,
    3.107241379310345e-06,
    3.2793103448275863e-06,
    3.2793103448275863e-06,
    3.4513793103448278e-06,
    3.4513793103448278e-06,
    3.6234482758620693e-06,
    3.6234482758620693e-06,
    3.7955172413793103e-06,
    3.7955172413793103e-06,
    3.967586206896552e-06,
    3.967586206896552e-06,
    4.139655172413793e-06,
    4.139655172413793e-06,
    4.311724137931034e-06,
    4.311724137931034e-06,
    4.483793103448276e-06,
    4.483793103448276e-06,
    4.655862068965517e-06,
    4.655862068965517e-06,
    4.8279310344827585e-06,
    4.8279310344827585e-06,
    5e-06,
    5e-06
  ],
  "mu": 0,
  "samples": 250,
  "sequence_length": 1000,
  "seeds": [
    311010192,
    1024226030,
    1031810146,
    286604723,
    1131460772,
    434358657,
    390989056,
    2142012126,
    1851738396,
    1772453123,
    459236129,
    130543572,
    400737274,
    1587467554,
    1173368770,
    370994563,
    1977692135,
    102227244,
    642499905,
    1310246549,
    1092500051,
    2001912807,
    1931249648,
    1472317277,
    1922194003,
    2051656775,
    2037775241,
    1894690108,
    2055349546,
    2087549021,
    1408992850,
    2107599598,
    1831903270,
    988670179,
    1926722540,
    539414131,
    1338882728,
    1503455725,
    1428863197,
    1919145457,
    2026077675,
    56374053,
    216141638,
    1338159019,
    867745275,
    1543530774,
    1754393844,
    2006833719,
    554749885,
    600220981
  ]
}