{
  "mode": "site",
  "rep": 0,
  "ne": 10000,
  "r": 1e-05,
  "mu": [
    1e-07,
    1e-07,
    4.413793103448276e-07,
    4.413793103448276e-07,
    7.827586206896552e-07,
    7.827586206896552e-07,
    1.1241379310344827e-06,
    1.1241379310344827e-06,
    1.4655172413793102e-06,
    1.4655172413793102e-06,
    1.8068965517241377e-06,
    1.8068965517241377e-06,
    2.1482758620689656e-06,
    2.1482758620689656e-06,
    2.489655172413793e-06,
    2.489655172413793e-06,
    2.8310344827586205e-06,
    2.8310344827586205e-06,
    3.172413793103448e-06,
    3.172413793103448e-06,
    3.5137931034482755e-06,
    3.5137931034482755e-06,
    3.855172413793104e-06,
    3.855172413793104e-06,
    4.196551724137931e-06,
    4.196551724137931e-06,
    4.537931034482759e-06,
    4.537931034482759e-06,
    4.879310344827586e-06,
    4.879310344827586e-06,
    5.220689655172414e-06,
    5.220689655172414e-06,
    5.562068965517241e-06,
    5.562068965517241e-06,
    5.903448275862069e-06,
    5.903448275862069e-06,
    6.244827586206896e-06,
    6.244827586206896e-06,
    6.5862068965517236e-06,
    6.5862068965517236e-06,
    6.927586206896551e-06,
    7.268965517241379e-06,
    7.610344827586207e-06,
    7.951724137931034e-06,
    8.293103448275863e-06,
    8.634482758620691e-06,
    8.975862068965518e-06,
    9.317241379310346e-06,
    9.658620689655173e-06,
    1e-05
  ],
  "samples": 500,
  "sequence_length": 50000,
  "seeds": [
    74293844,
    726266599,
    1919689769,
    794519498,
    1140140983,
    1209804265,
    1212880928,
    317434094,
    949382605,
    1898004828,
    799817768,
    790253147,
    717857434,
    428724148,
    1685527559,
    943400828,
    507030958,
    1431680525,
    1769226290,
    1832943299,
    10586572,
    1093382102,
    1649405638,
    2134021313,
    1653337101,
    356886,
    1290249777,
    2044210474,
    384751184,
    1800111963,
    2054827967,
    779783226,
    1482166676,
    1085035938,
    279496892,
    338696744,
    1265917840,
    1696258597,
    1236668994,
    2059754370,
    1384982389,
    1679076012,
    541952016,
    717955287,
    474498152,
    1100058324,
    2271229,
    1433150139,
    1899089527,
    739525146
  ]
}