{
  "mode": "site",
  "rep": 77,
  "ne": 10000,
  "r": 1e-05,
  "mu": [
    1e-07,
    4.413793103448276e-07,
    7.827586206896552e-07,
    1.1241379310344827e-06,
    1.4655172413793102e-06,
    1.8068965517241377e-06,
    2.1482758620689656e-06,
    2.489655172413793e-06,
    2.8310344827586205e-06,
    3.172413793103448e-06,
    3.5137931034482755e-06,
    3.5137931034482755e-06,
    3.855172413793104e-06,
    3.855172413793104e-06,
    4.196551724137931e-06,
    4.196551724137931e-06,
    4.537931034482759e-06,
    4.537931034482759e-06,
    4.879310344827586e-06,
    4.879310344827586e-06,
    5.220689655172414e-06,
    5.220689655172414e-06,
    5.562068965517241e-06,
    5.562068965517241e-06,
    5.903448275862069e-06,
    5.903448275862069e-06,
    6.244827586206896e-06,
    6.244827586206896e-06,
    6.5862068965517236e-06,
    6.5862068965517236e-06,
    6.927586206896551e-06,
    6.927586206896551e-06,
    7.268965517241379e-06,
    7.268965517241379e-06,
    7.610344827586207e-06,
    7.610344827586207e-06,
    7.951724137931034e-06,
    7.951724137931034e-06,
    8.293103448275863e-06,
    8.293103448275863e-06,
    8.634482758620691e-06,
    8.634482758620691e-06,
    8.975862068965518e-06,
    8.975862068965518e-06,
    9.317241379310346e-06,
    9.317241379310346e-06,
    9.658620689655173e-06,
    9.658620689655173e-06,
    1e-05,
    1e-05
  ],
  "samples": 500,
  "sequence_length": 10000,
  "seeds": [
    362472488,
    1958984278,
    1028789173,
    1291395557,
    2007813640,
    1785671187,
    296056851,
    682394170,
    162450025,
    402094328,
    237562312,
    1458482139,
    1764866431,
    1231912578,
    846756008,
    614152692,
    2098098339,
    1569659240,
    1482296007,
    1034348361,
    554967899,
    889111737,
    516892304,
    634289442,
    814071292,
    1592621457,
    2021758889,
    1876014562,
    763340645,
    1062488546,
    1538849410,
    557704488,
    2017294014,
    1348717497,
    1350073152,
    2053941322,
    1705760904,
    775590873,
    1888071763,
    278738565,
    795249543,
    424749515,
    626210466,
    348466768,
    990726603,
    892710896,
    354940872,
    1758320354,
    256276132,
    1930237751
  ]
}