{
  "mode": "site",
  "rep": 21,
  "ne": 10000,
  "r": 1e-05,
  "mu": [
    1e-07,
    1e-07,
    4.413793103448276e-07,
    4.413793103448276e-07,
    7.827586206896552e-07,
    7.827586206896552e-07,
    1.1241379310344827e-06,
    1.1241379310344827e-06,
    1.4655172413793102e-06,
    1.4655172413793102e-06,
    1.8068965517241377e-06,
    1.8068965517241377e-06,
    2.1482758620689656e-06,
    2.1482758620689656e-06,
    2.489655172413793e-06,
    2.489655172413793e-06,
    2.8310344827586205e-06,
    2.8310344827586205e-06,
    3.172413793103448e-06,
    3.172413793103448e-06,
    3.5137931034482755e-06,
    3.5137931034482755e-06,
    3.855172413793104e-06,
    3.855172413793104e-06,
    4.196551724137931e-06,
    4.196551724137931e-06,
    4.537931034482759e-06,
    4.537931034482759e-06,
    4.879310344827586e-06,
    4.879310344827586e-06,
    5.220689655172414e-06,
    5.220689655172414e-06,
    5.562068965517241e-06,
    5.562068965517241e-06,
    5.903448275862069e-06,
    5.903448275862069e-06,
    6.244827586206896e-06,
    6.244827586206896e-06,
    6.5862068965517236e-06,
    6.5862068965517236e-06,
    6.927586206896551e-06,
    7.268965517241379e-06,
    7.610344827586207e-06,
    7.951724137931034e-06,
    8.293103448275863e-06,
    8.634482758620691e-06,
    8.975862068965518e-06,
    9.317241379310346e-06,
    9.658620689655173e-06,
    1e-05
  ],
  "samples": 500,
  "sequence_length": 10000,
  "seeds": [
    2137405327,
    173512509,
    961818518,
    486909385,
    1611371571,
    736428871,
    1536738394,
    2132880238,
    1887025692,
    1003242461,
    838654469,
    1808520432,
    1239407925,
    923858057,
    5028595,
    1161973762,
    155276821,
    476452202,
    2107921938,
    856664208,
    309447760,
    378556513,
    632896704,
    596441939,
    813943426,
    150468002,
    56743950,
    537548950,
    1535425837,
    772204006,
    1527309684,
    878458710,
    2125201316,
    577544581,
    1883333448,
    49687287,
    1633774774,
    470050291,
    52707384,
    346436076,
    530145522,
    10456604,
    1365225141,
    1290771566,
    1839378375,
    1517857606,
    38194375,
    272920478,
    329358480,
    156040731
  ]
}