{
  "mode": "branch",
  "rep": 1061,
  "ne": 10000,
  "r": [
    1e-08,
    1.820689655172414e-07,
    3.541379310344828e-07,
    5.262068965517242e-07,
    6.982758620689656e-07,
    8.70344827586207e-07,
    1.0424137931034483e-06,
    1.2144827586206895e-06,
    1.386551724137931e-06,
    1.5586206896551725e-06,
    1.7306896551724138e-06,
    1.7306896551724138e-06,
    1.9027586206896551e-06,
    1.9027586206896551e-06,
    2.0748275862068966e-06,
    2.0748275862068966e-06,
    2.246896551724138e-06,
    2.246896551724138e-06,
    2.418965517241379e-06,
    2.418965517241379e-06,
    2.5910344827586207e-06,
    2.5910344827586207e-06,
    2.763103448275862e-06,
    2.763103448275862e-06,
    2.9351724137931037e-06,
    2.9351724137931037e-06,
    3.107241379310345e-06,
    3.107241379310345e-06,
    3.2793103448275863e-06,
    3.2793103448275863e-06,
    3.4513793103448278e-06,
    3.4513793103448278e-06,
    3.6234482758620693e-06,
    3.6234482758620693e-06,
    3.7955172413793103e-06,
    3.7955172413793103e-06,
    3.967586206896552e-06,
    3.967586206896552e-06,
    4.139655172413793e-06,
    4.139655172413793e-06,
    4.311724137931034e-06,
    4.311724137931034e-06,
    4.483793103448276e-06,
    4.483793103448276e-06,
    4.655862068965517e-06,
    4.655862068965517e-06,
    4.8279310344827585e-06,
    4.8279310344827585e-06,
    5e-06,
    5e-06
  ],
  "mu": 0,
  "samples": 250,
  "sequence_length": 1000,
  "seeds": [
    1159581122,
    1004693070,
    1360713973,
    67929181,
    625076550,
    1783705496,
    431017529,
    1848161069,
    1214636058,
    827161807,
    1242596885,
    185737594,
    184984602,
    1135149227,
    753459990,
    968342360,
    1939567725,
    2004536941,
    91218247,
    240861538,
    474650823,
    1676178562,
    2071207750,
    954933674,
    145750948,
    1559190669,
    1242359828,
    54560010,
    1607151734,
    1381875745,
    793805784,
    643329470,
    1345672697,
    11987829,
    1380895155,
    1615962775,
    1262279561,
    1472904354,
    2109560408,
    1075657960,
    114829612,
    110048703,
    358388444,
    1570745486,
    1296091966,
    1884911040,
    2129403943,
    1986909908,
    999245904,
    281167976
  ]
}