{
  "mode": "branch",
  "rep": 1111,
  "ne": 10000,
  "r": [
    1e-08,
    1e-08,
    1.820689655172414e-07,
    1.820689655172414e-07,
    3.541379310344828e-07,
    3.541379310344828e-07,
    5.262068965517242e-07,
    5.262068965517242e-07,
    6.982758620689656e-07,
    6.982758620689656e-07,
    8.70344827586207e-07,
    8.70344827586207e-07,
    1.0424137931034483e-06,
    1.0424137931034483e-06,
    1.2144827586206895e-06,
    1.2144827586206895e-06,
    1.386551724137931e-06,
    1.386551724137931e-06,
    1.5586206896551725e-06,
    1.5586206896551725e-06,
    1.7306896551724138e-06,
    1.9027586206896551e-06,
    2.0748275862068966e-06,
    2.246896551724138e-06,
    2.418965517241379e-06,
    2.5910344827586207e-06,
    2.763103448275862e-06,
    2.9351724137931037e-06,
    3.107241379310345e-06,
    3.2793103448275863e-06,
    3.4513793103448278e-06,
    3.4513793103448278e-06,
    3.6234482758620693e-06,
    3.6234482758620693e-06,
    3.7955172413793103e-06,
    3.7955172413793103e-06,
    3.967586206896552e-06,
    3.967586206896552e-06,
    4.139655172413793e-06,
    4.139655172413793e-06,
    4.311724137931034e-06,
    4.311724137931034e-06,
    4.483793103448276e-06,
    4.483793103448276e-06,
    4.655862068965517e-06,
    4.655862068965517e-06,
    4.8279310344827585e-06,
    4.8279310344827585e-06,
    5e-06,
    5e-06
  ],
  "mu": 0,
  "samples": 250,
  "sequence_length": 1000,
  "seeds": [
    1250062132,
    1298245175,
    2034104849,
    1224295708,
    566746416,
    1846127199,
    744857321,
    538567436,
    361390570,
    1063244642,
    767276441,
    701994895,
    1420569441,
    2034334390,
    824328225,
    602077612,
    1170595176,
    931743656,
    451483241,
    317843936,
    340369798,
    979431621,
    2028129475,
    1676428266,
    925692335,
    705316436,
    321064728,
    1577000379,
    393344397,
    1678835478,
    210796932,
    1353861745,
    1394434775,
    1744980335,
    1674786974,
    1379203223,
    1149353777,
    1314518955,
    71807870,
    1361883327,
    1239736870,
    1502495696,
    2027983012,
    621451821,
    1362427443,
    1255719104,
    1812424477,
    1966690359,
    118929951,
    639822447
  ]
}