{
  "mode": "site",
  "rep": 113,
  "ne": 10000,
  "r": 1e-05,
  "mu": [
    1e-07,
    4.413793103448276e-07,
    7.827586206896552e-07,
    1.1241379310344827e-06,
    1.4655172413793102e-06,
    1.8068965517241377e-06,
    2.1482758620689656e-06,
    2.489655172413793e-06,
    2.8310344827586205e-06,
    3.172413793103448e-06,
    3.5137931034482755e-06,
    3.5137931034482755e-06,
    3.855172413793104e-06,
    3.855172413793104e-06,
    4.196551724137931e-06,
    4.196551724137931e-06,
    4.537931034482759e-06,
    4.537931034482759e-06,
    4.879310344827586e-06,
    4.879310344827586e-06,
    5.220689655172414e-06,
    5.220689655172414e-06,
    5.562068965517241e-06,
    5.562068965517241e-06,
    5.903448275862069e-06,
    5.903448275862069e-06,
    6.244827586206896e-06,
    6.244827586206896e-06,
    6.5862068965517236e-06,
    6.5862068965517236e-06,
    6.927586206896551e-06,
    6.927586206896551e-06,
    7.268965517241379e-06,
    7.268965517241379e-06,
    7.610344827586207e-06,
    7.610344827586207e-06,
    7.951724137931034e-06,
    7.951724137931034e-06,
    8.293103448275863e-06,
    8.293103448275863e-06,
    8.634482758620691e-06,
    8.634482758620691e-06,
    8.975862068965518e-06,
    8.975862068965518e-06,
    9.317241379310346e-06,
    9.317241379310346e-06,
    9.658620689655173e-06,
    9.658620689655173e-06,
    1e-05,
    1e-05
  ],
  "samples": 500,
  "sequence_length": 10000,
  "seeds": [
    1303976076,
    2066067185,
    863139821,
    576314452,
    729414339,
    1382374400,
    1549767020,
    1992487830,
    415816753,
    213173227,
    1178798083,
    1378724686,
    344038043,
    1540457044,
    20834810,
    1795699026,
    3607481,
    1750493631,
    1705397237,
    479308400,
    1516108283,
    62963336,
    2078757638,
    484121329,
    1498900085,
    2017542331,
    1468543758,
    557057205,
    1033120758,
    1813130338,
    1741248923,
    477650134,
    157765509,
    1213401887,
    1925663776,
    1882644694,
    362074403,
    726504288,
    1974768232,
    1330520637,
    1770950606,
    1759615258,
    970846585,
    25358971,
    1682606237,
    428217565,
    154035954,
    1417610626,
    597573133,
    304150708
  ]
}