{
  "mode": "site",
  "rep": 296,
  "ne": 10000,
  "r": 1e-05,
  "mu": [
    1e-07,
    4.413793103448276e-07,
    7.827586206896552e-07,
    1.1241379310344827e-06,
    1.4655172413793102e-06,
    1.8068965517241377e-06,
    2.1482758620689656e-06,
    2.489655172413793e-06,
    2.8310344827586205e-06,
    3.172413793103448e-06,
    3.5137931034482755e-06,
    3.5137931034482755e-06,
    3.855172413793104e-06,
    3.855172413793104e-06,
    4.196551724137931e-06,
    4.196551724137931e-06,
    4.537931034482759e-06,
    4.537931034482759e-06,
    4.879310344827586e-06,
    4.879310344827586e-06,
    5.220689655172414e-06,
    5.220689655172414e-06,
    5.562068965517241e-06,
    5.562068965517241e-06,
    5.903448275862069e-06,
    5.903448275862069e-06,
    6.244827586206896e-06,
    6.244827586206896e-06,
    6.5862068965517236e-06,
    6.5862068965517236e-06,
    6.927586206896551e-06,
    6.927586206896551e-06,
    7.268965517241379e-06,
    7.268965517241379e-06,
    7.610344827586207e-06,
    7.610344827586207e-06,
    7.951724137931034e-06,
    7.951724137931034e-06,
    8.293103448275863e-06,
    8.293103448275863e-06,
    8.634482758620691e-06,
    8.634482758620691e-06,
    8.975862068965518e-06,
    8.975862068965518e-06,
    9.317241379310346e-06,
    9.317241379310346e-06,
    9.658620689655173e-06,
    9.658620689655173e-06,
    1e-05,
    1e-05
  ],
  "samples": 500,
  "sequence_length": 10000,
  "seeds": [
    6258672,
    1596848464,
    1392836362,
    1578138729,
    1371516905,
    1089247408,
    982162477,
    763988696,
    1056512231,
    1620468970,
    1402104276,
    263724136,
    875232964,
    276996597,
    1989455176,
    2090107351,
    623306432,
    1439178387,
    1335121128,
    1816164919,
    489864268,
    151042996,
    806972248,
    68160931,
    650438035,
    1617668177,
    1366451114,
    1604992313,
    392699202,
    808116040,
    1842785312,
    1314089776,
    646687027,
    1440108617,
    309998228,
    115330515,
    388111227,
    1050882028,
    1142081040,
    2037017175,
    1042262261,
    1277998048,
    1580932409,
    258769914,
    1085307437,
    1906734610,
    497106823,
    150231701,
    1800014914,
    90754940
  ]
}