{
  "mode": "branch",
  "rep": 839,
  "ne": 10000,
  "r": [
    1e-08,
    1.820689655172414e-07,
    3.541379310344828e-07,
    5.262068965517242e-07,
    6.982758620689656e-07,
    8.70344827586207e-07,
    1.0424137931034483e-06,
    1.2144827586206895e-06,
    1.386551724137931e-06,
    1.5586206896551725e-06,
    1.7306896551724138e-06,
    1.7306896551724138e-06,
    1.9027586206896551e-06,
    1.9027586206896551e-06,
    2.0748275862068966e-06,
    2.0748275862068966e-06,
    2.246896551724138e-06,
    2.246896551724138e-06,
    2.418965517241379e-06,
    2.418965517241379e-06,
    2.5910344827586207e-06,
    2.5910344827586207e-06,
    2.763103448275862e-06,
    2.763103448275862e-06,
    2.9351724137931037e-06,
    2.9351724137931037e-06,
    3.107241379310345e-06,
    3.107241379310345e-06,
    3.2793103448275863e-06,
    3.2793103448275863e-06,
    3.4513793103448278e-06,
    3.4513793103448278e-06,
    3.6234482758620693e-06,
    3.6234482758620693e-06,
    3.7955172413793103e-06,
    3.7955172413793103e-06,
    3.967586206896552e-06,
    3.967586206896552e-06,
    4.139655172413793e-06,
    4.139655172413793e-06,
    4.311724137931034e-06,
    4.311724137931034e-06,
    4.483793103448276e-06,
    4.483793103448276e-06,
    4.655862068965517e-06,
    4.655862068965517e-06,
    4.8279310344827585e-06,
    4.8279310344827585e-06,
    5e-06,
    5e-06
  ],
  "mu": 0,
  "samples": 250,
  "sequence_length": 1000,
  "seeds": [
    373483216,
    515079419,
    804037571,
    1922422081,
    79317798,
    1402310231,
    1670237385,
    1000979427,
    231022913,
    1603173188,
    64802386,
    1201827504,
    400283226,
    1423680515,
    1164301524,
    749742432,
    1361558547,
    1316301475,
    1762643268,
    141129613,
    420707945,
    1174364578,
    100048468,
    322461406,
    576312176,
    1953565243,
    1953452468,
    1063611341,
    1044697965,
    1424470973,
    1957717696,
    2135851064,
    755897908,
    2031815643,
    109605647,
    1943044877,
    481006332,
    2105194705,
    2117356640,
    1897424920,
    1012275585,
    1103143291,
    457077258,
    1781821865,
    1004624400,
    1565780876,
    159514540,
    1215883397,
    207905470,
    166084634
  ]
}