{
  "mode": "branch",
  "rep": 840,
  "ne": 10000,
  "r": [
    1e-08,
    1e-08,
    1.820689655172414e-07,
    1.820689655172414e-07,
    3.541379310344828e-07,
    3.541379310344828e-07,
    5.262068965517242e-07,
    5.262068965517242e-07,
    6.982758620689656e-07,
    6.982758620689656e-07,
    8.70344827586207e-07,
    8.70344827586207e-07,
    1.0424137931034483e-06,
    1.0424137931034483e-06,
    1.2144827586206895e-06,
    1.2144827586206895e-06,
    1.386551724137931e-06,
    1.386551724137931e-06,
    1.5586206896551725e-06,
    1.5586206896551725e-06,
    1.7306896551724138e-06,
    1.7306896551724138e-06,
    1.9027586206896551e-06,
    1.9027586206896551e-06,
    2.0748275862068966e-06,
    2.0748275862068966e-06,
    2.246896551724138e-06,
    2.246896551724138e-06,
    2.418965517241379e-06,
    2.418965517241379e-06,
    2.5910344827586207e-06,
    2.5910344827586207e-06,
    2.763103448275862e-06,
    2.763103448275862e-06,
    2.9351724137931037e-06,
    2.9351724137931037e-06,
    3.107241379310345e-06,
    3.107241379310345e-06,
    3.2793103448275863e-06,
    3.2793103448275863e-06,
    3.4513793103448278e-06,
    3.6234482758620693e-06,
    3.7955172413793103e-06,
    3.967586206896552e-06,
    4.139655172413793e-06,
    4.311724137931034e-06,
    4.483793103448276e-06,
    4.655862068965517e-06,
    4.8279310344827585e-06,
    5e-06
  ],
  "mu": 0,
  "samples": 250,
  "sequence_length": 1000,
  "seeds": [
    1680557012,
    1391521886,
    1191384451,
    530357845,
    415309014,
    2119074084,
    1237837483,
    262046941,
    1410390955,
    138770666,
    650894334,
    1424839171,
    1674852010,
    157112564,
    1237661194,
    998882112,
    709193757,
    1081656625,
    216090634,
    332094505,
    1541160778,
    849752211,
    1271878601,
    5158228,
    1472423043,
    203981507,
    36016755,
    69291232,
    1500542518,
    700680471,
    1395352804,
    1147401918,
    292947658,
    722119093,
    519491456,
    481646683,
    1076697786,
    256492686,
    2042415464,
    2026908283,
    1909694393,
    2005145642,
    1029085385,
    251161114,
    802199079,
    1873037144,
    210276393,
    557272741,
    1159136849,
    2143352871
  ]
}