{
  "mode": "branch",
  "rep": 909,
  "ne": 10000,
  "r": [
    1e-08,
    1e-08,
    1.820689655172414e-07,
    1.820689655172414e-07,
    3.541379310344828e-07,
    3.541379310344828e-07,
    5.262068965517242e-07,
    5.262068965517242e-07,
    6.982758620689656e-07,
    6.982758620689656e-07,
    8.70344827586207e-07,
    8.70344827586207e-07,
    1.0424137931034483e-06,
    1.0424137931034483e-06,
    1.2144827586206895e-06,
    1.2144827586206895e-06,
    1.386551724137931e-06,
    1.386551724137931e-06,
    1.5586206896551725e-06,
    1.5586206896551725e-06,
    1.7306896551724138e-06,
    1.7306896551724138e-06,
    1.9027586206896551e-06,
    1.9027586206896551e-06,
    2.0748275862068966e-06,
    2.0748275862068966e-06,
    2.246896551724138e-06,
    2.246896551724138e-06,
    2.418965517241379e-06,
    2.418965517241379e-06,
    2.5910344827586207e-06,
    2.5910344827586207e-06,
    2.763103448275862e-06,
    2.763103448275862e-06,
    2.9351724137931037e-06,
    2.9351724137931037e-06,
    3.107241379310345e-06,
    3.107241379310345e-06,
    3.2793103448275863e-06,
    3.2793103448275863e-06,
    3.4513793103448278e-06,
    3.6234482758620693e-06,
    3.7955172413793103e-06,
    3.967586206896552e-06,
    4.139655172413793e-06,
    4.311724137931034e-06,
    4.483793103448276e-06,
    4.655862068965517e-06,
    4.8279310344827585e-06,
    5e-06
  ],
  "mu": 0,
  "samples": 250,
  "sequence_length": 1000,
  "seeds": [
    1190139473,
    2021816801,
    1765605959,
    903418686,
    1311704574,
    199232810,
    502442833,
    45472757,
    173888089,
    1156665656,
    356071916,
    1536105053,
    2036772860,
    700600284,
    771988845,
    1749026163,
    1375748895,
    1734685955,
    473239730,
    1378253361,
    478000113,
    489268069,
    1514951010,
    1188053500,
    1524470788,
    1520677888,
    361035801,
    43127547,
    281609892,
    1639926000,
    2067274117,
    1636732085,
    1472149355,
    1308698663,
    721472256,
    1510074691,
    446896923,
    127647203,
    1157157703,
    1920358748,
    1638156053,
    1103731018,
    110826612,
    403658337,
    989037258,
    760756751,
    1287676486,
    2098899171,
    1707093133,
    1009612678
  ]
}