{
  "mode": "branch",
  "rep": 834,
  "ne": 10000,
  "r": [
    1e-08,
    1e-08,
    1.820689655172414e-07,
    1.820689655172414e-07,
    3.541379310344828e-07,
    3.541379310344828e-07,
    5.262068965517242e-07,
    5.262068965517242e-07,
    6.982758620689656e-07,
    6.982758620689656e-07,
    8.70344827586207e-07,
    8.70344827586207e-07,
    1.0424137931034483e-06,
    1.0424137931034483e-06,
    1.2144827586206895e-06,
    1.2144827586206895e-06,
    1.386551724137931e-06,
    1.386551724137931e-06,
    1.5586206896551725e-06,
    1.5586206896551725e-06,
    1.7306896551724138e-06,
    1.7306896551724138e-06,
    1.9027586206896551e-06,
    1.9027586206896551e-06,
    2.0748275862068966e-06,
    2.0748275862068966e-06,
    2.246896551724138e-06,
    2.246896551724138e-06,
    2.418965517241379e-06,
    2.418965517241379e-06,
    2.5910344827586207e-06,
    2.5910344827586207e-06,
    2.763103448275862e-06,
    2.763103448275862e-06,
    2.9351724137931037e-06,
    2.9351724137931037e-06,
    3.107241379310345e-06,
    3.107241379310345e-06,
    3.2793103448275863e-06,
    3.2793103448275863e-06,
    3.4513793103448278e-06,
    3.6234482758620693e-06,
    3.7955172413793103e-06,
    3.967586206896552e-06,
    4.139655172413793e-06,
    4.311724137931034e-06,
    4.483793103448276e-06,
    4.655862068965517e-06,
    4.8279310344827585e-06,
    5e-06
  ],
  "mu": 0,
  "samples": 250,
  "sequence_length": 1000,
  "seeds": [
    837814489,
    1670042712,
    345198824,
    2074636389,
    1007597405,
    1140919001,
    1702240793,
    1926574379,
    333462560,
    1708764218,
    486487778,
    120240345,
    200816969,
    593421663,
    1663239527,
    729175046,
    688691267,
    105122291,
    736819621,
    915430538,
    1997056585,
    1203265730,
    1062389367,
    672228615,
    1326621483,
    1291811710,
    1844791232,
    1277547501,
    2047584248,
    1939853773,
    1036217310,
    1650979587,
    1529368318,
    572797098,
    1060587311,
    1936825710,
    297703653,
    730620764,
    1884604731,
    394088549,
    1821643743,
    1804795644,
    990713010,
    1353011007,
    1992483774,
    999421725,
    2039671151,
    109588009,
    748857573,
    221810833
  ]
}