{
  "mode": "site",
  "rep": 314,
  "ne": 10000,
  "r": 1e-05,
  "mu": [
    1e-07,
    4.413793103448276e-07,
    7.827586206896552e-07,
    1.1241379310344827e-06,
    1.4655172413793102e-06,
    1.8068965517241377e-06,
    2.1482758620689656e-06,
    2.489655172413793e-06,
    2.8310344827586205e-06,
    3.172413793103448e-06,
    3.5137931034482755e-06,
    3.5137931034482755e-06,
    3.855172413793104e-06,
    3.855172413793104e-06,
    4.196551724137931e-06,
    4.196551724137931e-06,
    4.537931034482759e-06,
    4.537931034482759e-06,
    4.879310344827586e-06,
    4.879310344827586e-06,
    5.220689655172414e-06,
    5.220689655172414e-06,
    5.562068965517241e-06,
    5.562068965517241e-06,
    5.903448275862069e-06,
    5.903448275862069e-06,
    6.244827586206896e-06,
    6.244827586206896e-06,
    6.5862068965517236e-06,
    6.5862068965517236e-06,
    6.927586206896551e-06,
    6.927586206896551e-06,
    7.268965517241379e-06,
    7.268965517241379e-06,
    7.610344827586207e-06,
    7.610344827586207e-06,
    7.951724137931034e-06,
    7.951724137931034e-06,
    8.293103448275863e-06,
    8.293103448275863e-06,
    8.634482758620691e-06,
    8.634482758620691e-06,
    8.975862068965518e-06,
    8.975862068965518e-06,
    9.317241379310346e-06,
    9.317241379310346e-06,
    9.658620689655173e-06,
    9.658620689655173e-06,
    1e-05,
    1e-05
  ],
  "samples": 500,
  "sequence_length": 10000,
  "seeds": [
    1892930575,
    1509268308,
    1855079204,
    1307138996,
    224616031,
    28720854,
    1930412252,
    1775112002,
    635559907,
    132466470,
    878247413,
    388495004,
    184167788,
    1208431864,
    832299607,
    808082665,
    478738555,
    1746664289,
    36038322,
    1884188608,
    2039517906,
    1719140712,
    1932945859,
    929849121,
    1742291701,
    1475485636,
    1311793807,
    1811856354,
    180342999,
    1570212461,
    1823513982,
    685969867,
    1186310543,
    1328624775,
    1778641411,
    1389426667,
    1355167895,
    304653930,
    2107973594,
    410893910,
    1238342362,
    696383331,
    771779741,
    2097967619,
    1366581513,
    1289109769,
    1034933981,
    1600615543,
    1407308882,
    717072161
  ]
}