{
  "mode": "branch",
  "rep": 1095,
  "ne": 10000,
  "r": [
    1e-08,
    1e-08,
    1.820689655172414e-07,
    1.820689655172414e-07,
    3.541379310344828e-07,
    3.541379310344828e-07,
    5.262068965517242e-07,
    5.262068965517242e-07,
    6.982758620689656e-07,
    6.982758620689656e-07,
    8.70344827586207e-07,
    8.70344827586207e-07,
    1.0424137931034483e-06,
    1.0424137931034483e-06,
    1.2144827586206895e-06,
    1.2144827586206895e-06,
    1.386551724137931e-06,
    1.386551724137931e-06,
    1.5586206896551725e-06,
    1.5586206896551725e-06,
    1.7306896551724138e-06,
    1.7306896551724138e-06,
    1.9027586206896551e-06,
    1.9027586206896551e-06,
    2.0748275862068966e-06,
    2.0748275862068966e-06,
    2.246896551724138e-06,
    2.246896551724138e-06,
    2.418965517241379e-06,
    2.418965517241379e-06,
    2.5910344827586207e-06,
    2.5910344827586207e-06,
    2.763103448275862e-06,
    2.763103448275862e-06,
    2.9351724137931037e-06,
    2.9351724137931037e-06,
    3.107241379310345e-06,
    3.107241379310345e-06,
    3.2793103448275863e-06,
    3.2793103448275863e-06,
    3.4513793103448278e-06,
    3.6234482758620693e-06,
    3.7955172413793103e-06,
    3.967586206896552e-06,
    4.139655172413793e-06,
    4.311724137931034e-06,
    4.483793103448276e-06,
    4.655862068965517e-06,
    4.8279310344827585e-06,
    5e-06
  ],
  "mu": 0,
  "samples": 250,
  "sequence_length": 1000,
  "seeds": [
    1752499064,
    27525211,
    1600316724,
    1726722199,
    1375608690,
    896847481,
    1883770360,
    2073343812,
    124443438,
    450402960,
    491800651,
    211485136,
    2000004774,
    1767184845,
    2113833091,
    288900356,
    1603080766,
    661542891,
    254449220,
    1794790271,
    780592579,
    492226731,
    409562022,
    443957666,
    1731569352,
    672916731,
    1941082356,
    909314961,
    1608568012,
    1541169744,
    2075617609,
    307011422,
    860722477,
    927355465,
    1924823799,
    1280440661,
    1410936314,
    1414659762,
    1524611805,
    375188864,
    1591094356,
    479836179,
    1490712373,
    1621111539,
    1525844401,
    1125998400,
    2008928449,
    1502393004,
    1616989295,
    990927530
  ]
}