{
  "mode": "branch",
  "rep": 1117,
  "ne": 10000,
  "r": [
    1e-08,
    1e-08,
    1.820689655172414e-07,
    1.820689655172414e-07,
    3.541379310344828e-07,
    3.541379310344828e-07,
    5.262068965517242e-07,
    5.262068965517242e-07,
    6.982758620689656e-07,
    6.982758620689656e-07,
    8.70344827586207e-07,
    8.70344827586207e-07,
    1.0424137931034483e-06,
    1.0424137931034483e-06,
    1.2144827586206895e-06,
    1.2144827586206895e-06,
    1.386551724137931e-06,
    1.386551724137931e-06,
    1.5586206896551725e-06,
    1.5586206896551725e-06,
    1.7306896551724138e-06,
    1.9027586206896551e-06,
    2.0748275862068966e-06,
    2.246896551724138e-06,
    2.418965517241379e-06,
    2.5910344827586207e-06,
    2.763103448275862e-06,
    2.9351724137931037e-06,
    3.107241379310345e-06,
    3.2793103448275863e-06,
    3.4513793103448278e-06,
    3.4513793103448278e-06,
    3.6234482758620693e-06,
    3.6234482758620693e-06,
    3.7955172413793103e-06,
    3.7955172413793103e-06,
    3.967586206896552e-06,
    3.967586206896552e-06,
    4.139655172413793e-06,
    4.139655172413793e-06,
    4.311724137931034e-06,
    4.311724137931034e-06,
    4.483793103448276e-06,
    4.483793103448276e-06,
    4.655862068965517e-06,
    4.655862068965517e-06,
    4.8279310344827585e-06,
    4.8279310344827585e-06,
    5e-06,
    5e-06
  ],
  "mu": 0,
  "samples": 250,
  "sequence_length": 1000,
  "seeds": [
    619249777,
    853141774,
    1410331087,
    1309790755,
    1355910661,
    1092805335,
    1963272524,
    1186413665,
    1842362112,
    519191146,
    804168260,
    1602258483,
    1781213024,
    1014349102,
    1541606765,
    1915946106,
    964150331,
    475420790,
    990548107,
    93576404,
    1027518981,
    1322463377,
    1202375582,
    315236663,
    1710800710,
    2109300646,
    1371128751,
    826133026,
    1802693798,
    744262367,
    524207467,
    1906731095,
    1420873030,
    208449980,
    230323562,
    843816291,
    576744033,
    922244766,
    1614651409,
    1879974027,
    736188138,
    661992676,
    821181007,
    1307414826,
    385193957,
    1598566188,
    1960270218,
    1720339815,
    1562269448,
    824924691
  ]
}