{
  "mode": "site",
  "rep": 433,
  "ne": 10000,
  "r": 1e-05,
  "mu": [
    1e-07,
    1e-07,
    4.413793103448276e-07,
    4.413793103448276e-07,
    7.827586206896552e-07,
    7.827586206896552e-07,
    1.1241379310344827e-06,
    1.1241379310344827e-06,
    1.4655172413793102e-06,
    1.4655172413793102e-06,
    1.8068965517241377e-06,
    1.8068965517241377e-06,
    2.1482758620689656e-06,
    2.1482758620689656e-06,
    2.489655172413793e-06,
    2.489655172413793e-06,
    2.8310344827586205e-06,
    2.8310344827586205e-06,
    3.172413793103448e-06,
    3.172413793103448e-06,
    3.5137931034482755e-06,
    3.855172413793104e-06,
    4.196551724137931e-06,
    4.537931034482759e-06,
    4.879310344827586e-06,
    5.220689655172414e-06,
    5.562068965517241e-06,
    5.903448275862069e-06,
    6.244827586206896e-06,
    6.5862068965517236e-06,
    6.927586206896551e-06,
    6.927586206896551e-06,
    7.268965517241379e-06,
    7.268965517241379e-06,
    7.610344827586207e-06,
    7.610344827586207e-06,
    7.951724137931034e-06,
    7.951724137931034e-06,
    8.293103448275863e-06,
    8.293103448275863e-06,
    8.634482758620691e-06,
    8.634482758620691e-06,
    8.975862068965518e-06,
    8.975862068965518e-06,
    9.317241379310346e-06,
    9.317241379310346e-06,
    9.658620689655173e-06,
    9.658620689655173e-06,
    1e-05,
    1e-05
  ],
  "samples": 500,
  "sequence_length": 50000,
  "seeds": [
    1394313075,
    573016621,
    1960946598,
    1468031434,
    1561696090,
    1905756086,
    1922069245,
    1700520972,
    288483419,
    1045311503,
    1714400499,
    1056264653,
    1419104308,
    1925864479,
    1657568132,
    518954908,
    2009824222,
    1725704029,
    1857580709,
    808741675,
    567691092,
    1083195906,
    874267519,
    1008519156,
    1298694215,
    542953390,
    1471568063,
    1407448120,
    1738107591,
    1881044697,
    1004371483,
    210180754,
    2022192388,
    34516604,
    2024683689,
    871280963,
    1605485709,
    1748688592,
    1212089862,
    660405250,
    358533997,
    262867424,
    1198183773,
    1391696627,
    1224148378,
    252345092,
    925286941,
    1774096039,
    588998450,
    610842266
  ]
}