{
  "mode": "site",
  "rep": 86,
  "ne": 10000,
  "r": 1e-05,
  "mu": [
    1e-07,
    4.413793103448276e-07,
    7.827586206896552e-07,
    1.1241379310344827e-06,
    1.4655172413793102e-06,
    1.8068965517241377e-06,
    2.1482758620689656e-06,
    2.489655172413793e-06,
    2.8310344827586205e-06,
    3.172413793103448e-06,
    3.5137931034482755e-06,
    3.5137931034482755e-06,
    3.855172413793104e-06,
    3.855172413793104e-06,
    4.196551724137931e-06,
    4.196551724137931e-06,
    4.537931034482759e-06,
    4.537931034482759e-06,
    4.879310344827586e-06,
    4.879310344827586e-06,
    5.220689655172414e-06,
    5.220689655172414e-06,
    5.562068965517241e-06,
    5.562068965517241e-06,
    5.903448275862069e-06,
    5.903448275862069e-06,
    6.244827586206896e-06,
    6.244827586206896e-06,
    6.5862068965517236e-06,
    6.5862068965517236e-06,
    6.927586206896551e-06,
    6.927586206896551e-06,
    7.268965517241379e-06,
    7.268965517241379e-06,
    7.610344827586207e-06,
    7.610344827586207e-06,
    7.951724137931034e-06,
    7.951724137931034e-06,
    8.293103448275863e-06,
    8.293103448275863e-06,
    8.634482758620691e-06,
    8.634482758620691e-06,
    8.975862068965518e-06,
    8.975862068965518e-06,
    9.317241379310346e-06,
    9.317241379310346e-06,
    9.658620689655173e-06,
    9.658620689655173e-06,
    1e-05,
    1e-05
  ],
  "samples": 500,
  "sequence_length": 50000,
  "seeds": [
    157271514,
    1952180478,
    990068264,
    1009984397,
    1901387248,
    1674688707,
    7487411,
    511816937,
    1974814018,
    1951766016,
    1469873234,
    2131944849,
    1320436537,
    889794114,
    1025446013,
    1300368716,
    2089556464,
    317988660,
    600108075,
    1466083972,
    168578632,
    1859219485,
    25951713,
    1485735453,
    78403999,
    1013845631,
    1082879044,
    215360277,
    723685512,
    1092075999,
    217888427,
    1578375085,
    1910681337,
    381179467,
    1545308988,
    2093344835,
    1342525620,
    1897816898,
    230487231,
    1479377913,
    833865082,
    536894282,
    926170965,
    1688062363,
    1312311000,
    1254390109,
    780007499,
    311780915,
    842689353,
    249556370
  ]
}