{
  "mode": "branch",
  "rep": 1065,
  "ne": 10000,
  "r": [
    1e-08,
    1e-08,
    1.820689655172414e-07,
    1.820689655172414e-07,
    3.541379310344828e-07,
    3.541379310344828e-07,
    5.262068965517242e-07,
    5.262068965517242e-07,
    6.982758620689656e-07,
    6.982758620689656e-07,
    8.70344827586207e-07,
    8.70344827586207e-07,
    1.0424137931034483e-06,
    1.0424137931034483e-06,
    1.2144827586206895e-06,
    1.2144827586206895e-06,
    1.386551724137931e-06,
    1.386551724137931e-06,
    1.5586206896551725e-06,
    1.5586206896551725e-06,
    1.7306896551724138e-06,
    1.7306896551724138e-06,
    1.9027586206896551e-06,
    1.9027586206896551e-06,
    2.0748275862068966e-06,
    2.0748275862068966e-06,
    2.246896551724138e-06,
    2.246896551724138e-06,
    2.418965517241379e-06,
    2.418965517241379e-06,
    2.5910344827586207e-06,
    2.5910344827586207e-06,
    2.763103448275862e-06,
    2.763103448275862e-06,
    2.9351724137931037e-06,
    2.9351724137931037e-06,
    3.107241379310345e-06,
    3.107241379310345e-06,
    3.2793103448275863e-06,
    3.2793103448275863e-06,
    3.4513793103448278e-06,
    3.6234482758620693e-06,
    3.7955172413793103e-06,
    3.967586206896552e-06,
    4.139655172413793e-06,
    4.311724137931034e-06,
    4.483793103448276e-06,
    4.655862068965517e-06,
    4.8279310344827585e-06,
    5e-06
  ],
  "mu": 0,
  "samples": 250,
  "sequence_length": 1000,
  "seeds": [
    1719044465,
    1718956809,
    1859759514,
    2093772320,
    420960321,
    541872649,
    927668337,
    893192301,
    1116971091,
    1369368428,
    1180624317,
    1885089653,
    1939039109,
    1540306696,
    530504608,
    942748582,
    1649437275,
    670212083,
    1349179464,
    107298058,
    217577972,
    1166879625,
    886284805,
    1532596527,
    454057468,
    128517747,
    1448711289,
    970417396,
    726319643,
    1754300924,
    2040487316,
    2079854996,
    1937816513,
    2010215369,
    356459300,
    1159337381,
    1513437455,
    1726464947,
    561989105,
    94651673,
    2003585339,
    266250959,
    2027724195,
    926901663,
    674331529,
    175361074,
    1135424298,
    2038929780,
    325690283,
    56200837
  ]
}