{
  "mode": "site",
  "rep": 411,
  "ne": 10000,
  "r": 1e-05,
  "mu": [
    1e-07,
    1e-07,
    4.413793103448276e-07,
    4.413793103448276e-07,
    7.827586206896552e-07,
    7.827586206896552e-07,
    1.1241379310344827e-06,
    1.1241379310344827e-06,
    1.4655172413793102e-06,
    1.4655172413793102e-06,
    1.8068965517241377e-06,
    1.8068965517241377e-06,
    2.1482758620689656e-06,
    2.1482758620689656e-06,
    2.489655172413793e-06,
    2.489655172413793e-06,
    2.8310344827586205e-06,
    2.8310344827586205e-06,
    3.172413793103448e-06,
    3.172413793103448e-06,
    3.5137931034482755e-06,
    3.5137931034482755e-06,
    3.855172413793104e-06,
    3.855172413793104e-06,
    4.196551724137931e-06,
    4.196551724137931e-06,
    4.537931034482759e-06,
    4.537931034482759e-06,
    4.879310344827586e-06,
    4.879310344827586e-06,
    5.220689655172414e-06,
    5.220689655172414e-06,
    5.562068965517241e-06,
    5.562068965517241e-06,
    5.903448275862069e-06,
    5.903448275862069e-06,
    6.244827586206896e-06,
    6.244827586206896e-06,
    6.5862068965517236e-06,
    6.5862068965517236e-06,
    6.927586206896551e-06,
    7.268965517241379e-06,
    7.610344827586207e-06,
    7.951724137931034e-06,
    8.293103448275863e-06,
    8.634482758620691e-06,
    8.975862068965518e-06,
    9.317241379310346e-06,
    9.658620689655173e-06,
    1e-05
  ],
  "samples": 500,
  "sequence_length": 10000,
  "seeds": [
    530054941,
    413397677,
    285026256,
    253354364,
    1719039091,
    1950322158,
    714635138,
    1520870614,
    1313430420,
    999687055,
    1438221549,
    1056833468,
    2135190781,
    1911756907,
    148699609,
    1457992457,
    1304082818,
    936096462,
    587273867,
    74135951,
    2049914241,
    284384081,
    1285155300,
    466644516,
    1931239579,
    1570491710,
    1539009193,
    70931920,
    305889274,
    2015071737,
    2109075530,
    1624672789,
    1776534393,
    232121933,
    635419448,
    1876087442,
    1391743663,
    2132216917,
    2131685628,
    936689918,
    161900569,
    76732226,
    766857991,
    357428360,
    1629259198,
    399729306,
    1096667521,
    1350547471,
    972330306,
    2010197059
  ]
}