{
  "mode": "branch",
  "rep": 632,
  "ne": 10000,
  "r": [
    1e-08,
    1.820689655172414e-07,
    3.541379310344828e-07,
    5.262068965517242e-07,
    6.982758620689656e-07,
    8.70344827586207e-07,
    1.0424137931034483e-06,
    1.2144827586206895e-06,
    1.386551724137931e-06,
    1.5586206896551725e-06,
    1.7306896551724138e-06,
    1.7306896551724138e-06,
    1.9027586206896551e-06,
    1.9027586206896551e-06,
    2.0748275862068966e-06,
    2.0748275862068966e-06,
    2.246896551724138e-06,
    2.246896551724138e-06,
    2.418965517241379e-06,
    2.418965517241379e-06,
    2.5910344827586207e-06,
    2.5910344827586207e-06,
    2.763103448275862e-06,
    2.763103448275862e-06,
    2.9351724137931037e-06,
    2.9351724137931037e-06,
    3.107241379310345e-06,
    3.107241379310345e-06,
    3.2793103448275863e-06,
    3.2793103448275863e-06,
    3.4513793103448278e-06,
    3.4513793103448278e-06,
    3.6234482758620693e-06,
    3.6234482758620693e-06,
    3.7955172413793103e-06,
    3.7955172413793103e-06,
    3.967586206896552e-06,
    3.967586206896552e-06,
    4.139655172413793e-06,
    4.139655172413793e-06,
    4.311724137931034e-06,
    4.311724137931034e-06,
    4.483793103448276e-06,
    4.483793103448276e-06,
    4.655862068965517e-06,
    4.655862068965517e-06,
    4.8279310344827585e-06,
    4.8279310344827585e-06,
    5e-06,
    5e-06
  ],
  "mu": 0,
  "samples": 250,
  "sequence_length": 1000,
  "seeds": [
    1133999646,
    1004714150,
    1265567034,
    2096675961,
    554454730,
    1254795095,
    996820999,
    1690786899,
    194136404,
    209724526,
    347215053,
    1520453187,
    1321484713,
    732833815,
    466312620,
    1708729685,
    1422259248,
    232074545,
    1976790599,
    61016606,
    188008175,
    1182201748,
    1779179706,
    1310925939,
    177941636,
    1299299927,
    1973294803,
    411662664,
    1081396189,
    1848425074,
    93330389,
    2310767,
    1026872862,
    1826207767,
    1304003679,
    1000789935,
    784503701,
    1595202678,
    1403902237,
    998601427,
    1962409223,
    281658262,
    1758025183,
    1544848978,
    593005251,
    1788194204,
    246092117,
    407658367,
    1185638188,
    1820547919
  ]
}