{
  "mode": "site",
  "rep": 81,
  "ne": 10000,
  "r": 1e-05,
  "mu": [
    1e-07,
    1e-07,
    4.413793103448276e-07,
    4.413793103448276e-07,
    7.827586206896552e-07,
    7.827586206896552e-07,
    1.1241379310344827e-06,
    1.1241379310344827e-06,
    1.4655172413793102e-06,
    1.4655172413793102e-06,
    1.8068965517241377e-06,
    1.8068965517241377e-06,
    2.1482758620689656e-06,
    2.1482758620689656e-06,
    2.489655172413793e-06,
    2.489655172413793e-06,
    2.8310344827586205e-06,
    2.8310344827586205e-06,
    3.172413793103448e-06,
    3.172413793103448e-06,
    3.5137931034482755e-06,
    3.5137931034482755e-06,
    3.855172413793104e-06,
    3.855172413793104e-06,
    4.196551724137931e-06,
    4.196551724137931e-06,
    4.537931034482759e-06,
    4.537931034482759e-06,
    4.879310344827586e-06,
    4.879310344827586e-06,
    5.220689655172414e-06,
    5.220689655172414e-06,
    5.562068965517241e-06,
    5.562068965517241e-06,
    5.903448275862069e-06,
    5.903448275862069e-06,
    6.244827586206896e-06,
    6.244827586206896e-06,
    6.5862068965517236e-06,
    6.5862068965517236e-06,
    6.927586206896551e-06,
    7.268965517241379e-06,
    7.610344827586207e-06,
    7.951724137931034e-06,
    8.293103448275863e-06,
    8.634482758620691e-06,
    8.975862068965518e-06,
    9.317241379310346e-06,
    9.658620689655173e-06,
    1e-05
  ],
  "samples": 500,
  "sequence_length": 50000,
  "seeds": [
    1148071117,
    2099116610,
    1074788385,
    372319195,
    156862853,
    264277559,
    1302317287,
    1326827103,
    118064279,
    221435927,
    1935306755,
    642466577,
    1036102983,
    879580155,
    1591043180,
    1890359734,
    617171092,
    1034615076,
    823841531,
    38259365,
    1529986802,
    288653279,
    1879039830,
    1259544009,
    2021584908,
    460238798,
    1176343755,
    206003273,
    1435635817,
    162791068,
    1711509251,
    2097063121,
    913445978,
    1768233602,
    126856449,
    1292515363,
    1672040371,
    1921768736,
    1848349751,
    2147482327,
    1721491704,
    2042794869,
    55919266,
    452005812,
    1456193326,
    1615977309,
    1382714518,
    1644369906,
    192800530,
    1933524996
  ]
}