{
  "mode": "branch",
  "rep": 1062,
  "ne": 10000,
  "r": [
    1e-08,
    1e-08,
    1.820689655172414e-07,
    1.820689655172414e-07,
    3.541379310344828e-07,
    3.541379310344828e-07,
    5.262068965517242e-07,
    5.262068965517242e-07,
    6.982758620689656e-07,
    6.982758620689656e-07,
    8.70344827586207e-07,
    8.70344827586207e-07,
    1.0424137931034483e-06,
    1.0424137931034483e-06,
    1.2144827586206895e-06,
    1.2144827586206895e-06,
    1.386551724137931e-06,
    1.386551724137931e-06,
    1.5586206896551725e-06,
    1.5586206896551725e-06,
    1.7306896551724138e-06,
    1.7306896551724138e-06,
    1.9027586206896551e-06,
    1.9027586206896551e-06,
    2.0748275862068966e-06,
    2.0748275862068966e-06,
    2.246896551724138e-06,
    2.246896551724138e-06,
    2.418965517241379e-06,
    2.418965517241379e-06,
    2.5910344827586207e-06,
    2.5910344827586207e-06,
    2.763103448275862e-06,
    2.763103448275862e-06,
    2.9351724137931037e-06,
    2.9351724137931037e-06,
    3.107241379310345e-06,
    3.107241379310345e-06,
    3.2793103448275863e-06,
    3.2793103448275863e-06,
    3.4513793103448278e-06,
    3.6234482758620693e-06,
    3.7955172413793103e-06,
    3.967586206896552e-06,
    4.139655172413793e-06,
    4.311724137931034e-06,
    4.483793103448276e-06,
    4.655862068965517e-06,
    4.8279310344827585e-06,
    5e-06
  ],
  "mu": 0,
  "samples": 250,
  "sequence_length": 1000,
  "seeds": [
    632612380,
    232320588,
    2096577952,
    1618123840,
    680897212,
    1041157533,
    151942572,
    238473295,
    1556195965,
    387509927,
    190324965,
    1420442120,
    1784424992,
    12017153,
    49691496,
    984117148,
    1596340346,
    2135271092,
    1610068766,
    1550725806,
    1426148301,
    396334841,
    238058185,
    74879599,
    2113750721,
    1490081019,
    1904594730,
    1451563902,
    1375374287,
    779520134,
    527747062,
    1027446853,
    1696975099,
    1832874898,
    943894898,
    122594809,
    1297228738,
    812006335,
    1986865823,
    1503791840,
    400840005,
    2060178033,
    1438956682,
    1826567212,
    1662430830,
    384940217,
    753182405,
    494426076,
    492737066,
    1141079286
  ]
}