{
  "mode": "branch",
  "rep": 860,
  "ne": 10000,
  "r": [
    1e-08,
    1.820689655172414e-07,
    3.541379310344828e-07,
    5.262068965517242e-07,
    6.982758620689656e-07,
    8.70344827586207e-07,
    1.0424137931034483e-06,
    1.2144827586206895e-06,
    1.386551724137931e-06,
    1.5586206896551725e-06,
    1.7306896551724138e-06,
    1.7306896551724138e-06,
    1.9027586206896551e-06,
    1.9027586206896551e-06,
    2.0748275862068966e-06,
    2.0748275862068966e-06,
    2.246896551724138e-06,
    2.246896551724138e-06,
    2.418965517241379e-06,
    2.418965517241379e-06,
    2.5910344827586207e-06,
    2.5910344827586207e-06,
    2.763103448275862e-06,
    2.763103448275862e-06,
    2.9351724137931037e-06,
    2.9351724137931037e-06,
    3.107241379310345e-06,
    3.107241379310345e-06,
    3.2793103448275863e-06,
    3.2793103448275863e-06,
    3.4513793103448278e-06,
    3.4513793103448278e-06,
    3.6234482758620693e-06,
    3.6234482758620693e-06,
    3.7955172413793103e-06,
    3.7955172413793103e-06,
    3.967586206896552e-06,
    3.967586206896552e-06,
    4.139655172413793e-06,
    4.139655172413793e-06,
    4.311724137931034e-06,
    4.311724137931034e-06,
    4.483793103448276e-06,
    4.483793103448276e-06,
    4.655862068965517e-06,
    4.655862068965517e-06,
    4.8279310344827585e-06,
    4.8279310344827585e-06,
    5e-06,
    5e-06
  ],
  "mu": 0,
  "samples": 250,
  "sequence_length": 1000,
  "seeds": [
    661814655,
    1433342780,
    766337529,
    609295716,
    1080622742,
    454039911,
    656752493,
    1917635371,
    1522642178,
    81753677,
    154859046,
    776516679,
    1507470959,
    769836292,
    1194110784,
    1096149846,
    459719672,
    1752929811,
    1995903945,
    1040538949,
    894021833,
    411885311,
    164843882,
    191244319,
    310817459,
    1237082085,
    747655175,
    870790575,
    903820523,
    124158874,
    1697506895,
    591032759,
    675848393,
    221616030,
    855813499,
    940409872,
    823572365,
    829054432,
    556194113,
    591935701,
    737420312,
    1231203087,
    916629979,
    655021635,
    466512673,
    1537223407,
    23009225,
    37336057,
    2002069844,
    923098396
  ]
}