{
  "mode": "branch",
  "rep": 1038,
  "ne": 10000,
  "r": [
    1e-08,
    1e-08,
    1.820689655172414e-07,
    1.820689655172414e-07,
    3.541379310344828e-07,
    3.541379310344828e-07,
    5.262068965517242e-07,
    5.262068965517242e-07,
    6.982758620689656e-07,
    6.982758620689656e-07,
    8.70344827586207e-07,
    8.70344827586207e-07,
    1.0424137931034483e-06,
    1.0424137931034483e-06,
    1.2144827586206895e-06,
    1.2144827586206895e-06,
    1.386551724137931e-06,
    1.386551724137931e-06,
    1.5586206896551725e-06,
    1.5586206896551725e-06,
    1.7306896551724138e-06,
    1.7306896551724138e-06,
    1.9027586206896551e-06,
    1.9027586206896551e-06,
    2.0748275862068966e-06,
    2.0748275862068966e-06,
    2.246896551724138e-06,
    2.246896551724138e-06,
    2.418965517241379e-06,
    2.418965517241379e-06,
    2.5910344827586207e-06,
    2.5910344827586207e-06,
    2.763103448275862e-06,
    2.763103448275862e-06,
    2.9351724137931037e-06,
    2.9351724137931037e-06,
    3.107241379310345e-06,
    3.107241379310345e-06,
    3.2793103448275863e-06,
    3.2793103448275863e-06,
    3.4513793103448278e-06,
    3.6234482758620693e-06,
    3.7955172413793103e-06,
    3.967586206896552e-06,
    4.139655172413793e-06,
    4.311724137931034e-06,
    4.483793103448276e-06,
    4.655862068965517e-06,
    4.8279310344827585e-06,
    5e-06
  ],
  "mu": 0,
  "samples": 250,
  "sequence_length": 1000,
  "seeds": [
    1435256401,
    55967933,
    53666896,
    1729819804,
    182259540,
    576678501,
    257445970,
    1137446067,
    361706171,
    892828641,
    841846851,
    1278201323,
    1542933178,
    894570315,
    1787551958,
    592243822,
    702359767,
    782284382,
    1958255393,
    736171772,
    461003900,
    1736926210,
    1077495725,
    2000633030,
    1857164751,
    1715162625,
    1133146871,
    670619768,
    1443255937,
    2106051591,
    685547757,
    1689361365,
    235106277,
    675601261,
    252404476,
    1084093453,
    206917508,
    1979631452,
    889764411,
    1579654457,
    1459825511,
    1762297393,
    913942368,
    1816431364,
    2055284185,
    1052062196,
    1458750306,
    76501197,
    1898084402,
    1906588806
  ]
}