{
  "mode": "site",
  "rep": 304,
  "ne": 10000,
  "r": 1e-05,
  "mu": [
    1e-07,
    1e-07,
    4.413793103448276e-07,
    4.413793103448276e-07,
    7.827586206896552e-07,
    7.827586206896552e-07,
    1.1241379310344827e-06,
    1.1241379310344827e-06,
    1.4655172413793102e-06,
    1.4655172413793102e-06,
    1.8068965517241377e-06,
    1.8068965517241377e-06,
    2.1482758620689656e-06,
    2.1482758620689656e-06,
    2.489655172413793e-06,
    2.489655172413793e-06,
    2.8310344827586205e-06,
    2.8310344827586205e-06,
    3.172413793103448e-06,
    3.172413793103448e-06,
    3.5137931034482755e-06,
    3.855172413793104e-06,
    4.196551724137931e-06,
    4.537931034482759e-06,
    4.879310344827586e-06,
    5.220689655172414e-06,
    5.562068965517241e-06,
    5.903448275862069e-06,
    6.244827586206896e-06,
    6.5862068965517236e-06,
    6.927586206896551e-06,
    6.927586206896551e-06,
    7.268965517241379e-06,
    7.268965517241379e-06,
    7.610344827586207e-06,
    7.610344827586207e-06,
    7.951724137931034e-06,
    7.951724137931034e-06,
    8.293103448275863e-06,
    8.293103448275863e-06,
    8.634482758620691e-06,
    8.634482758620691e-06,
    8.975862068965518e-06,
    8.975862068965518e-06,
    9.317241379310346e-06,
    9.317241379310346e-06,
    9.658620689655173e-06,
    9.658620689655173e-06,
    1e-05,
    1e-05
  ],
  "samples": 500,
  "sequence_length": 10000,
  "seeds": [
    1956452082,
    364453776,
    1309074587,
    1631860308,
    257102611,
    876784916,
    207996806,
    1997775896,
    1277318838,
    5482303,
    905467093,
    1322998585,
    1178346778,
    669482442,
    1714856613,
    2090462020,
    679548642,
    28850924,
    1394200911,
    1094799978,
    837238608,
    349865845,
    1135114447,
    495101509,
    1633204911,
    2104436293,
    1756513613,
    2098400022,
    1251607106,
    737750319,
    1396633316,
    584494388,
    1219445033,
    306865401,
    1279791458,
    208460403,
    1446954129,
    782657052,
    271498796,
    1299966218,
    777998616,
    1559632710,
    729098733,
    1390866586,
    1419590364,
    229506156,
    768442525,
    543680258,
    517651672,
    1266265177
  ]
}