{
  "mode": "site",
  "rep": 157,
  "ne": 10000,
  "r": 1e-05,
  "mu": [
    1e-07,
    1e-07,
    4.413793103448276e-07,
    4.413793103448276e-07,
    7.827586206896552e-07,
    7.827586206896552e-07,
    1.1241379310344827e-06,
    1.1241379310344827e-06,
    1.4655172413793102e-06,
    1.4655172413793102e-06,
    1.8068965517241377e-06,
    1.8068965517241377e-06,
    2.1482758620689656e-06,
    2.1482758620689656e-06,
    2.489655172413793e-06,
    2.489655172413793e-06,
    2.8310344827586205e-06,
    2.8310344827586205e-06,
    3.172413793103448e-06,
    3.172413793103448e-06,
    3.5137931034482755e-06,
    3.855172413793104e-06,
    4.196551724137931e-06,
    4.537931034482759e-06,
    4.879310344827586e-06,
    5.220689655172414e-06,
    5.562068965517241e-06,
    5.903448275862069e-06,
    6.244827586206896e-06,
    6.5862068965517236e-06,
    6.927586206896551e-06,
    6.927586206896551e-06,
    7.268965517241379e-06,
    7.268965517241379e-06,
    7.610344827586207e-06,
    7.610344827586207e-06,
    7.951724137931034e-06,
    7.951724137931034e-06,
    8.293103448275863e-06,
    8.293103448275863e-06,
    8.634482758620691e-06,
    8.634482758620691e-06,
    8.975862068965518e-06,
    8.975862068965518e-06,
    9.317241379310346e-06,
    9.317241379310346e-06,
    9.658620689655173e-06,
    9.658620689655173e-06,
    1e-05,
    1e-05
  ],
  "samples": 500,
  "sequence_length": 50000,
  "seeds": [
    2082264264,
    927934669,
    321256232,
    707343028,
    1394590233,
    843093634,
    1276068755,
    683256549,
    1516319020,
    825165355,
    950673276,
    29573691,
    1421831135,
    2122251201,
    1201007578,
    175481794,
    1631918642,
    836332535,
    1072741106,
    757404906,
    1810521412,
    1721942990,
    875718395,
    1138877349,
    863887181,
    872567547,
    137984357,
    1298339016,
    1446464571,
    326090415,
    603055715,
    2038314254,
    1562213532,
    1383748411,
    1260482388,
    153744558,
    1688879042,
    1002937837,
    74395555,
    486829871,
    1566576626,
    1014035070,
    1056246239,
    1511166573,
    1467211059,
    1658165613,
    212864647,
    511234288,
    1006559117,
    1919817515
  ]
}