{
  "mode": "branch",
  "rep": 866,
  "ne": 10000,
  "r": [
    1e-08,
    1.820689655172414e-07,
    3.541379310344828e-07,
    5.262068965517242e-07,
    6.982758620689656e-07,
    8.70344827586207e-07,
    1.0424137931034483e-06,
    1.2144827586206895e-06,
    1.386551724137931e-06,
    1.5586206896551725e-06,
    1.7306896551724138e-06,
    1.7306896551724138e-06,
    1.9027586206896551e-06,
    1.9027586206896551e-06,
    2.0748275862068966e-06,
    2.0748275862068966e-06,
    2.246896551724138e-06,
    2.246896551724138e-06,
    2.418965517241379e-06,
    2.418965517241379e-06,
    2.5910344827586207e-06,
    2.5910344827586207e-06,
    2.763103448275862e-06,
    2.763103448275862e-06,
    2.9351724137931037e-06,
    2.9351724137931037e-06,
    3.107241379310345e-06,
    3.107241379310345e-06,
    3.2793103448275863e-06,
    3.2793103448275863e-06,
    3.4513793103448278e-06,
    3.4513793103448278e-06,
    3.6234482758620693e-06,
    3.6234482758620693e-06,
    3.7955172413793103e-06,
    3.7955172413793103e-06,
    3.967586206896552e-06,
    3.967586206896552e-06,
    4.139655172413793e-06,
    4.139655172413793e-06,
    4.311724137931034e-06,
    4.311724137931034e-06,
    4.483793103448276e-06,
    4.483793103448276e-06,
    4.655862068965517e-06,
    4.655862068965517e-06,
    4.8279310344827585e-06,
    4.8279310344827585e-06,
    5e-06,
    5e-06
  ],
  "mu": 0,
  "samples": 250,
  "sequence_length": 1000,
  "seeds": [
    1880962767,
    1427781840,
    1944996764,
    1355140362,
    1475109720,
    1092665276,
    2066623144,
    1805783073,
    280622352,
    1816034448,
    1088800335,
    2082162549,
    1958874420,
    1724785983,
    382701040,
    500028142,
    379627987,
    1862394152,
    66925128,
    388231948,
    1950326245,
    519675199,
    317165546,
    1596812073,
    1398414870,
    1063795810,
    739416984,
    1168525241,
    771412588,
    1311121977,
    14351685,
    42771757,
    1757570517,
    533691659,
    1904305664,
    245369474,
    1578777585,
    1975636883,
    1478925197,
    898364139,
    698896690,
    1931142178,
    51598366,
    119530559,
    1456048983,
    1916490715,
    1206047816,
    722637945,
    532638348,
    1901837807
  ]
}