{
  "mode": "site",
  "rep": 538,
  "ne": 10000,
  "r": 1e-05,
  "mu": [
    1e-07,
    1e-07,
    4.413793103448276e-07,
    4.413793103448276e-07,
    7.827586206896552e-07,
    7.827586206896552e-07,
    1.1241379310344827e-06,
    1.1241379310344827e-06,
    1.4655172413793102e-06,
    1.4655172413793102e-06,
    1.8068965517241377e-06,
    1.8068965517241377e-06,
    2.1482758620689656e-06,
    2.1482758620689656e-06,
    2.489655172413793e-06,
    2.489655172413793e-06,
    2.8310344827586205e-06,
    2.8310344827586205e-06,
    3.172413793103448e-06,
    3.172413793103448e-06,
    3.5137931034482755e-06,
    3.855172413793104e-06,
    4.196551724137931e-06,
    4.537931034482759e-06,
    4.879310344827586e-06,
    5.220689655172414e-06,
    5.562068965517241e-06,
    5.903448275862069e-06,
    6.244827586206896e-06,
    6.5862068965517236e-06,
    6.927586206896551e-06,
    6.927586206896551e-06,
    7.268965517241379e-06,
    7.268965517241379e-06,
    7.610344827586207e-06,
    7.610344827586207e-06,
    7.951724137931034e-06,
    7.951724137931034e-06,
    8.293103448275863e-06,
    8.293103448275863e-06,
    8.634482758620691e-06,
    8.634482758620691e-06,
    8.975862068965518e-06,
    8.975862068965518e-06,
    9.317241379310346e-06,
    9.317241379310346e-06,
    9.658620689655173e-06,
    9.658620689655173e-06,
    1e-05,
    1e-05
  ],
  "samples": 500,
  "sequence_length": 10000,
  "seeds": [
    485907344,
    992839138,
    46715912,
    1509555467,
    1247299926,
    1397446722,
    431947242,
    1705515112,
    387087053,
    916160711,
    1631891732,
    250697536,
    712093076,
    146189752,
    780315906,
    321454556,
    1939524983,
    187404694,
    2123587432,
    576271552,
    438962659,
    118012919,
    859486383,
    298953476,
    1571220235,
    90617983,
    1497259653,
    1662565663,
    1198871515,
    123759724,
    542399086,
    1257089688,
    388465563,
    26192042,
    1893321461,
    1960610235,
    2069839727,
    2004674773,
    1573063514,
    968511749,
    388816951,
    492726150,
    1999098593,
    1960451881,
    1362420591,
    475500983,
    897977855,
    1419542786,
    545590125,
    506830619
  ]
}