{
  "mode": "branch",
  "rep": 1172,
  "ne": 10000,
  "r": [
    1e-08,
    1.820689655172414e-07,
    3.541379310344828e-07,
    5.262068965517242e-07,
    6.982758620689656e-07,
    8.70344827586207e-07,
    1.0424137931034483e-06,
    1.2144827586206895e-06,
    1.386551724137931e-06,
    1.5586206896551725e-06,
    1.7306896551724138e-06,
    1.7306896551724138e-06,
    1.9027586206896551e-06,
    1.9027586206896551e-06,
    2.0748275862068966e-06,
    2.0748275862068966e-06,
    2.246896551724138e-06,
    2.246896551724138e-06,
    2.418965517241379e-06,
    2.418965517241379e-06,
    2.5910344827586207e-06,
    2.5910344827586207e-06,
    2.763103448275862e-06,
    2.763103448275862e-06,
    2.9351724137931037e-06,
    2.9351724137931037e-06,
    3.107241379310345e-06,
    3.107241379310345e-06,
    3.2793103448275863e-06,
    3.2793103448275863e-06,
    3.4513793103448278e-06,
    3.4513793103448278e-06,
    3.6234482758620693e-06,
    3.6234482758620693e-06,
    3.7955172413793103e-06,
    3.7955172413793103e-06,
    3.967586206896552e-06,
    3.967586206896552e-06,
    4.139655172413793e-06,
    4.139655172413793e-06,
    4.311724137931034e-06,
    4.311724137931034e-06,
    4.483793103448276e-06,
    4.483793103448276e-06,
    4.655862068965517e-06,
    4.655862068965517e-06,
    4.8279310344827585e-06,
    4.8279310344827585e-06,
    5e-06,
    5e-06
  ],
  "mu": 0,
  "samples": 250,
  "sequence_length": 1000,
  "seeds": [
    742542185,
    1659657490,
    1248767818,
    1563893820,
    504929388,
    728988896,
    1891740574,
    86857029,
    1969013712,
    342502108,
    964856158,
    1235736199,
    1611063621,
    2024551679,
    23592343,
    1330655426,
    2137709093,
    1407123425,
    331448109,
    527277427,
    615808423,
    475579859,
    2018798115,
    1778967385,
    1051634341,
    996502299,
    611193323,
    399900524,
    987936179,
    1766045805,
    235819467,
    1773955206,
    480951918,
    793669972,
    637481321,
    20344495,
    1826240748,
    847758626,
    1321438159,
    62840359,
    550534812,
    172513339,
    84182512,
    1963055295,
    470034605,
    1434123866,
    1268372991,
    1140710858,
    1707277402,
    1730095673
  ]
}