{
  "mode": "branch",
  "rep": 856,
  "ne": 10000,
  "r": [
    1e-08,
    1e-08,
    1.820689655172414e-07,
    1.820689655172414e-07,
    3.541379310344828e-07,
    3.541379310344828e-07,
    5.262068965517242e-07,
    5.262068965517242e-07,
    6.982758620689656e-07,
    6.982758620689656e-07,
    8.70344827586207e-07,
    8.70344827586207e-07,
    1.0424137931034483e-06,
    1.0424137931034483e-06,
    1.2144827586206895e-06,
    1.2144827586206895e-06,
    1.386551724137931e-06,
    1.386551724137931e-06,
    1.5586206896551725e-06,
    1.5586206896551725e-06,
    1.7306896551724138e-06,
    1.9027586206896551e-06,
    2.0748275862068966e-06,
    2.246896551724138e-06,
    2.418965517241379e-06,
    2.5910344827586207e-06,
    2.763103448275862e-06,
    2.9351724137931037e-06,
    3.107241379310345e-06,
    3.2793103448275863e-06,
    3.4513793103448278e-06,
    3.4513793103448278e-06,
    3.6234482758620693e-06,
    3.6234482758620693e-06,
    3.7955172413793103e-06,
    3.7955172413793103e-06,
    3.967586206896552e-06,
    3.967586206896552e-06,
    4.139655172413793e-06,
    4.139655172413793e-06,
    4.311724137931034e-06,
    4.311724137931034e-06,
    4.483793103448276e-06,
    4.483793103448276e-06,
    4.655862068965517e-06,
    4.655862068965517e-06,
    4.8279310344827585e-06,
    4.8279310344827585e-06,
    5e-06,
    5e-06
  ],
  "mu": 0,
  "samples": 250,
  "sequence_length": 1000,
  "seeds": [
    56970153,
    1052215625,
    1414551895,
    1744373669,
    681717397,
    1912304060,
    1468834316,
    960995303,
    2098368585,
    1204815271,
    1284754647,
    1261683540,
    1639522084,
    1447681201,
    741553126,
    425547221,
    1733620511,
    808762050,
    380125902,
    1919177955,
    588507349,
    257167601,
    1107670431,
    2092853132,
    256908375,
    1513289347,
    1681137953,
    1838879058,
    1051176903,
    949439348,
    1502946055,
    927586340,
    823977703,
    352344142,
    1289266959,
    1863660193,
    436102970,
    1868634326,
    1320460758,
    1129721848,
    1498397060,
    1362563353,
    1657482448,
    711791622,
    1807737985,
    391062201,
    2044315813,
    137428147,
    1058549062,
    2134801322
  ]
}