{
  "mode": "branch",
  "rep": 1077,
  "ne": 10000,
  "r": [
    1e-08,
    1e-08,
    1.820689655172414e-07,
    1.820689655172414e-07,
    3.541379310344828e-07,
    3.541379310344828e-07,
    5.262068965517242e-07,
    5.262068965517242e-07,
    6.982758620689656e-07,
    6.982758620689656e-07,
    8.70344827586207e-07,
    8.70344827586207e-07,
    1.0424137931034483e-06,
    1.0424137931034483e-06,
    1.2144827586206895e-06,
    1.2144827586206895e-06,
    1.386551724137931e-06,
    1.386551724137931e-06,
    1.5586206896551725e-06,
    1.5586206896551725e-06,
    1.7306896551724138e-06,
    1.7306896551724138e-06,
    1.9027586206896551e-06,
    1.9027586206896551e-06,
    2.0748275862068966e-06,
    2.0748275862068966e-06,
    2.246896551724138e-06,
    2.246896551724138e-06,
    2.418965517241379e-06,
    2.418965517241379e-06,
    2.5910344827586207e-06,
    2.5910344827586207e-06,
    2.763103448275862e-06,
    2.763103448275862e-06,
    2.9351724137931037e-06,
    2.9351724137931037e-06,
    3.107241379310345e-06,
    3.107241379310345e-06,
    3.2793103448275863e-06,
    3.2793103448275863e-06,
    3.4513793103448278e-06,
    3.6234482758620693e-06,
    3.7955172413793103e-06,
    3.967586206896552e-06,
    4.139655172413793e-06,
    4.311724137931034e-06,
    4.483793103448276e-06,
    4.655862068965517e-06,
    4.8279310344827585e-06,
    5e-06
  ],
  "mu": 0,
  "samples": 250,
  "sequence_length": 1000,
  "seeds": [
    642884952,
    1440281337,
    41558861,
    1808856006,
    2043986267,
    166376976,
    911885056,
    2140390630,
    465611833,
    1357449142,
    49925227,
    1506849460,
    550906271,
    1074425516,
    133735201,
    89121362,
    1873792471,
    1002560068,
    1894675856,
    238352889,
    1090318154,
    1003739337,
    1423238709,
    550253406,
    953025551,
    833120661,
    1096174956,
    1948049525,
    1108053080,
    267544626,
    1707740295,
    1684103603,
    943310001,
    903276226,
    335108905,
    133194019,
    2053779718,
    451403349,
    516377766,
    539761470,
    1006619088,
    2080704487,
    1328073209,
    1295001860,
    245831393,
    18310163,
    1729561070,
    2030304475,
    252590195,
    648982231
  ]
}