{
  "mode": "site",
  "rep": 209,
  "ne": 10000,
  "r": 1e-05,
  "mu": [
    1e-07,
    4.413793103448276e-07,
    7.827586206896552e-07,
    1.1241379310344827e-06,
    1.4655172413793102e-06,
    1.8068965517241377e-06,
    2.1482758620689656e-06,
    2.489655172413793e-06,
    2.8310344827586205e-06,
    3.172413793103448e-06,
    3.5137931034482755e-06,
    3.5137931034482755e-06,
    3.855172413793104e-06,
    3.855172413793104e-06,
    4.196551724137931e-06,
    4.196551724137931e-06,
    4.537931034482759e-06,
    4.537931034482759e-06,
    4.879310344827586e-06,
    4.879310344827586e-06,
    5.220689655172414e-06,
    5.220689655172414e-06,
    5.562068965517241e-06,
    5.562068965517241e-06,
    5.903448275862069e-06,
    5.903448275862069e-06,
    6.244827586206896e-06,
    6.244827586206896e-06,
    6.5862068965517236e-06,
    6.5862068965517236e-06,
    6.927586206896551e-06,
    6.927586206896551e-06,
    7.268965517241379e-06,
    7.268965517241379e-06,
    7.610344827586207e-06,
    7.610344827586207e-06,
    7.951724137931034e-06,
    7.951724137931034e-06,
    8.293103448275863e-06,
    8.293103448275863e-06,
    8.634482758620691e-06,
    8.634482758620691e-06,
    8.975862068965518e-06,
    8.975862068965518e-06,
    9.317241379310346e-06,
    9.317241379310346e-06,
    9.658620689655173e-06,
    9.658620689655173e-06,
    1e-05,
    1e-05
  ],
  "samples": 500,
  "sequence_length": 10000,
  "seeds": [
    722820146,
    760028056,
    661817557,
    403543113,
    560148622,
    593000965,
    1340534476,
    806764953,
    1521934070,
    1081056281,
    263577213,
    386643979,
    1524813441,
    360977422,
    1289561508,
    1471884346,
    1791895461,
    1273396942,
    957140221,
    830829421,
    2061970559,
    946426862,
    332248855,
    1725343009,
    1847677431,
    1759429166,
    438159715,
    47305825,
    1348058701,
    220878282,
    1271828949,
    1815520130,
    855214439,
    1876330584,
    1347362965,
    1628463289,
    1629546855,
    2132742423,
    1707306360,
    308563310,
    2131765918,
    1252956940,
    619402573,
    997691742,
    1099921009,
    2031274292,
    1724444632,
    464740086,
    402261858,
    543199967
  ]
}