{
  "mode": "branch",
  "rep": 1020,
  "ne": 10000,
  "r": [
    1e-08,
    1e-08,
    1.820689655172414e-07,
    1.820689655172414e-07,
    3.541379310344828e-07,
    3.541379310344828e-07,
    5.262068965517242e-07,
    5.262068965517242e-07,
    6.982758620689656e-07,
    6.982758620689656e-07,
    8.70344827586207e-07,
    8.70344827586207e-07,
    1.0424137931034483e-06,
    1.0424137931034483e-06,
    1.2144827586206895e-06,
    1.2144827586206895e-06,
    1.386551724137931e-06,
    1.386551724137931e-06,
    1.5586206896551725e-06,
    1.5586206896551725e-06,
    1.7306896551724138e-06,
    1.7306896551724138e-06,
    1.9027586206896551e-06,
    1.9027586206896551e-06,
    2.0748275862068966e-06,
    2.0748275862068966e-06,
    2.246896551724138e-06,
    2.246896551724138e-06,
    2.418965517241379e-06,
    2.418965517241379e-06,
    2.5910344827586207e-06,
    2.5910344827586207e-06,
    2.763103448275862e-06,
    2.763103448275862e-06,
    2.9351724137931037e-06,
    2.9351724137931037e-06,
    3.107241379310345e-06,
    3.107241379310345e-06,
    3.2793103448275863e-06,
    3.2793103448275863e-06,
    3.4513793103448278e-06,
    3.6234482758620693e-06,
    3.7955172413793103e-06,
    3.967586206896552e-06,
    4.139655172413793e-06,
    4.311724137931034e-06,
    4.483793103448276e-06,
    4.655862068965517e-06,
    4.8279310344827585e-06,
    5e-06
  ],
  "mu": 0,
  "samples": 250,
  "sequence_length": 1000,
  "seeds": [
    1466735674,
    509845546,
    1386237204,
    502238060,
    2113475942,
    1418608244,
    1967381733,
    1102608286,
    2034947409,
    301224755,
    683058416,
    395279858,
    526018376,
    1949242240,
    844665562,
    652808378,
    1485846731,
    868324016,
    1428216175,
    616266102,
    1173025700,
    1973977572,
    1734393579,
    1047677849,
    1858977471,
    1667375563,
    2072503937,
    442435049,
    1428556685,
    282418271,
    691984847,
    1289392485,
    2013544738,
    970077581,
    261537430,
    646517942,
    1100274271,
    1904715779,
    436374074,
    1338683071,
    38739722,
    1571188748,
    415893197,
    1877666317,
    147219500,
    111741605,
    1093287479,
    566439658,
    488425914,
    1447662899
  ]
}