{
  "mode": "branch",
  "rep": 1050,
  "ne": 10000,
  "r": [
    1e-08,
    1e-08,
    1.820689655172414e-07,
    1.820689655172414e-07,
    3.541379310344828e-07,
    3.541379310344828e-07,
    5.262068965517242e-07,
    5.262068965517242e-07,
    6.982758620689656e-07,
    6.982758620689656e-07,
    8.70344827586207e-07,
    8.70344827586207e-07,
    1.0424137931034483e-06,
    1.0424137931034483e-06,
    1.2144827586206895e-06,
    1.2144827586206895e-06,
    1.386551724137931e-06,
    1.386551724137931e-06,
    1.5586206896551725e-06,
    1.5586206896551725e-06,
    1.7306896551724138e-06,
    1.7306896551724138e-06,
    1.9027586206896551e-06,
    1.9027586206896551e-06,
    2.0748275862068966e-06,
    2.0748275862068966e-06,
    2.246896551724138e-06,
    2.246896551724138e-06,
    2.418965517241379e-06,
    2.418965517241379e-06,
    2.5910344827586207e-06,
    2.5910344827586207e-06,
    2.763103448275862e-06,
    2.763103448275862e-06,
    2.9351724137931037e-06,
    2.9351724137931037e-06,
    3.107241379310345e-06,
    3.107241379310345e-06,
    3.2793103448275863e-06,
    3.2793103448275863e-06,
    3.4513793103448278e-06,
    3.6234482758620693e-06,
    3.7955172413793103e-06,
    3.967586206896552e-06,
    4.139655172413793e-06,
    4.311724137931034e-06,
    4.483793103448276e-06,
    4.655862068965517e-06,
    4.8279310344827585e-06,
    5e-06
  ],
  "mu": 0,
  "samples": 250,
  "sequence_length": 1000,
  "seeds": [
    1516466835,
    161997774,
    1081225919,
    1944942912,
    746259290,
    763765309,
    998111957,
    1941113061,
    1783277305,
    67757312,
    319048842,
    1015575714,
    1818559252,
    650155149,
    563329342,
    1106898014,
    1058952223,
    915734980,
    1260759435,
    1659978358,
    1046604410,
    604861146,
    1790717037,
    1207120420,
    389031579,
    194799843,
    1999233903,
    477054379,
    1444296401,
    449112928,
    1178124383,
    710728493,
    1010022501,
    1861988676,
    1011694611,
    1950316391,
    984852203,
    471944196,
    573701919,
    342082372,
    1778571524,
    1225022872,
    803513971,
    1354394232,
    484061993,
    1889555317,
    1143136095,
    366287650,
    1837256408,
    894950547
  ]
}