{
  "mode": "branch",
  "rep": 682,
  "ne": 10000,
  "r": [
    1e-08,
    1e-08,
    1.820689655172414e-07,
    1.820689655172414e-07,
    3.541379310344828e-07,
    3.541379310344828e-07,
    5.262068965517242e-07,
    5.262068965517242e-07,
    6.982758620689656e-07,
    6.982758620689656e-07,
    8.70344827586207e-07,
    8.70344827586207e-07,
    1.0424137931034483e-06,
    1.0424137931034483e-06,
    1.2144827586206895e-06,
    1.2144827586206895e-06,
    1.386551724137931e-06,
    1.386551724137931e-06,
    1.5586206896551725e-06,
    1.5586206896551725e-06,
    1.7306896551724138e-06,
    1.9027586206896551e-06,
    2.0748275862068966e-06,
    2.246896551724138e-06,
    2.418965517241379e-06,
    2.5910344827586207e-06,
    2.763103448275862e-06,
    2.9351724137931037e-06,
    3.107241379310345e-06,
    3.2793103448275863e-06,
    3.4513793103448278e-06,
    3.4513793103448278e-06,
    3.6234482758620693e-06,
    3.6234482758620693e-06,
    3.7955172413793103e-06,
    3.7955172413793103e-06,
    3.967586206896552e-06,
    3.967586206896552e-06,
    4.139655172413793e-06,
    4.139655172413793e-06,
    4.311724137931034e-06,
    4.311724137931034e-06,
    4.483793103448276e-06,
    4.483793103448276e-06,
    4.655862068965517e-06,
    4.655862068965517e-06,
    4.8279310344827585e-06,
    4.8279310344827585e-06,
    5e-06,
    5e-06
  ],
  "mu": 0,
  "samples": 250,
  "sequence_length": 1000,
  "seeds": [
    398386075,
    537634879,
    1858113014,
    1740366262,
    770455256,
    47993795,
    1203036703,
    533742396,
    1124128079,
    859678709,
    2000565882,
    311990233,
    1235516324,
    773890155,
    484349024,
    45096966,
    1914039250,
    1398382629,
    1097367015,
    596620517,
    1475043313,
    945746901,
    1630328019,
    929308263,
    266065786,
    546398633,
    1739908632,
    1711321493,
    740829249,
    460195494,
    1960830506,
    1902080916,
    1231625186,
    1650095562,
    980218653,
    1511522375,
    2097166116,
    221447167,
    1401680696,
    1205230322,
    1341500024,
    1019169419,
    1047885709,
    1886179235,
    946641239,
    1198559745,
    215147796,
    1063426449,
    1442303857,
    2094761688
  ]
}