{
  "mode": "branch",
  "rep": 1097,
  "ne": 10000,
  "r": [
    1e-08,
    1.820689655172414e-07,
    3.541379310344828e-07,
    5.262068965517242e-07,
    6.982758620689656e-07,
    8.70344827586207e-07,
    1.0424137931034483e-06,
    1.2144827586206895e-06,
    1.386551724137931e-06,
    1.5586206896551725e-06,
    1.7306896551724138e-06,
    1.7306896551724138e-06,
    1.9027586206896551e-06,
    1.9027586206896551e-06,
    2.0748275862068966e-06,
    2.0748275862068966e-06,
    2.246896551724138e-06,
    2.246896551724138e-06,
    2.418965517241379e-06,
    2.418965517241379e-06,
    2.5910344827586207e-06,
    2.5910344827586207e-06,
    2.763103448275862e-06,
    2.763103448275862e-06,
    2.9351724137931037e-06,
    2.9351724137931037e-06,
    3.107241379310345e-06,
    3.107241379310345e-06,
    3.2793103448275863e-06,
    3.2793103448275863e-06,
    3.4513793103448278e-06,
    3.4513793103448278e-06,
    3.6234482758620693e-06,
    3.6234482758620693e-06,
    3.7955172413793103e-06,
    3.7955172413793103e-06,
    3.967586206896552e-06,
    3.967586206896552e-06,
    4.139655172413793e-06,
    4.139655172413793e-06,
    4.311724137931034e-06,
    4.311724137931034e-06,
    4.483793103448276e-06,
    4.483793103448276e-06,
    4.655862068965517e-06,
    4.655862068965517e-06,
    4.8279310344827585e-06,
    4.8279310344827585e-06,
    5e-06,
    5e-06
  ],
  "mu": 0,
  "samples": 250,
  "sequence_length": 1000,
  "seeds": [
    1166391993,
    2132590280,
    1346172570,
    51312304,
    2050128772,
    87238511,
    1444634881,
    317189775,
    676989778,
    1223037074,
    388824850,
    356783145,
    984513690,
    1529748801,
    656683792,
    410645017,
    1473670928,
    1044187800,
    684649978,
    1125699498,
    766768359,
    375659279,
    2127861942,
    1272247115,
    1773050680,
    127646160,
    335389328,
    745982670,
    345037556,
    1413337330,
    883257400,
    885139183,
    1940198533,
    1533717370,
    1542610551,
    1728957891,
    535174295,
    508467165,
    494858984,
    805806272,
    1225723551,
    1284235396,
    484768320,
    536793890,
    1234829768,
    1276745124,
    430438356,
    940504739,
    25082112,
    1534981184
  ]
}