{
  "mode": "site",
  "rep": 1,
  "ne": 10000,
  "r": 1e-05,
  "mu": [
    1e-07,
    1e-07,
    4.413793103448276e-07,
    4.413793103448276e-07,
    7.827586206896552e-07,
    7.827586206896552e-07,
    1.1241379310344827e-06,
    1.1241379310344827e-06,
    1.4655172413793102e-06,
    1.4655172413793102e-06,
    1.8068965517241377e-06,
    1.8068965517241377e-06,
    2.1482758620689656e-06,
    2.1482758620689656e-06,
    2.489655172413793e-06,
    2.489655172413793e-06,
    2.8310344827586205e-06,
    2.8310344827586205e-06,
    3.172413793103448e-06,
    3.172413793103448e-06,
    3.5137931034482755e-06,
    3.855172413793104e-06,
    4.196551724137931e-06,
    4.537931034482759e-06,
    4.879310344827586e-06,
    5.220689655172414e-06,
    5.562068965517241e-06,
    5.903448275862069e-06,
    6.244827586206896e-06,
    6.5862068965517236e-06,
    6.927586206896551e-06,
    6.927586206896551e-06,
    7.268965517241379e-06,
    7.268965517241379e-06,
    7.610344827586207e-06,
    7.610344827586207e-06,
    7.951724137931034e-06,
    7.951724137931034e-06,
    8.293103448275863e-06,
    8.293103448275863e-06,
    8.634482758620691e-06,
    8.634482758620691e-06,
    8.975862068965518e-06,
    8.975862068965518e-06,
    9.317241379310346e-06,
    9.317241379310346e-06,
    9.658620689655173e-06,
    9.658620689655173e-06,
    1e-05,
    1e-05
  ],
  "samples": 500,
  "sequence_length": 50000,
  "seeds": [
    607741123,
    911192011,
    1810743277,
    1609386622,
    1488160804,
    1858559457,
    1588214841,
    1615242510,
    1840830781,
    2021238295,
    1411976871,
    1298917920,
    935666527,
    1148141007,
    512074753,
    44426134,
    413966855,
    756959265,
    557299043,
    2025853949,
    333006369,
    576235663,
    1422515744,
    1805720143,
    1994521044,
    565569873,
    695838279,
    1457697603,
    206052307,
    879865814,
    380043704,
    2009580828,
    1175159615,
    1736132858,
    669351157,
    1257592108,
    247848651,
    633234504,
    765566200,
    606685611,
    1033298388,
    1951198486,
    26004454,
    1819143,
    1704009797,
    1248598167,
    2074706220,
    2099252361,
    1957387734,
    128580031
  ]
}