{
  "mode": "branch",
  "rep": 1145,
  "ne": 10000,
  "r": [
    1e-08,
    1.820689655172414e-07,
    3.541379310344828e-07,
    5.262068965517242e-07,
    6.982758620689656e-07,
    8.70344827586207e-07,
    1.0424137931034483e-06,
    1.2144827586206895e-06,
    1.386551724137931e-06,
    1.5586206896551725e-06,
    1.7306896551724138e-06,
    1.7306896551724138e-06,
    1.9027586206896551e-06,
    1.9027586206896551e-06,
    2.0748275862068966e-06,
    2.0748275862068966e-06,
    2.246896551724138e-06,
    2.246896551724138e-06,
    2.418965517241379e-06,
    2.418965517241379e-06,
    2.5910344827586207e-06,
    2.5910344827586207e-06,
    2.763103448275862e-06,
    2.763103448275862e-06,
    2.9351724137931037e-06,
    2.9351724137931037e-06,
    3.107241379310345e-06,
    3.107241379310345e-06,
    3.2793103448275863e-06,
    3.2793103448275863e-06,
    3.4513793103448278e-06,
    3.4513793103448278e-06,
    3.6234482758620693e-06,
    3.6234482758620693e-06,
    3.7955172413793103e-06,
    3.7955172413793103e-06,
    3.967586206896552e-06,
    3.967586206896552e-06,
    4.139655172413793e-06,
    4.139655172413793e-06,
    4.311724137931034e-06,
    4.311724137931034e-06,
    4.483793103448276e-06,
    4.483793103448276e-06,
    4.655862068965517e-06,
    4.655862068965517e-06,
    4.8279310344827585e-06,
    4.8279310344827585e-06,
    5e-06,
    5e-06
  ],
  "mu": 0,
  "samples": 250,
  "sequence_length": 1000,
  "seeds": [
    2031976019,
    1090463352,
    2044859823,
    1029399160,
    739283102,
    2123624395,
    87651827,
    166610821,
    294628955,
    652160979,
    1056241133,
    1674035990,
    1681185602,
    1505959693,
    2002482839,
    1773889965,
    2010624493,
    1593755000,
    675904663,
    2135245143,
    1060205284,
    601671562,
    914197632,
    1331400296,
    1869718943,
    2137743983,
    1809872607,
    2098522266,
    601958420,
    338304414,
    252916506,
    631705945,
    629370067,
    1576243073,
    471123856,
    1636725266,
    694505233,
    2075446780,
    1650920630,
    1582920742,
    614568855,
    282981689,
    161894938,
    194135925,
    1715376097,
    1301401466,
    1730886178,
    161471257,
    1832396644,
    383188617
  ]
}