{
  "mode": "branch",
  "rep": 1153,
  "ne": 10000,
  "r": [
    1e-08,
    1e-08,
    1.820689655172414e-07,
    1.820689655172414e-07,
    3.541379310344828e-07,
    3.541379310344828e-07,
    5.262068965517242e-07,
    5.262068965517242e-07,
    6.982758620689656e-07,
    6.982758620689656e-07,
    8.70344827586207e-07,
    8.70344827586207e-07,
    1.0424137931034483e-06,
    1.0424137931034483e-06,
    1.2144827586206895e-06,
    1.2144827586206895e-06,
    1.386551724137931e-06,
    1.386551724137931e-06,
    1.5586206896551725e-06,
    1.5586206896551725e-06,
    1.7306896551724138e-06,
    1.9027586206896551e-06,
    2.0748275862068966e-06,
    2.246896551724138e-06,
    2.418965517241379e-06,
    2.5910344827586207e-06,
    2.763103448275862e-06,
    2.9351724137931037e-06,
    3.107241379310345e-06,
    3.2793103448275863e-06,
    3.4513793103448278e-06,
    3.4513793103448278e-06,
    3.6234482758620693e-06,
    3.6234482758620693e-06,
    3.7955172413793103e-06,
    3.7955172413793103e-06,
    3.967586206896552e-06,
    3.967586206896552e-06,
    4.139655172413793e-06,
    4.139655172413793e-06,
    4.311724137931034e-06,
    4.311724137931034e-06,
    4.483793103448276e-06,
    4.483793103448276e-06,
    4.655862068965517e-06,
    4.655862068965517e-06,
    4.8279310344827585e-06,
    4.8279310344827585e-06,
    5e-06,
    5e-06
  ],
  "mu": 0,
  "samples": 250,
  "sequence_length": 1000,
  "seeds": [
    220619163,
    522624555,
    587847783,
    97599670,
    484941687,
    936687311,
    390220720,
    1815690837,
    1416071251,
    2102249673,
    691754335,
    1019746927,
    1497108575,
    2068631380,
    1811788199,
    1590520025,
    1529962126,
    1399074338,
    1357724567,
    713922672,
    233498198,
    1757093580,
    1056666101,
    273965355,
    721454839,
    280680095,
    617287321,
    1128836150,
    1474532562,
    1806822052,
    568273869,
    1668679765,
    1494972576,
    927846636,
    416938795,
    1437611407,
    1217869178,
    1136581648,
    1881394325,
    724278778,
    58744914,
    513659170,
    514800350,
    1807529428,
    1096483280,
    1873949797,
    1793471737,
    1245023006,
    1279755787,
    292603771
  ]
}