{
  "mode": "site",
  "rep": 589,
  "ne": 10000,
  "r": 1e-05,
  "mu": [
    1e-07,
    1e-07,
    4.413793103448276e-07,
    4.413793103448276e-07,
    7.827586206896552e-07,
    7.827586206896552e-07,
    1.1241379310344827e-06,
    1.1241379310344827e-06,
    1.4655172413793102e-06,
    1.4655172413793102e-06,
    1.8068965517241377e-06,
    1.8068965517241377e-06,
    2.1482758620689656e-06,
    2.1482758620689656e-06,
    2.489655172413793e-06,
    2.489655172413793e-06,
    2.8310344827586205e-06,
    2.8310344827586205e-06,
    3.172413793103448e-06,
    3.172413793103448e-06,
    3.5137931034482755e-06,
    3.855172413793104e-06,
    4.196551724137931e-06,
    4.537931034482759e-06,
    4.879310344827586e-06,
    5.220689655172414e-06,
    5.562068965517241e-06,
    5.903448275862069e-06,
    6.244827586206896e-06,
    6.5862068965517236e-06,
    6.927586206896551e-06,
    6.927586206896551e-06,
    7.268965517241379e-06,
    7.268965517241379e-06,
    7.610344827586207e-06,
    7.610344827586207e-06,
    7.951724137931034e-06,
    7.951724137931034e-06,
    8.293103448275863e-06,
    8.293103448275863e-06,
    8.634482758620691e-06,
    8.634482758620691e-06,
    8.975862068965518e-06,
    8.975862068965518e-06,
    9.317241379310346e-06,
    9.317241379310346e-06,
    9.658620689655173e-06,
    9.658620689655173e-06,
    1e-05,
    1e-05
  ],
  "samples": 500,
  "sequence_length": 10000,
  "seeds": [
    966047701,
    166783698,
    21674436,
    1164453724,
    1142202958,
    868806969,
    1230657851,
    1930252330,
    589017332,
    2116499456,
    477479049,
    1480190254,
    1974876454,
    245106390,
    1142811594,
    263766747,
    1513542817,
    572904172,
    303812087,
    587810171,
    534190,
    145783816,
    503816252,
    1338907938,
    372881236,
    369851451,
    1125831344,
    944409734,
    1620010990,
    1018302186,
    2006713452,
    443881666,
    1008727602,
    110541013,
    1051701146,
    606830974,
    100657033,
    1047673041,
    1843034078,
    1509715271,
    1130750487,
    1556118030,
    308565872,
    1837954306,
    1348107310,
    1098116700,
    7607090,
    436457638,
    584040573,
    1584320250
  ]
}