{
  "mode": "site",
  "rep": 367,
  "ne": 10000,
  "r": 1e-05,
  "mu": [
    1e-07,
    1e-07,
    4.413793103448276e-07,
    4.413793103448276e-07,
    7.827586206896552e-07,
    7.827586206896552e-07,
    1.1241379310344827e-06,
    1.1241379310344827e-06,
    1.4655172413793102e-06,
    1.4655172413793102e-06,
    1.8068965517241377e-06,
    1.8068965517241377e-06,
    2.1482758620689656e-06,
    2.1482758620689656e-06,
    2.489655172413793e-06,
    2.489655172413793e-06,
    2.8310344827586205e-06,
    2.8310344827586205e-06,
    3.172413793103448e-06,
    3.172413793103448e-06,
    3.5137931034482755e-06,
    3.855172413793104e-06,
    4.196551724137931e-06,
    4.537931034482759e-06,
    4.879310344827586e-06,
    5.220689655172414e-06,
    5.562068965517241e-06,
    5.903448275862069e-06,
    6.244827586206896e-06,
    6.5862068965517236e-06,
    6.927586206896551e-06,
    6.927586206896551e-06,
    7.268965517241379e-06,
    7.268965517241379e-06,
    7.610344827586207e-06,
    7.610344827586207e-06,
    7.951724137931034e-06,
    7.951724137931034e-06,
    8.293103448275863e-06,
    8.293103448275863e-06,
    8.634482758620691e-06,
    8.634482758620691e-06,
    8.975862068965518e-06,
    8.975862068965518e-06,
    9.317241379310346e-06,
    9.317241379310346e-06,
    9.658620689655173e-06,
    9.658620689655173e-06,
    1e-05,
    1e-05
  ],
  "samples": 500,
  "sequence_length": 10000,
  "seeds": [
    437050670,
    642720686,
    14881531,
    591883950,
    2024718009,
    16995357,
    746290103,
    65264536,
    2094310089,
    993448092,
    1934482772,
    256346145,
    1385762670,
    456152755,
    1582861445,
    1070545591,
    1305964806,
    1856243405,
    35158897,
    352866919,
    973517372,
    603909810,
    1411210252,
    1389198393,
    412103648,
    207682593,
    1299804738,
    1171002113,
    1655384791,
    166515448,
    187688206,
    1894675913,
    2097578625,
    1676382014,
    1194704315,
    1418926244,
    2023236212,
    1462072992,
    751848721,
    18667871,
    1550039752,
    1009524335,
    404324628,
    324492788,
    442076994,
    1665555085,
    957915175,
    681266699,
    1005254234,
    1573728271
  ]
}