{
  "mode": "branch",
  "rep": 835,
  "ne": 10000,
  "r": [
    1e-08,
    1e-08,
    1.820689655172414e-07,
    1.820689655172414e-07,
    3.541379310344828e-07,
    3.541379310344828e-07,
    5.262068965517242e-07,
    5.262068965517242e-07,
    6.982758620689656e-07,
    6.982758620689656e-07,
    8.70344827586207e-07,
    8.70344827586207e-07,
    1.0424137931034483e-06,
    1.0424137931034483e-06,
    1.2144827586206895e-06,
    1.2144827586206895e-06,
    1.386551724137931e-06,
    1.386551724137931e-06,
    1.5586206896551725e-06,
    1.5586206896551725e-06,
    1.7306896551724138e-06,
    1.9027586206896551e-06,
    2.0748275862068966e-06,
    2.246896551724138e-06,
    2.418965517241379e-06,
    2.5910344827586207e-06,
    2.763103448275862e-06,
    2.9351724137931037e-06,
    3.107241379310345e-06,
    3.2793103448275863e-06,
    3.4513793103448278e-06,
    3.4513793103448278e-06,
    3.6234482758620693e-06,
    3.6234482758620693e-06,
    3.7955172413793103e-06,
    3.7955172413793103e-06,
    3.967586206896552e-06,
    3.967586206896552e-06,
    4.139655172413793e-06,
    4.139655172413793e-06,
    4.311724137931034e-06,
    4.311724137931034e-06,
    4.483793103448276e-06,
    4.483793103448276e-06,
    4.655862068965517e-06,
    4.655862068965517e-06,
    4.8279310344827585e-06,
    4.8279310344827585e-06,
    5e-06,
    5e-06
  ],
  "mu": 0,
  "samples": 250,
  "sequence_length": 1000,
  "seeds": [
    610654423,
    102342402,
    1918534689,
    1890270997,
    1002479792,
    204841215,
    1196305728,
    915324049,
    1157127549,
    931330094,
    1180106486,
    1067992759,
    1847631653,
    275754240,
    2086170349,
    1851116524,
    1850306003,
    1256948254,
    1983194903,
    775564630,
    1854947867,
    543541522,
    32955114,
    816524919,
    489140837,
    1645537091,
    1818859609,
    443956502,
    1597724210,
    1018886297,
    767636065,
    565820303,
    1749423183,
    730520221,
    2112347100,
    1306575476,
    1449356580,
    187086291,
    1800743853,
    672864686,
    770590011,
    1103095895,
    1148369572,
    980511382,
    306238228,
    1895216259,
    518568429,
    389622204,
    799637526,
    863610719
  ]
}