{
  "mode": "site",
  "rep": 248,
  "ne": 10000,
  "r": 1e-05,
  "mu": [
    1e-07,
    4.413793103448276e-07,
    7.827586206896552e-07,
    1.1241379310344827e-06,
    1.4655172413793102e-06,
    1.8068965517241377e-06,
    2.1482758620689656e-06,
    2.489655172413793e-06,
    2.8310344827586205e-06,
    3.172413793103448e-06,
    3.5137931034482755e-06,
    3.5137931034482755e-06,
    3.855172413793104e-06,
    3.855172413793104e-06,
    4.196551724137931e-06,
    4.196551724137931e-06,
    4.537931034482759e-06,
    4.537931034482759e-06,
    4.879310344827586e-06,
    4.879310344827586e-06,
    5.220689655172414e-06,
    5.220689655172414e-06,
    5.562068965517241e-06,
    5.562068965517241e-06,
    5.903448275862069e-06,
    5.903448275862069e-06,
    6.244827586206896e-06,
    6.244827586206896e-06,
    6.5862068965517236e-06,
    6.5862068965517236e-06,
    6.927586206896551e-06,
    6.927586206896551e-06,
    7.268965517241379e-06,
    7.268965517241379e-06,
    7.610344827586207e-06,
    7.610344827586207e-06,
    7.951724137931034e-06,
    7.951724137931034e-06,
    8.293103448275863e-06,
    8.293103448275863e-06,
    8.634482758620691e-06,
    8.634482758620691e-06,
    8.975862068965518e-06,
    8.975862068965518e-06,
    9.317241379310346e-06,
    9.317241379310346e-06,
    9.658620689655173e-06,
    9.658620689655173e-06,
    1e-05,
    1e-05
  ],
  "samples": 500,
  "sequence_length": 50000,
  "seeds": [
    1047723768,
    2109206989,
    634240727,
    887189849,
    284973463,
    1247249541,
    910550535,
    668329100,
    1846785459,
    1660954514,
    1692375515,
    611848796,
    236676957,
    141733363,
    25710012,
    1081995305,
    559463662,
    295743164,
    1259553618,
    1704769818,
    1318100681,
    390192801,
    1240902856,
    600857808,
    303680298,
    184189156,
    1539295535,
    1828432600,
    381578512,
    710994406,
    1086423882,
    1069140209,
    267352841,
    2069103166,
    420659301,
    773523361,
    1853071520,
    266327813,
    164722097,
    657547476,
    1304818426,
    1233926918,
    1289600238,
    2137397276,
    104439031,
    1468032956,
    117343066,
    266901708,
    94581473,
    1032672190
  ]
}