{
  "mode": "branch",
  "rep": 1174,
  "ne": 10000,
  "r": [
    1e-08,
    1e-08,
    1.820689655172414e-07,
    1.820689655172414e-07,
    3.541379310344828e-07,
    3.541379310344828e-07,
    5.262068965517242e-07,
    5.262068965517242e-07,
    6.982758620689656e-07,
    6.982758620689656e-07,
    8.70344827586207e-07,
    8.70344827586207e-07,
    1.0424137931034483e-06,
    1.0424137931034483e-06,
    1.2144827586206895e-06,
    1.2144827586206895e-06,
    1.386551724137931e-06,
    1.386551724137931e-06,
    1.5586206896551725e-06,
    1.5586206896551725e-06,
    1.7306896551724138e-06,
    1.9027586206896551e-06,
    2.0748275862068966e-06,
    2.246896551724138e-06,
    2.418965517241379e-06,
    2.5910344827586207e-06,
    2.763103448275862e-06,
    2.9351724137931037e-06,
    3.107241379310345e-06,
    3.2793103448275863e-06,
    3.4513793103448278e-06,
    3.4513793103448278e-06,
    3.6234482758620693e-06,
    3.6234482758620693e-06,
    3.7955172413793103e-06,
    3.7955172413793103e-06,
    3.967586206896552e-06,
    3.967586206896552e-06,
    4.139655172413793e-06,
    4.139655172413793e-06,
    4.311724137931034e-06,
    4.311724137931034e-06,
    4.483793103448276e-06,
    4.483793103448276e-06,
    4.655862068965517e-06,
    4.655862068965517e-06,
    4.8279310344827585e-06,
    4.8279310344827585e-06,
    5e-06,
    5e-06
  ],
  "mu": 0,
  "samples": 250,
  "sequence_length": 1000,
  "seeds": [
    2032064203,
    2027920786,
    10425124,
    603733752,
    1416692200,
    1550626940,
    1181827613,
    1439729479,
    795341467,
    853858839,
    1403258741,
    244270322,
    335269238,
    1055203809,
    443900850,
    1498008072,
    766518455,
    1035833396,
    297516727,
    760240175,
    1441011902,
    1043670976,
    65825013,
    226668709,
    1691874281,
    1465066119,
    291439964,
    288566389,
    1996693094,
    183831164,
    1554109711,
    827971172,
    1920069104,
    1364370246,
    1086940172,
    557792233,
    948397611,
    89480582,
    157934927,
    110681579,
    206235570,
    1210960922,
    1824320917,
    1871588943,
    563636078,
    1861179217,
    752591150,
    527554831,
    1198029254,
    582341909
  ]
}