{
  "mode": "site",
  "rep": 505,
  "ne": 10000,
  "r": 1e-05,
  "mu": [
    1e-07,
    1e-07,
    4.413793103448276e-07,
    4.413793103448276e-07,
    7.827586206896552e-07,
    7.827586206896552e-07,
    1.1241379310344827e-06,
    1.1241379310344827e-06,
    1.4655172413793102e-06,
    1.4655172413793102e-06,
    1.8068965517241377e-06,
    1.8068965517241377e-06,
    2.1482758620689656e-06,
    2.1482758620689656e-06,
    2.489655172413793e-06,
    2.489655172413793e-06,
    2.8310344827586205e-06,
    2.8310344827586205e-06,
    3.172413793103448e-06,
    3.172413793103448e-06,
    3.5137931034482755e-06,
    3.855172413793104e-06,
    4.196551724137931e-06,
    4.537931034482759e-06,
    4.879310344827586e-06,
    5.220689655172414e-06,
    5.562068965517241e-06,
    5.903448275862069e-06,
    6.244827586206896e-06,
    6.5862068965517236e-06,
    6.927586206896551e-06,
    6.927586206896551e-06,
    7.268965517241379e-06,
    7.268965517241379e-06,
    7.610344827586207e-06,
    7.610344827586207e-06,
    7.951724137931034e-06,
    7.951724137931034e-06,
    8.293103448275863e-06,
    8.293103448275863e-06,
    8.634482758620691e-06,
    8.634482758620691e-06,
    8.975862068965518e-06,
    8.975862068965518e-06,
    9.317241379310346e-06,
    9.317241379310346e-06,
    9.658620689655173e-06,
    9.658620689655173e-06,
    1e-05,
    1e-05
  ],
  "samples": 500,
  "sequence_length": 50000,
  "seeds": [
    1181655513,
    768004505,
    1467675273,
    1832920040,
    605851355,
    1540576168,
    1446939981,
    873376340,
    1910204,
    1141111584,
    2097859431,
    1572584333,
    1108449204,
    1231292915,
    2036627420,
    639156952,
    697156857,
    1568518331,
    1009081341,
    683658433,
    519943096,
    998691614,
    1425084729,
    1343772419,
    1869214525,
    1411831558,
    130855015,
    1996502964,
    796040865,
    1549641466,
    1854299311,
    1881976790,
    139559617,
    1450914782,
    1506445529,
    269366284,
    200859610,
    64820250,
    1937234659,
    1717642357,
    2143865931,
    715348205,
    187849608,
    616835794,
    1276521037,
    50215978,
    206684716,
    148434682,
    2060087082,
    897434552
  ]
}