{
  "mode": "branch",
  "rep": 870,
  "ne": 10000,
  "r": [
    1e-08,
    1e-08,
    1.820689655172414e-07,
    1.820689655172414e-07,
    3.541379310344828e-07,
    3.541379310344828e-07,
    5.262068965517242e-07,
    5.262068965517242e-07,
    6.982758620689656e-07,
    6.982758620689656e-07,
    8.70344827586207e-07,
    8.70344827586207e-07,
    1.0424137931034483e-06,
    1.0424137931034483e-06,
    1.2144827586206895e-06,
    1.2144827586206895e-06,
    1.386551724137931e-06,
    1.386551724137931e-06,
    1.5586206896551725e-06,
    1.5586206896551725e-06,
    1.7306896551724138e-06,
    1.7306896551724138e-06,
    1.9027586206896551e-06,
    1.9027586206896551e-06,
    2.0748275862068966e-06,
    2.0748275862068966e-06,
    2.246896551724138e-06,
    2.246896551724138e-06,
    2.418965517241379e-06,
    2.418965517241379e-06,
    2.5910344827586207e-06,
    2.5910344827586207e-06,
    2.763103448275862e-06,
    2.763103448275862e-06,
    2.9351724137931037e-06,
    2.9351724137931037e-06,
    3.107241379310345e-06,
    3.107241379310345e-06,
    3.2793103448275863e-06,
    3.2793103448275863e-06,
    3.4513793103448278e-06,
    3.6234482758620693e-06,
    3.7955172413793103e-06,
    3.967586206896552e-06,
    4.139655172413793e-06,
    4.311724137931034e-06,
    4.483793103448276e-06,
    4.655862068965517e-06,
    4.8279310344827585e-06,
    5e-06
  ],
  "mu": 0,
  "samples": 250,
  "sequence_length": 1000,
  "seeds": [
    846810318,
    1464981012,
    989265025,
    783841855,
    204576996,
    139930903,
    1756779198,
    111223234,
    1008586900,
    1627069959,
    254385496,
    897101446,
    1691344194,
    1524797779,
    1173280586,
    854115980,
    1668471302,
    1293843169,
    138397084,
    279297617,
    1086741237,
    575823390,
    240711011,
    1012800754,
    460978157,
    2018716724,
    729871909,
    1989591212,
    666893226,
    143118971,
    1062021422,
    355905588,
    2020840963,
    559292898,
    28366521,
    1284570477,
    1255450278,
    599681971,
    768185855,
    1990776938,
    2127845768,
    1801040975,
    660116041,
    59977558,
    410901569,
    1552236305,
    1863686263,
    1954024773,
    1115190878,
    507659677
  ]
}