{
  "mode": "site",
  "rep": 323,
  "ne": 10000,
  "r": 1e-05,
  "mu": [
    1e-07,
    4.413793103448276e-07,
    7.827586206896552e-07,
    1.1241379310344827e-06,
    1.4655172413793102e-06,
    1.8068965517241377e-06,
    2.1482758620689656e-06,
    2.489655172413793e-06,
    2.8310344827586205e-06,
    3.172413793103448e-06,
    3.5137931034482755e-06,
    3.5137931034482755e-06,
    3.855172413793104e-06,
    3.855172413793104e-06,
    4.196551724137931e-06,
    4.196551724137931e-06,
    4.537931034482759e-06,
    4.537931034482759e-06,
    4.879310344827586e-06,
    4.879310344827586e-06,
    5.220689655172414e-06,
    5.220689655172414e-06,
    5.562068965517241e-06,
    5.562068965517241e-06,
    5.903448275862069e-06,
    5.903448275862069e-06,
    6.244827586206896e-06,
    6.244827586206896e-06,
    6.5862068965517236e-06,
    6.5862068965517236e-06,
    6.927586206896551e-06,
    6.927586206896551e-06,
    7.268965517241379e-06,
    7.268965517241379e-06,
    7.610344827586207e-06,
    7.610344827586207e-06,
    7.951724137931034e-06,
    7.951724137931034e-06,
    8.293103448275863e-06,
    8.293103448275863e-06,
    8.634482758620691e-06,
    8.634482758620691e-06,
    8.975862068965518e-06,
    8.975862068965518e-06,
    9.317241379310346e-06,
    9.317241379310346e-06,
    9.658620689655173e-06,
    9.658620689655173e-06,
    1e-05,
    1e-05
  ],
  "samples": 500,
  "sequence_length": 10000,
  "seeds": [
    746531710,
    1910713149,
    252397941,
    23181788,
    19546630,
    1195860796,
    87059884,
    899798201,
    858251226,
    122827287,
    91979706,
    1760717536,
    473517420,
    597233307,
    2091802971,
    362139818,
    1936615688,
    733133873,
    1205349202,
    716748221,
    1883081341,
    795377543,
    1837107772,
    1495455721,
    1211165570,
    404423827,
    1448474529,
    1002449302,
    2013468814,
    629844420,
    1426859993,
    1252336349,
    61757643,
    927833814,
    1358311116,
    244342668,
    1053094647,
    140482308,
    2004470803,
    1244946909,
    2125784976,
    1307625917,
    1576545715,
    438125593,
    512673219,
    1183736055,
    410679932,
    371515352,
    1947143245,
    1688035158
  ]
}