{
  "mode": "site",
  "rep": 239,
  "ne": 10000,
  "r": 1e-05,
  "mu": [
    1e-07,
    4.413793103448276e-07,
    7.827586206896552e-07,
    1.1241379310344827e-06,
    1.4655172413793102e-06,
    1.8068965517241377e-06,
    2.1482758620689656e-06,
    2.489655172413793e-06,
    2.8310344827586205e-06,
    3.172413793103448e-06,
    3.5137931034482755e-06,
    3.5137931034482755e-06,
    3.855172413793104e-06,
    3.855172413793104e-06,
    4.196551724137931e-06,
    4.196551724137931e-06,
    4.537931034482759e-06,
    4.537931034482759e-06,
    4.879310344827586e-06,
    4.879310344827586e-06,
    5.220689655172414e-06,
    5.220689655172414e-06,
    5.562068965517241e-06,
    5.562068965517241e-06,
    5.903448275862069e-06,
    5.903448275862069e-06,
    6.244827586206896e-06,
    6.244827586206896e-06,
    6.5862068965517236e-06,
    6.5862068965517236e-06,
    6.927586206896551e-06,
    6.927586206896551e-06,
    7.268965517241379e-06,
    7.268965517241379e-06,
    7.610344827586207e-06,
    7.610344827586207e-06,
    7.951724137931034e-06,
    7.951724137931034e-06,
    8.293103448275863e-06,
    8.293103448275863e-06,
    8.634482758620691e-06,
    8.634482758620691e-06,
    8.975862068965518e-06,
    8.975862068965518e-06,
    9.317241379310346e-06,
    9.317241379310346e-06,
    9.658620689655173e-06,
    9.658620689655173e-06,
    1e-05,
    1e-05
  ],
  "samples": 500,
  "sequence_length": 50000,
  "seeds": [
    958041704,
    959796523,
    1137546151,
    1745794557,
    1733028072,
    1446242412,
    525069095,
    365624617,
    1011168502,
    1557219635,
    2004712493,
    1198845681,
    525277864,
    2009695833,
    394353968,
    1346824974,
    614306141,
    93817863,
    298202755,
    563058964,
    1370090547,
    1610727585,
    1921634476,
    2058402720,
    1698069656,
    461369224,
    1849793274,
    889700058,
    1790071222,
    2076149861,
    2093824068,
    1110825158,
    275861764,
    220654611,
    909482587,
    1565050831,
    2026935419,
    1529004844,
    1399614336,
    218631680,
    1901445370,
    1466282016,
    1297807630,
    790222873,
    540341953,
    645276704,
    2119441358,
    1132190499,
    560358459,
    867441784
  ]
}