{
  "mode": "branch",
  "rep": 851,
  "ne": 10000,
  "r": [
    1e-08,
    1.820689655172414e-07,
    3.541379310344828e-07,
    5.262068965517242e-07,
    6.982758620689656e-07,
    8.70344827586207e-07,
    1.0424137931034483e-06,
    1.2144827586206895e-06,
    1.386551724137931e-06,
    1.5586206896551725e-06,
    1.7306896551724138e-06,
    1.7306896551724138e-06,
    1.9027586206896551e-06,
    1.9027586206896551e-06,
    2.0748275862068966e-06,
    2.0748275862068966e-06,
    2.246896551724138e-06,
    2.246896551724138e-06,
    2.418965517241379e-06,
    2.418965517241379e-06,
    2.5910344827586207e-06,
    2.5910344827586207e-06,
    2.763103448275862e-06,
    2.763103448275862e-06,
    2.9351724137931037e-06,
    2.9351724137931037e-06,
    3.107241379310345e-06,
    3.107241379310345e-06,
    3.2793103448275863e-06,
    3.2793103448275863e-06,
    3.4513793103448278e-06,
    3.4513793103448278e-06,
    3.6234482758620693e-06,
    3.6234482758620693e-06,
    3.7955172413793103e-06,
    3.7955172413793103e-06,
    3.967586206896552e-06,
    3.967586206896552e-06,
    4.139655172413793e-06,
    4.139655172413793e-06,
    4.311724137931034e-06,
    4.311724137931034e-06,
    4.483793103448276e-06,
    4.483793103448276e-06,
    4.655862068965517e-06,
    4.655862068965517e-06,
    4.8279310344827585e-06,
    4.8279310344827585e-06,
    5e-06,
    5e-06
  ],
  "mu": 0,
  "samples": 250,
  "sequence_length": 1000,
  "seeds": [
    727449418,
    1959832461,
    2094529097,
    120873103,
    477480548,
    891077346,
    1100469105,
    266179033,
    1267051918,
    1075092955,
    711589446,
    999809595,
    832823649,
    151274988,
    719550406,
    487844704,
    2002917070,
    1335215630,
    1102130189,
    7441045,
    541216790,
    1011077011,
    813362738,
    451509433,
    128420392,
    1812981341,
    1622264649,
    686122532,
    112296754,
    738126382,
    214898879,
    1759122929,
    600832623,
    1551396605,
    1763522505,
    594624761,
    1857411684,
    1817449990,
    583980062,
    523668538,
    1384439553,
    1954582819,
    539667184,
    1817410632,
    1963631521,
    478404012,
    1533098093,
    1172610246,
    353675387,
    819720522
  ]
}