{
  "mode": "site",
  "rep": 521,
  "ne": 10000,
  "r": 1e-05,
  "mu": [
    1e-07,
    4.413793103448276e-07,
    7.827586206896552e-07,
    1.1241379310344827e-06,
    1.4655172413793102e-06,
    1.8068965517241377e-06,
    2.1482758620689656e-06,
    2.489655172413793e-06,
    2.8310344827586205e-06,
    3.172413793103448e-06,
    3.5137931034482755e-06,
    3.5137931034482755e-06,
    3.855172413793104e-06,
    3.855172413793104e-06,
    4.196551724137931e-06,
    4.196551724137931e-06,
    4.537931034482759e-06,
    4.537931034482759e-06,
    4.879310344827586e-06,
    4.879310344827586e-06,
    5.220689655172414e-06,
    5.220689655172414e-06,
    5.562068965517241e-06,
    5.562068965517241e-06,
    5.903448275862069e-06,
    5.903448275862069e-06,
    6.244827586206896e-06,
    6.244827586206896e-06,
    6.5862068965517236e-06,
    6.5862068965517236e-06,
    6.927586206896551e-06,
    6.927586206896551e-06,
    7.268965517241379e-06,
    7.268965517241379e-06,
    7.610344827586207e-06,
    7.610344827586207e-06,
    7.951724137931034e-06,
    7.951724137931034e-06,
    8.293103448275863e-06,
    8.293103448275863e-06,
    8.634482758620691e-06,
    8.634482758620691e-06,
    8.975862068965518e-06,
    8.975862068965518e-06,
    9.317241379310346e-06,
    9.317241379310346e-06,
    9.658620689655173e-06,
    9.658620689655173e-06,
    1e-05,
    1e-05
  ],
  "samples": 500,
  "sequence_length": 10000,
  "seeds": [
    976917933,
    1684964108,
    1065805704,
    1126711151,
    131106457,
    454317618,
    393516681,
    563588630,
    1842467693,
    720381774,
    1912875503,
    1501458134,
    1900675827,
    1684994763,
    512306687,
    1958652756,
    183778916,
    745233778,
    1856303538,
    757082136,
    2035380648,
    1562430653,
    186759175,
    1363376582,
    1983069040,
    1900481957,
    2117333698,
    372121468,
    1455121137,
    139571190,
    1049638892,
    1734528683,
    286491285,
    940760046,
    2009906973,
    2003992870,
    52514258,
    1256816372,
    1194134852,
    796300852,
    1475740185,
    373109053,
    1497465300,
    1604795720,
    1999295658,
    1181400552,
    511481264,
    1503752010,
    1598417876,
    1503756603
  ]
}