{
  "mode": "site",
  "rep": 357,
  "ne": 10000,
  "r": 1e-05,
  "mu": [
    1e-07,
    1e-07,
    4.413793103448276e-07,
    4.413793103448276e-07,
    7.827586206896552e-07,
    7.827586206896552e-07,
    1.1241379310344827e-06,
    1.1241379310344827e-06,
    1.4655172413793102e-06,
    1.4655172413793102e-06,
    1.8068965517241377e-06,
    1.8068965517241377e-06,
    2.1482758620689656e-06,
    2.1482758620689656e-06,
    2.489655172413793e-06,
    2.489655172413793e-06,
    2.8310344827586205e-06,
    2.8310344827586205e-06,
    3.172413793103448e-06,
    3.172413793103448e-06,
    3.5137931034482755e-06,
    3.5137931034482755e-06,
    3.855172413793104e-06,
    3.855172413793104e-06,
    4.196551724137931e-06,
    4.196551724137931e-06,
    4.537931034482759e-06,
    4.537931034482759e-06,
    4.879310344827586e-06,
    4.879310344827586e-06,
    5.220689655172414e-06,
    5.220689655172414e-06,
    5.562068965517241e-06,
    5.562068965517241e-06,
    5.903448275862069e-06,
    5.903448275862069e-06,
    6.244827586206896e-06,
    6.244827586206896e-06,
    6.5862068965517236e-06,
    6.5862068965517236e-06,
    6.927586206896551e-06,
    7.268965517241379e-06,
    7.610344827586207e-06,
    7.951724137931034e-06,
    8.293103448275863e-06,
    8.634482758620691e-06,
    8.975862068965518e-06,
    9.317241379310346e-06,
    9.658620689655173e-06,
    1e-05
  ],
  "samples": 500,
  "sequence_length": 10000,
  "seeds": [
    461770377,
    630629752,
    1868863240,
    556877150,
    147032406,
    550187194,
    357617199,
    207024277,
    2041624976,
    95814435,
    94783348,
    1910714001,
    1394874419,
    2030936798,
    719718909,
    1997878271,
    2015486657,
    772250157,
    149559855,
    2077845356,
    340791743,
    1127145921,
    216317682,
    1772817110,
    1188141475,
    530505670,
    1536817106,
    1013702020,
    1984803161,
    190195154,
    1439691153,
    1040272441,
    817649357,
    455261253,
    1608288497,
    1940196202,
    165996224,
    766128619,
    1735186241,
    401326447,
    1234497552,
    519706437,
    993239991,
    1116062164,
    1575102429,
    1152702404,
    52105996,
    1077645504,
    2090881820,
    1103561746
  ]
}