{
  "mode": "site",
  "rep": 405,
  "ne": 10000,
  "r": 1e-05,
  "mu": [
    1e-07,
    1e-07,
    4.413793103448276e-07,
    4.413793103448276e-07,
    7.827586206896552e-07,
    7.827586206896552e-07,
    1.1241379310344827e-06,
    1.1241379310344827e-06,
    1.4655172413793102e-06,
    1.4655172413793102e-06,
    1.8068965517241377e-06,
    1.8068965517241377e-06,
    2.1482758620689656e-06,
    2.1482758620689656e-06,
    2.489655172413793e-06,
    2.489655172413793e-06,
    2.8310344827586205e-06,
    2.8310344827586205e-06,
    3.172413793103448e-06,
    3.172413793103448e-06,
    3.5137931034482755e-06,
    3.5137931034482755e-06,
    3.855172413793104e-06,
    3.855172413793104e-06,
    4.196551724137931e-06,
    4.196551724137931e-06,
    4.537931034482759e-06,
    4.537931034482759e-06,
    4.879310344827586e-06,
    4.879310344827586e-06,
    5.220689655172414e-06,
    5.220689655172414e-06,
    5.562068965517241e-06,
    5.562068965517241e-06,
    5.903448275862069e-06,
    5.903448275862069e-06,
    6.244827586206896e-06,
    6.244827586206896e-06,
    6.5862068965517236e-06,
    6.5862068965517236e-06,
    6.927586206896551e-06,
    7.268965517241379e-06,
    7.610344827586207e-06,
    7.951724137931034e-06,
    8.293103448275863e-06,
    8.634482758620691e-06,
    8.975862068965518e-06,
    9.317241379310346e-06,
    9.658620689655173e-06,
    1e-05
  ],
  "samples": 500,
  "sequence_length": 50000,
  "seeds": [
    2022001589,
    1151685871,
    2003813466,
    1899743037,
    1805565086,
    1600018751,
    1326980241,
    1268413370,
    449787708,
    1468308270,
    1324275302,
    1172575689,
    1057720289,
    269722376,
    1110799482,
    1096504230,
    816896222,
    1063799099,
    733946494,
    1789002636,
    2065569539,
    206602458,
    1531083665,
    1701878009,
    804730144,
    1121171543,
    1646501744,
    127503719,
    495370645,
    1409919669,
    354083232,
    294137770,
    26305713,
    1988444586,
    1046814177,
    406694274,
    522472923,
    1265533514,
    838770000,
    1930308961,
    1171286194,
    888390336,
    1809743345,
    1578286165,
    82837135,
    1632540735,
    570054851,
    1144717099,
    1895073984,
    2072628274
  ]
}