{
  "mode": "branch",
  "rep": 1034,
  "ne": 10000,
  "r": [
    1e-08,
    1.820689655172414e-07,
    3.541379310344828e-07,
    5.262068965517242e-07,
    6.982758620689656e-07,
    8.70344827586207e-07,
    1.0424137931034483e-06,
    1.2144827586206895e-06,
    1.386551724137931e-06,
    1.5586206896551725e-06,
    1.7306896551724138e-06,
    1.7306896551724138e-06,
    1.9027586206896551e-06,
    1.9027586206896551e-06,
    2.0748275862068966e-06,
    2.0748275862068966e-06,
    2.246896551724138e-06,
    2.246896551724138e-06,
    2.418965517241379e-06,
    2.418965517241379e-06,
    2.5910344827586207e-06,
    2.5910344827586207e-06,
    2.763103448275862e-06,
    2.763103448275862e-06,
    2.9351724137931037e-06,
    2.9351724137931037e-06,
    3.107241379310345e-06,
    3.107241379310345e-06,
    3.2793103448275863e-06,
    3.2793103448275863e-06,
    3.4513793103448278e-06,
    3.4513793103448278e-06,
    3.6234482758620693e-06,
    3.6234482758620693e-06,
    3.7955172413793103e-06,
    3.7955172413793103e-06,
    3.967586206896552e-06,
    3.967586206896552e-06,
    4.139655172413793e-06,
    4.139655172413793e-06,
    4.311724137931034e-06,
    4.311724137931034e-06,
    4.483793103448276e-06,
    4.483793103448276e-06,
    4.655862068965517e-06,
    4.655862068965517e-06,
    4.8279310344827585e-06,
    4.8279310344827585e-06,
    5e-06,
    5e-06
  ],
  "mu": 0,
  "samples": 250,
  "sequence_length": 1000,
  "seeds": [
    2056519278,
    2008399748,
    2069603373,
    1976503200,
    1809651152,
    1657764441,
    834125669,
    1838498146,
    2075834362,
    1057636221,
    1427947974,
    625177388,
    1735975196,
    710640871,
    589458209,
    327412071,
    1138527750,
    1022228309,
    702355956,
    317193398,
    1018967935,
    570422410,
    95057639,
    449988411,
    1414182557,
    1018334341,
    961893084,
    1446842071,
    1832000908,
    674701513,
    1882504810,
    1522741709,
    1842110387,
    254077959,
    20104808,
    513097076,
    1561917345,
    2042432232,
    1359689717,
    1506864250,
    440375317,
    2091567972,
    1423058789,
    1691326733,
    1660878265,
    1317956405,
    1756804717,
    747928831,
    118283309,
    1263115094
  ]
}