{
  "mode": "site",
  "rep": 365,
  "ne": 10000,
  "r": 1e-05,
  "mu": [
    1e-07,
    4.413793103448276e-07,
    7.827586206896552e-07,
    1.1241379310344827e-06,
    1.4655172413793102e-06,
    1.8068965517241377e-06,
    2.1482758620689656e-06,
    2.489655172413793e-06,
    2.8310344827586205e-06,
    3.172413793103448e-06,
    3.5137931034482755e-06,
    3.5137931034482755e-06,
    3.855172413793104e-06,
    3.855172413793104e-06,
    4.196551724137931e-06,
    4.196551724137931e-06,
    4.537931034482759e-06,
    4.537931034482759e-06,
    4.879310344827586e-06,
    4.879310344827586e-06,
    5.220689655172414e-06,
    5.220689655172414e-06,
    5.562068965517241e-06,
    5.562068965517241e-06,
    5.903448275862069e-06,
    5.903448275862069e-06,
    6.244827586206896e-06,
    6.244827586206896e-06,
    6.5862068965517236e-06,
    6.5862068965517236e-06,
    6.927586206896551e-06,
    6.927586206896551e-06,
    7.268965517241379e-06,
    7.268965517241379e-06,
    7.610344827586207e-06,
    7.610344827586207e-06,
    7.951724137931034e-06,
    7.951724137931034e-06,
    8.293103448275863e-06,
    8.293103448275863e-06,
    8.634482758620691e-06,
    8.634482758620691e-06,
    8.975862068965518e-06,
    8.975862068965518e-06,
    9.317241379310346e-06,
    9.317241379310346e-06,
    9.658620689655173e-06,
    9.658620689655173e-06,
    1e-05,
    1e-05
  ],
  "samples": 500,
  "sequence_length": 50000,
  "seeds": [
    185091100,
    9745576,
    821248462,
    112236499,
    624233764,
    2069989899,
    1103238344,
    957409265,
    1868507997,
    189993110,
    1073460609,
    264393601,
    1370991126,
    448513148,
    232133469,
    1025989285,
    927359628,
    877731121,
    1957659308,
    790509363,
    1230449152,
    50159548,
    605548890,
    1551769519,
    1234584266,
    99032425,
    1125963270,
    515040299,
    1173586877,
    1359833917,
    1403435032,
    1187133023,
    901316470,
    753174589,
    1316268978,
    1821064357,
    1147923151,
    935045522,
    1921846828,
    1003406129,
    48884933,
    1985414033,
    2045414240,
    1177377921,
    628415071,
    929138705,
    810967481,
    738773748,
    1470074475,
    861332395
  ]
}