{
  "mode": "branch",
  "rep": 647,
  "ne": 10000,
  "r": [
    1e-08,
    1.820689655172414e-07,
    3.541379310344828e-07,
    5.262068965517242e-07,
    6.982758620689656e-07,
    8.70344827586207e-07,
    1.0424137931034483e-06,
    1.2144827586206895e-06,
    1.386551724137931e-06,
    1.5586206896551725e-06,
    1.7306896551724138e-06,
    1.7306896551724138e-06,
    1.9027586206896551e-06,
    1.9027586206896551e-06,
    2.0748275862068966e-06,
    2.0748275862068966e-06,
    2.246896551724138e-06,
    2.246896551724138e-06,
    2.418965517241379e-06,
    2.418965517241379e-06,
    2.5910344827586207e-06,
    2.5910344827586207e-06,
    2.763103448275862e-06,
    2.763103448275862e-06,
    2.9351724137931037e-06,
    2.9351724137931037e-06,
    3.107241379310345e-06,
    3.107241379310345e-06,
    3.2793103448275863e-06,
    3.2793103448275863e-06,
    3.4513793103448278e-06,
    3.4513793103448278e-06,
    3.6234482758620693e-06,
    3.6234482758620693e-06,
    3.7955172413793103e-06,
    3.7955172413793103e-06,
    3.967586206896552e-06,
    3.967586206896552e-06,
    4.139655172413793e-06,
    4.139655172413793e-06,
    4.311724137931034e-06,
    4.311724137931034e-06,
    4.483793103448276e-06,
    4.483793103448276e-06,
    4.655862068965517e-06,
    4.655862068965517e-06,
    4.8279310344827585e-06,
    4.8279310344827585e-06,
    5e-06,
    5e-06
  ],
  "mu": 0,
  "samples": 250,
  "sequence_length": 1000,
  "seeds": [
    94641147,
    294216706,
    134893241,
    1920886433,
    1762108333,
    393291701,
    331650205,
    1488033075,
    1640770093,
    95507505,
    1870574585,
    547921566,
    1126816962,
    264350739,
    1855138859,
    367681199,
    415589820,
    1517865306,
    1619627693,
    1484766954,
    652767582,
    506018531,
    859587218,
    1026072062,
    967953424,
    1487315601,
    566905156,
    2064756087,
    699699180,
    670909119,
    413100269,
    1081766906,
    208706072,
    1694531421,
    1845446298,
    902776797,
    392948520,
    630653997,
    628678819,
    639017890,
    129772631,
    2120162399,
    812323391,
    1713681922,
    1253128170,
    1329223806,
    333152756,
    19608495,
    693289458,
    604792222
  ]
}