{
  "mode": "branch",
  "rep": 620,
  "ne": 10000,
  "r": [
    1e-08,
    1.820689655172414e-07,
    3.541379310344828e-07,
    5.262068965517242e-07,
    6.982758620689656e-07,
    8.70344827586207e-07,
    1.0424137931034483e-06,
    1.2144827586206895e-06,
    1.386551724137931e-06,
    1.5586206896551725e-06,
    1.7306896551724138e-06,
    1.7306896551724138e-06,
    1.9027586206896551e-06,
    1.9027586206896551e-06,
    2.0748275862068966e-06,
    2.0748275862068966e-06,
    2.246896551724138e-06,
    2.246896551724138e-06,
    2.418965517241379e-06,
    2.418965517241379e-06,
    2.5910344827586207e-06,
    2.5910344827586207e-06,
    2.763103448275862e-06,
    2.763103448275862e-06,
    2.9351724137931037e-06,
    2.9351724137931037e-06,
    3.107241379310345e-06,
    3.107241379310345e-06,
    3.2793103448275863e-06,
    3.2793103448275863e-06,
    3.4513793103448278e-06,
    3.4513793103448278e-06,
    3.6234482758620693e-06,
    3.6234482758620693e-06,
    3.7955172413793103e-06,
    3.7955172413793103e-06,
    3.967586206896552e-06,
    3.967586206896552e-06,
    4.139655172413793e-06,
    4.139655172413793e-06,
    4.311724137931034e-06,
    4.311724137931034e-06,
    4.483793103448276e-06,
    4.483793103448276e-06,
    4.655862068965517e-06,
    4.655862068965517e-06,
    4.8279310344827585e-06,
    4.8279310344827585e-06,
    5e-06,
    5e-06
  ],
  "mu": 0,
  "samples": 250,
  "sequence_length": 1000,
  "seeds": [
    651939495,
    229157570,
    2088963542,
    1124472869,
    509586923,
    755631541,
    843234955,
    50401311,
    1193535345,
    1411359429,
    1993087686,
    389710669,
    358286753,
    213305595,
    562102663,
    1498553452,
    2020805703,
    667000344,
    1224651337,
    136421229,
    2123680674,
    1715098999,
    1843369593,
    334360580,
    1553339965,
    812855346,
    160952932,
    813725945,
    94584304,
    131294864,
    239720498,
    1979530736,
    1827812654,
    394002328,
    9741471,
    303128527,
    141499549,
    117716844,
    1322264996,
    1479906855,
    1154336714,
    706089959,
    2066755268,
    1436071143,
    1797729711,
    436444786,
    1399498784,
    1742499407,
    1685744914,
    365097703
  ]
}