{
  "mode": "site",
  "rep": 44,
  "ne": 10000,
  "r": 1e-05,
  "mu": [
    1e-07,
    4.413793103448276e-07,
    7.827586206896552e-07,
    1.1241379310344827e-06,
    1.4655172413793102e-06,
    1.8068965517241377e-06,
    2.1482758620689656e-06,
    2.489655172413793e-06,
    2.8310344827586205e-06,
    3.172413793103448e-06,
    3.5137931034482755e-06,
    3.5137931034482755e-06,
    3.855172413793104e-06,
    3.855172413793104e-06,
    4.196551724137931e-06,
    4.196551724137931e-06,
    4.537931034482759e-06,
    4.537931034482759e-06,
    4.879310344827586e-06,
    4.879310344827586e-06,
    5.220689655172414e-06,
    5.220689655172414e-06,
    5.562068965517241e-06,
    5.562068965517241e-06,
    5.903448275862069e-06,
    5.903448275862069e-06,
    6.244827586206896e-06,
    6.244827586206896e-06,
    6.5862068965517236e-06,
    6.5862068965517236e-06,
    6.927586206896551e-06,
    6.927586206896551e-06,
    7.268965517241379e-06,
    7.268965517241379e-06,
    7.610344827586207e-06,
    7.610344827586207e-06,
    7.951724137931034e-06,
    7.951724137931034e-06,
    8.293103448275863e-06,
    8.293103448275863e-06,
    8.634482758620691e-06,
    8.634482758620691e-06,
    8.975862068965518e-06,
    8.975862068965518e-06,
    9.317241379310346e-06,
    9.317241379310346e-06,
    9.658620689655173e-06,
    9.658620689655173e-06,
    1e-05,
    1e-05
  ],
  "samples": 500,
  "sequence_length": 10000,
  "seeds": [
    1133999646,
    1004714150,
    1265567034,
    2096675961,
    554454730,
    1254795095,
    996820999,
    1690786899,
    194136404,
    209724526,
    347215053,
    1520453187,
    1321484713,
    732833815,
    466312620,
    1708729685,
    1422259248,
    232074545,
    1976790599,
    61016606,
    188008175,
    1182201748,
    1779179706,
    1310925939,
    177941636,
    1299299927,
    1973294803,
    411662664,
    1081396189,
    1848425074,
    93330389,
    2310767,
    1026872862,
    1826207767,
    1304003679,
    1000789935,
    784503701,
    1595202678,
    1403902237,
    998601427,
    1962409223,
    281658262,
    1758025183,
    1544848978,
    593005251,
    1788194204,
    246092117,
    407658367,
    1185638188,
    1820547919
  ]
}