{
  "mode": "branch",
  "rep": 919,
  "ne": 10000,
  "r": [
    1e-08,
    1e-08,
    1.820689655172414e-07,
    1.820689655172414e-07,
    3.541379310344828e-07,
    3.541379310344828e-07,
    5.262068965517242e-07,
    5.262068965517242e-07,
    6.982758620689656e-07,
    6.982758620689656e-07,
    8.70344827586207e-07,
    8.70344827586207e-07,
    1.0424137931034483e-06,
    1.0424137931034483e-06,
    1.2144827586206895e-06,
    1.2144827586206895e-06,
    1.386551724137931e-06,
    1.386551724137931e-06,
    1.5586206896551725e-06,
    1.5586206896551725e-06,
    1.7306896551724138e-06,
    1.9027586206896551e-06,
    2.0748275862068966e-06,
    2.246896551724138e-06,
    2.418965517241379e-06,
    2.5910344827586207e-06,
    2.763103448275862e-06,
    2.9351724137931037e-06,
    3.107241379310345e-06,
    3.2793103448275863e-06,
    3.4513793103448278e-06,
    3.4513793103448278e-06,
    3.6234482758620693e-06,
    3.6234482758620693e-06,
    3.7955172413793103e-06,
    3.7955172413793103e-06,
    3.967586206896552e-06,
    3.967586206896552e-06,
    4.139655172413793e-06,
    4.139655172413793e-06,
    4.311724137931034e-06,
    4.311724137931034e-06,
    4.483793103448276e-06,
    4.483793103448276e-06,
    4.655862068965517e-06,
    4.655862068965517e-06,
    4.8279310344827585e-06,
    4.8279310344827585e-06,
    5e-06,
    5e-06
  ],
  "mu": 0,
  "samples": 250,
  "sequence_length": 1000,
  "seeds": [
    1428107157,
    1054111002,
    762761888,
    429853638,
    1656353816,
    1183878011,
    1575475423,
    956230171,
    503904088,
    351303067,
    428019144,
    213462386,
    1090425758,
    1211414092,
    506571481,
    975096098,
    370321937,
    114290363,
    286624502,
    635110322,
    129580493,
    1940670743,
    813759259,
    1183445904,
    100730882,
    621102777,
    1013372555,
    191966107,
    901558656,
    612768838,
    989525259,
    154792771,
    1213486030,
    1086446602,
    225650821,
    1744984349,
    392229482,
    768887044,
    520545062,
    1729040410,
    819790579,
    2059405118,
    1009237960,
    1358862856,
    379799687,
    808765180,
    1736534744,
    528767773,
    542889951,
    1949779665
  ]
}