{
  "mode": "branch",
  "rep": 947,
  "ne": 10000,
  "r": [
    1e-08,
    1.820689655172414e-07,
    3.541379310344828e-07,
    5.262068965517242e-07,
    6.982758620689656e-07,
    8.70344827586207e-07,
    1.0424137931034483e-06,
    1.2144827586206895e-06,
    1.386551724137931e-06,
    1.5586206896551725e-06,
    1.7306896551724138e-06,
    1.7306896551724138e-06,
    1.9027586206896551e-06,
    1.9027586206896551e-06,
    2.0748275862068966e-06,
    2.0748275862068966e-06,
    2.246896551724138e-06,
    2.246896551724138e-06,
    2.418965517241379e-06,
    2.418965517241379e-06,
    2.5910344827586207e-06,
    2.5910344827586207e-06,
    2.763103448275862e-06,
    2.763103448275862e-06,
    2.9351724137931037e-06,
    2.9351724137931037e-06,
    3.107241379310345e-06,
    3.107241379310345e-06,
    3.2793103448275863e-06,
    3.2793103448275863e-06,
    3.4513793103448278e-06,
    3.4513793103448278e-06,
    3.6234482758620693e-06,
    3.6234482758620693e-06,
    3.7955172413793103e-06,
    3.7955172413793103e-06,
    3.967586206896552e-06,
    3.967586206896552e-06,
    4.139655172413793e-06,
    4.139655172413793e-06,
    4.311724137931034e-06,
    4.311724137931034e-06,
    4.483793103448276e-06,
    4.483793103448276e-06,
    4.655862068965517e-06,
    4.655862068965517e-06,
    4.8279310344827585e-06,
    4.8279310344827585e-06,
    5e-06,
    5e-06
  ],
  "mu": 0,
  "samples": 250,
  "sequence_length": 1000,
  "seeds": [
    92212301,
    1303367492,
    1854094286,
    750977996,
    1498475815,
    764951101,
    669111406,
    1987025810,
    124473268,
    1529689388,
    288918775,
    1417839115,
    1751373878,
    1620646160,
    961105637,
    1946561535,
    1278239471,
    1508162173,
    541253798,
    182342231,
    1897247567,
    2069708049,
    843180392,
    1071271784,
    687792900,
    1731726716,
    1593782630,
    1600177930,
    1887373688,
    1314501102,
    226015124,
    51992592,
    329278549,
    1327523269,
    1589427231,
    1160270225,
    1853372255,
    473563913,
    1303325087,
    1385735938,
    1847804873,
    1743467231,
    895256786,
    2059262775,
    1521993547,
    1508221080,
    382047958,
    1569146559,
    1266000415,
    2012611928
  ]
}