{
  "mode": "branch",
  "rep": 782,
  "ne": 10000,
  "r": [
    1e-08,
    1.820689655172414e-07,
    3.541379310344828e-07,
    5.262068965517242e-07,
    6.982758620689656e-07,
    8.70344827586207e-07,
    1.0424137931034483e-06,
    1.2144827586206895e-06,
    1.386551724137931e-06,
    1.5586206896551725e-06,
    1.7306896551724138e-06,
    1.7306896551724138e-06,
    1.9027586206896551e-06,
    1.9027586206896551e-06,
    2.0748275862068966e-06,
    2.0748275862068966e-06,
    2.246896551724138e-06,
    2.246896551724138e-06,
    2.418965517241379e-06,
    2.418965517241379e-06,
    2.5910344827586207e-06,
    2.5910344827586207e-06,
    2.763103448275862e-06,
    2.763103448275862e-06,
    2.9351724137931037e-06,
    2.9351724137931037e-06,
    3.107241379310345e-06,
    3.107241379310345e-06,
    3.2793103448275863e-06,
    3.2793103448275863e-06,
    3.4513793103448278e-06,
    3.4513793103448278e-06,
    3.6234482758620693e-06,
    3.6234482758620693e-06,
    3.7955172413793103e-06,
    3.7955172413793103e-06,
    3.967586206896552e-06,
    3.967586206896552e-06,
    4.139655172413793e-06,
    4.139655172413793e-06,
    4.311724137931034e-06,
    4.311724137931034e-06,
    4.483793103448276e-06,
    4.483793103448276e-06,
    4.655862068965517e-06,
    4.655862068965517e-06,
    4.8279310344827585e-06,
    4.8279310344827585e-06,
    5e-06,
    5e-06
  ],
  "mu": 0,
  "samples": 250,
  "sequence_length": 1000,
  "seeds": [
    712146802,
    661005905,
    314519132,
    1818058607,
    1979076124,
    887785741,
    342187399,
    1466925916,
    1056969967,
    401278232,
    1337145993,
    1312035557,
    1007382159,
    741819021,
    1028764440,
    1008166262,
    603916919,
    1788925613,
    659368118,
    1062627121,
    1484191842,
    394562507,
    2047715238,
    180510171,
    118167894,
    2052075045,
    1170720717,
    1668998986,
    355347849,
    1458790383,
    1977875819,
    1109665584,
    1882023095,
    976996767,
    1697110159,
    1927065937,
    292300074,
    1052488060,
    1082541917,
    735127585,
    998788764,
    1222060378,
    1596761524,
    1651130608,
    1769883812,
    1990584408,
    1016180916,
    1389020961,
    1247600609,
    1866644916
  ]
}