{
  "mode": "branch",
  "rep": 928,
  "ne": 10000,
  "r": [
    1e-08,
    1e-08,
    1.820689655172414e-07,
    1.820689655172414e-07,
    3.541379310344828e-07,
    3.541379310344828e-07,
    5.262068965517242e-07,
    5.262068965517242e-07,
    6.982758620689656e-07,
    6.982758620689656e-07,
    8.70344827586207e-07,
    8.70344827586207e-07,
    1.0424137931034483e-06,
    1.0424137931034483e-06,
    1.2144827586206895e-06,
    1.2144827586206895e-06,
    1.386551724137931e-06,
    1.386551724137931e-06,
    1.5586206896551725e-06,
    1.5586206896551725e-06,
    1.7306896551724138e-06,
    1.9027586206896551e-06,
    2.0748275862068966e-06,
    2.246896551724138e-06,
    2.418965517241379e-06,
    2.5910344827586207e-06,
    2.763103448275862e-06,
    2.9351724137931037e-06,
    3.107241379310345e-06,
    3.2793103448275863e-06,
    3.4513793103448278e-06,
    3.4513793103448278e-06,
    3.6234482758620693e-06,
    3.6234482758620693e-06,
    3.7955172413793103e-06,
    3.7955172413793103e-06,
    3.967586206896552e-06,
    3.967586206896552e-06,
    4.139655172413793e-06,
    4.139655172413793e-06,
    4.311724137931034e-06,
    4.311724137931034e-06,
    4.483793103448276e-06,
    4.483793103448276e-06,
    4.655862068965517e-06,
    4.655862068965517e-06,
    4.8279310344827585e-06,
    4.8279310344827585e-06,
    5e-06,
    5e-06
  ],
  "mu": 0,
  "samples": 250,
  "sequence_length": 1000,
  "seeds": [
    241472019,
    1170892968,
    680034123,
    1856116816,
    776847691,
    1642798537,
    825049408,
    2079376283,
    2112163220,
    1194439650,
    1386352767,
    2140170760,
    449163534,
    505265582,
    1486118397,
    1687269643,
    1972146297,
    570355542,
    52105801,
    795128828,
    1537164782,
    2136573371,
    541058572,
    1109900950,
    41151550,
    767618133,
    1749553977,
    2139930038,
    259193884,
    754613124,
    900693190,
    1255570542,
    565665583,
    14759371,
    1651302674,
    2132730328,
    81699815,
    1812669045,
    576720597,
    636409320,
    1912252638,
    1742208594,
    1438853728,
    1022214829,
    1399660964,
    832897379,
    564067611,
    1076067140,
    629316638,
    1895465213
  ]
}