{
  "mode": "site",
  "rep": 396,
  "ne": 10000,
  "r": 1e-05,
  "mu": [
    1e-07,
    1e-07,
    4.413793103448276e-07,
    4.413793103448276e-07,
    7.827586206896552e-07,
    7.827586206896552e-07,
    1.1241379310344827e-06,
    1.1241379310344827e-06,
    1.4655172413793102e-06,
    1.4655172413793102e-06,
    1.8068965517241377e-06,
    1.8068965517241377e-06,
    2.1482758620689656e-06,
    2.1482758620689656e-06,
    2.489655172413793e-06,
    2.489655172413793e-06,
    2.8310344827586205e-06,
    2.8310344827586205e-06,
    3.172413793103448e-06,
    3.172413793103448e-06,
    3.5137931034482755e-06,
    3.5137931034482755e-06,
    3.855172413793104e-06,
    3.855172413793104e-06,
    4.196551724137931e-06,
    4.196551724137931e-06,
    4.537931034482759e-06,
    4.537931034482759e-06,
    4.879310344827586e-06,
    4.879310344827586e-06,
    5.220689655172414e-06,
    5.220689655172414e-06,
    5.562068965517241e-06,
    5.562068965517241e-06,
    5.903448275862069e-06,
    5.903448275862069e-06,
    6.244827586206896e-06,
    6.244827586206896e-06,
    6.5862068965517236e-06,
    6.5862068965517236e-06,
    6.927586206896551e-06,
    7.268965517241379e-06,
    7.610344827586207e-06,
    7.951724137931034e-06,
    8.293103448275863e-06,
    8.634482758620691e-06,
    8.975862068965518e-06,
    9.317241379310346e-06,
    9.658620689655173e-06,
    1e-05
  ],
  "samples": 500,
  "sequence_length": 50000,
  "seeds": [
    974379194,
    1765520868,
    1960571123,
    626101413,
    1995829534,
    999899108,
    2005259737,
    1333523056,
    1036447029,
    1490936666,
    1695536232,
    854352133,
    1105877376,
    1573449440,
    1767471822,
    1030955308,
    1737932099,
    1372702812,
    564427265,
    1903956681,
    471432460,
    1927087964,
    179045699,
    1970190779,
    557236904,
    1402911053,
    911726843,
    1646828843,
    1769260961,
    667363872,
    822263568,
    70032911,
    573625916,
    1350075434,
    282534751,
    1945555245,
    1733639044,
    325848317,
    1225872825,
    1912244661,
    1497358132,
    646331132,
    1859021333,
    754239021,
    1056880686,
    354935371,
    97698926,
    1594971633,
    664505321,
    1924526545
  ]
}