{
  "mode": "site",
  "rep": 391,
  "ne": 10000,
  "r": 1e-05,
  "mu": [
    1e-07,
    1e-07,
    4.413793103448276e-07,
    4.413793103448276e-07,
    7.827586206896552e-07,
    7.827586206896552e-07,
    1.1241379310344827e-06,
    1.1241379310344827e-06,
    1.4655172413793102e-06,
    1.4655172413793102e-06,
    1.8068965517241377e-06,
    1.8068965517241377e-06,
    2.1482758620689656e-06,
    2.1482758620689656e-06,
    2.489655172413793e-06,
    2.489655172413793e-06,
    2.8310344827586205e-06,
    2.8310344827586205e-06,
    3.172413793103448e-06,
    3.172413793103448e-06,
    3.5137931034482755e-06,
    3.855172413793104e-06,
    4.196551724137931e-06,
    4.537931034482759e-06,
    4.879310344827586e-06,
    5.220689655172414e-06,
    5.562068965517241e-06,
    5.903448275862069e-06,
    6.244827586206896e-06,
    6.5862068965517236e-06,
    6.927586206896551e-06,
    6.927586206896551e-06,
    7.268965517241379e-06,
    7.268965517241379e-06,
    7.610344827586207e-06,
    7.610344827586207e-06,
    7.951724137931034e-06,
    7.951724137931034e-06,
    8.293103448275863e-06,
    8.293103448275863e-06,
    8.634482758620691e-06,
    8.634482758620691e-06,
    8.975862068965518e-06,
    8.975862068965518e-06,
    9.317241379310346e-06,
    9.317241379310346e-06,
    9.658620689655173e-06,
    9.658620689655173e-06,
    1e-05,
    1e-05
  ],
  "samples": 500,
  "sequence_length": 10000,
  "seeds": [
    1533458681,
    1317909229,
    1205726393,
    902226249,
    1827108201,
    8323092,
    859842313,
    1138470654,
    482551411,
    194111121,
    772348438,
    1530772638,
    2133298799,
    234444137,
    2112541552,
    634478929,
    1608616160,
    1536016573,
    1467097107,
    1757962807,
    1635626343,
    1113218288,
    141510160,
    1076956364,
    191567360,
    1944731401,
    1809461136,
    1989277710,
    327952878,
    1556609738,
    1108853493,
    347862473,
    998813654,
    1159139838,
    439042053,
    469019079,
    927291246,
    580801195,
    278172232,
    1668351300,
    96002313,
    248968,
    431897026,
    1415833422,
    1196502934,
    1160721317,
    955437426,
    462425766,
    573585146,
    1113269538
  ]
}