{
  "mode": "site",
  "rep": 412,
  "ne": 10000,
  "r": 1e-05,
  "mu": [
    1e-07,
    1e-07,
    4.413793103448276e-07,
    4.413793103448276e-07,
    7.827586206896552e-07,
    7.827586206896552e-07,
    1.1241379310344827e-06,
    1.1241379310344827e-06,
    1.4655172413793102e-06,
    1.4655172413793102e-06,
    1.8068965517241377e-06,
    1.8068965517241377e-06,
    2.1482758620689656e-06,
    2.1482758620689656e-06,
    2.489655172413793e-06,
    2.489655172413793e-06,
    2.8310344827586205e-06,
    2.8310344827586205e-06,
    3.172413793103448e-06,
    3.172413793103448e-06,
    3.5137931034482755e-06,
    3.855172413793104e-06,
    4.196551724137931e-06,
    4.537931034482759e-06,
    4.879310344827586e-06,
    5.220689655172414e-06,
    5.562068965517241e-06,
    5.903448275862069e-06,
    6.244827586206896e-06,
    6.5862068965517236e-06,
    6.927586206896551e-06,
    6.927586206896551e-06,
    7.268965517241379e-06,
    7.268965517241379e-06,
    7.610344827586207e-06,
    7.610344827586207e-06,
    7.951724137931034e-06,
    7.951724137931034e-06,
    8.293103448275863e-06,
    8.293103448275863e-06,
    8.634482758620691e-06,
    8.634482758620691e-06,
    8.975862068965518e-06,
    8.975862068965518e-06,
    9.317241379310346e-06,
    9.317241379310346e-06,
    9.658620689655173e-06,
    9.658620689655173e-06,
    1e-05,
    1e-05
  ],
  "samples": 500,
  "sequence_length": 10000,
  "seeds": [
    1838158791,
    1234733491,
    67689161,
    169726106,
    1337555485,
    1320455476,
    385205439,
    1514074855,
    423583588,
    1261594524,
    1931094665,
    638437669,
    1258617698,
    902400215,
    2092477741,
    66184005,
    1115074363,
    1437030230,
    1772439641,
    281305646,
    907417755,
    58091777,
    495734665,
    145643709,
    1110992468,
    72410829,
    554090499,
    439613142,
    480150954,
    895861175,
    473722858,
    194969334,
    1710113622,
    2055296163,
    523137470,
    626657342,
    86275769,
    861160849,
    1571708151,
    639022922,
    357936344,
    800802008,
    1662428014,
    1053967773,
    1655963460,
    1802341193,
    407634504,
    93457217,
    1549873641,
    1321180792
  ]
}