{
  "mode": "branch",
  "rep": 1064,
  "ne": 10000,
  "r": [
    1e-08,
    1.820689655172414e-07,
    3.541379310344828e-07,
    5.262068965517242e-07,
    6.982758620689656e-07,
    8.70344827586207e-07,
    1.0424137931034483e-06,
    1.2144827586206895e-06,
    1.386551724137931e-06,
    1.5586206896551725e-06,
    1.7306896551724138e-06,
    1.7306896551724138e-06,
    1.9027586206896551e-06,
    1.9027586206896551e-06,
    2.0748275862068966e-06,
    2.0748275862068966e-06,
    2.246896551724138e-06,
    2.246896551724138e-06,
    2.418965517241379e-06,
    2.418965517241379e-06,
    2.5910344827586207e-06,
    2.5910344827586207e-06,
    2.763103448275862e-06,
    2.763103448275862e-06,
    2.9351724137931037e-06,
    2.9351724137931037e-06,
    3.107241379310345e-06,
    3.107241379310345e-06,
    3.2793103448275863e-06,
    3.2793103448275863e-06,
    3.4513793103448278e-06,
    3.4513793103448278e-06,
    3.6234482758620693e-06,
    3.6234482758620693e-06,
    3.7955172413793103e-06,
    3.7955172413793103e-06,
    3.967586206896552e-06,
    3.967586206896552e-06,
    4.139655172413793e-06,
    4.139655172413793e-06,
    4.311724137931034e-06,
    4.311724137931034e-06,
    4.483793103448276e-06,
    4.483793103448276e-06,
    4.655862068965517e-06,
    4.655862068965517e-06,
    4.8279310344827585e-06,
    4.8279310344827585e-06,
    5e-06,
    5e-06
  ],
  "mu": 0,
  "samples": 250,
  "sequence_length": 1000,
  "seeds": [
    863451196,
    1293536050,
    1470589509,
    520315747,
    517776725,
    344139096,
    944827819,
    1607227829,
    1624936773,
    444783095,
    1737039216,
    1513493130,
    685776700,
    636933980,
    415966726,
    272527983,
    1594679626,
    1266817512,
    733284394,
    2077767252,
    1022866771,
    225386977,
    2101918091,
    534363380,
    1657899801,
    1295609158,
    1256181950,
    280957458,
    1463093973,
    1023637285,
    680395262,
    2048494689,
    446173741,
    1509126433,
    540321150,
    31532230,
    862638804,
    1551291097,
    1314113645,
    1548722031,
    1368583537,
    674630320,
    272773177,
    1750538131,
    2056117451,
    551658582,
    1332062792,
    626254529,
    223678717,
    1448762037
  ]
}