{
  "mode": "site",
  "rep": 143,
  "ne": 10000,
  "r": 1e-05,
  "mu": [
    1e-07,
    4.413793103448276e-07,
    7.827586206896552e-07,
    1.1241379310344827e-06,
    1.4655172413793102e-06,
    1.8068965517241377e-06,
    2.1482758620689656e-06,
    2.489655172413793e-06,
    2.8310344827586205e-06,
    3.172413793103448e-06,
    3.5137931034482755e-06,
    3.5137931034482755e-06,
    3.855172413793104e-06,
    3.855172413793104e-06,
    4.196551724137931e-06,
    4.196551724137931e-06,
    4.537931034482759e-06,
    4.537931034482759e-06,
    4.879310344827586e-06,
    4.879310344827586e-06,
    5.220689655172414e-06,
    5.220689655172414e-06,
    5.562068965517241e-06,
    5.562068965517241e-06,
    5.903448275862069e-06,
    5.903448275862069e-06,
    6.244827586206896e-06,
    6.244827586206896e-06,
    6.5862068965517236e-06,
    6.5862068965517236e-06,
    6.927586206896551e-06,
    6.927586206896551e-06,
    7.268965517241379e-06,
    7.268965517241379e-06,
    7.610344827586207e-06,
    7.610344827586207e-06,
    7.951724137931034e-06,
    7.951724137931034e-06,
    8.293103448275863e-06,
    8.293103448275863e-06,
    8.634482758620691e-06,
    8.634482758620691e-06,
    8.975862068965518e-06,
    8.975862068965518e-06,
    9.317241379310346e-06,
    9.317241379310346e-06,
    9.658620689655173e-06,
    9.658620689655173e-06,
    1e-05,
    1e-05
  ],
  "samples": 500,
  "sequence_length": 10000,
  "seeds": [
    2101265049,
    1657678592,
    273019314,
    890956638,
    1471431414,
    1342163925,
    1467849501,
    1408464570,
    1703296230,
    536483348,
    1080931598,
    453802244,
    1378336384,
    1718998950,
    893489885,
    789531385,
    1900095020,
    149734916,
    912974480,
    647236958,
    173992468,
    1829159672,
    1217740376,
    105055290,
    251956684,
    1118994489,
    613693650,
    1606295308,
    1690799630,
    272409002,
    2006159976,
    1536713740,
    1080342968,
    1027276447,
    2070784495,
    1887171640,
    1784982604,
    883508200,
    60365121,
    131647563,
    1315246879,
    349117033,
    5946192,
    1523633958,
    2130120939,
    1291454986,
    1584269260,
    627193285,
    1222678362,
    1310372002
  ]
}