{
  "mode": "branch",
  "rep": 1150,
  "ne": 10000,
  "r": [
    1e-08,
    1e-08,
    1.820689655172414e-07,
    1.820689655172414e-07,
    3.541379310344828e-07,
    3.541379310344828e-07,
    5.262068965517242e-07,
    5.262068965517242e-07,
    6.982758620689656e-07,
    6.982758620689656e-07,
    8.70344827586207e-07,
    8.70344827586207e-07,
    1.0424137931034483e-06,
    1.0424137931034483e-06,
    1.2144827586206895e-06,
    1.2144827586206895e-06,
    1.386551724137931e-06,
    1.386551724137931e-06,
    1.5586206896551725e-06,
    1.5586206896551725e-06,
    1.7306896551724138e-06,
    1.9027586206896551e-06,
    2.0748275862068966e-06,
    2.246896551724138e-06,
    2.418965517241379e-06,
    2.5910344827586207e-06,
    2.763103448275862e-06,
    2.9351724137931037e-06,
    3.107241379310345e-06,
    3.2793103448275863e-06,
    3.4513793103448278e-06,
    3.4513793103448278e-06,
    3.6234482758620693e-06,
    3.6234482758620693e-06,
    3.7955172413793103e-06,
    3.7955172413793103e-06,
    3.967586206896552e-06,
    3.967586206896552e-06,
    4.139655172413793e-06,
    4.139655172413793e-06,
    4.311724137931034e-06,
    4.311724137931034e-06,
    4.483793103448276e-06,
    4.483793103448276e-06,
    4.655862068965517e-06,
    4.655862068965517e-06,
    4.8279310344827585e-06,
    4.8279310344827585e-06,
    5e-06,
    5e-06
  ],
  "mu": 0,
  "samples": 250,
  "sequence_length": 1000,
  "seeds": [
    1808757289,
    798010777,
    1020582395,
    411538317,
    1769373909,
    589488574,
    1660960560,
    1168792027,
    604287835,
    2102628609,
    1113059639,
    1949991884,
    615148055,
    143332814,
    920035512,
    1110346914,
    281756417,
    1998573747,
    1516060821,
    180463529,
    355752996,
    608118033,
    1990520486,
    428758636,
    1732996667,
    1787482155,
    376933694,
    747013276,
    1965164086,
    1818829892,
    80598605,
    1265730475,
    1049195429,
    409086106,
    1533337494,
    633817040,
    818727562,
    306770954,
    944854810,
    264577082,
    951898960,
    1604454984,
    76249425,
    1741465068,
    455962321,
    24711933,
    2008549837,
    1099758004,
    1623989898,
    691111733
  ]
}