{
  "mode": "site",
  "rep": 531,
  "ne": 10000,
  "r": 1e-05,
  "mu": [
    1e-07,
    1e-07,
    4.413793103448276e-07,
    4.413793103448276e-07,
    7.827586206896552e-07,
    7.827586206896552e-07,
    1.1241379310344827e-06,
    1.1241379310344827e-06,
    1.4655172413793102e-06,
    1.4655172413793102e-06,
    1.8068965517241377e-06,
    1.8068965517241377e-06,
    2.1482758620689656e-06,
    2.1482758620689656e-06,
    2.489655172413793e-06,
    2.489655172413793e-06,
    2.8310344827586205e-06,
    2.8310344827586205e-06,
    3.172413793103448e-06,
    3.172413793103448e-06,
    3.5137931034482755e-06,
    3.5137931034482755e-06,
    3.855172413793104e-06,
    3.855172413793104e-06,
    4.196551724137931e-06,
    4.196551724137931e-06,
    4.537931034482759e-06,
    4.537931034482759e-06,
    4.879310344827586e-06,
    4.879310344827586e-06,
    5.220689655172414e-06,
    5.220689655172414e-06,
    5.562068965517241e-06,
    5.562068965517241e-06,
    5.903448275862069e-06,
    5.903448275862069e-06,
    6.244827586206896e-06,
    6.244827586206896e-06,
    6.5862068965517236e-06,
    6.5862068965517236e-06,
    6.927586206896551e-06,
    7.268965517241379e-06,
    7.610344827586207e-06,
    7.951724137931034e-06,
    8.293103448275863e-06,
    8.634482758620691e-06,
    8.975862068965518e-06,
    9.317241379310346e-06,
    9.658620689655173e-06,
    1e-05
  ],
  "samples": 500,
  "sequence_length": 10000,
  "seeds": [
    1612149157,
    984512296,
    347030670,
    586029231,
    931312914,
    881206914,
    1204878633,
    815576860,
    1847578074,
    1842328388,
    96010600,
    1477009046,
    1272448961,
    1270385984,
    1437716771,
    167368482,
    216404972,
    573533318,
    1978417421,
    45857667,
    2036524348,
    1340505277,
    1210341389,
    1943218694,
    1036327376,
    1344694918,
    80161416,
    226331064,
    469945839,
    1447145929,
    1827652701,
    1308230866,
    209685363,
    1961683211,
    109813958,
    303387480,
    358793566,
    1780375499,
    2084848255,
    2128954604,
    1219094989,
    943145843,
    325817388,
    344785141,
    1548706149,
    2037971792,
    27849358,
    1846684072,
    1679207485,
    2067792517
  ]
}