{
  "mode": "branch",
  "rep": 880,
  "ne": 10000,
  "r": [
    1e-08,
    1e-08,
    1.820689655172414e-07,
    1.820689655172414e-07,
    3.541379310344828e-07,
    3.541379310344828e-07,
    5.262068965517242e-07,
    5.262068965517242e-07,
    6.982758620689656e-07,
    6.982758620689656e-07,
    8.70344827586207e-07,
    8.70344827586207e-07,
    1.0424137931034483e-06,
    1.0424137931034483e-06,
    1.2144827586206895e-06,
    1.2144827586206895e-06,
    1.386551724137931e-06,
    1.386551724137931e-06,
    1.5586206896551725e-06,
    1.5586206896551725e-06,
    1.7306896551724138e-06,
    1.9027586206896551e-06,
    2.0748275862068966e-06,
    2.246896551724138e-06,
    2.418965517241379e-06,
    2.5910344827586207e-06,
    2.763103448275862e-06,
    2.9351724137931037e-06,
    3.107241379310345e-06,
    3.2793103448275863e-06,
    3.4513793103448278e-06,
    3.4513793103448278e-06,
    3.6234482758620693e-06,
    3.6234482758620693e-06,
    3.7955172413793103e-06,
    3.7955172413793103e-06,
    3.967586206896552e-06,
    3.967586206896552e-06,
    4.139655172413793e-06,
    4.139655172413793e-06,
    4.311724137931034e-06,
    4.311724137931034e-06,
    4.483793103448276e-06,
    4.483793103448276e-06,
    4.655862068965517e-06,
    4.655862068965517e-06,
    4.8279310344827585e-06,
    4.8279310344827585e-06,
    5e-06,
    5e-06
  ],
  "mu": 0,
  "samples": 250,
  "sequence_length": 1000,
  "seeds": [
    734615457,
    1475301945,
    1389386271,
    983524741,
    553696424,
    273503840,
    1410315993,
    1911899155,
    1110624454,
    1495674238,
    1837974224,
    1579402921,
    659081458,
    704977621,
    2017121844,
    623250510,
    1464531377,
    246443183,
    383751216,
    1590165172,
    603051586,
    1463161240,
    1864351278,
    1633759980,
    1543028695,
    222796622,
    1507202885,
    201348402,
    717811279,
    1981923660,
    1817362263,
    1215764952,
    1319504026,
    1750939631,
    94048530,
    1135862078,
    650169851,
    1441888740,
    950436102,
    485984727,
    2137084920,
    799705057,
    944233670,
    688634960,
    1935973810,
    1501635790,
    1983893691,
    1874183932,
    882678401,
    314257275
  ]
}