{
  "mode": "site",
  "rep": 18,
  "ne": 10000,
  "r": 1e-05,
  "mu": [
    1e-07,
    1e-07,
    4.413793103448276e-07,
    4.413793103448276e-07,
    7.827586206896552e-07,
    7.827586206896552e-07,
    1.1241379310344827e-06,
    1.1241379310344827e-06,
    1.4655172413793102e-06,
    1.4655172413793102e-06,
    1.8068965517241377e-06,
    1.8068965517241377e-06,
    2.1482758620689656e-06,
    2.1482758620689656e-06,
    2.489655172413793e-06,
    2.489655172413793e-06,
    2.8310344827586205e-06,
    2.8310344827586205e-06,
    3.172413793103448e-06,
    3.172413793103448e-06,
    3.5137931034482755e-06,
    3.5137931034482755e-06,
    3.855172413793104e-06,
    3.855172413793104e-06,
    4.196551724137931e-06,
    4.196551724137931e-06,
    4.537931034482759e-06,
    4.537931034482759e-06,
    4.879310344827586e-06,
    4.879310344827586e-06,
    5.220689655172414e-06,
    5.220689655172414e-06,
    5.562068965517241e-06,
    5.562068965517241e-06,
    5.903448275862069e-06,
    5.903448275862069e-06,
    6.244827586206896e-06,
    6.244827586206896e-06,
    6.5862068965517236e-06,
    6.5862068965517236e-06,
    6.927586206896551e-06,
    7.268965517241379e-06,
    7.610344827586207e-06,
    7.951724137931034e-06,
    8.293103448275863e-06,
    8.634482758620691e-06,
    8.975862068965518e-06,
    9.317241379310346e-06,
    9.658620689655173e-06,
    1e-05
  ],
  "samples": 500,
  "sequence_length": 10000,
  "seeds": [
    828942461,
    432346009,
    1814866581,
    1648286332,
    1310390120,
    224083646,
    1536285021,
    947279748,
    1860174394,
    1559421055,
    2137704636,
    1218731455,
    926282929,
    1238074851,
    1802663860,
    108672125,
    419026123,
    1206973577,
    54857489,
    1437877909,
    1323848525,
    36620386,
    284441103,
    116616370,
    1487348294,
    1836744265,
    1415569082,
    1135936581,
    299139715,
    782161759,
    1158000242,
    1191422319,
    469984032,
    782907444,
    183209656,
    625672203,
    706866246,
    684115766,
    459948990,
    794620633,
    820820621,
    2055237463,
    964739469,
    1540075582,
    1043030481,
    376762502,
    1157439658,
    515118854,
    687037889,
    1720435996
  ]
}