{
  "mode": "site",
  "rep": 219,
  "ne": 10000,
  "r": 1e-05,
  "mu": [
    1e-07,
    1e-07,
    4.413793103448276e-07,
    4.413793103448276e-07,
    7.827586206896552e-07,
    7.827586206896552e-07,
    1.1241379310344827e-06,
    1.1241379310344827e-06,
    1.4655172413793102e-06,
    1.4655172413793102e-06,
    1.8068965517241377e-06,
    1.8068965517241377e-06,
    2.1482758620689656e-06,
    2.1482758620689656e-06,
    2.489655172413793e-06,
    2.489655172413793e-06,
    2.8310344827586205e-06,
    2.8310344827586205e-06,
    3.172413793103448e-06,
    3.172413793103448e-06,
    3.5137931034482755e-06,
    3.5137931034482755e-06,
    3.855172413793104e-06,
    3.855172413793104e-06,
    4.196551724137931e-06,
    4.196551724137931e-06,
    4.537931034482759e-06,
    4.537931034482759e-06,
    4.879310344827586e-06,
    4.879310344827586e-06,
    5.220689655172414e-06,
    5.220689655172414e-06,
    5.562068965517241e-06,
    5.562068965517241e-06,
    5.903448275862069e-06,
    5.903448275862069e-06,
    6.244827586206896e-06,
    6.244827586206896e-06,
    6.5862068965517236e-06,
    6.5862068965517236e-06,
    6.927586206896551e-06,
    7.268965517241379e-06,
    7.610344827586207e-06,
    7.951724137931034e-06,
    8.293103448275863e-06,
    8.634482758620691e-06,
    8.975862068965518e-06,
    9.317241379310346e-06,
    9.658620689655173e-06,
    1e-05
  ],
  "samples": 500,
  "sequence_length": 10000,
  "seeds": [
    276192326,
    979808106,
    387682911,
    459197689,
    1944106948,
    1981212218,
    62964052,
    1375923194,
    1351169680,
    1893384389,
    1818480307,
    1978815301,
    1463168060,
    1115063857,
    1287301646,
    1232757415,
    1909234843,
    1185463506,
    817876417,
    368434578,
    585877639,
    1667154947,
    1740254594,
    725464393,
    942668863,
    47132688,
    2144243170,
    120484724,
    618512133,
    62424337,
    1616837965,
    1776469163,
    615504522,
    1639073187,
    1779495454,
    138867302,
    1994393413,
    98951901,
    362576878,
    1798802749,
    199397625,
    1241909803,
    411038501,
    841744735,
    294743572,
    80422032,
    493509398,
    1691241584,
    1393153624,
    885963724
  ]
}