{
  "mode": "branch",
  "rep": 708,
  "ne": 10000,
  "r": [
    1e-08,
    1e-08,
    1.820689655172414e-07,
    1.820689655172414e-07,
    3.541379310344828e-07,
    3.541379310344828e-07,
    5.262068965517242e-07,
    5.262068965517242e-07,
    6.982758620689656e-07,
    6.982758620689656e-07,
    8.70344827586207e-07,
    8.70344827586207e-07,
    1.0424137931034483e-06,
    1.0424137931034483e-06,
    1.2144827586206895e-06,
    1.2144827586206895e-06,
    1.386551724137931e-06,
    1.386551724137931e-06,
    1.5586206896551725e-06,
    1.5586206896551725e-06,
    1.7306896551724138e-06,
    1.7306896551724138e-06,
    1.9027586206896551e-06,
    1.9027586206896551e-06,
    2.0748275862068966e-06,
    2.0748275862068966e-06,
    2.246896551724138e-06,
    2.246896551724138e-06,
    2.418965517241379e-06,
    2.418965517241379e-06,
    2.5910344827586207e-06,
    2.5910344827586207e-06,
    2.763103448275862e-06,
    2.763103448275862e-06,
    2.9351724137931037e-06,
    2.9351724137931037e-06,
    3.107241379310345e-06,
    3.107241379310345e-06,
    3.2793103448275863e-06,
    3.2793103448275863e-06,
    3.4513793103448278e-06,
    3.6234482758620693e-06,
    3.7955172413793103e-06,
    3.967586206896552e-06,
    4.139655172413793e-06,
    4.311724137931034e-06,
    4.483793103448276e-06,
    4.655862068965517e-06,
    4.8279310344827585e-06,
    5e-06
  ],
  "mu": 0,
  "samples": 250,
  "sequence_length": 1000,
  "seeds": [
    885890304,
    236693316,
    1990441226,
    825055678,
    636224601,
    1796230625,
    1762761713,
    447958504,
    1725943244,
    89963783,
    292891239,
    706091466,
    779031175,
    282959561,
    1819231256,
    1996844235,
    1065333039,
    256023482,
    923770292,
    982950940,
    224484133,
    1857781366,
    2081763949,
    1130439559,
    965044339,
    596778963,
    876037488,
    1998534527,
    2078345139,
    50933397,
    1931246326,
    251208705,
    561377002,
    760588113,
    1874628747,
    41727205,
    2113944344,
    1553611357,
    2077030908,
    802302353,
    318726448,
    218708219,
    1888097225,
    509343526,
    1917730900,
    1653712650,
    1638416568,
    1552052601,
    1348569694,
    909634796
  ]
}