{
  "mode": "site",
  "rep": 174,
  "ne": 10000,
  "r": 1e-05,
  "mu": [
    1e-07,
    1e-07,
    4.413793103448276e-07,
    4.413793103448276e-07,
    7.827586206896552e-07,
    7.827586206896552e-07,
    1.1241379310344827e-06,
    1.1241379310344827e-06,
    1.4655172413793102e-06,
    1.4655172413793102e-06,
    1.8068965517241377e-06,
    1.8068965517241377e-06,
    2.1482758620689656e-06,
    2.1482758620689656e-06,
    2.489655172413793e-06,
    2.489655172413793e-06,
    2.8310344827586205e-06,
    2.8310344827586205e-06,
    3.172413793103448e-06,
    3.172413793103448e-06,
    3.5137931034482755e-06,
    3.5137931034482755e-06,
    3.855172413793104e-06,
    3.855172413793104e-06,
    4.196551724137931e-06,
    4.196551724137931e-06,
    4.537931034482759e-06,
    4.537931034482759e-06,
    4.879310344827586e-06,
    4.879310344827586e-06,
    5.220689655172414e-06,
    5.220689655172414e-06,
    5.562068965517241e-06,
    5.562068965517241e-06,
    5.903448275862069e-06,
    5.903448275862069e-06,
    6.244827586206896e-06,
    6.244827586206896e-06,
    6.5862068965517236e-06,
    6.5862068965517236e-06,
    6.927586206896551e-06,
    7.268965517241379e-06,
    7.610344827586207e-06,
    7.951724137931034e-06,
    8.293103448275863e-06,
    8.634482758620691e-06,
    8.975862068965518e-06,
    9.317241379310346e-06,
    9.658620689655173e-06,
    1e-05
  ],
  "samples": 500,
  "sequence_length": 10000,
  "seeds": [
    837466039,
    1919240882,
    601356475,
    789677172,
    1392622018,
    1724165563,
    1774091308,
    1950070525,
    1154949617,
    117611921,
    479356592,
    323892576,
    1030057423,
    2135652705,
    2027183238,
    2035575843,
    38535884,
    942242133,
    1341308506,
    45122280,
    2093280963,
    1746488647,
    1724981155,
    1074582825,
    264739602,
    457111114,
    802139764,
    86784820,
    2024289842,
    1583944079,
    1382303304,
    1763105992,
    704756652,
    1517371150,
    777375144,
    1637645499,
    172289556,
    174022514,
    2049981393,
    1797880965,
    1069134907,
    1305858740,
    91045990,
    816692261,
    1146519896,
    1413488847,
    293516555,
    1577187617,
    1936609226,
    1286598054
  ]
}