{
  "mode": "site",
  "rep": 75,
  "ne": 10000,
  "r": 1e-05,
  "mu": [
    1e-07,
    1e-07,
    4.413793103448276e-07,
    4.413793103448276e-07,
    7.827586206896552e-07,
    7.827586206896552e-07,
    1.1241379310344827e-06,
    1.1241379310344827e-06,
    1.4655172413793102e-06,
    1.4655172413793102e-06,
    1.8068965517241377e-06,
    1.8068965517241377e-06,
    2.1482758620689656e-06,
    2.1482758620689656e-06,
    2.489655172413793e-06,
    2.489655172413793e-06,
    2.8310344827586205e-06,
    2.8310344827586205e-06,
    3.172413793103448e-06,
    3.172413793103448e-06,
    3.5137931034482755e-06,
    3.5137931034482755e-06,
    3.855172413793104e-06,
    3.855172413793104e-06,
    4.196551724137931e-06,
    4.196551724137931e-06,
    4.537931034482759e-06,
    4.537931034482759e-06,
    4.879310344827586e-06,
    4.879310344827586e-06,
    5.220689655172414e-06,
    5.220689655172414e-06,
    5.562068965517241e-06,
    5.562068965517241e-06,
    5.903448275862069e-06,
    5.903448275862069e-06,
    6.244827586206896e-06,
    6.244827586206896e-06,
    6.5862068965517236e-06,
    6.5862068965517236e-06,
    6.927586206896551e-06,
    7.268965517241379e-06,
    7.610344827586207e-06,
    7.951724137931034e-06,
    8.293103448275863e-06,
    8.634482758620691e-06,
    8.975862068965518e-06,
    9.317241379310346e-06,
    9.658620689655173e-06,
    1e-05
  ],
  "samples": 500,
  "sequence_length": 10000,
  "seeds": [
    413328394,
    721202427,
    1047176271,
    1440353972,
    2060972016,
    1300377785,
    1675762282,
    934876219,
    1166170287,
    652781702,
    1845147785,
    595684857,
    1590663756,
    96273273,
    44023445,
    1756136403,
    1516473588,
    561100382,
    532057486,
    1612889808,
    1430430531,
    1924703985,
    272812692,
    447368306,
    795724053,
    1704019851,
    360593993,
    1115014238,
    1264409915,
    993667562,
    1339295940,
    98027037,
    375752467,
    1242156887,
    1024867400,
    193851585,
    1980591711,
    438615903,
    1469202447,
    1515256439,
    84383593,
    1773429780,
    1595917419,
    872793871,
    958726033,
    99565577,
    1064233012,
    1724655277,
    2107447322,
    488991137
  ]
}