{
  "mode": "branch",
  "rep": 723,
  "ne": 10000,
  "r": [
    1e-08,
    1e-08,
    1.820689655172414e-07,
    1.820689655172414e-07,
    3.541379310344828e-07,
    3.541379310344828e-07,
    5.262068965517242e-07,
    5.262068965517242e-07,
    6.982758620689656e-07,
    6.982758620689656e-07,
    8.70344827586207e-07,
    8.70344827586207e-07,
    1.0424137931034483e-06,
    1.0424137931034483e-06,
    1.2144827586206895e-06,
    1.2144827586206895e-06,
    1.386551724137931e-06,
    1.386551724137931e-06,
    1.5586206896551725e-06,
    1.5586206896551725e-06,
    1.7306896551724138e-06,
    1.7306896551724138e-06,
    1.9027586206896551e-06,
    1.9027586206896551e-06,
    2.0748275862068966e-06,
    2.0748275862068966e-06,
    2.246896551724138e-06,
    2.246896551724138e-06,
    2.418965517241379e-06,
    2.418965517241379e-06,
    2.5910344827586207e-06,
    2.5910344827586207e-06,
    2.763103448275862e-06,
    2.763103448275862e-06,
    2.9351724137931037e-06,
    2.9351724137931037e-06,
    3.107241379310345e-06,
    3.107241379310345e-06,
    3.2793103448275863e-06,
    3.2793103448275863e-06,
    3.4513793103448278e-06,
    3.6234482758620693e-06,
    3.7955172413793103e-06,
    3.967586206896552e-06,
    4.139655172413793e-06,
    4.311724137931034e-06,
    4.483793103448276e-06,
    4.655862068965517e-06,
    4.8279310344827585e-06,
    5e-06
  ],
  "mu": 0,
  "samples": 250,
  "sequence_length": 1000,
  "seeds": [
    2068478542,
    1327991254,
    190671268,
    762271149,
    1304055413,
    1431582577,
    4811155,
    481996993,
    1102407571,
    1854956612,
    1221182660,
    1608871141,
    1554209141,
    904341129,
    1271477282,
    1934141939,
    936521327,
    589510935,
    292174763,
    1542440744,
    965158441,
    416335025,
    1603080800,
    1713997648,
    2032183500,
    315265409,
    1394409526,
    1088693229,
    749204749,
    174764715,
    940378248,
    65142906,
    608528851,
    181661140,
    1632287594,
    393118215,
    1912535256,
    1511539799,
    1680612611,
    1843221583,
    659062625,
    745147141,
    2127786299,
    915614103,
    337494509,
    1118882800,
    247412881,
    351801060,
    1382518837,
    628232158
  ]
}