{
  "mode": "site",
  "rep": 546,
  "ne": 10000,
  "r": 1e-05,
  "mu": [
    1e-07,
    1e-07,
    4.413793103448276e-07,
    4.413793103448276e-07,
    7.827586206896552e-07,
    7.827586206896552e-07,
    1.1241379310344827e-06,
    1.1241379310344827e-06,
    1.4655172413793102e-06,
    1.4655172413793102e-06,
    1.8068965517241377e-06,
    1.8068965517241377e-06,
    2.1482758620689656e-06,
    2.1482758620689656e-06,
    2.489655172413793e-06,
    2.489655172413793e-06,
    2.8310344827586205e-06,
    2.8310344827586205e-06,
    3.172413793103448e-06,
    3.172413793103448e-06,
    3.5137931034482755e-06,
    3.5137931034482755e-06,
    3.855172413793104e-06,
    3.855172413793104e-06,
    4.196551724137931e-06,
    4.196551724137931e-06,
    4.537931034482759e-06,
    4.537931034482759e-06,
    4.879310344827586e-06,
    4.879310344827586e-06,
    5.220689655172414e-06,
    5.220689655172414e-06,
    5.562068965517241e-06,
    5.562068965517241e-06,
    5.903448275862069e-06,
    5.903448275862069e-06,
    6.244827586206896e-06,
    6.244827586206896e-06,
    6.5862068965517236e-06,
    6.5862068965517236e-06,
    6.927586206896551e-06,
    7.268965517241379e-06,
    7.610344827586207e-06,
    7.951724137931034e-06,
    8.293103448275863e-06,
    8.634482758620691e-06,
    8.975862068965518e-06,
    9.317241379310346e-06,
    9.658620689655173e-06,
    1e-05
  ],
  "samples": 500,
  "sequence_length": 50000,
  "seeds": [
    1422796096,
    30437485,
    475693559,
    650699635,
    1689767222,
    1609357736,
    345188722,
    565547326,
    123028976,
    1597641940,
    394365258,
    685042328,
    372928134,
    1119442324,
    638830887,
    481852696,
    2093484365,
    1407122797,
    1202304424,
    1266486517,
    1995195903,
    79582479,
    1693554569,
    1668123002,
    1781106426,
    554155087,
    515686162,
    1864887556,
    1644844520,
    1689595139,
    438925590,
    829995154,
    668122976,
    2010891505,
    1540511110,
    1844394297,
    1833089158,
    1566205247,
    500792226,
    1353444574,
    493341033,
    2012801973,
    1391604000,
    1060757417,
    1299290807,
    1930071131,
    433335360,
    988242895,
    1172472134,
    603399123
  ]
}