{
  "mode": "branch",
  "rep": 785,
  "ne": 10000,
  "r": [
    1e-08,
    1.820689655172414e-07,
    3.541379310344828e-07,
    5.262068965517242e-07,
    6.982758620689656e-07,
    8.70344827586207e-07,
    1.0424137931034483e-06,
    1.2144827586206895e-06,
    1.386551724137931e-06,
    1.5586206896551725e-06,
    1.7306896551724138e-06,
    1.7306896551724138e-06,
    1.9027586206896551e-06,
    1.9027586206896551e-06,
    2.0748275862068966e-06,
    2.0748275862068966e-06,
    2.246896551724138e-06,
    2.246896551724138e-06,
    2.418965517241379e-06,
    2.418965517241379e-06,
    2.5910344827586207e-06,
    2.5910344827586207e-06,
    2.763103448275862e-06,
    2.763103448275862e-06,
    2.9351724137931037e-06,
    2.9351724137931037e-06,
    3.107241379310345e-06,
    3.107241379310345e-06,
    3.2793103448275863e-06,
    3.2793103448275863e-06,
    3.4513793103448278e-06,
    3.4513793103448278e-06,
    3.6234482758620693e-06,
    3.6234482758620693e-06,
    3.7955172413793103e-06,
    3.7955172413793103e-06,
    3.967586206896552e-06,
    3.967586206896552e-06,
    4.139655172413793e-06,
    4.139655172413793e-06,
    4.311724137931034e-06,
    4.311724137931034e-06,
    4.483793103448276e-06,
    4.483793103448276e-06,
    4.655862068965517e-06,
    4.655862068965517e-06,
    4.8279310344827585e-06,
    4.8279310344827585e-06,
    5e-06,
    5e-06
  ],
  "mu": 0,
  "samples": 250,
  "sequence_length": 1000,
  "seeds": [
    614981023,
    1695238451,
    358303825,
    436026023,
    1129131532,
    951000533,
    1189694956,
    1908569558,
    508079032,
    338020400,
    751120774,
    569980211,
    1924105902,
    1701814119,
    2047235576,
    1951985288,
    1174518368,
    1014862804,
    203667084,
    600020968,
    947504173,
    1563632982,
    1821633987,
    675022873,
    1184278686,
    1979758497,
    1972632861,
    169851240,
    1404564336,
    62802406,
    1617509604,
    321972357,
    1140675334,
    1399710706,
    633304874,
    349501798,
    2073426420,
    1244574201,
    1398079760,
    757667491,
    522873538,
    534089720,
    1084568536,
    1456644134,
    1070566509,
    1744270242,
    784606853,
    1147760938,
    1039404358,
    773186658
  ]
}