{
  "mode": "branch",
  "rep": 956,
  "ne": 10000,
  "r": [
    1e-08,
    1.820689655172414e-07,
    3.541379310344828e-07,
    5.262068965517242e-07,
    6.982758620689656e-07,
    8.70344827586207e-07,
    1.0424137931034483e-06,
    1.2144827586206895e-06,
    1.386551724137931e-06,
    1.5586206896551725e-06,
    1.7306896551724138e-06,
    1.7306896551724138e-06,
    1.9027586206896551e-06,
    1.9027586206896551e-06,
    2.0748275862068966e-06,
    2.0748275862068966e-06,
    2.246896551724138e-06,
    2.246896551724138e-06,
    2.418965517241379e-06,
    2.418965517241379e-06,
    2.5910344827586207e-06,
    2.5910344827586207e-06,
    2.763103448275862e-06,
    2.763103448275862e-06,
    2.9351724137931037e-06,
    2.9351724137931037e-06,
    3.107241379310345e-06,
    3.107241379310345e-06,
    3.2793103448275863e-06,
    3.2793103448275863e-06,
    3.4513793103448278e-06,
    3.4513793103448278e-06,
    3.6234482758620693e-06,
    3.6234482758620693e-06,
    3.7955172413793103e-06,
    3.7955172413793103e-06,
    3.967586206896552e-06,
    3.967586206896552e-06,
    4.139655172413793e-06,
    4.139655172413793e-06,
    4.311724137931034e-06,
    4.311724137931034e-06,
    4.483793103448276e-06,
    4.483793103448276e-06,
    4.655862068965517e-06,
    4.655862068965517e-06,
    4.8279310344827585e-06,
    4.8279310344827585e-06,
    5e-06,
    5e-06
  ],
  "mu": 0,
  "samples": 250,
  "sequence_length": 1000,
  "seeds": [
    585947055,
    948922102,
    588349982,
    822048294,
    34492950,
    1047635199,
    1431208587,
    504857363,
    902810118,
    497925573,
    755683921,
    1128294869,
    1053630475,
    161443013,
    1847676959,
    851588005,
    118270993,
    1562070423,
    127438182,
    594439313,
    1373472718,
    234257140,
    2083643403,
    310706845,
    2088900316,
    4910602,
    1076678884,
    1308462712,
    1994690997,
    1761116822,
    35283335,
    296249716,
    1638437621,
    578642802,
    1992494933,
    109234842,
    1740802711,
    1749040312,
    1283722898,
    835353730,
    1977907960,
    639206094,
    1233109518,
    1631418812,
    1851694322,
    1540536847,
    1866661954,
    495246786,
    1008796553,
    1913786643
  ]
}