{
  "mode": "branch",
  "rep": 1017,
  "ne": 10000,
  "r": [
    1e-08,
    1e-08,
    1.820689655172414e-07,
    1.820689655172414e-07,
    3.541379310344828e-07,
    3.541379310344828e-07,
    5.262068965517242e-07,
    5.262068965517242e-07,
    6.982758620689656e-07,
    6.982758620689656e-07,
    8.70344827586207e-07,
    8.70344827586207e-07,
    1.0424137931034483e-06,
    1.0424137931034483e-06,
    1.2144827586206895e-06,
    1.2144827586206895e-06,
    1.386551724137931e-06,
    1.386551724137931e-06,
    1.5586206896551725e-06,
    1.5586206896551725e-06,
    1.7306896551724138e-06,
    1.7306896551724138e-06,
    1.9027586206896551e-06,
    1.9027586206896551e-06,
    2.0748275862068966e-06,
    2.0748275862068966e-06,
    2.246896551724138e-06,
    2.246896551724138e-06,
    2.418965517241379e-06,
    2.418965517241379e-06,
    2.5910344827586207e-06,
    2.5910344827586207e-06,
    2.763103448275862e-06,
    2.763103448275862e-06,
    2.9351724137931037e-06,
    2.9351724137931037e-06,
    3.107241379310345e-06,
    3.107241379310345e-06,
    3.2793103448275863e-06,
    3.2793103448275863e-06,
    3.4513793103448278e-06,
    3.6234482758620693e-06,
    3.7955172413793103e-06,
    3.967586206896552e-06,
    4.139655172413793e-06,
    4.311724137931034e-06,
    4.483793103448276e-06,
    4.655862068965517e-06,
    4.8279310344827585e-06,
    5e-06
  ],
  "mu": 0,
  "samples": 250,
  "sequence_length": 1000,
  "seeds": [
    934755911,
    615382143,
    1441969406,
    737042303,
    1116667846,
    1638549218,
    1178784274,
    1687537371,
    1827260541,
    566839412,
    1929528458,
    1627937470,
    714439255,
    63418548,
    1032659864,
    308152628,
    1344007248,
    1573249714,
    151968040,
    1871114265,
    1119857187,
    1590001821,
    1404983516,
    496781654,
    561842599,
    221086258,
    1124412097,
    112468313,
    499734686,
    1985232998,
    1377793360,
    582623005,
    528662898,
    542570156,
    285580609,
    2072571701,
    577266182,
    1659223785,
    842499717,
    1714882102,
    603143268,
    1878781859,
    2080721279,
    563640889,
    897315701,
    706612925,
    388854789,
    539051600,
    1559542415,
    1722068807
  ]
}