{
  "mode": "site",
  "rep": 487,
  "ne": 10000,
  "r": 1e-05,
  "mu": [
    1e-07,
    1e-07,
    4.413793103448276e-07,
    4.413793103448276e-07,
    7.827586206896552e-07,
    7.827586206896552e-07,
    1.1241379310344827e-06,
    1.1241379310344827e-06,
    1.4655172413793102e-06,
    1.4655172413793102e-06,
    1.8068965517241377e-06,
    1.8068965517241377e-06,
    2.1482758620689656e-06,
    2.1482758620689656e-06,
    2.489655172413793e-06,
    2.489655172413793e-06,
    2.8310344827586205e-06,
    2.8310344827586205e-06,
    3.172413793103448e-06,
    3.172413793103448e-06,
    3.5137931034482755e-06,
    3.855172413793104e-06,
    4.196551724137931e-06,
    4.537931034482759e-06,
    4.879310344827586e-06,
    5.220689655172414e-06,
    5.562068965517241e-06,
    5.903448275862069e-06,
    6.244827586206896e-06,
    6.5862068965517236e-06,
    6.927586206896551e-06,
    6.927586206896551e-06,
    7.268965517241379e-06,
    7.268965517241379e-06,
    7.610344827586207e-06,
    7.610344827586207e-06,
    7.951724137931034e-06,
    7.951724137931034e-06,
    8.293103448275863e-06,
    8.293103448275863e-06,
    8.634482758620691e-06,
    8.634482758620691e-06,
    8.975862068965518e-06,
    8.975862068965518e-06,
    9.317241379310346e-06,
    9.317241379310346e-06,
    9.658620689655173e-06,
    9.658620689655173e-06,
    1e-05,
    1e-05
  ],
  "samples": 500,
  "sequence_length": 50000,
  "seeds": [
    594645964,
    927525816,
    655481495,
    1230393350,
    1931243939,
    1094972702,
    71257594,
    1900168518,
    779088021,
    1153139290,
    498364455,
    1472925236,
    890874762,
    167958698,
    493988402,
    1044475551,
    1585534195,
    541763271,
    231482039,
    364658072,
    1554630574,
    1261365478,
    327764667,
    311731358,
    954998448,
    1153697120,
    1614776784,
    829115936,
    753539061,
    650725597,
    1635199777,
    2005167400,
    855580547,
    398520985,
    1804958412,
    2051322287,
    377724518,
    1317566984,
    2125865508,
    1333046501,
    994814133,
    1230720341,
    1636247635,
    97633860,
    2029468753,
    1233847709,
    782048303,
    1596034530,
    54483756,
    227036368
  ]
}