{
  "mode": "branch",
  "rep": 799,
  "ne": 10000,
  "r": [
    1e-08,
    1e-08,
    1.820689655172414e-07,
    1.820689655172414e-07,
    3.541379310344828e-07,
    3.541379310344828e-07,
    5.262068965517242e-07,
    5.262068965517242e-07,
    6.982758620689656e-07,
    6.982758620689656e-07,
    8.70344827586207e-07,
    8.70344827586207e-07,
    1.0424137931034483e-06,
    1.0424137931034483e-06,
    1.2144827586206895e-06,
    1.2144827586206895e-06,
    1.386551724137931e-06,
    1.386551724137931e-06,
    1.5586206896551725e-06,
    1.5586206896551725e-06,
    1.7306896551724138e-06,
    1.9027586206896551e-06,
    2.0748275862068966e-06,
    2.246896551724138e-06,
    2.418965517241379e-06,
    2.5910344827586207e-06,
    2.763103448275862e-06,
    2.9351724137931037e-06,
    3.107241379310345e-06,
    3.2793103448275863e-06,
    3.4513793103448278e-06,
    3.4513793103448278e-06,
    3.6234482758620693e-06,
    3.6234482758620693e-06,
    3.7955172413793103e-06,
    3.7955172413793103e-06,
    3.967586206896552e-06,
    3.967586206896552e-06,
    4.139655172413793e-06,
    4.139655172413793e-06,
    4.311724137931034e-06,
    4.311724137931034e-06,
    4.483793103448276e-06,
    4.483793103448276e-06,
    4.655862068965517e-06,
    4.655862068965517e-06,
    4.8279310344827585e-06,
    4.8279310344827585e-06,
    5e-06,
    5e-06
  ],
  "mu": 0,
  "samples": 250,
  "sequence_length": 1000,
  "seeds": [
    32199118,
    1273520710,
    1401850495,
    1085776979,
    879221191,
    1703823442,
    470511105,
    1179720258,
    1573101609,
    2045041233,
    163140245,
    780450897,
    1155239164,
    1919507721,
    1520027644,
    359408369,
    1878030691,
    1944480214,
    798038159,
    371562027,
    2044459195,
    1317730754,
    948139750,
    1075238612,
    1275117424,
    917232642,
    1447902979,
    1479593453,
    2004933572,
    808754522,
    1633832261,
    955863142,
    397680821,
    1577426303,
    796439096,
    143159526,
    1508551598,
    43149050,
    1940863345,
    410227764,
    1414587159,
    772797130,
    24419254,
    734119307,
    1128138018,
    738167445,
    1982325502,
    561093048,
    1853883116,
    2139185335
  ]
}