{
  "mode": "branch",
  "rep": 704,
  "ne": 10000,
  "r": [
    1e-08,
    1.820689655172414e-07,
    3.541379310344828e-07,
    5.262068965517242e-07,
    6.982758620689656e-07,
    8.70344827586207e-07,
    1.0424137931034483e-06,
    1.2144827586206895e-06,
    1.386551724137931e-06,
    1.5586206896551725e-06,
    1.7306896551724138e-06,
    1.7306896551724138e-06,
    1.9027586206896551e-06,
    1.9027586206896551e-06,
    2.0748275862068966e-06,
    2.0748275862068966e-06,
    2.246896551724138e-06,
    2.246896551724138e-06,
    2.418965517241379e-06,
    2.418965517241379e-06,
    2.5910344827586207e-06,
    2.5910344827586207e-06,
    2.763103448275862e-06,
    2.763103448275862e-06,
    2.9351724137931037e-06,
    2.9351724137931037e-06,
    3.107241379310345e-06,
    3.107241379310345e-06,
    3.2793103448275863e-06,
    3.2793103448275863e-06,
    3.4513793103448278e-06,
    3.4513793103448278e-06,
    3.6234482758620693e-06,
    3.6234482758620693e-06,
    3.7955172413793103e-06,
    3.7955172413793103e-06,
    3.967586206896552e-06,
    3.967586206896552e-06,
    4.139655172413793e-06,
    4.139655172413793e-06,
    4.311724137931034e-06,
    4.311724137931034e-06,
    4.483793103448276e-06,
    4.483793103448276e-06,
    4.655862068965517e-06,
    4.655862068965517e-06,
    4.8279310344827585e-06,
    4.8279310344827585e-06,
    5e-06,
    5e-06
  ],
  "mu": 0,
  "samples": 250,
  "sequence_length": 1000,
  "seeds": [
    956633798,
    206702458,
    1243060112,
    925588004,
    1677906509,
    1043210143,
    382908732,
    305167526,
    155822755,
    1717849849,
    2044644619,
    121623824,
    271003903,
    556443465,
    1386867580,
    1200252599,
    151896960,
    34336749,
    1673680918,
    330699230,
    1111757423,
    1427627155,
    1031711824,
    2109661838,
    415187665,
    1590459734,
    1530697855,
    923440161,
    958976651,
    549835175,
    130252929,
    445905798,
    2027767736,
    142721423,
    494884718,
    2018023252,
    1871753655,
    141215262,
    803506875,
    1739129393,
    1511489804,
    1208952056,
    400495777,
    869621670,
    1201879097,
    1410752483,
    1700708949,
    194563463,
    1385829753,
    613799145
  ]
}