{
  "mode": "site",
  "rep": 2,
  "ne": 10000,
  "r": 1e-05,
  "mu": [
    1e-07,
    4.413793103448276e-07,
    7.827586206896552e-07,
    1.1241379310344827e-06,
    1.4655172413793102e-06,
    1.8068965517241377e-06,
    2.1482758620689656e-06,
    2.489655172413793e-06,
    2.8310344827586205e-06,
    3.172413793103448e-06,
    3.5137931034482755e-06,
    3.5137931034482755e-06,
    3.855172413793104e-06,
    3.855172413793104e-06,
    4.196551724137931e-06,
    4.196551724137931e-06,
    4.537931034482759e-06,
    4.537931034482759e-06,
    4.879310344827586e-06,
    4.879310344827586e-06,
    5.220689655172414e-06,
    5.220689655172414e-06,
    5.562068965517241e-06,
    5.562068965517241e-06,
    5.903448275862069e-06,
    5.903448275862069e-06,
    6.244827586206896e-06,
    6.244827586206896e-06,
    6.5862068965517236e-06,
    6.5862068965517236e-06,
    6.927586206896551e-06,
    6.927586206896551e-06,
    7.268965517241379e-06,
    7.268965517241379e-06,
    7.610344827586207e-06,
    7.610344827586207e-06,
    7.951724137931034e-06,
    7.951724137931034e-06,
    8.293103448275863e-06,
    8.293103448275863e-06,
    8.634482758620691e-06,
    8.634482758620691e-06,
    8.975862068965518e-06,
    8.975862068965518e-06,
    9.317241379310346e-06,
    9.317241379310346e-06,
    9.658620689655173e-06,
    9.658620689655173e-06,
    1e-05,
    1e-05
  ],
  "samples": 500,
  "sequence_length": 10000,
  "seeds": [
    1724868257,
    1625321277,
    24736101,
    475206156,
    1377402370,
    879575594,
    1407529205,
    116822811,
    995716646,
    815107498,
    339540734,
    1164815161,
    2000436520,
    1196798418,
    1627688699,
    2022864545,
    633520822,
    1771889956,
    993216792,
    1270508651,
    1795063582,
    2013098027,
    554323623,
    1902522373,
    1788457566,
    1620630561,
    1008447795,
    1388471126,
    498159388,
    278552994,
    1939554665,
    601205084,
    1095778528,
    2001066147,
    1933831141,
    133863681,
    2029448412,
    1840165260,
    1028090597,
    95981044,
    853329727,
    187919349,
    807223521,
    842552183,
    1481803225,
    1063401911,
    1946978162,
    2100610522,
    435380943,
    1216800554
  ]
}