{
  "mode": "branch",
  "rep": 983,
  "ne": 10000,
  "r": [
    1e-08,
    1.820689655172414e-07,
    3.541379310344828e-07,
    5.262068965517242e-07,
    6.982758620689656e-07,
    8.70344827586207e-07,
    1.0424137931034483e-06,
    1.2144827586206895e-06,
    1.386551724137931e-06,
    1.5586206896551725e-06,
    1.7306896551724138e-06,
    1.7306896551724138e-06,
    1.9027586206896551e-06,
    1.9027586206896551e-06,
    2.0748275862068966e-06,
    2.0748275862068966e-06,
    2.246896551724138e-06,
    2.246896551724138e-06,
    2.418965517241379e-06,
    2.418965517241379e-06,
    2.5910344827586207e-06,
    2.5910344827586207e-06,
    2.763103448275862e-06,
    2.763103448275862e-06,
    2.9351724137931037e-06,
    2.9351724137931037e-06,
    3.107241379310345e-06,
    3.107241379310345e-06,
    3.2793103448275863e-06,
    3.2793103448275863e-06,
    3.4513793103448278e-06,
    3.4513793103448278e-06,
    3.6234482758620693e-06,
    3.6234482758620693e-06,
    3.7955172413793103e-06,
    3.7955172413793103e-06,
    3.967586206896552e-06,
    3.967586206896552e-06,
    4.139655172413793e-06,
    4.139655172413793e-06,
    4.311724137931034e-06,
    4.311724137931034e-06,
    4.483793103448276e-06,
    4.483793103448276e-06,
    4.655862068965517e-06,
    4.655862068965517e-06,
    4.8279310344827585e-06,
    4.8279310344827585e-06,
    5e-06,
    5e-06
  ],
  "mu": 0,
  "samples": 250,
  "sequence_length": 1000,
  "seeds": [
    906970532,
    1696831168,
    1830976234,
    895693116,
    831651502,
    1966989686,
    87579016,
    655739087,
    243807744,
    1385441879,
    1804605483,
    2090549534,
    1698661495,
    926339184,
    674880053,
    733123542,
    933014703,
    1047361575,
    1417203986,
    118833635,
    279745842,
    1817368744,
    2008932650,
    1390978260,
    1301347383,
    1424658662,
    1468768192,
    752925051,
    826962505,
    357489938,
    1648525021,
    248128079,
    562549167,
    974093705,
    1896913529,
    1356010311,
    2033463475,
    789222139,
    1130375859,
    70143634,
    269452031,
    17967050,
    915860037,
    507864422,
    570437032,
    1824428644,
    358237197,
    605318526,
    1218889238,
    269692025
  ]
}