{
  "mode": "site",
  "rep": 205,
  "ne": 10000,
  "r": 1e-05,
  "mu": [
    1e-07,
    1e-07,
    4.413793103448276e-07,
    4.413793103448276e-07,
    7.827586206896552e-07,
    7.827586206896552e-07,
    1.1241379310344827e-06,
    1.1241379310344827e-06,
    1.4655172413793102e-06,
    1.4655172413793102e-06,
    1.8068965517241377e-06,
    1.8068965517241377e-06,
    2.1482758620689656e-06,
    2.1482758620689656e-06,
    2.489655172413793e-06,
    2.489655172413793e-06,
    2.8310344827586205e-06,
    2.8310344827586205e-06,
    3.172413793103448e-06,
    3.172413793103448e-06,
    3.5137931034482755e-06,
    3.855172413793104e-06,
    4.196551724137931e-06,
    4.537931034482759e-06,
    4.879310344827586e-06,
    5.220689655172414e-06,
    5.562068965517241e-06,
    5.903448275862069e-06,
    6.244827586206896e-06,
    6.5862068965517236e-06,
    6.927586206896551e-06,
    6.927586206896551e-06,
    7.268965517241379e-06,
    7.268965517241379e-06,
    7.610344827586207e-06,
    7.610344827586207e-06,
    7.951724137931034e-06,
    7.951724137931034e-06,
    8.293103448275863e-06,
    8.293103448275863e-06,
    8.634482758620691e-06,
    8.634482758620691e-06,
    8.975862068965518e-06,
    8.975862068965518e-06,
    9.317241379310346e-06,
    9.317241379310346e-06,
    9.658620689655173e-06,
    9.658620689655173e-06,
    1e-05,
    1e-05
  ],
  "samples": 500,
  "sequence_length": 10000,
  "seeds": [
    1390317127,
    820736608,
    331820372,
    1218243731,
    1086194361,
    1946665604,
    1091892981,
    884012558,
    574319033,
    19545915,
    1281138869,
    325888030,
    968110848,
    312622047,
    913776189,
    845291501,
    1614638615,
    1411189522,
    822987919,
    18093987,
    700561341,
    289906328,
    1260209214,
    673305766,
    648280747,
    1465838982,
    1239408813,
    29899318,
    469192663,
    1396029351,
    149040531,
    176648730,
    332094898,
    146030980,
    2079659833,
    1852088403,
    134434526,
    42064939,
    126024618,
    1142057298,
    527010918,
    184240789,
    2142226036,
    413823027,
    410615396,
    1840097827,
    1124745548,
    1391356780,
    634803927,
    530251281
  ]
}