{
  "mode": "site",
  "rep": 390,
  "ne": 10000,
  "r": 1e-05,
  "mu": [
    1e-07,
    1e-07,
    4.413793103448276e-07,
    4.413793103448276e-07,
    7.827586206896552e-07,
    7.827586206896552e-07,
    1.1241379310344827e-06,
    1.1241379310344827e-06,
    1.4655172413793102e-06,
    1.4655172413793102e-06,
    1.8068965517241377e-06,
    1.8068965517241377e-06,
    2.1482758620689656e-06,
    2.1482758620689656e-06,
    2.489655172413793e-06,
    2.489655172413793e-06,
    2.8310344827586205e-06,
    2.8310344827586205e-06,
    3.172413793103448e-06,
    3.172413793103448e-06,
    3.5137931034482755e-06,
    3.5137931034482755e-06,
    3.855172413793104e-06,
    3.855172413793104e-06,
    4.196551724137931e-06,
    4.196551724137931e-06,
    4.537931034482759e-06,
    4.537931034482759e-06,
    4.879310344827586e-06,
    4.879310344827586e-06,
    5.220689655172414e-06,
    5.220689655172414e-06,
    5.562068965517241e-06,
    5.562068965517241e-06,
    5.903448275862069e-06,
    5.903448275862069e-06,
    6.244827586206896e-06,
    6.244827586206896e-06,
    6.5862068965517236e-06,
    6.5862068965517236e-06,
    6.927586206896551e-06,
    7.268965517241379e-06,
    7.610344827586207e-06,
    7.951724137931034e-06,
    8.293103448275863e-06,
    8.634482758620691e-06,
    8.975862068965518e-06,
    9.317241379310346e-06,
    9.658620689655173e-06,
    1e-05
  ],
  "samples": 500,
  "sequence_length": 50000,
  "seeds": [
    969210916,
    788991659,
    1332810002,
    1128514417,
    2130509549,
    620087975,
    1092577198,
    499152075,
    45150337,
    239150220,
    319619789,
    1614292516,
    171501061,
    1343183108,
    1387769901,
    140315439,
    1972489348,
    940450277,
    811216883,
    1374400288,
    668159943,
    1656425090,
    1089610391,
    873347825,
    776846166,
    587007416,
    1462699997,
    686395042,
    405452028,
    973530608,
    1765729190,
    1665696482,
    395528166,
    833476011,
    990163935,
    1886127891,
    1249261505,
    1484441963,
    798822158,
    246302598,
    1480237942,
    2132795439,
    1548535932,
    2029211099,
    1009200218,
    1102144114,
    943658268,
    852380013,
    747475749,
    860158316
  ]
}