{
  "mode": "site",
  "rep": 178,
  "ne": 10000,
  "r": 1e-05,
  "mu": [
    1e-07,
    1e-07,
    4.413793103448276e-07,
    4.413793103448276e-07,
    7.827586206896552e-07,
    7.827586206896552e-07,
    1.1241379310344827e-06,
    1.1241379310344827e-06,
    1.4655172413793102e-06,
    1.4655172413793102e-06,
    1.8068965517241377e-06,
    1.8068965517241377e-06,
    2.1482758620689656e-06,
    2.1482758620689656e-06,
    2.489655172413793e-06,
    2.489655172413793e-06,
    2.8310344827586205e-06,
    2.8310344827586205e-06,
    3.172413793103448e-06,
    3.172413793103448e-06,
    3.5137931034482755e-06,
    3.855172413793104e-06,
    4.196551724137931e-06,
    4.537931034482759e-06,
    4.879310344827586e-06,
    5.220689655172414e-06,
    5.562068965517241e-06,
    5.903448275862069e-06,
    6.244827586206896e-06,
    6.5862068965517236e-06,
    6.927586206896551e-06,
    6.927586206896551e-06,
    7.268965517241379e-06,
    7.268965517241379e-06,
    7.610344827586207e-06,
    7.610344827586207e-06,
    7.951724137931034e-06,
    7.951724137931034e-06,
    8.293103448275863e-06,
    8.293103448275863e-06,
    8.634482758620691e-06,
    8.634482758620691e-06,
    8.975862068965518e-06,
    8.975862068965518e-06,
    9.317241379310346e-06,
    9.317241379310346e-06,
    9.658620689655173e-06,
    9.658620689655173e-06,
    1e-05,
    1e-05
  ],
  "samples": 500,
  "sequence_length": 50000,
  "seeds": [
    520372842,
    792163367,
    1301279257,
    981312520,
    507780313,
    1592916463,
    858051977,
    1335201404,
    1482476839,
    1988735035,
    22311870,
    751646951,
    186975033,
    1639070972,
    1833277969,
    191349598,
    665877076,
    1311319609,
    186738575,
    350291792,
    1523006358,
    1590170113,
    412021221,
    1173576686,
    1089068755,
    132366063,
    1566464938,
    289853400,
    479127856,
    1158916127,
    1038811178,
    654236780,
    1526527020,
    1494847328,
    1593920366,
    37713755,
    217283980,
    542688820,
    1052624198,
    449023775,
    927249222,
    753839661,
    1765551669,
    134170023,
    868385858,
    424395302,
    944824304,
    329463989,
    428075222,
    491730189
  ]
}