{
  "mode": "branch",
  "rep": 892,
  "ne": 10000,
  "r": [
    1e-08,
    1e-08,
    1.820689655172414e-07,
    1.820689655172414e-07,
    3.541379310344828e-07,
    3.541379310344828e-07,
    5.262068965517242e-07,
    5.262068965517242e-07,
    6.982758620689656e-07,
    6.982758620689656e-07,
    8.70344827586207e-07,
    8.70344827586207e-07,
    1.0424137931034483e-06,
    1.0424137931034483e-06,
    1.2144827586206895e-06,
    1.2144827586206895e-06,
    1.386551724137931e-06,
    1.386551724137931e-06,
    1.5586206896551725e-06,
    1.5586206896551725e-06,
    1.7306896551724138e-06,
    1.9027586206896551e-06,
    2.0748275862068966e-06,
    2.246896551724138e-06,
    2.418965517241379e-06,
    2.5910344827586207e-06,
    2.763103448275862e-06,
    2.9351724137931037e-06,
    3.107241379310345e-06,
    3.2793103448275863e-06,
    3.4513793103448278e-06,
    3.4513793103448278e-06,
    3.6234482758620693e-06,
    3.6234482758620693e-06,
    3.7955172413793103e-06,
    3.7955172413793103e-06,
    3.967586206896552e-06,
    3.967586206896552e-06,
    4.139655172413793e-06,
    4.139655172413793e-06,
    4.311724137931034e-06,
    4.311724137931034e-06,
    4.483793103448276e-06,
    4.483793103448276e-06,
    4.655862068965517e-06,
    4.655862068965517e-06,
    4.8279310344827585e-06,
    4.8279310344827585e-06,
    5e-06,
    5e-06
  ],
  "mu": 0,
  "samples": 250,
  "sequence_length": 1000,
  "seeds": [
    1956452082,
    364453776,
    1309074587,
    1631860308,
    257102611,
    876784916,
    207996806,
    1997775896,
    1277318838,
    5482303,
    905467093,
    1322998585,
    1178346778,
    669482442,
    1714856613,
    2090462020,
    679548642,
    28850924,
    1394200911,
    1094799978,
    837238608,
    349865845,
    1135114447,
    495101509,
    1633204911,
    2104436293,
    1756513613,
    2098400022,
    1251607106,
    737750319,
    1396633316,
    584494388,
    1219445033,
    306865401,
    1279791458,
    208460403,
    1446954129,
    782657052,
    271498796,
    1299966218,
    777998616,
    1559632710,
    729098733,
    1390866586,
    1419590364,
    229506156,
    768442525,
    543680258,
    517651672,
    1266265177
  ]
}