{
  "mode": "branch",
  "rep": 724,
  "ne": 10000,
  "r": [
    1e-08,
    1e-08,
    1.820689655172414e-07,
    1.820689655172414e-07,
    3.541379310344828e-07,
    3.541379310344828e-07,
    5.262068965517242e-07,
    5.262068965517242e-07,
    6.982758620689656e-07,
    6.982758620689656e-07,
    8.70344827586207e-07,
    8.70344827586207e-07,
    1.0424137931034483e-06,
    1.0424137931034483e-06,
    1.2144827586206895e-06,
    1.2144827586206895e-06,
    1.386551724137931e-06,
    1.386551724137931e-06,
    1.5586206896551725e-06,
    1.5586206896551725e-06,
    1.7306896551724138e-06,
    1.9027586206896551e-06,
    2.0748275862068966e-06,
    2.246896551724138e-06,
    2.418965517241379e-06,
    2.5910344827586207e-06,
    2.763103448275862e-06,
    2.9351724137931037e-06,
    3.107241379310345e-06,
    3.2793103448275863e-06,
    3.4513793103448278e-06,
    3.4513793103448278e-06,
    3.6234482758620693e-06,
    3.6234482758620693e-06,
    3.7955172413793103e-06,
    3.7955172413793103e-06,
    3.967586206896552e-06,
    3.967586206896552e-06,
    4.139655172413793e-06,
    4.139655172413793e-06,
    4.311724137931034e-06,
    4.311724137931034e-06,
    4.483793103448276e-06,
    4.483793103448276e-06,
    4.655862068965517e-06,
    4.655862068965517e-06,
    4.8279310344827585e-06,
    4.8279310344827585e-06,
    5e-06,
    5e-06
  ],
  "mu": 0,
  "samples": 250,
  "sequence_length": 1000,
  "seeds": [
    1228294907,
    1565009536,
    901291410,
    1601233012,
    457686979,
    591497376,
    1988695916,
    2109527930,
    1152968091,
    507618077,
    1209816178,
    1050315389,
    2085190902,
    1145157374,
    1159397048,
    743072779,
    1949585346,
    254747278,
    1868119413,
    448124815,
    128106319,
    425758620,
    1188232079,
    479785082,
    264688870,
    1155150787,
    1292934474,
    1935858631,
    68893570,
    338393679,
    1491208972,
    1413975906,
    1549387753,
    411767668,
    1530310001,
    222343816,
    454512848,
    1237725651,
    1278315687,
    547271257,
    257182501,
    816367319,
    1903921752,
    2089414588,
    515943305,
    1752735367,
    1327999023,
    1144473449,
    595968950,
    558265484
  ]
}