{
  "mode": "branch",
  "rep": 776,
  "ne": 10000,
  "r": [
    1e-08,
    1.820689655172414e-07,
    3.541379310344828e-07,
    5.262068965517242e-07,
    6.982758620689656e-07,
    8.70344827586207e-07,
    1.0424137931034483e-06,
    1.2144827586206895e-06,
    1.386551724137931e-06,
    1.5586206896551725e-06,
    1.7306896551724138e-06,
    1.7306896551724138e-06,
    1.9027586206896551e-06,
    1.9027586206896551e-06,
    2.0748275862068966e-06,
    2.0748275862068966e-06,
    2.246896551724138e-06,
    2.246896551724138e-06,
    2.418965517241379e-06,
    2.418965517241379e-06,
    2.5910344827586207e-06,
    2.5910344827586207e-06,
    2.763103448275862e-06,
    2.763103448275862e-06,
    2.9351724137931037e-06,
    2.9351724137931037e-06,
    3.107241379310345e-06,
    3.107241379310345e-06,
    3.2793103448275863e-06,
    3.2793103448275863e-06,
    3.4513793103448278e-06,
    3.4513793103448278e-06,
    3.6234482758620693e-06,
    3.6234482758620693e-06,
    3.7955172413793103e-06,
    3.7955172413793103e-06,
    3.967586206896552e-06,
    3.967586206896552e-06,
    4.139655172413793e-06,
    4.139655172413793e-06,
    4.311724137931034e-06,
    4.311724137931034e-06,
    4.483793103448276e-06,
    4.483793103448276e-06,
    4.655862068965517e-06,
    4.655862068965517e-06,
    4.8279310344827585e-06,
    4.8279310344827585e-06,
    5e-06,
    5e-06
  ],
  "mu": 0,
  "samples": 250,
  "sequence_length": 1000,
  "seeds": [
    1795558824,
    1626376707,
    921608627,
    917165493,
    1500253120,
    975463446,
    1283025839,
    527357415,
    328209462,
    535811539,
    500479633,
    1795892168,
    1435567297,
    2028474476,
    970915160,
    1497300227,
    115862194,
    1015421111,
    117906231,
    185803035,
    2035772108,
    2049007544,
    14573340,
    92852793,
    1047078388,
    1843832076,
    1801876025,
    1655277478,
    1959072164,
    1120148036,
    1876587410,
    2073399527,
    2052754252,
    471824973,
    386053966,
    845482305,
    1331751479,
    660969495,
    1421765963,
    2115528483,
    536612978,
    255903511,
    47229668,
    1627160850,
    159342530,
    1076597026,
    183593487,
    1669174343,
    1532510442,
    1063309707
  ]
}