{
  "mode": "site",
  "rep": 40,
  "ne": 10000,
  "r": 1e-05,
  "mu": [
    1e-07,
    1e-07,
    4.413793103448276e-07,
    4.413793103448276e-07,
    7.827586206896552e-07,
    7.827586206896552e-07,
    1.1241379310344827e-06,
    1.1241379310344827e-06,
    1.4655172413793102e-06,
    1.4655172413793102e-06,
    1.8068965517241377e-06,
    1.8068965517241377e-06,
    2.1482758620689656e-06,
    2.1482758620689656e-06,
    2.489655172413793e-06,
    2.489655172413793e-06,
    2.8310344827586205e-06,
    2.8310344827586205e-06,
    3.172413793103448e-06,
    3.172413793103448e-06,
    3.5137931034482755e-06,
    3.855172413793104e-06,
    4.196551724137931e-06,
    4.537931034482759e-06,
    4.879310344827586e-06,
    5.220689655172414e-06,
    5.562068965517241e-06,
    5.903448275862069e-06,
    6.244827586206896e-06,
    6.5862068965517236e-06,
    6.927586206896551e-06,
    6.927586206896551e-06,
    7.268965517241379e-06,
    7.268965517241379e-06,
    7.610344827586207e-06,
    7.610344827586207e-06,
    7.951724137931034e-06,
    7.951724137931034e-06,
    8.293103448275863e-06,
    8.293103448275863e-06,
    8.634482758620691e-06,
    8.634482758620691e-06,
    8.975862068965518e-06,
    8.975862068965518e-06,
    9.317241379310346e-06,
    9.317241379310346e-06,
    9.658620689655173e-06,
    9.658620689655173e-06,
    1e-05,
    1e-05
  ],
  "samples": 500,
  "sequence_length": 10000,
  "seeds": [
    1988513780,
    17748346,
    1417550882,
    737822953,
    313083098,
    1660635856,
    1382366412,
    577452323,
    1946052676,
    819544433,
    883891177,
    1565267763,
    1827618797,
    1975630386,
    592159375,
    2137862861,
    2020070480,
    451657427,
    353812598,
    1599198039,
    637858154,
    1955994044,
    867284226,
    2118036836,
    1368234436,
    470780119,
    1058790833,
    1055035642,
    1463285523,
    1976702027,
    1442127374,
    1415209245,
    1116170546,
    957587815,
    1417207290,
    540895597,
    1269957349,
    1464247942,
    1098358149,
    73864829,
    1459097045,
    118558686,
    1096500744,
    2129406128,
    1271079026,
    1576610005,
    1538023834,
    619509934,
    1975431261,
    226663416
  ]
}