{
  "mode": "site",
  "rep": 464,
  "ne": 10000,
  "r": 1e-05,
  "mu": [
    1e-07,
    4.413793103448276e-07,
    7.827586206896552e-07,
    1.1241379310344827e-06,
    1.4655172413793102e-06,
    1.8068965517241377e-06,
    2.1482758620689656e-06,
    2.489655172413793e-06,
    2.8310344827586205e-06,
    3.172413793103448e-06,
    3.5137931034482755e-06,
    3.5137931034482755e-06,
    3.855172413793104e-06,
    3.855172413793104e-06,
    4.196551724137931e-06,
    4.196551724137931e-06,
    4.537931034482759e-06,
    4.537931034482759e-06,
    4.879310344827586e-06,
    4.879310344827586e-06,
    5.220689655172414e-06,
    5.220689655172414e-06,
    5.562068965517241e-06,
    5.562068965517241e-06,
    5.903448275862069e-06,
    5.903448275862069e-06,
    6.244827586206896e-06,
    6.244827586206896e-06,
    6.5862068965517236e-06,
    6.5862068965517236e-06,
    6.927586206896551e-06,
    6.927586206896551e-06,
    7.268965517241379e-06,
    7.268965517241379e-06,
    7.610344827586207e-06,
    7.610344827586207e-06,
    7.951724137931034e-06,
    7.951724137931034e-06,
    8.293103448275863e-06,
    8.293103448275863e-06,
    8.634482758620691e-06,
    8.634482758620691e-06,
    8.975862068965518e-06,
    8.975862068965518e-06,
    9.317241379310346e-06,
    9.317241379310346e-06,
    9.658620689655173e-06,
    9.658620689655173e-06,
    1e-05,
    1e-05
  ],
  "samples": 500,
  "sequence_length": 50000,
  "seeds": [
    762411721,
    1775271058,
    1782779166,
    273119571,
    1775308332,
    1650460216,
    1174299641,
    1231782476,
    866447930,
    1616897449,
    1994842655,
    236851745,
    54705775,
    800317127,
    116860946,
    2031895294,
    1280505059,
    697603820,
    2011961963,
    1086241500,
    885921663,
    2028805032,
    1885435300,
    335430991,
    865138458,
    76904944,
    1476982905,
    500912652,
    1979794654,
    179826505,
    689587723,
    244595846,
    2119309395,
    1049209813,
    658787410,
    2063601021,
    1218331446,
    1952653998,
    757001001,
    253888833,
    170890324,
    1065845445,
    449591892,
    1383522432,
    842175587,
    1295900478,
    1515372308,
    1523846247,
    586155277,
    1479769865
  ]
}