{
  "mode": "site",
  "rep": 585,
  "ne": 10000,
  "r": 1e-05,
  "mu": [
    1e-07,
    1e-07,
    4.413793103448276e-07,
    4.413793103448276e-07,
    7.827586206896552e-07,
    7.827586206896552e-07,
    1.1241379310344827e-06,
    1.1241379310344827e-06,
    1.4655172413793102e-06,
    1.4655172413793102e-06,
    1.8068965517241377e-06,
    1.8068965517241377e-06,
    2.1482758620689656e-06,
    2.1482758620689656e-06,
    2.489655172413793e-06,
    2.489655172413793e-06,
    2.8310344827586205e-06,
    2.8310344827586205e-06,
    3.172413793103448e-06,
    3.172413793103448e-06,
    3.5137931034482755e-06,
    3.5137931034482755e-06,
    3.855172413793104e-06,
    3.855172413793104e-06,
    4.196551724137931e-06,
    4.196551724137931e-06,
    4.537931034482759e-06,
    4.537931034482759e-06,
    4.879310344827586e-06,
    4.879310344827586e-06,
    5.220689655172414e-06,
    5.220689655172414e-06,
    5.562068965517241e-06,
    5.562068965517241e-06,
    5.903448275862069e-06,
    5.903448275862069e-06,
    6.244827586206896e-06,
    6.244827586206896e-06,
    6.5862068965517236e-06,
    6.5862068965517236e-06,
    6.927586206896551e-06,
    7.268965517241379e-06,
    7.610344827586207e-06,
    7.951724137931034e-06,
    8.293103448275863e-06,
    8.634482758620691e-06,
    8.975862068965518e-06,
    9.317241379310346e-06,
    9.658620689655173e-06,
    1e-05
  ],
  "samples": 500,
  "sequence_length": 10000,
  "seeds": [
    1637409182,
    1056422424,
    1751373505,
    277897589,
    749601792,
    1280266377,
    835234998,
    726446392,
    266815488,
    1121535512,
    188825986,
    1058604190,
    1019605442,
    88146554,
    676890292,
    1767920260,
    1503010597,
    1927638536,
    888668935,
    159708429,
    83514219,
    1101967161,
    1403807947,
    1491142184,
    1717167101,
    1236601750,
    1085270658,
    1452373533,
    1532713871,
    2141565005,
    1191697779,
    1645743218,
    1878865287,
    416388832,
    1866633364,
    1977188060,
    108204269,
    390954957,
    946482553,
    1482681085,
    426906185,
    993130085,
    1642041639,
    1400075221,
    1065405435,
    242492646,
    1614550889,
    1417500235,
    462136141,
    360138393
  ]
}