{
  "mode": "branch",
  "rep": 1186,
  "ne": 10000,
  "r": [
    1e-08,
    1e-08,
    1.820689655172414e-07,
    1.820689655172414e-07,
    3.541379310344828e-07,
    3.541379310344828e-07,
    5.262068965517242e-07,
    5.262068965517242e-07,
    6.982758620689656e-07,
    6.982758620689656e-07,
    8.70344827586207e-07,
    8.70344827586207e-07,
    1.0424137931034483e-06,
    1.0424137931034483e-06,
    1.2144827586206895e-06,
    1.2144827586206895e-06,
    1.386551724137931e-06,
    1.386551724137931e-06,
    1.5586206896551725e-06,
    1.5586206896551725e-06,
    1.7306896551724138e-06,
    1.9027586206896551e-06,
    2.0748275862068966e-06,
    2.246896551724138e-06,
    2.418965517241379e-06,
    2.5910344827586207e-06,
    2.763103448275862e-06,
    2.9351724137931037e-06,
    3.107241379310345e-06,
    3.2793103448275863e-06,
    3.4513793103448278e-06,
    3.4513793103448278e-06,
    3.6234482758620693e-06,
    3.6234482758620693e-06,
    3.7955172413793103e-06,
    3.7955172413793103e-06,
    3.967586206896552e-06,
    3.967586206896552e-06,
    4.139655172413793e-06,
    4.139655172413793e-06,
    4.311724137931034e-06,
    4.311724137931034e-06,
    4.483793103448276e-06,
    4.483793103448276e-06,
    4.655862068965517e-06,
    4.655862068965517e-06,
    4.8279310344827585e-06,
    4.8279310344827585e-06,
    5e-06,
    5e-06
  ],
  "mu": 0,
  "samples": 250,
  "sequence_length": 1000,
  "seeds": [
    218772997,
    931605639,
    846405367,
    638798207,
    462587049,
    1459768686,
    703575779,
    479791859,
    67335979,
    562557250,
    1548881454,
    27664880,
    1487142620,
    567715613,
    261879239,
    545878416,
    1011998118,
    99964738,
    2091161806,
    785936618,
    1475752972,
    1751975303,
    751032886,
    1924430623,
    1860711611,
    1819980315,
    1944624526,
    1826963631,
    1086136178,
    829867711,
    1701803954,
    410812748,
    489848425,
    988626706,
    1847921637,
    1449859670,
    1433993677,
    2081662366,
    166292913,
    331316803,
    1068198027,
    1375572878,
    536053219,
    1204934442,
    894762231,
    1491319980,
    1590434805,
    2139811303,
    407339912,
    1387807995
  ]
}