{
  "mode": "site",
  "rep": 20,
  "ne": 10000,
  "r": 1e-05,
  "mu": [
    1e-07,
    4.413793103448276e-07,
    7.827586206896552e-07,
    1.1241379310344827e-06,
    1.4655172413793102e-06,
    1.8068965517241377e-06,
    2.1482758620689656e-06,
    2.489655172413793e-06,
    2.8310344827586205e-06,
    3.172413793103448e-06,
    3.5137931034482755e-06,
    3.5137931034482755e-06,
    3.855172413793104e-06,
    3.855172413793104e-06,
    4.196551724137931e-06,
    4.196551724137931e-06,
    4.537931034482759e-06,
    4.537931034482759e-06,
    4.879310344827586e-06,
    4.879310344827586e-06,
    5.220689655172414e-06,
    5.220689655172414e-06,
    5.562068965517241e-06,
    5.562068965517241e-06,
    5.903448275862069e-06,
    5.903448275862069e-06,
    6.244827586206896e-06,
    6.244827586206896e-06,
    6.5862068965517236e-06,
    6.5862068965517236e-06,
    6.927586206896551e-06,
    6.927586206896551e-06,
    7.268965517241379e-06,
    7.268965517241379e-06,
    7.610344827586207e-06,
    7.610344827586207e-06,
    7.951724137931034e-06,
    7.951724137931034e-06,
    8.293103448275863e-06,
    8.293103448275863e-06,
    8.634482758620691e-06,
    8.634482758620691e-06,
    8.975862068965518e-06,
    8.975862068965518e-06,
    9.317241379310346e-06,
    9.317241379310346e-06,
    9.658620689655173e-06,
    9.658620689655173e-06,
    1e-05,
    1e-05
  ],
  "samples": 500,
  "sequence_length": 10000,
  "seeds": [
    1628977441,
    1730479913,
    856160693,
    1048250768,
    313163355,
    1949676923,
    1913735119,
    162624431,
    1536118625,
    745000230,
    2000070073,
    431204865,
    1396441960,
    1712109145,
    1084757388,
    437992306,
    814870830,
    1645253476,
    1673832254,
    733627568,
    1845078653,
    2128096939,
    1570845094,
    202382697,
    640254769,
    510755224,
    1742883010,
    1968859961,
    410127225,
    1003757440,
    690764725,
    1788722128,
    1107538155,
    2132608192,
    194951786,
    2072465708,
    1213931483,
    1228148768,
    1830793509,
    1386314797,
    4625260,
    1103060273,
    184778401,
    1518336834,
    1591443866,
    107468302,
    35428340,
    427504745,
    133986794,
    1880405394
  ]
}