{
  "mode": "branch",
  "rep": 816,
  "ne": 10000,
  "r": [
    1e-08,
    1e-08,
    1.820689655172414e-07,
    1.820689655172414e-07,
    3.541379310344828e-07,
    3.541379310344828e-07,
    5.262068965517242e-07,
    5.262068965517242e-07,
    6.982758620689656e-07,
    6.982758620689656e-07,
    8.70344827586207e-07,
    8.70344827586207e-07,
    1.0424137931034483e-06,
    1.0424137931034483e-06,
    1.2144827586206895e-06,
    1.2144827586206895e-06,
    1.386551724137931e-06,
    1.386551724137931e-06,
    1.5586206896551725e-06,
    1.5586206896551725e-06,
    1.7306896551724138e-06,
    1.7306896551724138e-06,
    1.9027586206896551e-06,
    1.9027586206896551e-06,
    2.0748275862068966e-06,
    2.0748275862068966e-06,
    2.246896551724138e-06,
    2.246896551724138e-06,
    2.418965517241379e-06,
    2.418965517241379e-06,
    2.5910344827586207e-06,
    2.5910344827586207e-06,
    2.763103448275862e-06,
    2.763103448275862e-06,
    2.9351724137931037e-06,
    2.9351724137931037e-06,
    3.107241379310345e-06,
    3.107241379310345e-06,
    3.2793103448275863e-06,
    3.2793103448275863e-06,
    3.4513793103448278e-06,
    3.6234482758620693e-06,
    3.7955172413793103e-06,
    3.967586206896552e-06,
    4.139655172413793e-06,
    4.311724137931034e-06,
    4.483793103448276e-06,
    4.655862068965517e-06,
    4.8279310344827585e-06,
    5e-06
  ],
  "mu": 0,
  "samples": 250,
  "sequence_length": 1000,
  "seeds": [
    195899735,
    1934563048,
    1827380518,
    34822716,
    826408684,
    2145026632,
    1500289707,
    1860195994,
    634318992,
    1541043366,
    1557569303,
    461747488,
    1312110532,
    763627017,
    1820388591,
    735507276,
    993375894,
    526659182,
    829497895,
    7824972,
    522101442,
    1117911154,
    268647815,
    1981414803,
    1091406637,
    754370353,
    200683153,
    1143653534,
    675533971,
    38915024,
    143008592,
    2097696364,
    692699956,
    984177079,
    1619029170,
    1643839656,
    488706073,
    1555862144,
    1096366125,
    1132992097,
    584401747,
    1403503864,
    1012564875,
    318811113,
    958111811,
    2139370494,
    1807934524,
    720397495,
    1521048738,
    954182299
  ]
}