{
  "mode": "branch",
  "rep": 1123,
  "ne": 10000,
  "r": [
    1e-08,
    1e-08,
    1.820689655172414e-07,
    1.820689655172414e-07,
    3.541379310344828e-07,
    3.541379310344828e-07,
    5.262068965517242e-07,
    5.262068965517242e-07,
    6.982758620689656e-07,
    6.982758620689656e-07,
    8.70344827586207e-07,
    8.70344827586207e-07,
    1.0424137931034483e-06,
    1.0424137931034483e-06,
    1.2144827586206895e-06,
    1.2144827586206895e-06,
    1.386551724137931e-06,
    1.386551724137931e-06,
    1.5586206896551725e-06,
    1.5586206896551725e-06,
    1.7306896551724138e-06,
    1.9027586206896551e-06,
    2.0748275862068966e-06,
    2.246896551724138e-06,
    2.418965517241379e-06,
    2.5910344827586207e-06,
    2.763103448275862e-06,
    2.9351724137931037e-06,
    3.107241379310345e-06,
    3.2793103448275863e-06,
    3.4513793103448278e-06,
    3.4513793103448278e-06,
    3.6234482758620693e-06,
    3.6234482758620693e-06,
    3.7955172413793103e-06,
    3.7955172413793103e-06,
    3.967586206896552e-06,
    3.967586206896552e-06,
    4.139655172413793e-06,
    4.139655172413793e-06,
    4.311724137931034e-06,
    4.311724137931034e-06,
    4.483793103448276e-06,
    4.483793103448276e-06,
    4.655862068965517e-06,
    4.655862068965517e-06,
    4.8279310344827585e-06,
    4.8279310344827585e-06,
    5e-06,
    5e-06
  ],
  "mu": 0,
  "samples": 250,
  "sequence_length": 1000,
  "seeds": [
    103847916,
    1680614416,
    1991379127,
    69615880,
    1250062850,
    698388199,
    65995456,
    1385990697,
    713280909,
    1427174102,
    232517669,
    881246418,
    803470586,
    553827881,
    1557567037,
    1937353438,
    551973061,
    1347321811,
    992632298,
    1000401818,
    320187216,
    1594547959,
    1026589599,
    158265502,
    1409618433,
    1076668224,
    1631670943,
    580782945,
    203436580,
    1393432213,
    80328162,
    985634012,
    1232150383,
    1154629396,
    196160494,
    85186816,
    901901116,
    1898825536,
    555506874,
    1800268911,
    1333205103,
    448351754,
    292862523,
    1008217367,
    1999119339,
    307309855,
    488367460,
    819433509,
    634032471,
    1305299985
  ]
}