{
  "mode": "branch",
  "rep": 683,
  "ne": 10000,
  "r": [
    1e-08,
    1.820689655172414e-07,
    3.541379310344828e-07,
    5.262068965517242e-07,
    6.982758620689656e-07,
    8.70344827586207e-07,
    1.0424137931034483e-06,
    1.2144827586206895e-06,
    1.386551724137931e-06,
    1.5586206896551725e-06,
    1.7306896551724138e-06,
    1.7306896551724138e-06,
    1.9027586206896551e-06,
    1.9027586206896551e-06,
    2.0748275862068966e-06,
    2.0748275862068966e-06,
    2.246896551724138e-06,
    2.246896551724138e-06,
    2.418965517241379e-06,
    2.418965517241379e-06,
    2.5910344827586207e-06,
    2.5910344827586207e-06,
    2.763103448275862e-06,
    2.763103448275862e-06,
    2.9351724137931037e-06,
    2.9351724137931037e-06,
    3.107241379310345e-06,
    3.107241379310345e-06,
    3.2793103448275863e-06,
    3.2793103448275863e-06,
    3.4513793103448278e-06,
    3.4513793103448278e-06,
    3.6234482758620693e-06,
    3.6234482758620693e-06,
    3.7955172413793103e-06,
    3.7955172413793103e-06,
    3.967586206896552e-06,
    3.967586206896552e-06,
    4.139655172413793e-06,
    4.139655172413793e-06,
    4.311724137931034e-06,
    4.311724137931034e-06,
    4.483793103448276e-06,
    4.483793103448276e-06,
    4.655862068965517e-06,
    4.655862068965517e-06,
    4.8279310344827585e-06,
    4.8279310344827585e-06,
    5e-06,
    5e-06
  ],
  "mu": 0,
  "samples": 250,
  "sequence_length": 1000,
  "seeds": [
    1071602375,
    550830998,
    973640796,
    230863876,
    2046513991,
    646826891,
    1741266411,
    671607553,
    300135954,
    1560557268,
    1108980430,
    577585266,
    1794850449,
    1892539078,
    889276080,
    1135546839,
    8444172,
    1719857230,
    1106989445,
    1633958785,
    1982493601,
    2067865497,
    1886525259,
    1399491802,
    1644873940,
    2064346345,
    1337216305,
    808274451,
    51776338,
    2029860455,
    990480434,
    37623863,
    1416498558,
    1621994030,
    998600922,
    479329326,
    1386578967,
    1725294465,
    1055747999,
    1797224239,
    2032532725,
    623650034,
    1240440218,
    1674508128,
    700681469,
    1793743232,
    471038203,
    1170190731,
    312385766,
    1344962866
  ]
}