{
  "mode": "site",
  "rep": 95,
  "ne": 10000,
  "r": 1e-05,
  "mu": [
    1e-07,
    4.413793103448276e-07,
    7.827586206896552e-07,
    1.1241379310344827e-06,
    1.4655172413793102e-06,
    1.8068965517241377e-06,
    2.1482758620689656e-06,
    2.489655172413793e-06,
    2.8310344827586205e-06,
    3.172413793103448e-06,
    3.5137931034482755e-06,
    3.5137931034482755e-06,
    3.855172413793104e-06,
    3.855172413793104e-06,
    4.196551724137931e-06,
    4.196551724137931e-06,
    4.537931034482759e-06,
    4.537931034482759e-06,
    4.879310344827586e-06,
    4.879310344827586e-06,
    5.220689655172414e-06,
    5.220689655172414e-06,
    5.562068965517241e-06,
    5.562068965517241e-06,
    5.903448275862069e-06,
    5.903448275862069e-06,
    6.244827586206896e-06,
    6.244827586206896e-06,
    6.5862068965517236e-06,
    6.5862068965517236e-06,
    6.927586206896551e-06,
    6.927586206896551e-06,
    7.268965517241379e-06,
    7.268965517241379e-06,
    7.610344827586207e-06,
    7.610344827586207e-06,
    7.951724137931034e-06,
    7.951724137931034e-06,
    8.293103448275863e-06,
    8.293103448275863e-06,
    8.634482758620691e-06,
    8.634482758620691e-06,
    8.975862068965518e-06,
    8.975862068965518e-06,
    9.317241379310346e-06,
    9.317241379310346e-06,
    9.658620689655173e-06,
    9.658620689655173e-06,
    1e-05,
    1e-05
  ],
  "samples": 500,
  "sequence_length": 10000,
  "seeds": [
    1071602375,
    550830998,
    973640796,
    230863876,
    2046513991,
    646826891,
    1741266411,
    671607553,
    300135954,
    1560557268,
    1108980430,
    577585266,
    1794850449,
    1892539078,
    889276080,
    1135546839,
    8444172,
    1719857230,
    1106989445,
    1633958785,
    1982493601,
    2067865497,
    1886525259,
    1399491802,
    1644873940,
    2064346345,
    1337216305,
    808274451,
    51776338,
    2029860455,
    990480434,
    37623863,
    1416498558,
    1621994030,
    998600922,
    479329326,
    1386578967,
    1725294465,
    1055747999,
    1797224239,
    2032532725,
    623650034,
    1240440218,
    1674508128,
    700681469,
    1793743232,
    471038203,
    1170190731,
    312385766,
    1344962866
  ]
}