{
  "mode": "branch",
  "rep": 684,
  "ne": 10000,
  "r": [
    1e-08,
    1e-08,
    1.820689655172414e-07,
    1.820689655172414e-07,
    3.541379310344828e-07,
    3.541379310344828e-07,
    5.262068965517242e-07,
    5.262068965517242e-07,
    6.982758620689656e-07,
    6.982758620689656e-07,
    8.70344827586207e-07,
    8.70344827586207e-07,
    1.0424137931034483e-06,
    1.0424137931034483e-06,
    1.2144827586206895e-06,
    1.2144827586206895e-06,
    1.386551724137931e-06,
    1.386551724137931e-06,
    1.5586206896551725e-06,
    1.5586206896551725e-06,
    1.7306896551724138e-06,
    1.7306896551724138e-06,
    1.9027586206896551e-06,
    1.9027586206896551e-06,
    2.0748275862068966e-06,
    2.0748275862068966e-06,
    2.246896551724138e-06,
    2.246896551724138e-06,
    2.418965517241379e-06,
    2.418965517241379e-06,
    2.5910344827586207e-06,
    2.5910344827586207e-06,
    2.763103448275862e-06,
    2.763103448275862e-06,
    2.9351724137931037e-06,
    2.9351724137931037e-06,
    3.107241379310345e-06,
    3.107241379310345e-06,
    3.2793103448275863e-06,
    3.2793103448275863e-06,
    3.4513793103448278e-06,
    3.6234482758620693e-06,
    3.7955172413793103e-06,
    3.967586206896552e-06,
    4.139655172413793e-06,
    4.311724137931034e-06,
    4.483793103448276e-06,
    4.655862068965517e-06,
    4.8279310344827585e-06,
    5e-06
  ],
  "mu": 0,
  "samples": 250,
  "sequence_length": 1000,
  "seeds": [
    445703979,
    433903751,
    2106828607,
    474393631,
    1061863391,
    1871427992,
    1030835228,
    545824183,
    502113924,
    242251340,
    5350485,
    1003972588,
    1833495635,
    1714824951,
    1212832812,
    332139169,
    261928036,
    1733579636,
    1385981632,
    1436303027,
    774626272,
    1919313210,
    1344806699,
    377424295,
    411763778,
    593368103,
    878029403,
    1737525207,
    1521130046,
    1923408917,
    1105440393,
    159737623,
    1943841265,
    1969283540,
    775274371,
    944781844,
    874199096,
    1062843649,
    783402885,
    1065688029,
    1156530238,
    1464572928,
    1383263203,
    257500645,
    468031053,
    2108599462,
    266341460,
    1052408987,
    1904855944,
    1863803361
  ]
}