{
  "mode": "site",
  "rep": 368,
  "ne": 10000,
  "r": 1e-05,
  "mu": [
    1e-07,
    4.413793103448276e-07,
    7.827586206896552e-07,
    1.1241379310344827e-06,
    1.4655172413793102e-06,
    1.8068965517241377e-06,
    2.1482758620689656e-06,
    2.489655172413793e-06,
    2.8310344827586205e-06,
    3.172413793103448e-06,
    3.5137931034482755e-06,
    3.5137931034482755e-06,
    3.855172413793104e-06,
    3.855172413793104e-06,
    4.196551724137931e-06,
    4.196551724137931e-06,
    4.537931034482759e-06,
    4.537931034482759e-06,
    4.879310344827586e-06,
    4.879310344827586e-06,
    5.220689655172414e-06,
    5.220689655172414e-06,
    5.562068965517241e-06,
    5.562068965517241e-06,
    5.903448275862069e-06,
    5.903448275862069e-06,
    6.244827586206896e-06,
    6.244827586206896e-06,
    6.5862068965517236e-06,
    6.5862068965517236e-06,
    6.927586206896551e-06,
    6.927586206896551e-06,
    7.268965517241379e-06,
    7.268965517241379e-06,
    7.610344827586207e-06,
    7.610344827586207e-06,
    7.951724137931034e-06,
    7.951724137931034e-06,
    8.293103448275863e-06,
    8.293103448275863e-06,
    8.634482758620691e-06,
    8.634482758620691e-06,
    8.975862068965518e-06,
    8.975862068965518e-06,
    9.317241379310346e-06,
    9.317241379310346e-06,
    9.658620689655173e-06,
    9.658620689655173e-06,
    1e-05,
    1e-05
  ],
  "samples": 500,
  "sequence_length": 10000,
  "seeds": [
    585947055,
    948922102,
    588349982,
    822048294,
    34492950,
    1047635199,
    1431208587,
    504857363,
    902810118,
    497925573,
    755683921,
    1128294869,
    1053630475,
    161443013,
    1847676959,
    851588005,
    118270993,
    1562070423,
    127438182,
    594439313,
    1373472718,
    234257140,
    2083643403,
    310706845,
    2088900316,
    4910602,
    1076678884,
    1308462712,
    1994690997,
    1761116822,
    35283335,
    296249716,
    1638437621,
    578642802,
    1992494933,
    109234842,
    1740802711,
    1749040312,
    1283722898,
    835353730,
    1977907960,
    639206094,
    1233109518,
    1631418812,
    1851694322,
    1540536847,
    1866661954,
    495246786,
    1008796553,
    1913786643
  ]
}