{
  "mode": "branch",
  "rep": 1189,
  "ne": 10000,
  "r": [
    1e-08,
    1e-08,
    1.820689655172414e-07,
    1.820689655172414e-07,
    3.541379310344828e-07,
    3.541379310344828e-07,
    5.262068965517242e-07,
    5.262068965517242e-07,
    6.982758620689656e-07,
    6.982758620689656e-07,
    8.70344827586207e-07,
    8.70344827586207e-07,
    1.0424137931034483e-06,
    1.0424137931034483e-06,
    1.2144827586206895e-06,
    1.2144827586206895e-06,
    1.386551724137931e-06,
    1.386551724137931e-06,
    1.5586206896551725e-06,
    1.5586206896551725e-06,
    1.7306896551724138e-06,
    1.9027586206896551e-06,
    2.0748275862068966e-06,
    2.246896551724138e-06,
    2.418965517241379e-06,
    2.5910344827586207e-06,
    2.763103448275862e-06,
    2.9351724137931037e-06,
    3.107241379310345e-06,
    3.2793103448275863e-06,
    3.4513793103448278e-06,
    3.4513793103448278e-06,
    3.6234482758620693e-06,
    3.6234482758620693e-06,
    3.7955172413793103e-06,
    3.7955172413793103e-06,
    3.967586206896552e-06,
    3.967586206896552e-06,
    4.139655172413793e-06,
    4.139655172413793e-06,
    4.311724137931034e-06,
    4.311724137931034e-06,
    4.483793103448276e-06,
    4.483793103448276e-06,
    4.655862068965517e-06,
    4.655862068965517e-06,
    4.8279310344827585e-06,
    4.8279310344827585e-06,
    5e-06,
    5e-06
  ],
  "mu": 0,
  "samples": 250,
  "sequence_length": 1000,
  "seeds": [
    476475717,
    1518725893,
    1285241199,
    1916934846,
    600404084,
    203924294,
    887819758,
    1024512528,
    335371999,
    1216727052,
    189722182,
    1528285836,
    1862483976,
    1659955161,
    111840550,
    916854479,
    133098024,
    957959304,
    1876393607,
    1198542413,
    1121811867,
    2004936769,
    363709157,
    544219191,
    1669490890,
    448100509,
    428091221,
    1287373473,
    509907116,
    1595223109,
    739849213,
    1746251245,
    1090707551,
    2094267119,
    1940556270,
    1691562419,
    1865667616,
    459573808,
    667109823,
    1983450905,
    1935015904,
    1559932340,
    388032404,
    254662059,
    1253334350,
    1336059359,
    1221556720,
    1156779065,
    1409624298,
    750386466
  ]
}