{
  "mode": "site",
  "rep": 431,
  "ne": 10000,
  "r": 1e-05,
  "mu": [
    1e-07,
    4.413793103448276e-07,
    7.827586206896552e-07,
    1.1241379310344827e-06,
    1.4655172413793102e-06,
    1.8068965517241377e-06,
    2.1482758620689656e-06,
    2.489655172413793e-06,
    2.8310344827586205e-06,
    3.172413793103448e-06,
    3.5137931034482755e-06,
    3.5137931034482755e-06,
    3.855172413793104e-06,
    3.855172413793104e-06,
    4.196551724137931e-06,
    4.196551724137931e-06,
    4.537931034482759e-06,
    4.537931034482759e-06,
    4.879310344827586e-06,
    4.879310344827586e-06,
    5.220689655172414e-06,
    5.220689655172414e-06,
    5.562068965517241e-06,
    5.562068965517241e-06,
    5.903448275862069e-06,
    5.903448275862069e-06,
    6.244827586206896e-06,
    6.244827586206896e-06,
    6.5862068965517236e-06,
    6.5862068965517236e-06,
    6.927586206896551e-06,
    6.927586206896551e-06,
    7.268965517241379e-06,
    7.268965517241379e-06,
    7.610344827586207e-06,
    7.610344827586207e-06,
    7.951724137931034e-06,
    7.951724137931034e-06,
    8.293103448275863e-06,
    8.293103448275863e-06,
    8.634482758620691e-06,
    8.634482758620691e-06,
    8.975862068965518e-06,
    8.975862068965518e-06,
    9.317241379310346e-06,
    9.317241379310346e-06,
    9.658620689655173e-06,
    9.658620689655173e-06,
    1e-05,
    1e-05
  ],
  "samples": 500,
  "sequence_length": 10000,
  "seeds": [
    1573985036,
    671692663,
    1996373527,
    63038425,
    916273306,
    1475643193,
    1345765633,
    1466118417,
    1796969869,
    854785792,
    839747088,
    264599143,
    1471987665,
    1747637182,
    256739199,
    1065648321,
    590452139,
    2113895569,
    753426771,
    866202616,
    843774629,
    1362815929,
    1602380048,
    1921752066,
    1990043288,
    783702587,
    789228182,
    1377185804,
    411220736,
    1536587013,
    269917532,
    1932716355,
    1497976814,
    1147851416,
    2025381803,
    1580915109,
    686102263,
    1011286847,
    475958511,
    155828332,
    1879216413,
    835045043,
    142517342,
    136363850,
    1973138175,
    739126155,
    138478369,
    987952408,
    526576809,
    1272037721
  ]
}