{
  "mode": "branch",
  "rep": 808,
  "ne": 10000,
  "r": [
    1e-08,
    1e-08,
    1.820689655172414e-07,
    1.820689655172414e-07,
    3.541379310344828e-07,
    3.541379310344828e-07,
    5.262068965517242e-07,
    5.262068965517242e-07,
    6.982758620689656e-07,
    6.982758620689656e-07,
    8.70344827586207e-07,
    8.70344827586207e-07,
    1.0424137931034483e-06,
    1.0424137931034483e-06,
    1.2144827586206895e-06,
    1.2144827586206895e-06,
    1.386551724137931e-06,
    1.386551724137931e-06,
    1.5586206896551725e-06,
    1.5586206896551725e-06,
    1.7306896551724138e-06,
    1.9027586206896551e-06,
    2.0748275862068966e-06,
    2.246896551724138e-06,
    2.418965517241379e-06,
    2.5910344827586207e-06,
    2.763103448275862e-06,
    2.9351724137931037e-06,
    3.107241379310345e-06,
    3.2793103448275863e-06,
    3.4513793103448278e-06,
    3.4513793103448278e-06,
    3.6234482758620693e-06,
    3.6234482758620693e-06,
    3.7955172413793103e-06,
    3.7955172413793103e-06,
    3.967586206896552e-06,
    3.967586206896552e-06,
    4.139655172413793e-06,
    4.139655172413793e-06,
    4.311724137931034e-06,
    4.311724137931034e-06,
    4.483793103448276e-06,
    4.483793103448276e-06,
    4.655862068965517e-06,
    4.655862068965517e-06,
    4.8279310344827585e-06,
    4.8279310344827585e-06,
    5e-06,
    5e-06
  ],
  "mu": 0,
  "samples": 250,
  "sequence_length": 1000,
  "seeds": [
    459530347,
    57493928,
    1484026969,
    1238278535,
    1019874099,
    1927864945,
    933692461,
    2066130362,
    856470982,
    867711322,
    1010482148,
    1796887691,
    832592410,
    14569911,
    1374758263,
    1941081623,
    1988562337,
    1571194519,
    1395509930,
    1455205383,
    1121050448,
    1956335724,
    1630749958,
    1344440888,
    736682066,
    2119057258,
    461184321,
    165369522,
    2072035002,
    554757874,
    1154613860,
    145481058,
    1403939649,
    1029644706,
    164576586,
    2061265580,
    1672905797,
    1019448097,
    74845395,
    1098436572,
    1579841653,
    1925544356,
    2043449730,
    1477195999,
    1481530118,
    1161927333,
    812383481,
    903194277,
    678310401,
    815499738
  ]
}