{
  "mode": "site",
  "rep": 410,
  "ne": 10000,
  "r": 1e-05,
  "mu": [
    1e-07,
    4.413793103448276e-07,
    7.827586206896552e-07,
    1.1241379310344827e-06,
    1.4655172413793102e-06,
    1.8068965517241377e-06,
    2.1482758620689656e-06,
    2.489655172413793e-06,
    2.8310344827586205e-06,
    3.172413793103448e-06,
    3.5137931034482755e-06,
    3.5137931034482755e-06,
    3.855172413793104e-06,
    3.855172413793104e-06,
    4.196551724137931e-06,
    4.196551724137931e-06,
    4.537931034482759e-06,
    4.537931034482759e-06,
    4.879310344827586e-06,
    4.879310344827586e-06,
    5.220689655172414e-06,
    5.220689655172414e-06,
    5.562068965517241e-06,
    5.562068965517241e-06,
    5.903448275862069e-06,
    5.903448275862069e-06,
    6.244827586206896e-06,
    6.244827586206896e-06,
    6.5862068965517236e-06,
    6.5862068965517236e-06,
    6.927586206896551e-06,
    6.927586206896551e-06,
    7.268965517241379e-06,
    7.268965517241379e-06,
    7.610344827586207e-06,
    7.610344827586207e-06,
    7.951724137931034e-06,
    7.951724137931034e-06,
    8.293103448275863e-06,
    8.293103448275863e-06,
    8.634482758620691e-06,
    8.634482758620691e-06,
    8.975862068965518e-06,
    8.975862068965518e-06,
    9.317241379310346e-06,
    9.317241379310346e-06,
    9.658620689655173e-06,
    9.658620689655173e-06,
    1e-05,
    1e-05
  ],
  "samples": 500,
  "sequence_length": 50000,
  "seeds": [
    311010192,
    1024226030,
    1031810146,
    286604723,
    1131460772,
    434358657,
    390989056,
    2142012126,
    1851738396,
    1772453123,
    459236129,
    130543572,
    400737274,
    1587467554,
    1173368770,
    370994563,
    1977692135,
    102227244,
    642499905,
    1310246549,
    1092500051,
    2001912807,
    1931249648,
    1472317277,
    1922194003,
    2051656775,
    2037775241,
    1894690108,
    2055349546,
    2087549021,
    1408992850,
    2107599598,
    1831903270,
    988670179,
    1926722540,
    539414131,
    1338882728,
    1503455725,
    1428863197,
    1919145457,
    2026077675,
    56374053,
    216141638,
    1338159019,
    867745275,
    1543530774,
    1754393844,
    2006833719,
    554749885,
    600220981
  ]
}