{
  "mode": "branch",
  "rep": 857,
  "ne": 10000,
  "r": [
    1e-08,
    1.820689655172414e-07,
    3.541379310344828e-07,
    5.262068965517242e-07,
    6.982758620689656e-07,
    8.70344827586207e-07,
    1.0424137931034483e-06,
    1.2144827586206895e-06,
    1.386551724137931e-06,
    1.5586206896551725e-06,
    1.7306896551724138e-06,
    1.7306896551724138e-06,
    1.9027586206896551e-06,
    1.9027586206896551e-06,
    2.0748275862068966e-06,
    2.0748275862068966e-06,
    2.246896551724138e-06,
    2.246896551724138e-06,
    2.418965517241379e-06,
    2.418965517241379e-06,
    2.5910344827586207e-06,
    2.5910344827586207e-06,
    2.763103448275862e-06,
    2.763103448275862e-06,
    2.9351724137931037e-06,
    2.9351724137931037e-06,
    3.107241379310345e-06,
    3.107241379310345e-06,
    3.2793103448275863e-06,
    3.2793103448275863e-06,
    3.4513793103448278e-06,
    3.4513793103448278e-06,
    3.6234482758620693e-06,
    3.6234482758620693e-06,
    3.7955172413793103e-06,
    3.7955172413793103e-06,
    3.967586206896552e-06,
    3.967586206896552e-06,
    4.139655172413793e-06,
    4.139655172413793e-06,
    4.311724137931034e-06,
    4.311724137931034e-06,
    4.483793103448276e-06,
    4.483793103448276e-06,
    4.655862068965517e-06,
    4.655862068965517e-06,
    4.8279310344827585e-06,
    4.8279310344827585e-06,
    5e-06,
    5e-06
  ],
  "mu": 0,
  "samples": 250,
  "sequence_length": 1000,
  "seeds": [
    1617447531,
    1245176431,
    562449570,
    1850109137,
    1449842150,
    919199524,
    21043772,
    2123773276,
    912621571,
    171315909,
    619089015,
    2026762797,
    1170764569,
    391207902,
    266730139,
    795834100,
    584271046,
    1631088091,
    1383106704,
    510942459,
    1368075559,
    535244821,
    1792373667,
    1197853311,
    1529196278,
    1526437265,
    954061557,
    985022495,
    720787048,
    997820935,
    1773461118,
    1194393620,
    1948203613,
    397967867,
    970718278,
    685137929,
    200812443,
    2026710873,
    1147514862,
    1763767457,
    1765194685,
    1267813286,
    1855375075,
    670313367,
    1274449550,
    907001341,
    1388235818,
    137503462,
    2023296390,
    1283642122
  ]
}