{
  "mode": "branch",
  "rep": 1166,
  "ne": 10000,
  "r": [
    1e-08,
    1.820689655172414e-07,
    3.541379310344828e-07,
    5.262068965517242e-07,
    6.982758620689656e-07,
    8.70344827586207e-07,
    1.0424137931034483e-06,
    1.2144827586206895e-06,
    1.386551724137931e-06,
    1.5586206896551725e-06,
    1.7306896551724138e-06,
    1.7306896551724138e-06,
    1.9027586206896551e-06,
    1.9027586206896551e-06,
    2.0748275862068966e-06,
    2.0748275862068966e-06,
    2.246896551724138e-06,
    2.246896551724138e-06,
    2.418965517241379e-06,
    2.418965517241379e-06,
    2.5910344827586207e-06,
    2.5910344827586207e-06,
    2.763103448275862e-06,
    2.763103448275862e-06,
    2.9351724137931037e-06,
    2.9351724137931037e-06,
    3.107241379310345e-06,
    3.107241379310345e-06,
    3.2793103448275863e-06,
    3.2793103448275863e-06,
    3.4513793103448278e-06,
    3.4513793103448278e-06,
    3.6234482758620693e-06,
    3.6234482758620693e-06,
    3.7955172413793103e-06,
    3.7955172413793103e-06,
    3.967586206896552e-06,
    3.967586206896552e-06,
    4.139655172413793e-06,
    4.139655172413793e-06,
    4.311724137931034e-06,
    4.311724137931034e-06,
    4.483793103448276e-06,
    4.483793103448276e-06,
    4.655862068965517e-06,
    4.655862068965517e-06,
    4.8279310344827585e-06,
    4.8279310344827585e-06,
    5e-06,
    5e-06
  ],
  "mu": 0,
  "samples": 250,
  "sequence_length": 1000,
  "seeds": [
    2060580668,
    2016423222,
    563837457,
    178812317,
    618159842,
    1864300448,
    1953180714,
    222669802,
    366563581,
    248091047,
    1250132747,
    707256741,
    863485524,
    1298759915,
    1203721178,
    434529312,
    711993223,
    530006819,
    1808601350,
    1431771919,
    1977994352,
    78054713,
    2120612126,
    153538541,
    505893837,
    1098851523,
    297336276,
    1695642619,
    909886549,
    1516053267,
    1645125197,
    1620018583,
    400979805,
    1986850556,
    308947120,
    655727969,
    1228942946,
    506608958,
    492190425,
    1993035946,
    986400555,
    610152605,
    1628168349,
    323012319,
    953369273,
    1888369830,
    1306803432,
    1625709543,
    1046179800,
    712598084
  ]
}