{
  "mode": "site",
  "rep": 445,
  "ne": 10000,
  "r": 1e-05,
  "mu": [
    1e-07,
    1e-07,
    4.413793103448276e-07,
    4.413793103448276e-07,
    7.827586206896552e-07,
    7.827586206896552e-07,
    1.1241379310344827e-06,
    1.1241379310344827e-06,
    1.4655172413793102e-06,
    1.4655172413793102e-06,
    1.8068965517241377e-06,
    1.8068965517241377e-06,
    2.1482758620689656e-06,
    2.1482758620689656e-06,
    2.489655172413793e-06,
    2.489655172413793e-06,
    2.8310344827586205e-06,
    2.8310344827586205e-06,
    3.172413793103448e-06,
    3.172413793103448e-06,
    3.5137931034482755e-06,
    3.855172413793104e-06,
    4.196551724137931e-06,
    4.537931034482759e-06,
    4.879310344827586e-06,
    5.220689655172414e-06,
    5.562068965517241e-06,
    5.903448275862069e-06,
    6.244827586206896e-06,
    6.5862068965517236e-06,
    6.927586206896551e-06,
    6.927586206896551e-06,
    7.268965517241379e-06,
    7.268965517241379e-06,
    7.610344827586207e-06,
    7.610344827586207e-06,
    7.951724137931034e-06,
    7.951724137931034e-06,
    8.293103448275863e-06,
    8.293103448275863e-06,
    8.634482758620691e-06,
    8.634482758620691e-06,
    8.975862068965518e-06,
    8.975862068965518e-06,
    9.317241379310346e-06,
    9.317241379310346e-06,
    9.658620689655173e-06,
    9.658620689655173e-06,
    1e-05,
    1e-05
  ],
  "samples": 500,
  "sequence_length": 10000,
  "seeds": [
    472340982,
    1183964197,
    1159670754,
    12575655,
    1056700569,
    1014942969,
    980410543,
    776329921,
    110438451,
    442369656,
    1154003378,
    613259865,
    450614494,
    419127655,
    209737695,
    976514739,
    1331214497,
    250194010,
    705777792,
    1199540228,
    1538489643,
    153349483,
    974808022,
    1245922578,
    510421258,
    339587272,
    2019322590,
    17302513,
    20032450,
    1671768158,
    2000804980,
    1675597130,
    766617110,
    1456429877,
    785297795,
    1672163713,
    442253078,
    1661280297,
    1290284626,
    995052334,
    232429097,
    233168132,
    839738634,
    287968649,
    1585858942,
    1070877719,
    101932787,
    332162115,
    599585226,
    678292280
  ]
}