{
  "mode": "branch",
  "rep": 1042,
  "ne": 10000,
  "r": [
    1e-08,
    1e-08,
    1.820689655172414e-07,
    1.820689655172414e-07,
    3.541379310344828e-07,
    3.541379310344828e-07,
    5.262068965517242e-07,
    5.262068965517242e-07,
    6.982758620689656e-07,
    6.982758620689656e-07,
    8.70344827586207e-07,
    8.70344827586207e-07,
    1.0424137931034483e-06,
    1.0424137931034483e-06,
    1.2144827586206895e-06,
    1.2144827586206895e-06,
    1.386551724137931e-06,
    1.386551724137931e-06,
    1.5586206896551725e-06,
    1.5586206896551725e-06,
    1.7306896551724138e-06,
    1.9027586206896551e-06,
    2.0748275862068966e-06,
    2.246896551724138e-06,
    2.418965517241379e-06,
    2.5910344827586207e-06,
    2.763103448275862e-06,
    2.9351724137931037e-06,
    3.107241379310345e-06,
    3.2793103448275863e-06,
    3.4513793103448278e-06,
    3.4513793103448278e-06,
    3.6234482758620693e-06,
    3.6234482758620693e-06,
    3.7955172413793103e-06,
    3.7955172413793103e-06,
    3.967586206896552e-06,
    3.967586206896552e-06,
    4.139655172413793e-06,
    4.139655172413793e-06,
    4.311724137931034e-06,
    4.311724137931034e-06,
    4.483793103448276e-06,
    4.483793103448276e-06,
    4.655862068965517e-06,
    4.655862068965517e-06,
    4.8279310344827585e-06,
    4.8279310344827585e-06,
    5e-06,
    5e-06
  ],
  "mu": 0,
  "samples": 250,
  "sequence_length": 1000,
  "seeds": [
    624272959,
    1580502811,
    1691456885,
    252956147,
    2608522,
    1214010111,
    1200507199,
    1361855582,
    728531938,
    889884754,
    678520085,
    596770162,
    2062423384,
    1739239732,
    122498414,
    1198768542,
    2075845804,
    327657299,
    874407770,
    733577658,
    267297919,
    314052955,
    1684058123,
    1032221857,
    1115846901,
    1180848419,
    1369649838,
    208931221,
    1313166287,
    1247617301,
    1007818159,
    2112793874,
    1994578684,
    145607779,
    690513996,
    2064894686,
    1998261341,
    434911559,
    1372056092,
    43215633,
    930439069,
    355987496,
    191594412,
    699752812,
    165058152,
    2023312584,
    1698222883,
    1312197304,
    336823367,
    646461730
  ]
}