{
  "mode": "branch",
  "rep": 679,
  "ne": 10000,
  "r": [
    1e-08,
    1e-08,
    1.820689655172414e-07,
    1.820689655172414e-07,
    3.541379310344828e-07,
    3.541379310344828e-07,
    5.262068965517242e-07,
    5.262068965517242e-07,
    6.982758620689656e-07,
    6.982758620689656e-07,
    8.70344827586207e-07,
    8.70344827586207e-07,
    1.0424137931034483e-06,
    1.0424137931034483e-06,
    1.2144827586206895e-06,
    1.2144827586206895e-06,
    1.386551724137931e-06,
    1.386551724137931e-06,
    1.5586206896551725e-06,
    1.5586206896551725e-06,
    1.7306896551724138e-06,
    1.9027586206896551e-06,
    2.0748275862068966e-06,
    2.246896551724138e-06,
    2.418965517241379e-06,
    2.5910344827586207e-06,
    2.763103448275862e-06,
    2.9351724137931037e-06,
    3.107241379310345e-06,
    3.2793103448275863e-06,
    3.4513793103448278e-06,
    3.4513793103448278e-06,
    3.6234482758620693e-06,
    3.6234482758620693e-06,
    3.7955172413793103e-06,
    3.7955172413793103e-06,
    3.967586206896552e-06,
    3.967586206896552e-06,
    4.139655172413793e-06,
    4.139655172413793e-06,
    4.311724137931034e-06,
    4.311724137931034e-06,
    4.483793103448276e-06,
    4.483793103448276e-06,
    4.655862068965517e-06,
    4.655862068965517e-06,
    4.8279310344827585e-06,
    4.8279310344827585e-06,
    5e-06,
    5e-06
  ],
  "mu": 0,
  "samples": 250,
  "sequence_length": 1000,
  "seeds": [
    1753205099,
    1837181277,
    1768321366,
    1542530359,
    190674503,
    180976010,
    1850656357,
    588776948,
    862639421,
    760498910,
    1044744225,
    864595026,
    2079947639,
    1790383134,
    1825876367,
    1935763170,
    952001712,
    987753110,
    1957018068,
    128212064,
    1850229467,
    883683753,
    1892202015,
    751563209,
    2154388,
    2116607429,
    804951848,
    185227432,
    544855795,
    1023554105,
    1635276925,
    397792854,
    1845320585,
    810753455,
    1248781759,
    640915016,
    245714449,
    769435047,
    1982510107,
    1905933863,
    719742346,
    519633244,
    1896463854,
    1049168543,
    673795534,
    156653557,
    1344342584,
    1745561297,
    293580400,
    1098616315
  ]
}