{
  "mode": "site",
  "rep": 335,
  "ne": 10000,
  "r": 1e-05,
  "mu": [
    1e-07,
    4.413793103448276e-07,
    7.827586206896552e-07,
    1.1241379310344827e-06,
    1.4655172413793102e-06,
    1.8068965517241377e-06,
    2.1482758620689656e-06,
    2.489655172413793e-06,
    2.8310344827586205e-06,
    3.172413793103448e-06,
    3.5137931034482755e-06,
    3.5137931034482755e-06,
    3.855172413793104e-06,
    3.855172413793104e-06,
    4.196551724137931e-06,
    4.196551724137931e-06,
    4.537931034482759e-06,
    4.537931034482759e-06,
    4.879310344827586e-06,
    4.879310344827586e-06,
    5.220689655172414e-06,
    5.220689655172414e-06,
    5.562068965517241e-06,
    5.562068965517241e-06,
    5.903448275862069e-06,
    5.903448275862069e-06,
    6.244827586206896e-06,
    6.244827586206896e-06,
    6.5862068965517236e-06,
    6.5862068965517236e-06,
    6.927586206896551e-06,
    6.927586206896551e-06,
    7.268965517241379e-06,
    7.268965517241379e-06,
    7.610344827586207e-06,
    7.610344827586207e-06,
    7.951724137931034e-06,
    7.951724137931034e-06,
    8.293103448275863e-06,
    8.293103448275863e-06,
    8.634482758620691e-06,
    8.634482758620691e-06,
    8.975862068965518e-06,
    8.975862068965518e-06,
    9.317241379310346e-06,
    9.317241379310346e-06,
    9.658620689655173e-06,
    9.658620689655173e-06,
    1e-05,
    1e-05
  ],
  "samples": 500,
  "sequence_length": 50000,
  "seeds": [
    104006995,
    1978074526,
    167405892,
    546776774,
    280559578,
    1254363165,
    76236650,
    728179394,
    1204469700,
    372686261,
    60087402,
    525166964,
    2059819608,
    1384998080,
    897502678,
    1498871361,
    837253801,
    853508668,
    1574487325,
    1701884117,
    1737095925,
    1667300571,
    2136345420,
    1657307105,
    1045591225,
    460258556,
    1619118270,
    819778379,
    1235216703,
    1442977465,
    1716100313,
    1318474389,
    1875507278,
    11098431,
    1860180582,
    1226792673,
    36822549,
    2068973068,
    1390761034,
    132439478,
    1055334617,
    1924572523,
    918238281,
    300915040,
    620301393,
    1008081042,
    1566429194,
    992856615,
    1367543967,
    1385119684
  ]
}