{
  "mode": "branch",
  "rep": 900,
  "ne": 10000,
  "r": [
    1e-08,
    1e-08,
    1.820689655172414e-07,
    1.820689655172414e-07,
    3.541379310344828e-07,
    3.541379310344828e-07,
    5.262068965517242e-07,
    5.262068965517242e-07,
    6.982758620689656e-07,
    6.982758620689656e-07,
    8.70344827586207e-07,
    8.70344827586207e-07,
    1.0424137931034483e-06,
    1.0424137931034483e-06,
    1.2144827586206895e-06,
    1.2144827586206895e-06,
    1.386551724137931e-06,
    1.386551724137931e-06,
    1.5586206896551725e-06,
    1.5586206896551725e-06,
    1.7306896551724138e-06,
    1.7306896551724138e-06,
    1.9027586206896551e-06,
    1.9027586206896551e-06,
    2.0748275862068966e-06,
    2.0748275862068966e-06,
    2.246896551724138e-06,
    2.246896551724138e-06,
    2.418965517241379e-06,
    2.418965517241379e-06,
    2.5910344827586207e-06,
    2.5910344827586207e-06,
    2.763103448275862e-06,
    2.763103448275862e-06,
    2.9351724137931037e-06,
    2.9351724137931037e-06,
    3.107241379310345e-06,
    3.107241379310345e-06,
    3.2793103448275863e-06,
    3.2793103448275863e-06,
    3.4513793103448278e-06,
    3.6234482758620693e-06,
    3.7955172413793103e-06,
    3.967586206896552e-06,
    4.139655172413793e-06,
    4.311724137931034e-06,
    4.483793103448276e-06,
    4.655862068965517e-06,
    4.8279310344827585e-06,
    5e-06
  ],
  "mu": 0,
  "samples": 250,
  "sequence_length": 1000,
  "seeds": [
    804759994,
    1298098870,
    1889671201,
    1309555965,
    262975223,
    1184071032,
    1576290382,
    348464064,
    1736787192,
    1499759599,
    89994035,
    1255499643,
    1844748108,
    1935825907,
    115253020,
    1568520912,
    2082996778,
    581709371,
    1489632506,
    1214614243,
    2056753432,
    1836772440,
    1912577849,
    1282091268,
    838751791,
    1173415643,
    733404238,
    1366225945,
    29045263,
    784179093,
    2097721724,
    1832067690,
    1938757706,
    381563956,
    1011592648,
    1390098134,
    1180870274,
    1394093007,
    1024171437,
    1982967725,
    2046890717,
    367973744,
    1790427546,
    1429363826,
    1148832469,
    2115497291,
    786807136,
    1808162851,
    1389740199,
    335659153
  ]
}