{
  "mode": "site",
  "rep": 51,
  "ne": 10000,
  "r": 1e-05,
  "mu": [
    1e-07,
    1e-07,
    4.413793103448276e-07,
    4.413793103448276e-07,
    7.827586206896552e-07,
    7.827586206896552e-07,
    1.1241379310344827e-06,
    1.1241379310344827e-06,
    1.4655172413793102e-06,
    1.4655172413793102e-06,
    1.8068965517241377e-06,
    1.8068965517241377e-06,
    2.1482758620689656e-06,
    2.1482758620689656e-06,
    2.489655172413793e-06,
    2.489655172413793e-06,
    2.8310344827586205e-06,
    2.8310344827586205e-06,
    3.172413793103448e-06,
    3.172413793103448e-06,
    3.5137931034482755e-06,
    3.5137931034482755e-06,
    3.855172413793104e-06,
    3.855172413793104e-06,
    4.196551724137931e-06,
    4.196551724137931e-06,
    4.537931034482759e-06,
    4.537931034482759e-06,
    4.879310344827586e-06,
    4.879310344827586e-06,
    5.220689655172414e-06,
    5.220689655172414e-06,
    5.562068965517241e-06,
    5.562068965517241e-06,
    5.903448275862069e-06,
    5.903448275862069e-06,
    6.244827586206896e-06,
    6.244827586206896e-06,
    6.5862068965517236e-06,
    6.5862068965517236e-06,
    6.927586206896551e-06,
    7.268965517241379e-06,
    7.610344827586207e-06,
    7.951724137931034e-06,
    8.293103448275863e-06,
    8.634482758620691e-06,
    8.975862068965518e-06,
    9.317241379310346e-06,
    9.658620689655173e-06,
    1e-05
  ],
  "samples": 500,
  "sequence_length": 10000,
  "seeds": [
    48323420,
    384830351,
    119769828,
    346057988,
    868465257,
    1062863087,
    175908478,
    2054540552,
    2026118550,
    1213304620,
    1323806063,
    1498404979,
    2143585067,
    644902258,
    260201034,
    1897809538,
    380719176,
    570866392,
    940203596,
    513464910,
    1176680914,
    1148088697,
    562150242,
    411505625,
    1346125000,
    1583501922,
    728091674,
    1668906470,
    1190773191,
    1781681483,
    87679698,
    733775564,
    1578753465,
    1111022575,
    579733735,
    1729225901,
    997351092,
    976853926,
    1464706072,
    767933851,
    1604726286,
    652236838,
    452453130,
    90200150,
    1844725398,
    1941378234,
    1241579407,
    548625927,
    1294290908,
    1683521033
  ]
}