{
  "mode": "branch",
  "rep": 787,
  "ne": 10000,
  "r": [
    1e-08,
    1e-08,
    1.820689655172414e-07,
    1.820689655172414e-07,
    3.541379310344828e-07,
    3.541379310344828e-07,
    5.262068965517242e-07,
    5.262068965517242e-07,
    6.982758620689656e-07,
    6.982758620689656e-07,
    8.70344827586207e-07,
    8.70344827586207e-07,
    1.0424137931034483e-06,
    1.0424137931034483e-06,
    1.2144827586206895e-06,
    1.2144827586206895e-06,
    1.386551724137931e-06,
    1.386551724137931e-06,
    1.5586206896551725e-06,
    1.5586206896551725e-06,
    1.7306896551724138e-06,
    1.9027586206896551e-06,
    2.0748275862068966e-06,
    2.246896551724138e-06,
    2.418965517241379e-06,
    2.5910344827586207e-06,
    2.763103448275862e-06,
    2.9351724137931037e-06,
    3.107241379310345e-06,
    3.2793103448275863e-06,
    3.4513793103448278e-06,
    3.4513793103448278e-06,
    3.6234482758620693e-06,
    3.6234482758620693e-06,
    3.7955172413793103e-06,
    3.7955172413793103e-06,
    3.967586206896552e-06,
    3.967586206896552e-06,
    4.139655172413793e-06,
    4.139655172413793e-06,
    4.311724137931034e-06,
    4.311724137931034e-06,
    4.483793103448276e-06,
    4.483793103448276e-06,
    4.655862068965517e-06,
    4.655862068965517e-06,
    4.8279310344827585e-06,
    4.8279310344827585e-06,
    5e-06,
    5e-06
  ],
  "mu": 0,
  "samples": 250,
  "sequence_length": 1000,
  "seeds": [
    1694825702,
    570258434,
    196287699,
    2008514638,
    1025382575,
    1231176499,
    1224891094,
    510356452,
    1880794236,
    1516719016,
    1721432732,
    1745574400,
    1157694985,
    1332987445,
    2071241161,
    210253108,
    741440667,
    1290412414,
    724798486,
    1338298235,
    1334856956,
    1481825614,
    576539771,
    392463165,
    369337767,
    824572901,
    609371584,
    1681250949,
    876465572,
    1747567633,
    2119911786,
    1606112640,
    944975058,
    981060937,
    1373437296,
    105051594,
    1315131181,
    1899164184,
    1543337826,
    345041870,
    753910059,
    2003243696,
    1919980829,
    1062709908,
    44198677,
    674865007,
    1292745015,
    1874780904,
    1132653316,
    1302226712
  ]
}