{
  "mode": "branch",
  "rep": 967,
  "ne": 10000,
  "r": [
    1e-08,
    1e-08,
    1.820689655172414e-07,
    1.820689655172414e-07,
    3.541379310344828e-07,
    3.541379310344828e-07,
    5.262068965517242e-07,
    5.262068965517242e-07,
    6.982758620689656e-07,
    6.982758620689656e-07,
    8.70344827586207e-07,
    8.70344827586207e-07,
    1.0424137931034483e-06,
    1.0424137931034483e-06,
    1.2144827586206895e-06,
    1.2144827586206895e-06,
    1.386551724137931e-06,
    1.386551724137931e-06,
    1.5586206896551725e-06,
    1.5586206896551725e-06,
    1.7306896551724138e-06,
    1.9027586206896551e-06,
    2.0748275862068966e-06,
    2.246896551724138e-06,
    2.418965517241379e-06,
    2.5910344827586207e-06,
    2.763103448275862e-06,
    2.9351724137931037e-06,
    3.107241379310345e-06,
    3.2793103448275863e-06,
    3.4513793103448278e-06,
    3.4513793103448278e-06,
    3.6234482758620693e-06,
    3.6234482758620693e-06,
    3.7955172413793103e-06,
    3.7955172413793103e-06,
    3.967586206896552e-06,
    3.967586206896552e-06,
    4.139655172413793e-06,
    4.139655172413793e-06,
    4.311724137931034e-06,
    4.311724137931034e-06,
    4.483793103448276e-06,
    4.483793103448276e-06,
    4.655862068965517e-06,
    4.655862068965517e-06,
    4.8279310344827585e-06,
    4.8279310344827585e-06,
    5e-06,
    5e-06
  ],
  "mu": 0,
  "samples": 250,
  "sequence_length": 1000,
  "seeds": [
    1449488344,
    632349928,
    1360355553,
    1552680336,
    963969537,
    311140761,
    1325565956,
    831050112,
    2140150752,
    952924592,
    541496768,
    1958842372,
    1559581946,
    2130797966,
    1397995950,
    615827430,
    2041275125,
    535154019,
    583109023,
    1163040436,
    1438153946,
    1048531648,
    614230281,
    819544184,
    947850259,
    338629321,
    160059730,
    1671445629,
    539316322,
    1384603909,
    774043341,
    439065478,
    411677173,
    563117640,
    530997076,
    1485713407,
    763623776,
    1140576102,
    992196123,
    32884761,
    400119514,
    809304186,
    593113346,
    29966900,
    530405620,
    286959323,
    230730103,
    393994110,
    1226052443,
    71766782
  ]
}