{
  "mode": "site",
  "rep": 349,
  "ne": 10000,
  "r": 1e-05,
  "mu": [
    1e-07,
    1e-07,
    4.413793103448276e-07,
    4.413793103448276e-07,
    7.827586206896552e-07,
    7.827586206896552e-07,
    1.1241379310344827e-06,
    1.1241379310344827e-06,
    1.4655172413793102e-06,
    1.4655172413793102e-06,
    1.8068965517241377e-06,
    1.8068965517241377e-06,
    2.1482758620689656e-06,
    2.1482758620689656e-06,
    2.489655172413793e-06,
    2.489655172413793e-06,
    2.8310344827586205e-06,
    2.8310344827586205e-06,
    3.172413793103448e-06,
    3.172413793103448e-06,
    3.5137931034482755e-06,
    3.855172413793104e-06,
    4.196551724137931e-06,
    4.537931034482759e-06,
    4.879310344827586e-06,
    5.220689655172414e-06,
    5.562068965517241e-06,
    5.903448275862069e-06,
    6.244827586206896e-06,
    6.5862068965517236e-06,
    6.927586206896551e-06,
    6.927586206896551e-06,
    7.268965517241379e-06,
    7.268965517241379e-06,
    7.610344827586207e-06,
    7.610344827586207e-06,
    7.951724137931034e-06,
    7.951724137931034e-06,
    8.293103448275863e-06,
    8.293103448275863e-06,
    8.634482758620691e-06,
    8.634482758620691e-06,
    8.975862068965518e-06,
    8.975862068965518e-06,
    9.317241379310346e-06,
    9.317241379310346e-06,
    9.658620689655173e-06,
    9.658620689655173e-06,
    1e-05,
    1e-05
  ],
  "samples": 500,
  "sequence_length": 10000,
  "seeds": [
    991362427,
    2051800982,
    1946394696,
    1162103643,
    751935618,
    1458324987,
    1106484112,
    1319396340,
    988025093,
    1771154523,
    315276696,
    467533286,
    332228224,
    424416440,
    1695345189,
    1883202453,
    1869077489,
    347874168,
    359710755,
    1513652112,
    1976145471,
    1723262953,
    1488366511,
    2036020672,
    1991212385,
    1850353131,
    1693431636,
    1538906461,
    144071151,
    1335396390,
    1701698650,
    328068263,
    596684879,
    176535576,
    618254874,
    1152295356,
    1301106072,
    2016339521,
    1895965229,
    1216376834,
    69301749,
    624862707,
    2107390751,
    452292016,
    1546621082,
    1091116656,
    729608185,
    1880927370,
    481123337,
    576917789
  ]
}