{
  "mode": "branch",
  "rep": 633,
  "ne": 10000,
  "r": [
    1e-08,
    1e-08,
    1.820689655172414e-07,
    1.820689655172414e-07,
    3.541379310344828e-07,
    3.541379310344828e-07,
    5.262068965517242e-07,
    5.262068965517242e-07,
    6.982758620689656e-07,
    6.982758620689656e-07,
    8.70344827586207e-07,
    8.70344827586207e-07,
    1.0424137931034483e-06,
    1.0424137931034483e-06,
    1.2144827586206895e-06,
    1.2144827586206895e-06,
    1.386551724137931e-06,
    1.386551724137931e-06,
    1.5586206896551725e-06,
    1.5586206896551725e-06,
    1.7306896551724138e-06,
    1.7306896551724138e-06,
    1.9027586206896551e-06,
    1.9027586206896551e-06,
    2.0748275862068966e-06,
    2.0748275862068966e-06,
    2.246896551724138e-06,
    2.246896551724138e-06,
    2.418965517241379e-06,
    2.418965517241379e-06,
    2.5910344827586207e-06,
    2.5910344827586207e-06,
    2.763103448275862e-06,
    2.763103448275862e-06,
    2.9351724137931037e-06,
    2.9351724137931037e-06,
    3.107241379310345e-06,
    3.107241379310345e-06,
    3.2793103448275863e-06,
    3.2793103448275863e-06,
    3.4513793103448278e-06,
    3.6234482758620693e-06,
    3.7955172413793103e-06,
    3.967586206896552e-06,
    4.139655172413793e-06,
    4.311724137931034e-06,
    4.483793103448276e-06,
    4.655862068965517e-06,
    4.8279310344827585e-06,
    5e-06
  ],
  "mu": 0,
  "samples": 250,
  "sequence_length": 1000,
  "seeds": [
    432369593,
    2048969187,
    841120801,
    191190463,
    1293957186,
    138884816,
    140124934,
    33252756,
    295651330,
    1113311110,
    1417571490,
    1557135954,
    2025878224,
    965802386,
    782224515,
    1294553630,
    1848428904,
    874844762,
    654389929,
    694489899,
    1268885290,
    1882658124,
    1674905877,
    1653846097,
    862089841,
    906773246,
    1440182501,
    1610043137,
    903928440,
    574316375,
    486663818,
    1082145924,
    1281807251,
    734956473,
    947768723,
    1038328535,
    1590587172,
    669099489,
    1565855800,
    1372254208,
    1349403275,
    1015533892,
    507488338,
    883868702,
    1559742193,
    692447844,
    2036134398,
    827359233,
    2017369461,
    546217201
  ]
}