{
  "mode": "branch",
  "rep": 710,
  "ne": 10000,
  "r": [
    1e-08,
    1.820689655172414e-07,
    3.541379310344828e-07,
    5.262068965517242e-07,
    6.982758620689656e-07,
    8.70344827586207e-07,
    1.0424137931034483e-06,
    1.2144827586206895e-06,
    1.386551724137931e-06,
    1.5586206896551725e-06,
    1.7306896551724138e-06,
    1.7306896551724138e-06,
    1.9027586206896551e-06,
    1.9027586206896551e-06,
    2.0748275862068966e-06,
    2.0748275862068966e-06,
    2.246896551724138e-06,
    2.246896551724138e-06,
    2.418965517241379e-06,
    2.418965517241379e-06,
    2.5910344827586207e-06,
    2.5910344827586207e-06,
    2.763103448275862e-06,
    2.763103448275862e-06,
    2.9351724137931037e-06,
    2.9351724137931037e-06,
    3.107241379310345e-06,
    3.107241379310345e-06,
    3.2793103448275863e-06,
    3.2793103448275863e-06,
    3.4513793103448278e-06,
    3.4513793103448278e-06,
    3.6234482758620693e-06,
    3.6234482758620693e-06,
    3.7955172413793103e-06,
    3.7955172413793103e-06,
    3.967586206896552e-06,
    3.967586206896552e-06,
    4.139655172413793e-06,
    4.139655172413793e-06,
    4.311724137931034e-06,
    4.311724137931034e-06,
    4.483793103448276e-06,
    4.483793103448276e-06,
    4.655862068965517e-06,
    4.655862068965517e-06,
    4.8279310344827585e-06,
    4.8279310344827585e-06,
    5e-06,
    5e-06
  ],
  "mu": 0,
  "samples": 250,
  "sequence_length": 1000,
  "seeds": [
    1892201641,
    1455779406,
    2096861982,
    1914502449,
    1132750002,
    609673066,
    545256767,
    167489654,
    125551786,
    24198407,
    1325268757,
    1559675509,
    544052412,
    580462289,
    1350007664,
    2121066879,
    1182648191,
    1850739368,
    64152076,
    1246507517,
    20321464,
    1068350206,
    1247324496,
    393770246,
    614335377,
    1920021408,
    280967723,
    370750134,
    442984231,
    1750682353,
    812990221,
    1979779506,
    63275031,
    1377665900,
    1108000966,
    1605016296,
    375692447,
    1524244689,
    1626897614,
    2043348193,
    1949342710,
    349751322,
    724288774,
    1391814009,
    1562523130,
    195453298,
    1529685079,
    354633510,
    787850078,
    1848265734
  ]
}