{
  "mode": "site",
  "rep": 84,
  "ne": 10000,
  "r": 1e-05,
  "mu": [
    1e-07,
    1e-07,
    4.413793103448276e-07,
    4.413793103448276e-07,
    7.827586206896552e-07,
    7.827586206896552e-07,
    1.1241379310344827e-06,
    1.1241379310344827e-06,
    1.4655172413793102e-06,
    1.4655172413793102e-06,
    1.8068965517241377e-06,
    1.8068965517241377e-06,
    2.1482758620689656e-06,
    2.1482758620689656e-06,
    2.489655172413793e-06,
    2.489655172413793e-06,
    2.8310344827586205e-06,
    2.8310344827586205e-06,
    3.172413793103448e-06,
    3.172413793103448e-06,
    3.5137931034482755e-06,
    3.5137931034482755e-06,
    3.855172413793104e-06,
    3.855172413793104e-06,
    4.196551724137931e-06,
    4.196551724137931e-06,
    4.537931034482759e-06,
    4.537931034482759e-06,
    4.879310344827586e-06,
    4.879310344827586e-06,
    5.220689655172414e-06,
    5.220689655172414e-06,
    5.562068965517241e-06,
    5.562068965517241e-06,
    5.903448275862069e-06,
    5.903448275862069e-06,
    6.244827586206896e-06,
    6.244827586206896e-06,
    6.5862068965517236e-06,
    6.5862068965517236e-06,
    6.927586206896551e-06,
    7.268965517241379e-06,
    7.610344827586207e-06,
    7.951724137931034e-06,
    8.293103448275863e-06,
    8.634482758620691e-06,
    8.975862068965518e-06,
    9.317241379310346e-06,
    9.658620689655173e-06,
    1e-05
  ],
  "samples": 500,
  "sequence_length": 50000,
  "seeds": [
    965625968,
    1465063973,
    1438071280,
    2039636147,
    126062912,
    381870316,
    79859553,
    1890222179,
    539653692,
    1091919817,
    699212725,
    303930179,
    1505606411,
    680976771,
    2026425220,
    1507276030,
    1126976299,
    2001783678,
    1752804959,
    607109943,
    936000966,
    1679094852,
    607644745,
    1853938727,
    11587004,
    171885965,
    401421896,
    426372797,
    121403015,
    1495194159,
    1308074488,
    1160463177,
    564183636,
    1352388980,
    973777767,
    1002074603,
    433397333,
    44099147,
    2032485059,
    1613190530,
    1033222757,
    2003889700,
    694703826,
    65614342,
    1231853244,
    1945260013,
    8265063,
    731599791,
    853376826,
    1375563586
  ]
}