{
  "mode": "branch",
  "rep": 815,
  "ne": 10000,
  "r": [
    1e-08,
    1.820689655172414e-07,
    3.541379310344828e-07,
    5.262068965517242e-07,
    6.982758620689656e-07,
    8.70344827586207e-07,
    1.0424137931034483e-06,
    1.2144827586206895e-06,
    1.386551724137931e-06,
    1.5586206896551725e-06,
    1.7306896551724138e-06,
    1.7306896551724138e-06,
    1.9027586206896551e-06,
    1.9027586206896551e-06,
    2.0748275862068966e-06,
    2.0748275862068966e-06,
    2.246896551724138e-06,
    2.246896551724138e-06,
    2.418965517241379e-06,
    2.418965517241379e-06,
    2.5910344827586207e-06,
    2.5910344827586207e-06,
    2.763103448275862e-06,
    2.763103448275862e-06,
    2.9351724137931037e-06,
    2.9351724137931037e-06,
    3.107241379310345e-06,
    3.107241379310345e-06,
    3.2793103448275863e-06,
    3.2793103448275863e-06,
    3.4513793103448278e-06,
    3.4513793103448278e-06,
    3.6234482758620693e-06,
    3.6234482758620693e-06,
    3.7955172413793103e-06,
    3.7955172413793103e-06,
    3.967586206896552e-06,
    3.967586206896552e-06,
    4.139655172413793e-06,
    4.139655172413793e-06,
    4.311724137931034e-06,
    4.311724137931034e-06,
    4.483793103448276e-06,
    4.483793103448276e-06,
    4.655862068965517e-06,
    4.655862068965517e-06,
    4.8279310344827585e-06,
    4.8279310344827585e-06,
    5e-06,
    5e-06
  ],
  "mu": 0,
  "samples": 250,
  "sequence_length": 1000,
  "seeds": [
    1548301967,
    197216361,
    173450333,
    1088194966,
    54317225,
    784463919,
    1688055784,
    1582548960,
    985573769,
    914171181,
    1441836870,
    1972333419,
    2018258995,
    259225071,
    1704788641,
    721112139,
    699996286,
    685965702,
    1517673342,
    2126613132,
    203060214,
    55384117,
    1300464814,
    114852721,
    558396913,
    1743367934,
    590705178,
    96232787,
    542031258,
    1343837238,
    1444050700,
    36590839,
    796416198,
    1868197528,
    185506227,
    25265786,
    1501803089,
    1121388881,
    793777225,
    581665768,
    354070313,
    883717713,
    1659161767,
    1035701315,
    849184213,
    164465893,
    1352260595,
    416257772,
    1082814468,
    1137185388
  ]
}