{
  "mode": "site",
  "rep": 310,
  "ne": 10000,
  "r": 1e-05,
  "mu": [
    1e-07,
    1e-07,
    4.413793103448276e-07,
    4.413793103448276e-07,
    7.827586206896552e-07,
    7.827586206896552e-07,
    1.1241379310344827e-06,
    1.1241379310344827e-06,
    1.4655172413793102e-06,
    1.4655172413793102e-06,
    1.8068965517241377e-06,
    1.8068965517241377e-06,
    2.1482758620689656e-06,
    2.1482758620689656e-06,
    2.489655172413793e-06,
    2.489655172413793e-06,
    2.8310344827586205e-06,
    2.8310344827586205e-06,
    3.172413793103448e-06,
    3.172413793103448e-06,
    3.5137931034482755e-06,
    3.855172413793104e-06,
    4.196551724137931e-06,
    4.537931034482759e-06,
    4.879310344827586e-06,
    5.220689655172414e-06,
    5.562068965517241e-06,
    5.903448275862069e-06,
    6.244827586206896e-06,
    6.5862068965517236e-06,
    6.927586206896551e-06,
    6.927586206896551e-06,
    7.268965517241379e-06,
    7.268965517241379e-06,
    7.610344827586207e-06,
    7.610344827586207e-06,
    7.951724137931034e-06,
    7.951724137931034e-06,
    8.293103448275863e-06,
    8.293103448275863e-06,
    8.634482758620691e-06,
    8.634482758620691e-06,
    8.975862068965518e-06,
    8.975862068965518e-06,
    9.317241379310346e-06,
    9.317241379310346e-06,
    9.658620689655173e-06,
    9.658620689655173e-06,
    1e-05,
    1e-05
  ],
  "samples": 500,
  "sequence_length": 10000,
  "seeds": [
    1853201479,
    1222811850,
    311775767,
    2042298716,
    283029950,
    280052006,
    657607813,
    1619262470,
    1529270627,
    2087523000,
    1796272435,
    382106532,
    1348908523,
    1166174858,
    1348488979,
    2001918379,
    61588112,
    1324028872,
    1545975045,
    1450040515,
    1910914704,
    779403392,
    1955054551,
    1229043050,
    943105899,
    930579861,
    12705865,
    1211692280,
    1078530202,
    650128200,
    2073367792,
    604543046,
    604419853,
    599746929,
    995327971,
    3411234,
    1224207047,
    1753869004,
    843275582,
    583941314,
    17216323,
    775708423,
    1905997667,
    449608656,
    607425752,
    1160023002,
    1909948924,
    843035281,
    376495212,
    430065972
  ]
}