{
  "mode": "branch",
  "rep": 881,
  "ne": 10000,
  "r": [
    1e-08,
    1.820689655172414e-07,
    3.541379310344828e-07,
    5.262068965517242e-07,
    6.982758620689656e-07,
    8.70344827586207e-07,
    1.0424137931034483e-06,
    1.2144827586206895e-06,
    1.386551724137931e-06,
    1.5586206896551725e-06,
    1.7306896551724138e-06,
    1.7306896551724138e-06,
    1.9027586206896551e-06,
    1.9027586206896551e-06,
    2.0748275862068966e-06,
    2.0748275862068966e-06,
    2.246896551724138e-06,
    2.246896551724138e-06,
    2.418965517241379e-06,
    2.418965517241379e-06,
    2.5910344827586207e-06,
    2.5910344827586207e-06,
    2.763103448275862e-06,
    2.763103448275862e-06,
    2.9351724137931037e-06,
    2.9351724137931037e-06,
    3.107241379310345e-06,
    3.107241379310345e-06,
    3.2793103448275863e-06,
    3.2793103448275863e-06,
    3.4513793103448278e-06,
    3.4513793103448278e-06,
    3.6234482758620693e-06,
    3.6234482758620693e-06,
    3.7955172413793103e-06,
    3.7955172413793103e-06,
    3.967586206896552e-06,
    3.967586206896552e-06,
    4.139655172413793e-06,
    4.139655172413793e-06,
    4.311724137931034e-06,
    4.311724137931034e-06,
    4.483793103448276e-06,
    4.483793103448276e-06,
    4.655862068965517e-06,
    4.655862068965517e-06,
    4.8279310344827585e-06,
    4.8279310344827585e-06,
    5e-06,
    5e-06
  ],
  "mu": 0,
  "samples": 250,
  "sequence_length": 1000,
  "seeds": [
    1068490681,
    1519979674,
    556673033,
    1225379860,
    922605660,
    2099947362,
    1599524655,
    151351087,
    1889449835,
    1006306526,
    539816802,
    1323418639,
    1310817643,
    742353779,
    1906763364,
    726518405,
    87882643,
    1392502529,
    1907362298,
    1636450120,
    297734198,
    267496316,
    963457443,
    1822190504,
    1920103506,
    746188437,
    1786092097,
    2030697266,
    1658899582,
    1438314400,
    166807955,
    1959540064,
    1554450082,
    2048438691,
    1767088821,
    474134457,
    1979322451,
    580873301,
    1482827901,
    1588916371,
    449121702,
    1351623917,
    2084601845,
    1016184799,
    2088599948,
    1535653983,
    1634367382,
    1743246380,
    698640383,
    437031419
  ]
}