{
  "mode": "site",
  "rep": 231,
  "ne": 10000,
  "r": 1e-05,
  "mu": [
    1e-07,
    1e-07,
    4.413793103448276e-07,
    4.413793103448276e-07,
    7.827586206896552e-07,
    7.827586206896552e-07,
    1.1241379310344827e-06,
    1.1241379310344827e-06,
    1.4655172413793102e-06,
    1.4655172413793102e-06,
    1.8068965517241377e-06,
    1.8068965517241377e-06,
    2.1482758620689656e-06,
    2.1482758620689656e-06,
    2.489655172413793e-06,
    2.489655172413793e-06,
    2.8310344827586205e-06,
    2.8310344827586205e-06,
    3.172413793103448e-06,
    3.172413793103448e-06,
    3.5137931034482755e-06,
    3.5137931034482755e-06,
    3.855172413793104e-06,
    3.855172413793104e-06,
    4.196551724137931e-06,
    4.196551724137931e-06,
    4.537931034482759e-06,
    4.537931034482759e-06,
    4.879310344827586e-06,
    4.879310344827586e-06,
    5.220689655172414e-06,
    5.220689655172414e-06,
    5.562068965517241e-06,
    5.562068965517241e-06,
    5.903448275862069e-06,
    5.903448275862069e-06,
    6.244827586206896e-06,
    6.244827586206896e-06,
    6.5862068965517236e-06,
    6.5862068965517236e-06,
    6.927586206896551e-06,
    7.268965517241379e-06,
    7.610344827586207e-06,
    7.951724137931034e-06,
    8.293103448275863e-06,
    8.634482758620691e-06,
    8.975862068965518e-06,
    9.317241379310346e-06,
    9.658620689655173e-06,
    1e-05
  ],
  "samples": 500,
  "sequence_length": 50000,
  "seeds": [
    928355835,
    788490191,
    872421832,
    1633981625,
    1285901861,
    1715013618,
    385090505,
    1645793531,
    1128659636,
    249550450,
    1181040417,
    1610770553,
    819135077,
    2095642053,
    1191637935,
    525313241,
    1599807902,
    833066644,
    24533609,
    17370865,
    2136197355,
    1438877012,
    1529830342,
    599614348,
    795742481,
    279416929,
    513812340,
    659604573,
    458062998,
    259082318,
    1400094339,
    911304166,
    972900946,
    728510031,
    540865369,
    1809509547,
    1767409083,
    274184830,
    1218334803,
    2117962964,
    106515930,
    1561568693,
    194860077,
    166082622,
    131297636,
    1357254504,
    697029652,
    1060589102,
    244813341,
    1394027465
  ]
}