{
  "mode": "site",
  "rep": 200,
  "ne": 10000,
  "r": 1e-05,
  "mu": [
    1e-07,
    4.413793103448276e-07,
    7.827586206896552e-07,
    1.1241379310344827e-06,
    1.4655172413793102e-06,
    1.8068965517241377e-06,
    2.1482758620689656e-06,
    2.489655172413793e-06,
    2.8310344827586205e-06,
    3.172413793103448e-06,
    3.5137931034482755e-06,
    3.5137931034482755e-06,
    3.855172413793104e-06,
    3.855172413793104e-06,
    4.196551724137931e-06,
    4.196551724137931e-06,
    4.537931034482759e-06,
    4.537931034482759e-06,
    4.879310344827586e-06,
    4.879310344827586e-06,
    5.220689655172414e-06,
    5.220689655172414e-06,
    5.562068965517241e-06,
    5.562068965517241e-06,
    5.903448275862069e-06,
    5.903448275862069e-06,
    6.244827586206896e-06,
    6.244827586206896e-06,
    6.5862068965517236e-06,
    6.5862068965517236e-06,
    6.927586206896551e-06,
    6.927586206896551e-06,
    7.268965517241379e-06,
    7.268965517241379e-06,
    7.610344827586207e-06,
    7.610344827586207e-06,
    7.951724137931034e-06,
    7.951724137931034e-06,
    8.293103448275863e-06,
    8.293103448275863e-06,
    8.634482758620691e-06,
    8.634482758620691e-06,
    8.975862068965518e-06,
    8.975862068965518e-06,
    9.317241379310346e-06,
    9.317241379310346e-06,
    9.658620689655173e-06,
    9.658620689655173e-06,
    1e-05,
    1e-05
  ],
  "samples": 500,
  "sequence_length": 10000,
  "seeds": [
    1581586204,
    1543165277,
    1606711974,
    986803217,
    556228239,
    54694337,
    104032563,
    812895800,
    1554016305,
    1525993905,
    1571304719,
    2094228833,
    2135734258,
    861168310,
    1040567604,
    744152657,
    782924799,
    1331294658,
    1423868968,
    620763688,
    602612267,
    1579408801,
    1004306998,
    820213549,
    712170166,
    1976015295,
    1148287777,
    1124018733,
    99164592,
    203676112,
    1019754157,
    1297117102,
    912979266,
    1458036365,
    1417561559,
    1783556954,
    1054834892,
    2105898787,
    1213193654,
    75950354,
    1890825009,
    1197145948,
    1951519698,
    2009721424,
    669644144,
    70426870,
    1999604855,
    1165433946,
    1865340169,
    922221609
  ]
}