{
  "mode": "branch",
  "rep": 1187,
  "ne": 10000,
  "r": [
    1e-08,
    1.820689655172414e-07,
    3.541379310344828e-07,
    5.262068965517242e-07,
    6.982758620689656e-07,
    8.70344827586207e-07,
    1.0424137931034483e-06,
    1.2144827586206895e-06,
    1.386551724137931e-06,
    1.5586206896551725e-06,
    1.7306896551724138e-06,
    1.7306896551724138e-06,
    1.9027586206896551e-06,
    1.9027586206896551e-06,
    2.0748275862068966e-06,
    2.0748275862068966e-06,
    2.246896551724138e-06,
    2.246896551724138e-06,
    2.418965517241379e-06,
    2.418965517241379e-06,
    2.5910344827586207e-06,
    2.5910344827586207e-06,
    2.763103448275862e-06,
    2.763103448275862e-06,
    2.9351724137931037e-06,
    2.9351724137931037e-06,
    3.107241379310345e-06,
    3.107241379310345e-06,
    3.2793103448275863e-06,
    3.2793103448275863e-06,
    3.4513793103448278e-06,
    3.4513793103448278e-06,
    3.6234482758620693e-06,
    3.6234482758620693e-06,
    3.7955172413793103e-06,
    3.7955172413793103e-06,
    3.967586206896552e-06,
    3.967586206896552e-06,
    4.139655172413793e-06,
    4.139655172413793e-06,
    4.311724137931034e-06,
    4.311724137931034e-06,
    4.483793103448276e-06,
    4.483793103448276e-06,
    4.655862068965517e-06,
    4.655862068965517e-06,
    4.8279310344827585e-06,
    4.8279310344827585e-06,
    5e-06,
    5e-06
  ],
  "mu": 0,
  "samples": 250,
  "sequence_length": 1000,
  "seeds": [
    1638104370,
    492267363,
    1237405446,
    20246908,
    848378153,
    1860079484,
    1383596145,
    411790633,
    2112497928,
    186934709,
    1995342228,
    565114695,
    1053715851,
    1796565013,
    1786217425,
    1339257013,
    1396299898,
    864064874,
    594173903,
    1792715277,
    1252810564,
    59124648,
    741471371,
    134622661,
    1408205642,
    1060853263,
    2046681508,
    1207328302,
    1634093073,
    656059520,
    1820482821,
    1004106826,
    2059244043,
    492568684,
    1866848048,
    2035677268,
    274104841,
    1034643056,
    1395130675,
    1186372351,
    1901826294,
    1941631731,
    418113259,
    2140640203,
    361505116,
    514874591,
    471382861,
    2088894153,
    375903497,
    1114235509
  ]
}