{
  "mode": "site",
  "rep": 25,
  "ne": 10000,
  "r": 1e-05,
  "mu": [
    1e-07,
    1e-07,
    4.413793103448276e-07,
    4.413793103448276e-07,
    7.827586206896552e-07,
    7.827586206896552e-07,
    1.1241379310344827e-06,
    1.1241379310344827e-06,
    1.4655172413793102e-06,
    1.4655172413793102e-06,
    1.8068965517241377e-06,
    1.8068965517241377e-06,
    2.1482758620689656e-06,
    2.1482758620689656e-06,
    2.489655172413793e-06,
    2.489655172413793e-06,
    2.8310344827586205e-06,
    2.8310344827586205e-06,
    3.172413793103448e-06,
    3.172413793103448e-06,
    3.5137931034482755e-06,
    3.855172413793104e-06,
    4.196551724137931e-06,
    4.537931034482759e-06,
    4.879310344827586e-06,
    5.220689655172414e-06,
    5.562068965517241e-06,
    5.903448275862069e-06,
    6.244827586206896e-06,
    6.5862068965517236e-06,
    6.927586206896551e-06,
    6.927586206896551e-06,
    7.268965517241379e-06,
    7.268965517241379e-06,
    7.610344827586207e-06,
    7.610344827586207e-06,
    7.951724137931034e-06,
    7.951724137931034e-06,
    8.293103448275863e-06,
    8.293103448275863e-06,
    8.634482758620691e-06,
    8.634482758620691e-06,
    8.975862068965518e-06,
    8.975862068965518e-06,
    9.317241379310346e-06,
    9.317241379310346e-06,
    9.658620689655173e-06,
    9.658620689655173e-06,
    1e-05,
    1e-05
  ],
  "samples": 500,
  "sequence_length": 50000,
  "seeds": [
    479412908,
    785720053,
    1474354167,
    306588403,
    446218654,
    1425564963,
    1848483591,
    193507217,
    1562118667,
    169654902,
    1389448438,
    958981692,
    1960426733,
    1620897615,
    1794175069,
    319612821,
    1867963190,
    1454805704,
    591826721,
    659862706,
    708314931,
    1179361280,
    1907817141,
    843554344,
    805457766,
    592469005,
    532389161,
    1729296637,
    1461798545,
    1105223488,
    591513470,
    34702607,
    1457255789,
    202750908,
    123224709,
    1034418119,
    256025512,
    290248903,
    2115811599,
    291564047,
    2141920281,
    1827898837,
    2033726649,
    1656645823,
    1319293684,
    406558735,
    1655761854,
    593485923,
    979471178,
    688399824
  ]
}