{
  "mode": "site",
  "rep": 112,
  "ne": 10000,
  "r": 1e-05,
  "mu": [
    1e-07,
    1e-07,
    4.413793103448276e-07,
    4.413793103448276e-07,
    7.827586206896552e-07,
    7.827586206896552e-07,
    1.1241379310344827e-06,
    1.1241379310344827e-06,
    1.4655172413793102e-06,
    1.4655172413793102e-06,
    1.8068965517241377e-06,
    1.8068965517241377e-06,
    2.1482758620689656e-06,
    2.1482758620689656e-06,
    2.489655172413793e-06,
    2.489655172413793e-06,
    2.8310344827586205e-06,
    2.8310344827586205e-06,
    3.172413793103448e-06,
    3.172413793103448e-06,
    3.5137931034482755e-06,
    3.855172413793104e-06,
    4.196551724137931e-06,
    4.537931034482759e-06,
    4.879310344827586e-06,
    5.220689655172414e-06,
    5.562068965517241e-06,
    5.903448275862069e-06,
    6.244827586206896e-06,
    6.5862068965517236e-06,
    6.927586206896551e-06,
    6.927586206896551e-06,
    7.268965517241379e-06,
    7.268965517241379e-06,
    7.610344827586207e-06,
    7.610344827586207e-06,
    7.951724137931034e-06,
    7.951724137931034e-06,
    8.293103448275863e-06,
    8.293103448275863e-06,
    8.634482758620691e-06,
    8.634482758620691e-06,
    8.975862068965518e-06,
    8.975862068965518e-06,
    9.317241379310346e-06,
    9.317241379310346e-06,
    9.658620689655173e-06,
    9.658620689655173e-06,
    1e-05,
    1e-05
  ],
  "samples": 500,
  "sequence_length": 10000,
  "seeds": [
    1641573066,
    629769442,
    594166812,
    210000061,
    707963410,
    2076020634,
    289833474,
    139661449,
    2060475526,
    2040573918,
    292052920,
    1753277096,
    1246889362,
    1286910216,
    1567694104,
    2116767284,
    2073434520,
    1095144157,
    1356813832,
    1831592080,
    755128582,
    1653752558,
    1744274912,
    1952567274,
    1729070650,
    703312817,
    1695563841,
    452944640,
    501571998,
    1880765542,
    1413557476,
    595607263,
    1239234857,
    1251599676,
    1478229204,
    2122246453,
    1589609369,
    1444768195,
    1272793482,
    468081829,
    1677816909,
    1321121988,
    553321150,
    1906219899,
    1963061372,
    127813275,
    2147442470,
    1310345291,
    904642867,
    313860969
  ]
}