{
  "mode": "site",
  "rep": 525,
  "ne": 10000,
  "r": 1e-05,
  "mu": [
    1e-07,
    1e-07,
    4.413793103448276e-07,
    4.413793103448276e-07,
    7.827586206896552e-07,
    7.827586206896552e-07,
    1.1241379310344827e-06,
    1.1241379310344827e-06,
    1.4655172413793102e-06,
    1.4655172413793102e-06,
    1.8068965517241377e-06,
    1.8068965517241377e-06,
    2.1482758620689656e-06,
    2.1482758620689656e-06,
    2.489655172413793e-06,
    2.489655172413793e-06,
    2.8310344827586205e-06,
    2.8310344827586205e-06,
    3.172413793103448e-06,
    3.172413793103448e-06,
    3.5137931034482755e-06,
    3.5137931034482755e-06,
    3.855172413793104e-06,
    3.855172413793104e-06,
    4.196551724137931e-06,
    4.196551724137931e-06,
    4.537931034482759e-06,
    4.537931034482759e-06,
    4.879310344827586e-06,
    4.879310344827586e-06,
    5.220689655172414e-06,
    5.220689655172414e-06,
    5.562068965517241e-06,
    5.562068965517241e-06,
    5.903448275862069e-06,
    5.903448275862069e-06,
    6.244827586206896e-06,
    6.244827586206896e-06,
    6.5862068965517236e-06,
    6.5862068965517236e-06,
    6.927586206896551e-06,
    7.268965517241379e-06,
    7.610344827586207e-06,
    7.951724137931034e-06,
    8.293103448275863e-06,
    8.634482758620691e-06,
    8.975862068965518e-06,
    9.317241379310346e-06,
    9.658620689655173e-06,
    1e-05
  ],
  "samples": 500,
  "sequence_length": 10000,
  "seeds": [
    115166681,
    1293555381,
    1838869934,
    275755384,
    997252692,
    1583987025,
    1477929274,
    806764267,
    133167143,
    1346008579,
    81783095,
    1785221687,
    1368664794,
    559349169,
    914720966,
    1309614403,
    939202604,
    1253852181,
    56613687,
    705627342,
    108869290,
    673441545,
    1738040476,
    1289875124,
    1840290050,
    1276635910,
    1947228903,
    948452077,
    1372160095,
    786925957,
    481951255,
    1128143665,
    1985820595,
    1487671529,
    2120880958,
    1096706751,
    289345489,
    1342125057,
    1893530658,
    466529865,
    392767894,
    1419352137,
    2140971023,
    1984133317,
    769562578,
    2037502585,
    1867221543,
    1943474444,
    1159598857,
    1063094602
  ]
}