{
  "mode": "site",
  "rep": 476,
  "ne": 10000,
  "r": 1e-05,
  "mu": [
    1e-07,
    4.413793103448276e-07,
    7.827586206896552e-07,
    1.1241379310344827e-06,
    1.4655172413793102e-06,
    1.8068965517241377e-06,
    2.1482758620689656e-06,
    2.489655172413793e-06,
    2.8310344827586205e-06,
    3.172413793103448e-06,
    3.5137931034482755e-06,
    3.5137931034482755e-06,
    3.855172413793104e-06,
    3.855172413793104e-06,
    4.196551724137931e-06,
    4.196551724137931e-06,
    4.537931034482759e-06,
    4.537931034482759e-06,
    4.879310344827586e-06,
    4.879310344827586e-06,
    5.220689655172414e-06,
    5.220689655172414e-06,
    5.562068965517241e-06,
    5.562068965517241e-06,
    5.903448275862069e-06,
    5.903448275862069e-06,
    6.244827586206896e-06,
    6.244827586206896e-06,
    6.5862068965517236e-06,
    6.5862068965517236e-06,
    6.927586206896551e-06,
    6.927586206896551e-06,
    7.268965517241379e-06,
    7.268965517241379e-06,
    7.610344827586207e-06,
    7.610344827586207e-06,
    7.951724137931034e-06,
    7.951724137931034e-06,
    8.293103448275863e-06,
    8.293103448275863e-06,
    8.634482758620691e-06,
    8.634482758620691e-06,
    8.975862068965518e-06,
    8.975862068965518e-06,
    9.317241379310346e-06,
    9.317241379310346e-06,
    9.658620689655173e-06,
    9.658620689655173e-06,
    1e-05,
    1e-05
  ],
  "samples": 500,
  "sequence_length": 10000,
  "seeds": [
    863451196,
    1293536050,
    1470589509,
    520315747,
    517776725,
    344139096,
    944827819,
    1607227829,
    1624936773,
    444783095,
    1737039216,
    1513493130,
    685776700,
    636933980,
    415966726,
    272527983,
    1594679626,
    1266817512,
    733284394,
    2077767252,
    1022866771,
    225386977,
    2101918091,
    534363380,
    1657899801,
    1295609158,
    1256181950,
    280957458,
    1463093973,
    1023637285,
    680395262,
    2048494689,
    446173741,
    1509126433,
    540321150,
    31532230,
    862638804,
    1551291097,
    1314113645,
    1548722031,
    1368583537,
    674630320,
    272773177,
    1750538131,
    2056117451,
    551658582,
    1332062792,
    626254529,
    223678717,
    1448762037
  ]
}