{
  "mode": "site",
  "rep": 56,
  "ne": 10000,
  "r": 1e-05,
  "mu": [
    1e-07,
    4.413793103448276e-07,
    7.827586206896552e-07,
    1.1241379310344827e-06,
    1.4655172413793102e-06,
    1.8068965517241377e-06,
    2.1482758620689656e-06,
    2.489655172413793e-06,
    2.8310344827586205e-06,
    3.172413793103448e-06,
    3.5137931034482755e-06,
    3.5137931034482755e-06,
    3.855172413793104e-06,
    3.855172413793104e-06,
    4.196551724137931e-06,
    4.196551724137931e-06,
    4.537931034482759e-06,
    4.537931034482759e-06,
    4.879310344827586e-06,
    4.879310344827586e-06,
    5.220689655172414e-06,
    5.220689655172414e-06,
    5.562068965517241e-06,
    5.562068965517241e-06,
    5.903448275862069e-06,
    5.903448275862069e-06,
    6.244827586206896e-06,
    6.244827586206896e-06,
    6.5862068965517236e-06,
    6.5862068965517236e-06,
    6.927586206896551e-06,
    6.927586206896551e-06,
    7.268965517241379e-06,
    7.268965517241379e-06,
    7.610344827586207e-06,
    7.610344827586207e-06,
    7.951724137931034e-06,
    7.951724137931034e-06,
    8.293103448275863e-06,
    8.293103448275863e-06,
    8.634482758620691e-06,
    8.634482758620691e-06,
    8.975862068965518e-06,
    8.975862068965518e-06,
    9.317241379310346e-06,
    9.317241379310346e-06,
    9.658620689655173e-06,
    9.658620689655173e-06,
    1e-05,
    1e-05
  ],
  "samples": 500,
  "sequence_length": 50000,
  "seeds": [
    132370154,
    912842695,
    1934748244,
    594348592,
    532860231,
    828016635,
    1057379797,
    232841168,
    1995787480,
    1619429550,
    750530455,
    1597198737,
    8671488,
    1345659829,
    1354912821,
    301328350,
    1599339684,
    73753505,
    34106971,
    1637768130,
    342591482,
    1542179876,
    1670198473,
    435724614,
    1761026682,
    123899452,
    450536643,
    232657727,
    343312579,
    1173544126,
    1173570788,
    1185488253,
    1294577618,
    713000889,
    428410422,
    110234480,
    2008643215,
    801090023,
    1115854472,
    1482575284,
    638795806,
    397604393,
    1182668620,
    1101881115,
    1695834784,
    1261259416,
    1420980286,
    480659370,
    1737277791,
    1360823437
  ]
}