{
  "mode": "site",
  "rep": 465,
  "ne": 10000,
  "r": 1e-05,
  "mu": [
    1e-07,
    1e-07,
    4.413793103448276e-07,
    4.413793103448276e-07,
    7.827586206896552e-07,
    7.827586206896552e-07,
    1.1241379310344827e-06,
    1.1241379310344827e-06,
    1.4655172413793102e-06,
    1.4655172413793102e-06,
    1.8068965517241377e-06,
    1.8068965517241377e-06,
    2.1482758620689656e-06,
    2.1482758620689656e-06,
    2.489655172413793e-06,
    2.489655172413793e-06,
    2.8310344827586205e-06,
    2.8310344827586205e-06,
    3.172413793103448e-06,
    3.172413793103448e-06,
    3.5137931034482755e-06,
    3.5137931034482755e-06,
    3.855172413793104e-06,
    3.855172413793104e-06,
    4.196551724137931e-06,
    4.196551724137931e-06,
    4.537931034482759e-06,
    4.537931034482759e-06,
    4.879310344827586e-06,
    4.879310344827586e-06,
    5.220689655172414e-06,
    5.220689655172414e-06,
    5.562068965517241e-06,
    5.562068965517241e-06,
    5.903448275862069e-06,
    5.903448275862069e-06,
    6.244827586206896e-06,
    6.244827586206896e-06,
    6.5862068965517236e-06,
    6.5862068965517236e-06,
    6.927586206896551e-06,
    7.268965517241379e-06,
    7.610344827586207e-06,
    7.951724137931034e-06,
    8.293103448275863e-06,
    8.634482758620691e-06,
    8.975862068965518e-06,
    9.317241379310346e-06,
    9.658620689655173e-06,
    1e-05
  ],
  "samples": 500,
  "sequence_length": 50000,
  "seeds": [
    1172550068,
    2137910335,
    1525987449,
    167827429,
    1139891326,
    1762320427,
    64767790,
    1932179727,
    945531111,
    1796332804,
    1466700442,
    1014355977,
    1175330133,
    1259197933,
    1929706232,
    1585183273,
    938074410,
    1189731052,
    1233764702,
    840706649,
    211188116,
    470946428,
    1583143672,
    1571489683,
    460297926,
    634205413,
    852949555,
    1343968735,
    1679150642,
    496786076,
    823906584,
    1734396658,
    1744487170,
    458088464,
    1959508157,
    703774787,
    70432733,
    823287118,
    264703243,
    845574337,
    1116567163,
    465473009,
    2034663333,
    1777669772,
    425056099,
    620022263,
    1456009868,
    1379920580,
    2052173614,
    160334353
  ]
}