{
  "mode": "branch",
  "rep": 1105,
  "ne": 10000,
  "r": [
    1e-08,
    1e-08,
    1.820689655172414e-07,
    1.820689655172414e-07,
    3.541379310344828e-07,
    3.541379310344828e-07,
    5.262068965517242e-07,
    5.262068965517242e-07,
    6.982758620689656e-07,
    6.982758620689656e-07,
    8.70344827586207e-07,
    8.70344827586207e-07,
    1.0424137931034483e-06,
    1.0424137931034483e-06,
    1.2144827586206895e-06,
    1.2144827586206895e-06,
    1.386551724137931e-06,
    1.386551724137931e-06,
    1.5586206896551725e-06,
    1.5586206896551725e-06,
    1.7306896551724138e-06,
    1.9027586206896551e-06,
    2.0748275862068966e-06,
    2.246896551724138e-06,
    2.418965517241379e-06,
    2.5910344827586207e-06,
    2.763103448275862e-06,
    2.9351724137931037e-06,
    3.107241379310345e-06,
    3.2793103448275863e-06,
    3.4513793103448278e-06,
    3.4513793103448278e-06,
    3.6234482758620693e-06,
    3.6234482758620693e-06,
    3.7955172413793103e-06,
    3.7955172413793103e-06,
    3.967586206896552e-06,
    3.967586206896552e-06,
    4.139655172413793e-06,
    4.139655172413793e-06,
    4.311724137931034e-06,
    4.311724137931034e-06,
    4.483793103448276e-06,
    4.483793103448276e-06,
    4.655862068965517e-06,
    4.655862068965517e-06,
    4.8279310344827585e-06,
    4.8279310344827585e-06,
    5e-06,
    5e-06
  ],
  "mu": 0,
  "samples": 250,
  "sequence_length": 1000,
  "seeds": [
    1818863589,
    384498038,
    1495450916,
    161163196,
    26654325,
    2010681971,
    1019913015,
    259704270,
    2079958943,
    801367718,
    1325945705,
    905383744,
    568619300,
    753195601,
    2023373297,
    179221344,
    599047431,
    2088762616,
    1052722460,
    2036089906,
    1104903418,
    1379015899,
    904179803,
    1515532899,
    763067689,
    1771578358,
    1082582892,
    254040491,
    124719516,
    916765387,
    169163761,
    190237834,
    1389400195,
    749667485,
    1974191537,
    2105613909,
    1679145761,
    808924987,
    2070092064,
    1800895457,
    75180843,
    453908427,
    938422006,
    1741001241,
    879315929,
    429477065,
    574491062,
    521156203,
    438151835,
    1887024055
  ]
}