{
  "mode": "site",
  "rep": 102,
  "ne": 10000,
  "r": 1e-05,
  "mu": [
    1e-07,
    1e-07,
    4.413793103448276e-07,
    4.413793103448276e-07,
    7.827586206896552e-07,
    7.827586206896552e-07,
    1.1241379310344827e-06,
    1.1241379310344827e-06,
    1.4655172413793102e-06,
    1.4655172413793102e-06,
    1.8068965517241377e-06,
    1.8068965517241377e-06,
    2.1482758620689656e-06,
    2.1482758620689656e-06,
    2.489655172413793e-06,
    2.489655172413793e-06,
    2.8310344827586205e-06,
    2.8310344827586205e-06,
    3.172413793103448e-06,
    3.172413793103448e-06,
    3.5137931034482755e-06,
    3.5137931034482755e-06,
    3.855172413793104e-06,
    3.855172413793104e-06,
    4.196551724137931e-06,
    4.196551724137931e-06,
    4.537931034482759e-06,
    4.537931034482759e-06,
    4.879310344827586e-06,
    4.879310344827586e-06,
    5.220689655172414e-06,
    5.220689655172414e-06,
    5.562068965517241e-06,
    5.562068965517241e-06,
    5.903448275862069e-06,
    5.903448275862069e-06,
    6.244827586206896e-06,
    6.244827586206896e-06,
    6.5862068965517236e-06,
    6.5862068965517236e-06,
    6.927586206896551e-06,
    7.268965517241379e-06,
    7.610344827586207e-06,
    7.951724137931034e-06,
    8.293103448275863e-06,
    8.634482758620691e-06,
    8.975862068965518e-06,
    9.317241379310346e-06,
    9.658620689655173e-06,
    1e-05
  ],
  "samples": 500,
  "sequence_length": 10000,
  "seeds": [
    1766019373,
    375108517,
    463387023,
    2008101211,
    679806747,
    1914577035,
    1732589902,
    2091405754,
    1062868568,
    902803171,
    640083096,
    346828811,
    1335268473,
    1388484775,
    861996524,
    1030048143,
    1635773706,
    819562668,
    1495105481,
    1581612964,
    1646968100,
    617888933,
    404003837,
    355038098,
    1074371866,
    1322134444,
    1019285588,
    633201239,
    90576778,
    494762536,
    5284309,
    425837424,
    969860717,
    723541076,
    819457520,
    155553982,
    737586935,
    1624246473,
    1269665994,
    1554385698,
    1623756762,
    1911895958,
    1542831990,
    196045168,
    373450948,
    134177884,
    208610403,
    403696292,
    1251455034,
    1476293463
  ]
}