{
  "mode": "site",
  "rep": 440,
  "ne": 10000,
  "r": 1e-05,
  "mu": [
    1e-07,
    4.413793103448276e-07,
    7.827586206896552e-07,
    1.1241379310344827e-06,
    1.4655172413793102e-06,
    1.8068965517241377e-06,
    2.1482758620689656e-06,
    2.489655172413793e-06,
    2.8310344827586205e-06,
    3.172413793103448e-06,
    3.5137931034482755e-06,
    3.5137931034482755e-06,
    3.855172413793104e-06,
    3.855172413793104e-06,
    4.196551724137931e-06,
    4.196551724137931e-06,
    4.537931034482759e-06,
    4.537931034482759e-06,
    4.879310344827586e-06,
    4.879310344827586e-06,
    5.220689655172414e-06,
    5.220689655172414e-06,
    5.562068965517241e-06,
    5.562068965517241e-06,
    5.903448275862069e-06,
    5.903448275862069e-06,
    6.244827586206896e-06,
    6.244827586206896e-06,
    6.5862068965517236e-06,
    6.5862068965517236e-06,
    6.927586206896551e-06,
    6.927586206896551e-06,
    7.268965517241379e-06,
    7.268965517241379e-06,
    7.610344827586207e-06,
    7.610344827586207e-06,
    7.951724137931034e-06,
    7.951724137931034e-06,
    8.293103448275863e-06,
    8.293103448275863e-06,
    8.634482758620691e-06,
    8.634482758620691e-06,
    8.975862068965518e-06,
    8.975862068965518e-06,
    9.317241379310346e-06,
    9.317241379310346e-06,
    9.658620689655173e-06,
    9.658620689655173e-06,
    1e-05,
    1e-05
  ],
  "samples": 500,
  "sequence_length": 50000,
  "seeds": [
    1228352524,
    1637870551,
    278392285,
    281105490,
    708692125,
    71915408,
    394983526,
    54421150,
    430958067,
    1938492125,
    652188910,
    2137807803,
    337552719,
    66518476,
    161307963,
    210966830,
    885540134,
    1879905873,
    265618151,
    469117874,
    1379425210,
    279290437,
    1700951334,
    668310391,
    1279137253,
    1990743729,
    834201192,
    921528958,
    184120193,
    850347564,
    2109147598,
    1049558400,
    1744453828,
    191145443,
    1268059852,
    94227627,
    213207666,
    495134896,
    899956906,
    6331926,
    1925277080,
    1972467410,
    1476019030,
    979437340,
    216184550,
    422490953,
    1640246884,
    1425966016,
    1507297531,
    1879281624
  ]
}