{
  "mode": "branch",
  "rep": 965,
  "ne": 10000,
  "r": [
    1e-08,
    1.820689655172414e-07,
    3.541379310344828e-07,
    5.262068965517242e-07,
    6.982758620689656e-07,
    8.70344827586207e-07,
    1.0424137931034483e-06,
    1.2144827586206895e-06,
    1.386551724137931e-06,
    1.5586206896551725e-06,
    1.7306896551724138e-06,
    1.7306896551724138e-06,
    1.9027586206896551e-06,
    1.9027586206896551e-06,
    2.0748275862068966e-06,
    2.0748275862068966e-06,
    2.246896551724138e-06,
    2.246896551724138e-06,
    2.418965517241379e-06,
    2.418965517241379e-06,
    2.5910344827586207e-06,
    2.5910344827586207e-06,
    2.763103448275862e-06,
    2.763103448275862e-06,
    2.9351724137931037e-06,
    2.9351724137931037e-06,
    3.107241379310345e-06,
    3.107241379310345e-06,
    3.2793103448275863e-06,
    3.2793103448275863e-06,
    3.4513793103448278e-06,
    3.4513793103448278e-06,
    3.6234482758620693e-06,
    3.6234482758620693e-06,
    3.7955172413793103e-06,
    3.7955172413793103e-06,
    3.967586206896552e-06,
    3.967586206896552e-06,
    4.139655172413793e-06,
    4.139655172413793e-06,
    4.311724137931034e-06,
    4.311724137931034e-06,
    4.483793103448276e-06,
    4.483793103448276e-06,
    4.655862068965517e-06,
    4.655862068965517e-06,
    4.8279310344827585e-06,
    4.8279310344827585e-06,
    5e-06,
    5e-06
  ],
  "mu": 0,
  "samples": 250,
  "sequence_length": 1000,
  "seeds": [
    578432125,
    755656439,
    1001127026,
    1913989824,
    1212685621,
    2048838069,
    1470261131,
    742077515,
    1580741054,
    1306781092,
    908277196,
    1209800548,
    2120248697,
    508271799,
    1518167055,
    434812252,
    50966160,
    497354302,
    1092440697,
    1286303619,
    155124782,
    416925431,
    103030298,
    1095725775,
    1056406391,
    2100065362,
    588988229,
    2147275855,
    158671745,
    1249766734,
    278015536,
    1602940896,
    2104142128,
    468399025,
    2077002826,
    2135619285,
    745275592,
    2077913589,
    792904237,
    1023158900,
    1341054514,
    388833725,
    734485609,
    1477460703,
    918988043,
    969359529,
    1679862034,
    528006603,
    2128879444,
    1549761044
  ]
}