{
  "mode": "branch",
  "rep": 969,
  "ne": 10000,
  "r": [
    1e-08,
    1e-08,
    1.820689655172414e-07,
    1.820689655172414e-07,
    3.541379310344828e-07,
    3.541379310344828e-07,
    5.262068965517242e-07,
    5.262068965517242e-07,
    6.982758620689656e-07,
    6.982758620689656e-07,
    8.70344827586207e-07,
    8.70344827586207e-07,
    1.0424137931034483e-06,
    1.0424137931034483e-06,
    1.2144827586206895e-06,
    1.2144827586206895e-06,
    1.386551724137931e-06,
    1.386551724137931e-06,
    1.5586206896551725e-06,
    1.5586206896551725e-06,
    1.7306896551724138e-06,
    1.7306896551724138e-06,
    1.9027586206896551e-06,
    1.9027586206896551e-06,
    2.0748275862068966e-06,
    2.0748275862068966e-06,
    2.246896551724138e-06,
    2.246896551724138e-06,
    2.418965517241379e-06,
    2.418965517241379e-06,
    2.5910344827586207e-06,
    2.5910344827586207e-06,
    2.763103448275862e-06,
    2.763103448275862e-06,
    2.9351724137931037e-06,
    2.9351724137931037e-06,
    3.107241379310345e-06,
    3.107241379310345e-06,
    3.2793103448275863e-06,
    3.2793103448275863e-06,
    3.4513793103448278e-06,
    3.6234482758620693e-06,
    3.7955172413793103e-06,
    3.967586206896552e-06,
    4.139655172413793e-06,
    4.311724137931034e-06,
    4.483793103448276e-06,
    4.655862068965517e-06,
    4.8279310344827585e-06,
    5e-06
  ],
  "mu": 0,
  "samples": 250,
  "sequence_length": 1000,
  "seeds": [
    480789719,
    1993904085,
    1632051749,
    579960807,
    1959852899,
    490901400,
    338580328,
    158596452,
    2114653151,
    738960807,
    156302461,
    402204280,
    1315441211,
    1282225781,
    1864155089,
    457097456,
    1321515597,
    1105176786,
    1338698253,
    746165993,
    1028330277,
    1735974954,
    885107282,
    971942428,
    1998742140,
    223561948,
    73873401,
    899245137,
    1558204002,
    504188570,
    1147725323,
    275861773,
    1572820837,
    170592444,
    1774932978,
    731976869,
    30547111,
    147153124,
    1123007897,
    1589730827,
    1924252380,
    1730922957,
    1496666687,
    974334673,
    523704378,
    1806375630,
    1488044149,
    868450006,
    1620774773,
    208493729
  ]
}