{
  "mode": "site",
  "rep": 211,
  "ne": 10000,
  "r": 1e-05,
  "mu": [
    1e-07,
    1e-07,
    4.413793103448276e-07,
    4.413793103448276e-07,
    7.827586206896552e-07,
    7.827586206896552e-07,
    1.1241379310344827e-06,
    1.1241379310344827e-06,
    1.4655172413793102e-06,
    1.4655172413793102e-06,
    1.8068965517241377e-06,
    1.8068965517241377e-06,
    2.1482758620689656e-06,
    2.1482758620689656e-06,
    2.489655172413793e-06,
    2.489655172413793e-06,
    2.8310344827586205e-06,
    2.8310344827586205e-06,
    3.172413793103448e-06,
    3.172413793103448e-06,
    3.5137931034482755e-06,
    3.855172413793104e-06,
    4.196551724137931e-06,
    4.537931034482759e-06,
    4.879310344827586e-06,
    5.220689655172414e-06,
    5.562068965517241e-06,
    5.903448275862069e-06,
    6.244827586206896e-06,
    6.5862068965517236e-06,
    6.927586206896551e-06,
    6.927586206896551e-06,
    7.268965517241379e-06,
    7.268965517241379e-06,
    7.610344827586207e-06,
    7.610344827586207e-06,
    7.951724137931034e-06,
    7.951724137931034e-06,
    8.293103448275863e-06,
    8.293103448275863e-06,
    8.634482758620691e-06,
    8.634482758620691e-06,
    8.975862068965518e-06,
    8.975862068965518e-06,
    9.317241379310346e-06,
    9.317241379310346e-06,
    9.658620689655173e-06,
    9.658620689655173e-06,
    1e-05,
    1e-05
  ],
  "samples": 500,
  "sequence_length": 50000,
  "seeds": [
    32199118,
    1273520710,
    1401850495,
    1085776979,
    879221191,
    1703823442,
    470511105,
    1179720258,
    1573101609,
    2045041233,
    163140245,
    780450897,
    1155239164,
    1919507721,
    1520027644,
    359408369,
    1878030691,
    1944480214,
    798038159,
    371562027,
    2044459195,
    1317730754,
    948139750,
    1075238612,
    1275117424,
    917232642,
    1447902979,
    1479593453,
    2004933572,
    808754522,
    1633832261,
    955863142,
    397680821,
    1577426303,
    796439096,
    143159526,
    1508551598,
    43149050,
    1940863345,
    410227764,
    1414587159,
    772797130,
    24419254,
    734119307,
    1128138018,
    738167445,
    1982325502,
    561093048,
    1853883116,
    2139185335
  ]
}