{
  "mode": "site",
  "rep": 78,
  "ne": 10000,
  "r": 1e-05,
  "mu": [
    1e-07,
    1e-07,
    4.413793103448276e-07,
    4.413793103448276e-07,
    7.827586206896552e-07,
    7.827586206896552e-07,
    1.1241379310344827e-06,
    1.1241379310344827e-06,
    1.4655172413793102e-06,
    1.4655172413793102e-06,
    1.8068965517241377e-06,
    1.8068965517241377e-06,
    2.1482758620689656e-06,
    2.1482758620689656e-06,
    2.489655172413793e-06,
    2.489655172413793e-06,
    2.8310344827586205e-06,
    2.8310344827586205e-06,
    3.172413793103448e-06,
    3.172413793103448e-06,
    3.5137931034482755e-06,
    3.5137931034482755e-06,
    3.855172413793104e-06,
    3.855172413793104e-06,
    4.196551724137931e-06,
    4.196551724137931e-06,
    4.537931034482759e-06,
    4.537931034482759e-06,
    4.879310344827586e-06,
    4.879310344827586e-06,
    5.220689655172414e-06,
    5.220689655172414e-06,
    5.562068965517241e-06,
    5.562068965517241e-06,
    5.903448275862069e-06,
    5.903448275862069e-06,
    6.244827586206896e-06,
    6.244827586206896e-06,
    6.5862068965517236e-06,
    6.5862068965517236e-06,
    6.927586206896551e-06,
    7.268965517241379e-06,
    7.610344827586207e-06,
    7.951724137931034e-06,
    8.293103448275863e-06,
    8.634482758620691e-06,
    8.975862068965518e-06,
    9.317241379310346e-06,
    9.658620689655173e-06,
    1e-05
  ],
  "samples": 500,
  "sequence_length": 10000,
  "seeds": [
    2005906846,
    1916303875,
    1226273337,
    1581850576,
    352561960,
    2008105575,
    1373568009,
    636854453,
    1539554053,
    933442902,
    1253854806,
    1185877027,
    1447167161,
    786887242,
    1067076387,
    274257058,
    1640242236,
    603010220,
    2118573461,
    134669914,
    1303811277,
    427869319,
    1496659579,
    1841385551,
    1946307724,
    1851802708,
    1837877320,
    1237122683,
    1406576743,
    1723606269,
    999938468,
    1458917200,
    1123517014,
    2068647193,
    127504551,
    1258531552,
    769058552,
    237984290,
    562821357,
    825258410,
    2050394250,
    1061014837,
    482579554,
    1067541136,
    1475993347,
    367917469,
    243947261,
    913002353,
    1939412178,
    2026495026
  ]
}