{
  "mode": "site",
  "rep": 222,
  "ne": 10000,
  "r": 1e-05,
  "mu": [
    1e-07,
    1e-07,
    4.413793103448276e-07,
    4.413793103448276e-07,
    7.827586206896552e-07,
    7.827586206896552e-07,
    1.1241379310344827e-06,
    1.1241379310344827e-06,
    1.4655172413793102e-06,
    1.4655172413793102e-06,
    1.8068965517241377e-06,
    1.8068965517241377e-06,
    2.1482758620689656e-06,
    2.1482758620689656e-06,
    2.489655172413793e-06,
    2.489655172413793e-06,
    2.8310344827586205e-06,
    2.8310344827586205e-06,
    3.172413793103448e-06,
    3.172413793103448e-06,
    3.5137931034482755e-06,
    3.5137931034482755e-06,
    3.855172413793104e-06,
    3.855172413793104e-06,
    4.196551724137931e-06,
    4.196551724137931e-06,
    4.537931034482759e-06,
    4.537931034482759e-06,
    4.879310344827586e-06,
    4.879310344827586e-06,
    5.220689655172414e-06,
    5.220689655172414e-06,
    5.562068965517241e-06,
    5.562068965517241e-06,
    5.903448275862069e-06,
    5.903448275862069e-06,
    6.244827586206896e-06,
    6.244827586206896e-06,
    6.5862068965517236e-06,
    6.5862068965517236e-06,
    6.927586206896551e-06,
    7.268965517241379e-06,
    7.610344827586207e-06,
    7.951724137931034e-06,
    8.293103448275863e-06,
    8.634482758620691e-06,
    8.975862068965518e-06,
    9.317241379310346e-06,
    9.658620689655173e-06,
    1e-05
  ],
  "samples": 500,
  "sequence_length": 10000,
  "seeds": [
    1211665932,
    273235913,
    1020951345,
    221517686,
    1817144750,
    197417247,
    948457054,
    1290691267,
    1813925559,
    1136974526,
    489503171,
    1185227361,
    1052705888,
    2036996842,
    600748789,
    798068091,
    2144286462,
    749696812,
    870815869,
    2077689400,
    1872055362,
    997392472,
    699343101,
    329746707,
    816718243,
    1025720718,
    489460333,
    1666895939,
    599875247,
    904813710,
    734276367,
    1679694704,
    1735189870,
    1068989,
    1047812265,
    974208129,
    1693375195,
    1847839431,
    1456537677,
    2114903419,
    770579199,
    128717190,
    1447974164,
    1149586231,
    1254385601,
    1916306309,
    2122481791,
    1202690278,
    1030810651,
    1815562633
  ]
}