{
  "mode": "branch",
  "rep": 1037,
  "ne": 10000,
  "r": [
    1e-08,
    1.820689655172414e-07,
    3.541379310344828e-07,
    5.262068965517242e-07,
    6.982758620689656e-07,
    8.70344827586207e-07,
    1.0424137931034483e-06,
    1.2144827586206895e-06,
    1.386551724137931e-06,
    1.5586206896551725e-06,
    1.7306896551724138e-06,
    1.7306896551724138e-06,
    1.9027586206896551e-06,
    1.9027586206896551e-06,
    2.0748275862068966e-06,
    2.0748275862068966e-06,
    2.246896551724138e-06,
    2.246896551724138e-06,
    2.418965517241379e-06,
    2.418965517241379e-06,
    2.5910344827586207e-06,
    2.5910344827586207e-06,
    2.763103448275862e-06,
    2.763103448275862e-06,
    2.9351724137931037e-06,
    2.9351724137931037e-06,
    3.107241379310345e-06,
    3.107241379310345e-06,
    3.2793103448275863e-06,
    3.2793103448275863e-06,
    3.4513793103448278e-06,
    3.4513793103448278e-06,
    3.6234482758620693e-06,
    3.6234482758620693e-06,
    3.7955172413793103e-06,
    3.7955172413793103e-06,
    3.967586206896552e-06,
    3.967586206896552e-06,
    4.139655172413793e-06,
    4.139655172413793e-06,
    4.311724137931034e-06,
    4.311724137931034e-06,
    4.483793103448276e-06,
    4.483793103448276e-06,
    4.655862068965517e-06,
    4.655862068965517e-06,
    4.8279310344827585e-06,
    4.8279310344827585e-06,
    5e-06,
    5e-06
  ],
  "mu": 0,
  "samples": 250,
  "sequence_length": 1000,
  "seeds": [
    217253579,
    2017068984,
    1306513022,
    1529514219,
    799510703,
    1231626994,
    1626563557,
    1018426401,
    1090260960,
    400639507,
    1764754272,
    744087065,
    15628730,
    3204272,
    2019019431,
    398200521,
    437660228,
    1021114922,
    1813949176,
    1037740739,
    1659844904,
    95080543,
    1544267374,
    698854123,
    1169056418,
    602531265,
    1059742008,
    84691399,
    492022772,
    1384467173,
    1194379629,
    2046031961,
    510588596,
    1511830944,
    818346640,
    2144452668,
    805427599,
    1356915889,
    1286245725,
    1531607278,
    857490176,
    910908107,
    1507883222,
    2052229026,
    696020686,
    480277638,
    960648655,
    1191527139,
    1816137715,
    611524693
  ]
}