{
  "mode": "branch",
  "rep": 798,
  "ne": 10000,
  "r": [
    1e-08,
    1e-08,
    1.820689655172414e-07,
    1.820689655172414e-07,
    3.541379310344828e-07,
    3.541379310344828e-07,
    5.262068965517242e-07,
    5.262068965517242e-07,
    6.982758620689656e-07,
    6.982758620689656e-07,
    8.70344827586207e-07,
    8.70344827586207e-07,
    1.0424137931034483e-06,
    1.0424137931034483e-06,
    1.2144827586206895e-06,
    1.2144827586206895e-06,
    1.386551724137931e-06,
    1.386551724137931e-06,
    1.5586206896551725e-06,
    1.5586206896551725e-06,
    1.7306896551724138e-06,
    1.7306896551724138e-06,
    1.9027586206896551e-06,
    1.9027586206896551e-06,
    2.0748275862068966e-06,
    2.0748275862068966e-06,
    2.246896551724138e-06,
    2.246896551724138e-06,
    2.418965517241379e-06,
    2.418965517241379e-06,
    2.5910344827586207e-06,
    2.5910344827586207e-06,
    2.763103448275862e-06,
    2.763103448275862e-06,
    2.9351724137931037e-06,
    2.9351724137931037e-06,
    3.107241379310345e-06,
    3.107241379310345e-06,
    3.2793103448275863e-06,
    3.2793103448275863e-06,
    3.4513793103448278e-06,
    3.6234482758620693e-06,
    3.7955172413793103e-06,
    3.967586206896552e-06,
    4.139655172413793e-06,
    4.311724137931034e-06,
    4.483793103448276e-06,
    4.655862068965517e-06,
    4.8279310344827585e-06,
    5e-06
  ],
  "mu": 0,
  "samples": 250,
  "sequence_length": 1000,
  "seeds": [
    397700785,
    405254916,
    398753008,
    206617275,
    1660268952,
    74298702,
    644676781,
    1014582111,
    215165349,
    494196758,
    1019249839,
    2116282401,
    113405072,
    1029453264,
    1359559754,
    1631243058,
    828944335,
    450157645,
    916444580,
    776830105,
    886237174,
    672696879,
    346294931,
    816553175,
    240666376,
    1961885257,
    1426311243,
    589700419,
    1480023320,
    978669924,
    82753777,
    1331420255,
    1459057619,
    1566358314,
    936647906,
    1709094167,
    1445113912,
    1268723416,
    393632399,
    401012425,
    226495119,
    592825553,
    1307891563,
    980457070,
    595293755,
    312307555,
    1610912248,
    645363596,
    2056869632,
    1617577601
  ]
}