{
  "mode": "site",
  "rep": 484,
  "ne": 10000,
  "r": 1e-05,
  "mu": [
    1e-07,
    1e-07,
    4.413793103448276e-07,
    4.413793103448276e-07,
    7.827586206896552e-07,
    7.827586206896552e-07,
    1.1241379310344827e-06,
    1.1241379310344827e-06,
    1.4655172413793102e-06,
    1.4655172413793102e-06,
    1.8068965517241377e-06,
    1.8068965517241377e-06,
    2.1482758620689656e-06,
    2.1482758620689656e-06,
    2.489655172413793e-06,
    2.489655172413793e-06,
    2.8310344827586205e-06,
    2.8310344827586205e-06,
    3.172413793103448e-06,
    3.172413793103448e-06,
    3.5137931034482755e-06,
    3.855172413793104e-06,
    4.196551724137931e-06,
    4.537931034482759e-06,
    4.879310344827586e-06,
    5.220689655172414e-06,
    5.562068965517241e-06,
    5.903448275862069e-06,
    6.244827586206896e-06,
    6.5862068965517236e-06,
    6.927586206896551e-06,
    6.927586206896551e-06,
    7.268965517241379e-06,
    7.268965517241379e-06,
    7.610344827586207e-06,
    7.610344827586207e-06,
    7.951724137931034e-06,
    7.951724137931034e-06,
    8.293103448275863e-06,
    8.293103448275863e-06,
    8.634482758620691e-06,
    8.634482758620691e-06,
    8.975862068965518e-06,
    8.975862068965518e-06,
    9.317241379310346e-06,
    9.317241379310346e-06,
    9.658620689655173e-06,
    9.658620689655173e-06,
    1e-05,
    1e-05
  ],
  "samples": 500,
  "sequence_length": 10000,
  "seeds": [
    1726651161,
    2103033887,
    661234112,
    122209416,
    1275093797,
    1875387133,
    1931671010,
    869918233,
    314654152,
    2123560073,
    1308308535,
    1395250552,
    1280250241,
    614581471,
    279492526,
    1542458560,
    1902694560,
    1483527711,
    573031043,
    6362565,
    580545752,
    588937307,
    1729702626,
    784531949,
    459016854,
    2147449943,
    106993863,
    606000019,
    592016172,
    1269399141,
    892340669,
    746769344,
    2003407961,
    600584909,
    1055444937,
    1674650985,
    669232019,
    1921799142,
    1786322626,
    2070360040,
    1614332033,
    1211261320,
    977713379,
    390962983,
    1741617939,
    304326809,
    703178092,
    232491330,
    1572184133,
    1673457935
  ]
}