{
  "mode": "branch",
  "rep": 621,
  "ne": 10000,
  "r": [
    1e-08,
    1e-08,
    1.820689655172414e-07,
    1.820689655172414e-07,
    3.541379310344828e-07,
    3.541379310344828e-07,
    5.262068965517242e-07,
    5.262068965517242e-07,
    6.982758620689656e-07,
    6.982758620689656e-07,
    8.70344827586207e-07,
    8.70344827586207e-07,
    1.0424137931034483e-06,
    1.0424137931034483e-06,
    1.2144827586206895e-06,
    1.2144827586206895e-06,
    1.386551724137931e-06,
    1.386551724137931e-06,
    1.5586206896551725e-06,
    1.5586206896551725e-06,
    1.7306896551724138e-06,
    1.7306896551724138e-06,
    1.9027586206896551e-06,
    1.9027586206896551e-06,
    2.0748275862068966e-06,
    2.0748275862068966e-06,
    2.246896551724138e-06,
    2.246896551724138e-06,
    2.418965517241379e-06,
    2.418965517241379e-06,
    2.5910344827586207e-06,
    2.5910344827586207e-06,
    2.763103448275862e-06,
    2.763103448275862e-06,
    2.9351724137931037e-06,
    2.9351724137931037e-06,
    3.107241379310345e-06,
    3.107241379310345e-06,
    3.2793103448275863e-06,
    3.2793103448275863e-06,
    3.4513793103448278e-06,
    3.6234482758620693e-06,
    3.7955172413793103e-06,
    3.967586206896552e-06,
    4.139655172413793e-06,
    4.311724137931034e-06,
    4.483793103448276e-06,
    4.655862068965517e-06,
    4.8279310344827585e-06,
    5e-06
  ],
  "mu": 0,
  "samples": 250,
  "sequence_length": 1000,
  "seeds": [
    575231391,
    773263354,
    1293819343,
    139131150,
    1826874408,
    165624977,
    359664188,
    114959368,
    1165774281,
    1177560374,
    372944839,
    1525710447,
    445114830,
    1801271552,
    639331696,
    1629408279,
    1277282597,
    968652617,
    1208255884,
    2095460321,
    1453301626,
    1480335587,
    1726030775,
    1356419398,
    669620049,
    587127166,
    1764357549,
    2035063379,
    1764084352,
    1127419137,
    1430541117,
    435962923,
    1636240117,
    197446787,
    1490494516,
    752436380,
    1922590972,
    379066426,
    1896928827,
    595941167,
    870150519,
    1538948721,
    1584809493,
    875837844,
    1997537115,
    1055802352,
    1363262863,
    702640452,
    1461393089,
    2079776390
  ]
}