{
  "mode": "site",
  "rep": 592,
  "ne": 10000,
  "r": 1e-05,
  "mu": [
    1e-07,
    1e-07,
    4.413793103448276e-07,
    4.413793103448276e-07,
    7.827586206896552e-07,
    7.827586206896552e-07,
    1.1241379310344827e-06,
    1.1241379310344827e-06,
    1.4655172413793102e-06,
    1.4655172413793102e-06,
    1.8068965517241377e-06,
    1.8068965517241377e-06,
    2.1482758620689656e-06,
    2.1482758620689656e-06,
    2.489655172413793e-06,
    2.489655172413793e-06,
    2.8310344827586205e-06,
    2.8310344827586205e-06,
    3.172413793103448e-06,
    3.172413793103448e-06,
    3.5137931034482755e-06,
    3.855172413793104e-06,
    4.196551724137931e-06,
    4.537931034482759e-06,
    4.879310344827586e-06,
    5.220689655172414e-06,
    5.562068965517241e-06,
    5.903448275862069e-06,
    6.244827586206896e-06,
    6.5862068965517236e-06,
    6.927586206896551e-06,
    6.927586206896551e-06,
    7.268965517241379e-06,
    7.268965517241379e-06,
    7.610344827586207e-06,
    7.610344827586207e-06,
    7.951724137931034e-06,
    7.951724137931034e-06,
    8.293103448275863e-06,
    8.293103448275863e-06,
    8.634482758620691e-06,
    8.634482758620691e-06,
    8.975862068965518e-06,
    8.975862068965518e-06,
    9.317241379310346e-06,
    9.317241379310346e-06,
    9.658620689655173e-06,
    9.658620689655173e-06,
    1e-05,
    1e-05
  ],
  "samples": 500,
  "sequence_length": 50000,
  "seeds": [
    345678411,
    1572182387,
    1019045858,
    1588257876,
    403148293,
    59029719,
    2125401718,
    230190417,
    630299785,
    1738046834,
    1212217456,
    336076971,
    1389412811,
    657966523,
    700461296,
    1252043225,
    934722640,
    288005081,
    1387970091,
    1868693071,
    1985017510,
    600004898,
    900798242,
    1755578245,
    1724807337,
    1220045903,
    971850842,
    2013694991,
    1676642677,
    49368749,
    1583573325,
    1786182344,
    711338645,
    1306585002,
    1738839427,
    1171141784,
    1059331046,
    2034710833,
    1120843435,
    2064824325,
    1561904301,
    2099978851,
    96025503,
    526605802,
    585625434,
    1835640152,
    1218415519,
    470953606,
    247386586,
    1745797989
  ]
}