{
  "mode": "site",
  "rep": 425,
  "ne": 10000,
  "r": 1e-05,
  "mu": [
    1e-07,
    4.413793103448276e-07,
    7.827586206896552e-07,
    1.1241379310344827e-06,
    1.4655172413793102e-06,
    1.8068965517241377e-06,
    2.1482758620689656e-06,
    2.489655172413793e-06,
    2.8310344827586205e-06,
    3.172413793103448e-06,
    3.5137931034482755e-06,
    3.5137931034482755e-06,
    3.855172413793104e-06,
    3.855172413793104e-06,
    4.196551724137931e-06,
    4.196551724137931e-06,
    4.537931034482759e-06,
    4.537931034482759e-06,
    4.879310344827586e-06,
    4.879310344827586e-06,
    5.220689655172414e-06,
    5.220689655172414e-06,
    5.562068965517241e-06,
    5.562068965517241e-06,
    5.903448275862069e-06,
    5.903448275862069e-06,
    6.244827586206896e-06,
    6.244827586206896e-06,
    6.5862068965517236e-06,
    6.5862068965517236e-06,
    6.927586206896551e-06,
    6.927586206896551e-06,
    7.268965517241379e-06,
    7.268965517241379e-06,
    7.610344827586207e-06,
    7.610344827586207e-06,
    7.951724137931034e-06,
    7.951724137931034e-06,
    8.293103448275863e-06,
    8.293103448275863e-06,
    8.634482758620691e-06,
    8.634482758620691e-06,
    8.975862068965518e-06,
    8.975862068965518e-06,
    9.317241379310346e-06,
    9.317241379310346e-06,
    9.658620689655173e-06,
    9.658620689655173e-06,
    1e-05,
    1e-05
  ],
  "samples": 500,
  "sequence_length": 10000,
  "seeds": [
    1150340834,
    1035224431,
    1275203020,
    227386220,
    182870937,
    95623513,
    2092534460,
    2095251972,
    659288344,
    1501089188,
    1491999429,
    109441426,
    1488927375,
    2058160502,
    1692719703,
    1687073319,
    710142226,
    896639734,
    1636662861,
    1031530239,
    1343674114,
    1251964137,
    471398517,
    1090325334,
    1696908313,
    1139069250,
    1178915794,
    1115685049,
    1847954508,
    830740114,
    187953600,
    279087143,
    1327373499,
    1063131562,
    464220909,
    530482609,
    856840349,
    750459323,
    405867648,
    799241850,
    136454477,
    491485913,
    1430245729,
    981300723,
    15752632,
    734238307,
    475692693,
    1951180074,
    952214197,
    1975966986
  ]
}