{
  "mode": "branch",
  "rep": 1114,
  "ne": 10000,
  "r": [
    1e-08,
    1e-08,
    1.820689655172414e-07,
    1.820689655172414e-07,
    3.541379310344828e-07,
    3.541379310344828e-07,
    5.262068965517242e-07,
    5.262068965517242e-07,
    6.982758620689656e-07,
    6.982758620689656e-07,
    8.70344827586207e-07,
    8.70344827586207e-07,
    1.0424137931034483e-06,
    1.0424137931034483e-06,
    1.2144827586206895e-06,
    1.2144827586206895e-06,
    1.386551724137931e-06,
    1.386551724137931e-06,
    1.5586206896551725e-06,
    1.5586206896551725e-06,
    1.7306896551724138e-06,
    1.9027586206896551e-06,
    2.0748275862068966e-06,
    2.246896551724138e-06,
    2.418965517241379e-06,
    2.5910344827586207e-06,
    2.763103448275862e-06,
    2.9351724137931037e-06,
    3.107241379310345e-06,
    3.2793103448275863e-06,
    3.4513793103448278e-06,
    3.4513793103448278e-06,
    3.6234482758620693e-06,
    3.6234482758620693e-06,
    3.7955172413793103e-06,
    3.7955172413793103e-06,
    3.967586206896552e-06,
    3.967586206896552e-06,
    4.139655172413793e-06,
    4.139655172413793e-06,
    4.311724137931034e-06,
    4.311724137931034e-06,
    4.483793103448276e-06,
    4.483793103448276e-06,
    4.655862068965517e-06,
    4.655862068965517e-06,
    4.8279310344827585e-06,
    4.8279310344827585e-06,
    5e-06,
    5e-06
  ],
  "mu": 0,
  "samples": 250,
  "sequence_length": 1000,
  "seeds": [
    598171901,
    903381719,
    516866369,
    893812069,
    1595946515,
    479764610,
    1916588174,
    848594058,
    636772492,
    1441208830,
    220620584,
    1556381330,
    476244760,
    133050308,
    492031947,
    1263965076,
    1583935187,
    1494011328,
    1542546477,
    1149532638,
    1198421706,
    581150128,
    503637718,
    35444461,
    1384125051,
    190025581,
    2139349374,
    337244372,
    1026239454,
    2083834467,
    1046649170,
    1008770129,
    1084575270,
    1523364403,
    715278096,
    1835394872,
    276611529,
    2142768866,
    1122939420,
    285028493,
    340312753,
    543365924,
    1251202825,
    2017870024,
    2114733309,
    797248879,
    385272495,
    1086183204,
    1062839003,
    1769037951
  ]
}