{
  "mode": "branch",
  "rep": 737,
  "ne": 10000,
  "r": [
    1e-08,
    1.820689655172414e-07,
    3.541379310344828e-07,
    5.262068965517242e-07,
    6.982758620689656e-07,
    8.70344827586207e-07,
    1.0424137931034483e-06,
    1.2144827586206895e-06,
    1.386551724137931e-06,
    1.5586206896551725e-06,
    1.7306896551724138e-06,
    1.7306896551724138e-06,
    1.9027586206896551e-06,
    1.9027586206896551e-06,
    2.0748275862068966e-06,
    2.0748275862068966e-06,
    2.246896551724138e-06,
    2.246896551724138e-06,
    2.418965517241379e-06,
    2.418965517241379e-06,
    2.5910344827586207e-06,
    2.5910344827586207e-06,
    2.763103448275862e-06,
    2.763103448275862e-06,
    2.9351724137931037e-06,
    2.9351724137931037e-06,
    3.107241379310345e-06,
    3.107241379310345e-06,
    3.2793103448275863e-06,
    3.2793103448275863e-06,
    3.4513793103448278e-06,
    3.4513793103448278e-06,
    3.6234482758620693e-06,
    3.6234482758620693e-06,
    3.7955172413793103e-06,
    3.7955172413793103e-06,
    3.967586206896552e-06,
    3.967586206896552e-06,
    4.139655172413793e-06,
    4.139655172413793e-06,
    4.311724137931034e-06,
    4.311724137931034e-06,
    4.483793103448276e-06,
    4.483793103448276e-06,
    4.655862068965517e-06,
    4.655862068965517e-06,
    4.8279310344827585e-06,
    4.8279310344827585e-06,
    5e-06,
    5e-06
  ],
  "mu": 0,
  "samples": 250,
  "sequence_length": 1000,
  "seeds": [
    272074632,
    227217551,
    1970553150,
    292452194,
    1859795159,
    1281971070,
    1009215874,
    2017949936,
    1058658765,
    440722415,
    66632331,
    1568774477,
    410075242,
    1176340539,
    2100913069,
    743716945,
    334759684,
    2072758462,
    1729408353,
    1223169017,
    435047996,
    1326140926,
    1664033546,
    1185487533,
    2135846812,
    535285107,
    98277065,
    1967643351,
    907996991,
    387374734,
    2102712342,
    2142818442,
    667701343,
    1077768901,
    1468323665,
    1648180558,
    713273745,
    796692839,
    1968484206,
    230026151,
    591732137,
    1009400093,
    1404241650,
    566283396,
    285814031,
    1870415020,
    24727002,
    1027358851,
    1593794947,
    421197256
  ]
}