{
  "mode": "branch",
  "rep": 1137,
  "ne": 10000,
  "r": [
    1e-08,
    1e-08,
    1.820689655172414e-07,
    1.820689655172414e-07,
    3.541379310344828e-07,
    3.541379310344828e-07,
    5.262068965517242e-07,
    5.262068965517242e-07,
    6.982758620689656e-07,
    6.982758620689656e-07,
    8.70344827586207e-07,
    8.70344827586207e-07,
    1.0424137931034483e-06,
    1.0424137931034483e-06,
    1.2144827586206895e-06,
    1.2144827586206895e-06,
    1.386551724137931e-06,
    1.386551724137931e-06,
    1.5586206896551725e-06,
    1.5586206896551725e-06,
    1.7306896551724138e-06,
    1.7306896551724138e-06,
    1.9027586206896551e-06,
    1.9027586206896551e-06,
    2.0748275862068966e-06,
    2.0748275862068966e-06,
    2.246896551724138e-06,
    2.246896551724138e-06,
    2.418965517241379e-06,
    2.418965517241379e-06,
    2.5910344827586207e-06,
    2.5910344827586207e-06,
    2.763103448275862e-06,
    2.763103448275862e-06,
    2.9351724137931037e-06,
    2.9351724137931037e-06,
    3.107241379310345e-06,
    3.107241379310345e-06,
    3.2793103448275863e-06,
    3.2793103448275863e-06,
    3.4513793103448278e-06,
    3.6234482758620693e-06,
    3.7955172413793103e-06,
    3.967586206896552e-06,
    4.139655172413793e-06,
    4.311724137931034e-06,
    4.483793103448276e-06,
    4.655862068965517e-06,
    4.8279310344827585e-06,
    5e-06
  ],
  "mu": 0,
  "samples": 250,
  "sequence_length": 1000,
  "seeds": [
    1192908999,
    1850847165,
    1133219054,
    92664479,
    1168690668,
    344388159,
    1189210576,
    419017759,
    484569322,
    1330964065,
    508405213,
    2059023187,
    1948125647,
    297222157,
    126076070,
    71776172,
    1168704066,
    1780418800,
    1220052674,
    372995083,
    1788720718,
    2023020083,
    782526724,
    466387817,
    1861453322,
    1999989846,
    937612660,
    1456772852,
    491466302,
    1300340248,
    1590078518,
    1722224913,
    1844007624,
    1523274705,
    1208551628,
    690562207,
    1993541753,
    1285954200,
    191960785,
    18249946,
    1049495663,
    208129188,
    1183908777,
    534777724,
    953592484,
    1060719063,
    323011860,
    1145500398,
    425927353,
    939426397
  ]
}