{
  "mode": "branch",
  "rep": 761,
  "ne": 10000,
  "r": [
    1e-08,
    1.820689655172414e-07,
    3.541379310344828e-07,
    5.262068965517242e-07,
    6.982758620689656e-07,
    8.70344827586207e-07,
    1.0424137931034483e-06,
    1.2144827586206895e-06,
    1.386551724137931e-06,
    1.5586206896551725e-06,
    1.7306896551724138e-06,
    1.7306896551724138e-06,
    1.9027586206896551e-06,
    1.9027586206896551e-06,
    2.0748275862068966e-06,
    2.0748275862068966e-06,
    2.246896551724138e-06,
    2.246896551724138e-06,
    2.418965517241379e-06,
    2.418965517241379e-06,
    2.5910344827586207e-06,
    2.5910344827586207e-06,
    2.763103448275862e-06,
    2.763103448275862e-06,
    2.9351724137931037e-06,
    2.9351724137931037e-06,
    3.107241379310345e-06,
    3.107241379310345e-06,
    3.2793103448275863e-06,
    3.2793103448275863e-06,
    3.4513793103448278e-06,
    3.4513793103448278e-06,
    3.6234482758620693e-06,
    3.6234482758620693e-06,
    3.7955172413793103e-06,
    3.7955172413793103e-06,
    3.967586206896552e-06,
    3.967586206896552e-06,
    4.139655172413793e-06,
    4.139655172413793e-06,
    4.311724137931034e-06,
    4.311724137931034e-06,
    4.483793103448276e-06,
    4.483793103448276e-06,
    4.655862068965517e-06,
    4.655862068965517e-06,
    4.8279310344827585e-06,
    4.8279310344827585e-06,
    5e-06,
    5e-06
  ],
  "mu": 0,
  "samples": 250,
  "sequence_length": 1000,
  "seeds": [
    1118904211,
    1694245103,
    1458504755,
    379007513,
    1526998093,
    1645689783,
    739547245,
    1183451534,
    234302633,
    590525496,
    1235190990,
    232770738,
    1567888658,
    1490870427,
    1625999158,
    102845889,
    656193676,
    515790097,
    730464628,
    1734394019,
    1065239451,
    252286904,
    858044990,
    1663023233,
    1688231783,
    609172207,
    891830427,
    1400934169,
    1217919909,
    843994148,
    14445187,
    105038075,
    2131102434,
    1061911572,
    1234916685,
    528205364,
    1961085310,
    17465357,
    1897451019,
    660448632,
    1982874297,
    794334652,
    557602362,
    1167905006,
    644707719,
    427985565,
    421702463,
    1191896537,
    153713981,
    1343726140
  ]
}