{
  "mode": "branch",
  "rep": 837,
  "ne": 10000,
  "r": [
    1e-08,
    1e-08,
    1.820689655172414e-07,
    1.820689655172414e-07,
    3.541379310344828e-07,
    3.541379310344828e-07,
    5.262068965517242e-07,
    5.262068965517242e-07,
    6.982758620689656e-07,
    6.982758620689656e-07,
    8.70344827586207e-07,
    8.70344827586207e-07,
    1.0424137931034483e-06,
    1.0424137931034483e-06,
    1.2144827586206895e-06,
    1.2144827586206895e-06,
    1.386551724137931e-06,
    1.386551724137931e-06,
    1.5586206896551725e-06,
    1.5586206896551725e-06,
    1.7306896551724138e-06,
    1.7306896551724138e-06,
    1.9027586206896551e-06,
    1.9027586206896551e-06,
    2.0748275862068966e-06,
    2.0748275862068966e-06,
    2.246896551724138e-06,
    2.246896551724138e-06,
    2.418965517241379e-06,
    2.418965517241379e-06,
    2.5910344827586207e-06,
    2.5910344827586207e-06,
    2.763103448275862e-06,
    2.763103448275862e-06,
    2.9351724137931037e-06,
    2.9351724137931037e-06,
    3.107241379310345e-06,
    3.107241379310345e-06,
    3.2793103448275863e-06,
    3.2793103448275863e-06,
    3.4513793103448278e-06,
    3.6234482758620693e-06,
    3.7955172413793103e-06,
    3.967586206896552e-06,
    4.139655172413793e-06,
    4.311724137931034e-06,
    4.483793103448276e-06,
    4.655862068965517e-06,
    4.8279310344827585e-06,
    5e-06
  ],
  "mu": 0,
  "samples": 250,
  "sequence_length": 1000,
  "seeds": [
    49649159,
    1586517137,
    527886525,
    568098643,
    1478695748,
    1069997850,
    1263574946,
    1960666943,
    1577652577,
    374185117,
    1223334674,
    207245026,
    69149176,
    88557640,
    961147741,
    276608726,
    2088602391,
    1132028630,
    801904514,
    1196630347,
    1488460801,
    198348037,
    455779283,
    1924749203,
    1818471837,
    689363308,
    1304741654,
    219952651,
    958595196,
    868060792,
    1334679171,
    422639373,
    16780032,
    183052595,
    411824701,
    17249655,
    1987701782,
    1492791692,
    973932961,
    828181840,
    1941296518,
    1498601278,
    1338073905,
    1844651860,
    977997891,
    240235027,
    1219356856,
    2077298199,
    877259676,
    983026140
  ]
}