{
  "mode": "branch",
  "rep": 1000,
  "ne": 10000,
  "r": [
    1e-08,
    1e-08,
    1.820689655172414e-07,
    1.820689655172414e-07,
    3.541379310344828e-07,
    3.541379310344828e-07,
    5.262068965517242e-07,
    5.262068965517242e-07,
    6.982758620689656e-07,
    6.982758620689656e-07,
    8.70344827586207e-07,
    8.70344827586207e-07,
    1.0424137931034483e-06,
    1.0424137931034483e-06,
    1.2144827586206895e-06,
    1.2144827586206895e-06,
    1.386551724137931e-06,
    1.386551724137931e-06,
    1.5586206896551725e-06,
    1.5586206896551725e-06,
    1.7306896551724138e-06,
    1.9027586206896551e-06,
    2.0748275862068966e-06,
    2.246896551724138e-06,
    2.418965517241379e-06,
    2.5910344827586207e-06,
    2.763103448275862e-06,
    2.9351724137931037e-06,
    3.107241379310345e-06,
    3.2793103448275863e-06,
    3.4513793103448278e-06,
    3.4513793103448278e-06,
    3.6234482758620693e-06,
    3.6234482758620693e-06,
    3.7955172413793103e-06,
    3.7955172413793103e-06,
    3.967586206896552e-06,
    3.967586206896552e-06,
    4.139655172413793e-06,
    4.139655172413793e-06,
    4.311724137931034e-06,
    4.311724137931034e-06,
    4.483793103448276e-06,
    4.483793103448276e-06,
    4.655862068965517e-06,
    4.655862068965517e-06,
    4.8279310344827585e-06,
    4.8279310344827585e-06,
    5e-06,
    5e-06
  ],
  "mu": 0,
  "samples": 250,
  "sequence_length": 1000,
  "seeds": [
    1838158791,
    1234733491,
    67689161,
    169726106,
    1337555485,
    1320455476,
    385205439,
    1514074855,
    423583588,
    1261594524,
    1931094665,
    638437669,
    1258617698,
    902400215,
    2092477741,
    66184005,
    1115074363,
    1437030230,
    1772439641,
    281305646,
    907417755,
    58091777,
    495734665,
    145643709,
    1110992468,
    72410829,
    554090499,
    439613142,
    480150954,
    895861175,
    473722858,
    194969334,
    1710113622,
    2055296163,
    523137470,
    626657342,
    86275769,
    861160849,
    1571708151,
    639022922,
    357936344,
    800802008,
    1662428014,
    1053967773,
    1655963460,
    1802341193,
    407634504,
    93457217,
    1549873641,
    1321180792
  ]
}