{
  "mode": "branch",
  "rep": 765,
  "ne": 10000,
  "r": [
    1e-08,
    1e-08,
    1.820689655172414e-07,
    1.820689655172414e-07,
    3.541379310344828e-07,
    3.541379310344828e-07,
    5.262068965517242e-07,
    5.262068965517242e-07,
    6.982758620689656e-07,
    6.982758620689656e-07,
    8.70344827586207e-07,
    8.70344827586207e-07,
    1.0424137931034483e-06,
    1.0424137931034483e-06,
    1.2144827586206895e-06,
    1.2144827586206895e-06,
    1.386551724137931e-06,
    1.386551724137931e-06,
    1.5586206896551725e-06,
    1.5586206896551725e-06,
    1.7306896551724138e-06,
    1.7306896551724138e-06,
    1.9027586206896551e-06,
    1.9027586206896551e-06,
    2.0748275862068966e-06,
    2.0748275862068966e-06,
    2.246896551724138e-06,
    2.246896551724138e-06,
    2.418965517241379e-06,
    2.418965517241379e-06,
    2.5910344827586207e-06,
    2.5910344827586207e-06,
    2.763103448275862e-06,
    2.763103448275862e-06,
    2.9351724137931037e-06,
    2.9351724137931037e-06,
    3.107241379310345e-06,
    3.107241379310345e-06,
    3.2793103448275863e-06,
    3.2793103448275863e-06,
    3.4513793103448278e-06,
    3.6234482758620693e-06,
    3.7955172413793103e-06,
    3.967586206896552e-06,
    4.139655172413793e-06,
    4.311724137931034e-06,
    4.483793103448276e-06,
    4.655862068965517e-06,
    4.8279310344827585e-06,
    5e-06
  ],
  "mu": 0,
  "samples": 250,
  "sequence_length": 1000,
  "seeds": [
    107263408,
    1100389254,
    101077743,
    203404534,
    1692375047,
    62971159,
    878664623,
    1335492932,
    194184474,
    1656191695,
    1279109295,
    540387689,
    394586989,
    681129720,
    1090802961,
    49447742,
    412246151,
    2080406811,
    803992949,
    1298198325,
    677129592,
    1888134268,
    1010388561,
    50962771,
    1790440760,
    786289952,
    578996064,
    732088264,
    1065343611,
    865075217,
    2082560515,
    613766742,
    2003358682,
    851186779,
    805667338,
    697165687,
    164755924,
    532908574,
    962941026,
    1934958995,
    1502037861,
    834187505,
    868953489,
    2046113964,
    1419853539,
    1040693835,
    3561976,
    931139397,
    1299248015,
    1176503254
  ]
}