{
  "mode": "branch",
  "rep": 902,
  "ne": 10000,
  "r": [
    1e-08,
    1.820689655172414e-07,
    3.541379310344828e-07,
    5.262068965517242e-07,
    6.982758620689656e-07,
    8.70344827586207e-07,
    1.0424137931034483e-06,
    1.2144827586206895e-06,
    1.386551724137931e-06,
    1.5586206896551725e-06,
    1.7306896551724138e-06,
    1.7306896551724138e-06,
    1.9027586206896551e-06,
    1.9027586206896551e-06,
    2.0748275862068966e-06,
    2.0748275862068966e-06,
    2.246896551724138e-06,
    2.246896551724138e-06,
    2.418965517241379e-06,
    2.418965517241379e-06,
    2.5910344827586207e-06,
    2.5910344827586207e-06,
    2.763103448275862e-06,
    2.763103448275862e-06,
    2.9351724137931037e-06,
    2.9351724137931037e-06,
    3.107241379310345e-06,
    3.107241379310345e-06,
    3.2793103448275863e-06,
    3.2793103448275863e-06,
    3.4513793103448278e-06,
    3.4513793103448278e-06,
    3.6234482758620693e-06,
    3.6234482758620693e-06,
    3.7955172413793103e-06,
    3.7955172413793103e-06,
    3.967586206896552e-06,
    3.967586206896552e-06,
    4.139655172413793e-06,
    4.139655172413793e-06,
    4.311724137931034e-06,
    4.311724137931034e-06,
    4.483793103448276e-06,
    4.483793103448276e-06,
    4.655862068965517e-06,
    4.655862068965517e-06,
    4.8279310344827585e-06,
    4.8279310344827585e-06,
    5e-06,
    5e-06
  ],
  "mu": 0,
  "samples": 250,
  "sequence_length": 1000,
  "seeds": [
    1892930575,
    1509268308,
    1855079204,
    1307138996,
    224616031,
    28720854,
    1930412252,
    1775112002,
    635559907,
    132466470,
    878247413,
    388495004,
    184167788,
    1208431864,
    832299607,
    808082665,
    478738555,
    1746664289,
    36038322,
    1884188608,
    2039517906,
    1719140712,
    1932945859,
    929849121,
    1742291701,
    1475485636,
    1311793807,
    1811856354,
    180342999,
    1570212461,
    1823513982,
    685969867,
    1186310543,
    1328624775,
    1778641411,
    1389426667,
    1355167895,
    304653930,
    2107973594,
    410893910,
    1238342362,
    696383331,
    771779741,
    2097967619,
    1366581513,
    1289109769,
    1034933981,
    1600615543,
    1407308882,
    717072161
  ]
}