{
  "mode": "site",
  "rep": 257,
  "ne": 10000,
  "r": 1e-05,
  "mu": [
    1e-07,
    4.413793103448276e-07,
    7.827586206896552e-07,
    1.1241379310344827e-06,
    1.4655172413793102e-06,
    1.8068965517241377e-06,
    2.1482758620689656e-06,
    2.489655172413793e-06,
    2.8310344827586205e-06,
    3.172413793103448e-06,
    3.5137931034482755e-06,
    3.5137931034482755e-06,
    3.855172413793104e-06,
    3.855172413793104e-06,
    4.196551724137931e-06,
    4.196551724137931e-06,
    4.537931034482759e-06,
    4.537931034482759e-06,
    4.879310344827586e-06,
    4.879310344827586e-06,
    5.220689655172414e-06,
    5.220689655172414e-06,
    5.562068965517241e-06,
    5.562068965517241e-06,
    5.903448275862069e-06,
    5.903448275862069e-06,
    6.244827586206896e-06,
    6.244827586206896e-06,
    6.5862068965517236e-06,
    6.5862068965517236e-06,
    6.927586206896551e-06,
    6.927586206896551e-06,
    7.268965517241379e-06,
    7.268965517241379e-06,
    7.610344827586207e-06,
    7.610344827586207e-06,
    7.951724137931034e-06,
    7.951724137931034e-06,
    8.293103448275863e-06,
    8.293103448275863e-06,
    8.634482758620691e-06,
    8.634482758620691e-06,
    8.975862068965518e-06,
    8.975862068965518e-06,
    9.317241379310346e-06,
    9.317241379310346e-06,
    9.658620689655173e-06,
    9.658620689655173e-06,
    1e-05,
    1e-05
  ],
  "samples": 500,
  "sequence_length": 50000,
  "seeds": [
    1540185744,
    680563766,
    2059486847,
    338843092,
    445059713,
    1590657233,
    780255339,
    1278784168,
    1030084281,
    134440908,
    1438885834,
    1108504584,
    840693139,
    945158082,
    1605796460,
    549351756,
    1367418530,
    722582869,
    793792436,
    1489967912,
    2071268727,
    1326014406,
    1241821064,
    357189465,
    58335893,
    649585541,
    1283598501,
    1623619187,
    437198124,
    801052260,
    981802996,
    440275737,
    1106730355,
    1826314289,
    79764380,
    838979340,
    862421724,
    1757520754,
    2105457480,
    1886963238,
    691263040,
    1956421364,
    1381228060,
    620240777,
    1559641433,
    807676618,
    1828079890,
    1751788292,
    1519399985,
    943167156
  ]
}