{
  "mode": "site",
  "rep": 242,
  "ne": 10000,
  "r": 1e-05,
  "mu": [
    1e-07,
    4.413793103448276e-07,
    7.827586206896552e-07,
    1.1241379310344827e-06,
    1.4655172413793102e-06,
    1.8068965517241377e-06,
    2.1482758620689656e-06,
    2.489655172413793e-06,
    2.8310344827586205e-06,
    3.172413793103448e-06,
    3.5137931034482755e-06,
    3.5137931034482755e-06,
    3.855172413793104e-06,
    3.855172413793104e-06,
    4.196551724137931e-06,
    4.196551724137931e-06,
    4.537931034482759e-06,
    4.537931034482759e-06,
    4.879310344827586e-06,
    4.879310344827586e-06,
    5.220689655172414e-06,
    5.220689655172414e-06,
    5.562068965517241e-06,
    5.562068965517241e-06,
    5.903448275862069e-06,
    5.903448275862069e-06,
    6.244827586206896e-06,
    6.244827586206896e-06,
    6.5862068965517236e-06,
    6.5862068965517236e-06,
    6.927586206896551e-06,
    6.927586206896551e-06,
    7.268965517241379e-06,
    7.268965517241379e-06,
    7.610344827586207e-06,
    7.610344827586207e-06,
    7.951724137931034e-06,
    7.951724137931034e-06,
    8.293103448275863e-06,
    8.293103448275863e-06,
    8.634482758620691e-06,
    8.634482758620691e-06,
    8.975862068965518e-06,
    8.975862068965518e-06,
    9.317241379310346e-06,
    9.317241379310346e-06,
    9.658620689655173e-06,
    9.658620689655173e-06,
    1e-05,
    1e-05
  ],
  "samples": 500,
  "sequence_length": 50000,
  "seeds": [
    2069371701,
    572954404,
    1239866576,
    2135762065,
    1370872728,
    1693246014,
    113017494,
    1362080597,
    1439448588,
    1537561579,
    1381669102,
    497741177,
    163272401,
    1969657934,
    1375703455,
    958658093,
    517786810,
    387923339,
    1272340938,
    954609033,
    1360766239,
    880071893,
    34420501,
    1541757327,
    1260524329,
    1765824668,
    624806602,
    1414610642,
    1114779811,
    212204997,
    204983115,
    1324968083,
    1539512086,
    41214777,
    178509806,
    188588339,
    1530904377,
    745911070,
    538650899,
    460831518,
    1117495011,
    1379828109,
    1977333396,
    987332463,
    593284685,
    235920752,
    390797783,
    1285365794,
    1801876615,
    384256313
  ]
}