{
  "mode": "site",
  "rep": 350,
  "ne": 10000,
  "r": 1e-05,
  "mu": [
    1e-07,
    4.413793103448276e-07,
    7.827586206896552e-07,
    1.1241379310344827e-06,
    1.4655172413793102e-06,
    1.8068965517241377e-06,
    2.1482758620689656e-06,
    2.489655172413793e-06,
    2.8310344827586205e-06,
    3.172413793103448e-06,
    3.5137931034482755e-06,
    3.5137931034482755e-06,
    3.855172413793104e-06,
    3.855172413793104e-06,
    4.196551724137931e-06,
    4.196551724137931e-06,
    4.537931034482759e-06,
    4.537931034482759e-06,
    4.879310344827586e-06,
    4.879310344827586e-06,
    5.220689655172414e-06,
    5.220689655172414e-06,
    5.562068965517241e-06,
    5.562068965517241e-06,
    5.903448275862069e-06,
    5.903448275862069e-06,
    6.244827586206896e-06,
    6.244827586206896e-06,
    6.5862068965517236e-06,
    6.5862068965517236e-06,
    6.927586206896551e-06,
    6.927586206896551e-06,
    7.268965517241379e-06,
    7.268965517241379e-06,
    7.610344827586207e-06,
    7.610344827586207e-06,
    7.951724137931034e-06,
    7.951724137931034e-06,
    8.293103448275863e-06,
    8.293103448275863e-06,
    8.634482758620691e-06,
    8.634482758620691e-06,
    8.975862068965518e-06,
    8.975862068965518e-06,
    9.317241379310346e-06,
    9.317241379310346e-06,
    9.658620689655173e-06,
    9.658620689655173e-06,
    1e-05,
    1e-05
  ],
  "samples": 500,
  "sequence_length": 10000,
  "seeds": [
    2145376527,
    56467124,
    2112178286,
    1222093959,
    1885772912,
    22971310,
    348846036,
    263112573,
    1137435486,
    1755876776,
    1025426015,
    1290169421,
    123806009,
    635190045,
    823534270,
    323874063,
    1677178430,
    1162988365,
    1978419393,
    557282401,
    1651582268,
    990941516,
    1583329569,
    1486821977,
    1312876691,
    1900424373,
    1898676517,
    55290179,
    1365884453,
    1833757560,
    447067576,
    1769885120,
    110461600,
    1257465278,
    1398306524,
    515242475,
    217568683,
    1287905278,
    2042775356,
    757725561,
    578788470,
    309065951,
    1024535796,
    1361113419,
    1732518426,
    1101564793,
    1284207609,
    1997889850,
    1223147443,
    604015456
  ]
}