{
  "mode": "site",
  "rep": 343,
  "ne": 10000,
  "r": 1e-05,
  "mu": [
    1e-07,
    1e-07,
    4.413793103448276e-07,
    4.413793103448276e-07,
    7.827586206896552e-07,
    7.827586206896552e-07,
    1.1241379310344827e-06,
    1.1241379310344827e-06,
    1.4655172413793102e-06,
    1.4655172413793102e-06,
    1.8068965517241377e-06,
    1.8068965517241377e-06,
    2.1482758620689656e-06,
    2.1482758620689656e-06,
    2.489655172413793e-06,
    2.489655172413793e-06,
    2.8310344827586205e-06,
    2.8310344827586205e-06,
    3.172413793103448e-06,
    3.172413793103448e-06,
    3.5137931034482755e-06,
    3.855172413793104e-06,
    4.196551724137931e-06,
    4.537931034482759e-06,
    4.879310344827586e-06,
    5.220689655172414e-06,
    5.562068965517241e-06,
    5.903448275862069e-06,
    6.244827586206896e-06,
    6.5862068965517236e-06,
    6.927586206896551e-06,
    6.927586206896551e-06,
    7.268965517241379e-06,
    7.268965517241379e-06,
    7.610344827586207e-06,
    7.610344827586207e-06,
    7.951724137931034e-06,
    7.951724137931034e-06,
    8.293103448275863e-06,
    8.293103448275863e-06,
    8.634482758620691e-06,
    8.634482758620691e-06,
    8.975862068965518e-06,
    8.975862068965518e-06,
    9.317241379310346e-06,
    9.317241379310346e-06,
    9.658620689655173e-06,
    9.658620689655173e-06,
    1e-05,
    1e-05
  ],
  "samples": 500,
  "sequence_length": 50000,
  "seeds": [
    2108690589,
    1373908352,
    940535818,
    1586987764,
    2045302995,
    237403594,
    104199664,
    1485279826,
    865081697,
    802042315,
    1942772888,
    1009382826,
    391367539,
    1836882953,
    930730065,
    1084200377,
    1729300531,
    1747364741,
    467863234,
    478496842,
    1759313003,
    1729912855,
    1597749677,
    1398781207,
    1724592210,
    1922455743,
    1270278178,
    1153422443,
    348080969,
    1129671863,
    392142123,
    1134167442,
    1522876902,
    828483094,
    695472567,
    725109593,
    1617677124,
    1834849667,
    238169501,
    2089256261,
    1515380094,
    1304999632,
    1808400872,
    1265857147,
    1361978183,
    1824438448,
    779800211,
    1207156513,
    2094304318,
    126587420
  ]
}