{
  "mode": "site",
  "rep": 155,
  "ne": 10000,
  "r": 1e-05,
  "mu": [
    1e-07,
    4.413793103448276e-07,
    7.827586206896552e-07,
    1.1241379310344827e-06,
    1.4655172413793102e-06,
    1.8068965517241377e-06,
    2.1482758620689656e-06,
    2.489655172413793e-06,
    2.8310344827586205e-06,
    3.172413793103448e-06,
    3.5137931034482755e-06,
    3.5137931034482755e-06,
    3.855172413793104e-06,
    3.855172413793104e-06,
    4.196551724137931e-06,
    4.196551724137931e-06,
    4.537931034482759e-06,
    4.537931034482759e-06,
    4.879310344827586e-06,
    4.879310344827586e-06,
    5.220689655172414e-06,
    5.220689655172414e-06,
    5.562068965517241e-06,
    5.562068965517241e-06,
    5.903448275862069e-06,
    5.903448275862069e-06,
    6.244827586206896e-06,
    6.244827586206896e-06,
    6.5862068965517236e-06,
    6.5862068965517236e-06,
    6.927586206896551e-06,
    6.927586206896551e-06,
    7.268965517241379e-06,
    7.268965517241379e-06,
    7.610344827586207e-06,
    7.610344827586207e-06,
    7.951724137931034e-06,
    7.951724137931034e-06,
    8.293103448275863e-06,
    8.293103448275863e-06,
    8.634482758620691e-06,
    8.634482758620691e-06,
    8.975862068965518e-06,
    8.975862068965518e-06,
    9.317241379310346e-06,
    9.317241379310346e-06,
    9.658620689655173e-06,
    9.658620689655173e-06,
    1e-05,
    1e-05
  ],
  "samples": 500,
  "sequence_length": 50000,
  "seeds": [
    44033964,
    1197933198,
    1849711887,
    1638232219,
    1193152890,
    1001338612,
    1058837691,
    146798175,
    1427827472,
    1582173068,
    684779198,
    1480345079,
    1838813830,
    483612963,
    395168440,
    1065562721,
    1746051711,
    1111449947,
    304870101,
    2010836188,
    1587161930,
    524541598,
    1002876376,
    2133095038,
    236443230,
    595310436,
    183339287,
    616119823,
    915018601,
    653961883,
    270253368,
    130218814,
    1230540048,
    924880841,
    2021037752,
    1835171303,
    754949074,
    1561527230,
    1892049807,
    1182423181,
    923817776,
    1037086331,
    1220498702,
    621384797,
    747526762,
    1933139730,
    2109140280,
    737916241,
    74182992,
    1912183659
  ]
}