{
  "mode": "branch",
  "rep": 968,
  "ne": 10000,
  "r": [
    1e-08,
    1.820689655172414e-07,
    3.541379310344828e-07,
    5.262068965517242e-07,
    6.982758620689656e-07,
    8.70344827586207e-07,
    1.0424137931034483e-06,
    1.2144827586206895e-06,
    1.386551724137931e-06,
    1.5586206896551725e-06,
    1.7306896551724138e-06,
    1.7306896551724138e-06,
    1.9027586206896551e-06,
    1.9027586206896551e-06,
    2.0748275862068966e-06,
    2.0748275862068966e-06,
    2.246896551724138e-06,
    2.246896551724138e-06,
    2.418965517241379e-06,
    2.418965517241379e-06,
    2.5910344827586207e-06,
    2.5910344827586207e-06,
    2.763103448275862e-06,
    2.763103448275862e-06,
    2.9351724137931037e-06,
    2.9351724137931037e-06,
    3.107241379310345e-06,
    3.107241379310345e-06,
    3.2793103448275863e-06,
    3.2793103448275863e-06,
    3.4513793103448278e-06,
    3.4513793103448278e-06,
    3.6234482758620693e-06,
    3.6234482758620693e-06,
    3.7955172413793103e-06,
    3.7955172413793103e-06,
    3.967586206896552e-06,
    3.967586206896552e-06,
    4.139655172413793e-06,
    4.139655172413793e-06,
    4.311724137931034e-06,
    4.311724137931034e-06,
    4.483793103448276e-06,
    4.483793103448276e-06,
    4.655862068965517e-06,
    4.655862068965517e-06,
    4.8279310344827585e-06,
    4.8279310344827585e-06,
    5e-06,
    5e-06
  ],
  "mu": 0,
  "samples": 250,
  "sequence_length": 1000,
  "seeds": [
    893127716,
    1471869172,
    729164163,
    1074219675,
    458308348,
    658134678,
    1639809557,
    430966086,
    1247353881,
    98572894,
    1013875155,
    1958028051,
    1232856704,
    1240526169,
    564744293,
    136004385,
    485602325,
    1834850803,
    1863114514,
    968411771,
    1672688284,
    1586656293,
    179901503,
    717187529,
    727308368,
    640397715,
    1907893081,
    1208311788,
    11012516,
    1283630782,
    2147086423,
    737119231,
    399985711,
    689118999,
    1136482997,
    101542154,
    550113160,
    49767828,
    582394103,
    1393673440,
    27745018,
    311545124,
    516869355,
    2068004413,
    1112553801,
    1800309953,
    1382966995,
    619397990,
    267835610,
    1115296596
  ]
}