{
  "mode": "branch",
  "rep": 997,
  "ne": 10000,
  "r": [
    1e-08,
    1e-08,
    1.820689655172414e-07,
    1.820689655172414e-07,
    3.541379310344828e-07,
    3.541379310344828e-07,
    5.262068965517242e-07,
    5.262068965517242e-07,
    6.982758620689656e-07,
    6.982758620689656e-07,
    8.70344827586207e-07,
    8.70344827586207e-07,
    1.0424137931034483e-06,
    1.0424137931034483e-06,
    1.2144827586206895e-06,
    1.2144827586206895e-06,
    1.386551724137931e-06,
    1.386551724137931e-06,
    1.5586206896551725e-06,
    1.5586206896551725e-06,
    1.7306896551724138e-06,
    1.9027586206896551e-06,
    2.0748275862068966e-06,
    2.246896551724138e-06,
    2.418965517241379e-06,
    2.5910344827586207e-06,
    2.763103448275862e-06,
    2.9351724137931037e-06,
    3.107241379310345e-06,
    3.2793103448275863e-06,
    3.4513793103448278e-06,
    3.4513793103448278e-06,
    3.6234482758620693e-06,
    3.6234482758620693e-06,
    3.7955172413793103e-06,
    3.7955172413793103e-06,
    3.967586206896552e-06,
    3.967586206896552e-06,
    4.139655172413793e-06,
    4.139655172413793e-06,
    4.311724137931034e-06,
    4.311724137931034e-06,
    4.483793103448276e-06,
    4.483793103448276e-06,
    4.655862068965517e-06,
    4.655862068965517e-06,
    4.8279310344827585e-06,
    4.8279310344827585e-06,
    5e-06,
    5e-06
  ],
  "mu": 0,
  "samples": 250,
  "sequence_length": 1000,
  "seeds": [
    1423698762,
    81568549,
    167060721,
    177015736,
    609383574,
    155380361,
    1304412527,
    1930414278,
    301028134,
    1921071963,
    890411355,
    784437888,
    646313901,
    496800510,
    1973345778,
    1248434657,
    483727936,
    1825721764,
    1716488874,
    1225827428,
    2055974628,
    1592917261,
    175375965,
    56038434,
    592433877,
    349115736,
    2055804135,
    444838782,
    1357464654,
    1327250349,
    267724319,
    1464080604,
    1982279385,
    791773300,
    1193841511,
    2106672733,
    1022520640,
    442893351,
    1348786685,
    1460932476,
    543438761,
    1155815114,
    116472497,
    181607943,
    1468345582,
    598300685,
    1276952638,
    255962458,
    1771461101,
    515148348
  ]
}