{
  "mode": "branch",
  "rep": 1116,
  "ne": 10000,
  "r": [
    1e-08,
    1e-08,
    1.820689655172414e-07,
    1.820689655172414e-07,
    3.541379310344828e-07,
    3.541379310344828e-07,
    5.262068965517242e-07,
    5.262068965517242e-07,
    6.982758620689656e-07,
    6.982758620689656e-07,
    8.70344827586207e-07,
    8.70344827586207e-07,
    1.0424137931034483e-06,
    1.0424137931034483e-06,
    1.2144827586206895e-06,
    1.2144827586206895e-06,
    1.386551724137931e-06,
    1.386551724137931e-06,
    1.5586206896551725e-06,
    1.5586206896551725e-06,
    1.7306896551724138e-06,
    1.7306896551724138e-06,
    1.9027586206896551e-06,
    1.9027586206896551e-06,
    2.0748275862068966e-06,
    2.0748275862068966e-06,
    2.246896551724138e-06,
    2.246896551724138e-06,
    2.418965517241379e-06,
    2.418965517241379e-06,
    2.5910344827586207e-06,
    2.5910344827586207e-06,
    2.763103448275862e-06,
    2.763103448275862e-06,
    2.9351724137931037e-06,
    2.9351724137931037e-06,
    3.107241379310345e-06,
    3.107241379310345e-06,
    3.2793103448275863e-06,
    3.2793103448275863e-06,
    3.4513793103448278e-06,
    3.6234482758620693e-06,
    3.7955172413793103e-06,
    3.967586206896552e-06,
    4.139655172413793e-06,
    4.311724137931034e-06,
    4.483793103448276e-06,
    4.655862068965517e-06,
    4.8279310344827585e-06,
    5e-06
  ],
  "mu": 0,
  "samples": 250,
  "sequence_length": 1000,
  "seeds": [
    496758666,
    1448680559,
    915845342,
    76520602,
    399652287,
    1470582986,
    797123752,
    1853378511,
    928867995,
    75473531,
    1862478612,
    1300750006,
    1048164737,
    888644350,
    226125227,
    386099044,
    1335510822,
    254493507,
    1801303869,
    608390381,
    69370265,
    1895444969,
    483519977,
    187578982,
    1071644097,
    559180066,
    1496190442,
    735460931,
    398980443,
    890740982,
    1178249665,
    367291117,
    1170818192,
    1336144396,
    408936346,
    894794015,
    2072864251,
    551508148,
    610510741,
    37006704,
    868494974,
    137946615,
    1240646584,
    1286001974,
    224450883,
    155839339,
    1798596746,
    1458491847,
    849980604,
    28041242
  ]
}