{
  "mode": "branch",
  "rep": 779,
  "ne": 10000,
  "r": [
    1e-08,
    1.820689655172414e-07,
    3.541379310344828e-07,
    5.262068965517242e-07,
    6.982758620689656e-07,
    8.70344827586207e-07,
    1.0424137931034483e-06,
    1.2144827586206895e-06,
    1.386551724137931e-06,
    1.5586206896551725e-06,
    1.7306896551724138e-06,
    1.7306896551724138e-06,
    1.9027586206896551e-06,
    1.9027586206896551e-06,
    2.0748275862068966e-06,
    2.0748275862068966e-06,
    2.246896551724138e-06,
    2.246896551724138e-06,
    2.418965517241379e-06,
    2.418965517241379e-06,
    2.5910344827586207e-06,
    2.5910344827586207e-06,
    2.763103448275862e-06,
    2.763103448275862e-06,
    2.9351724137931037e-06,
    2.9351724137931037e-06,
    3.107241379310345e-06,
    3.107241379310345e-06,
    3.2793103448275863e-06,
    3.2793103448275863e-06,
    3.4513793103448278e-06,
    3.4513793103448278e-06,
    3.6234482758620693e-06,
    3.6234482758620693e-06,
    3.7955172413793103e-06,
    3.7955172413793103e-06,
    3.967586206896552e-06,
    3.967586206896552e-06,
    4.139655172413793e-06,
    4.139655172413793e-06,
    4.311724137931034e-06,
    4.311724137931034e-06,
    4.483793103448276e-06,
    4.483793103448276e-06,
    4.655862068965517e-06,
    4.655862068965517e-06,
    4.8279310344827585e-06,
    4.8279310344827585e-06,
    5e-06,
    5e-06
  ],
  "mu": 0,
  "samples": 250,
  "sequence_length": 1000,
  "seeds": [
    968493232,
    1256575150,
    954200832,
    1125004813,
    551467859,
    898149098,
    263790382,
    390088886,
    1898252447,
    461208838,
    946327583,
    1114668334,
    1992958364,
    1493152425,
    825817696,
    1468914481,
    1957295755,
    310001587,
    69820132,
    1330400109,
    1341187726,
    1681647777,
    1736494199,
    411220089,
    2129706844,
    131098043,
    1200062514,
    984481523,
    1114813010,
    1451863538,
    1426705413,
    2015323786,
    1618671407,
    1730614955,
    283123231,
    449164820,
    1830338884,
    662591153,
    1201273701,
    1679768935,
    53935215,
    946722363,
    1446294556,
    760800164,
    1671237802,
    1306652959,
    943116560,
    348603120,
    1945348887,
    1670687258
  ]
}