{
  "mode": "site",
  "rep": 240,
  "ne": 10000,
  "r": 1e-05,
  "mu": [
    1e-07,
    1e-07,
    4.413793103448276e-07,
    4.413793103448276e-07,
    7.827586206896552e-07,
    7.827586206896552e-07,
    1.1241379310344827e-06,
    1.1241379310344827e-06,
    1.4655172413793102e-06,
    1.4655172413793102e-06,
    1.8068965517241377e-06,
    1.8068965517241377e-06,
    2.1482758620689656e-06,
    2.1482758620689656e-06,
    2.489655172413793e-06,
    2.489655172413793e-06,
    2.8310344827586205e-06,
    2.8310344827586205e-06,
    3.172413793103448e-06,
    3.172413793103448e-06,
    3.5137931034482755e-06,
    3.5137931034482755e-06,
    3.855172413793104e-06,
    3.855172413793104e-06,
    4.196551724137931e-06,
    4.196551724137931e-06,
    4.537931034482759e-06,
    4.537931034482759e-06,
    4.879310344827586e-06,
    4.879310344827586e-06,
    5.220689655172414e-06,
    5.220689655172414e-06,
    5.562068965517241e-06,
    5.562068965517241e-06,
    5.903448275862069e-06,
    5.903448275862069e-06,
    6.244827586206896e-06,
    6.244827586206896e-06,
    6.5862068965517236e-06,
    6.5862068965517236e-06,
    6.927586206896551e-06,
    7.268965517241379e-06,
    7.610344827586207e-06,
    7.951724137931034e-06,
    8.293103448275863e-06,
    8.634482758620691e-06,
    8.975862068965518e-06,
    9.317241379310346e-06,
    9.658620689655173e-06,
    1e-05
  ],
  "samples": 500,
  "sequence_length": 50000,
  "seeds": [
    380199445,
    2087855635,
    697339276,
    431082634,
    590907941,
    140547099,
    218974808,
    21819713,
    852783936,
    257968322,
    872005551,
    457102776,
    870141941,
    2058098286,
    810185208,
    2076601465,
    1043430840,
    1575185968,
    613951493,
    44779117,
    1225363579,
    745833631,
    691247114,
    1685614583,
    2125457826,
    1856913908,
    1991763176,
    883103503,
    255087716,
    883563572,
    1589772529,
    787276451,
    337009247,
    720440703,
    2068029849,
    1364239503,
    1385812905,
    59210909,
    1458031563,
    951990219,
    541573080,
    116455596,
    1231233916,
    1517987399,
    2077782609,
    1996528377,
    1798705251,
    697196093,
    172798755,
    103429842
  ]
}