{
  "mode": "site",
  "rep": 147,
  "ne": 10000,
  "r": 1e-05,
  "mu": [
    1e-07,
    1e-07,
    4.413793103448276e-07,
    4.413793103448276e-07,
    7.827586206896552e-07,
    7.827586206896552e-07,
    1.1241379310344827e-06,
    1.1241379310344827e-06,
    1.4655172413793102e-06,
    1.4655172413793102e-06,
    1.8068965517241377e-06,
    1.8068965517241377e-06,
    2.1482758620689656e-06,
    2.1482758620689656e-06,
    2.489655172413793e-06,
    2.489655172413793e-06,
    2.8310344827586205e-06,
    2.8310344827586205e-06,
    3.172413793103448e-06,
    3.172413793103448e-06,
    3.5137931034482755e-06,
    3.5137931034482755e-06,
    3.855172413793104e-06,
    3.855172413793104e-06,
    4.196551724137931e-06,
    4.196551724137931e-06,
    4.537931034482759e-06,
    4.537931034482759e-06,
    4.879310344827586e-06,
    4.879310344827586e-06,
    5.220689655172414e-06,
    5.220689655172414e-06,
    5.562068965517241e-06,
    5.562068965517241e-06,
    5.903448275862069e-06,
    5.903448275862069e-06,
    6.244827586206896e-06,
    6.244827586206896e-06,
    6.5862068965517236e-06,
    6.5862068965517236e-06,
    6.927586206896551e-06,
    7.268965517241379e-06,
    7.610344827586207e-06,
    7.951724137931034e-06,
    8.293103448275863e-06,
    8.634482758620691e-06,
    8.975862068965518e-06,
    9.317241379310346e-06,
    9.658620689655173e-06,
    1e-05
  ],
  "samples": 500,
  "sequence_length": 10000,
  "seeds": [
    1894207661,
    325526823,
    1743266905,
    1205897140,
    367423856,
    704001954,
    953226134,
    337598281,
    1995027079,
    702335662,
    276217883,
    639625722,
    1481430932,
    658361713,
    295877610,
    690739706,
    1797046448,
    1254871503,
    547157176,
    733030029,
    607484386,
    722013782,
    1990982965,
    1998854128,
    316092404,
    1136202377,
    265784933,
    396511100,
    1400192708,
    1507643999,
    2046893990,
    286504292,
    593191816,
    1570417621,
    798049319,
    1876384023,
    1638391869,
    1601880105,
    773292957,
    1715127862,
    1015478592,
    1658130825,
    1014363081,
    672183324,
    1552786266,
    1359921602,
    2115239959,
    545688357,
    1846546787,
    183532927
  ]
}