{
  "mode": "site",
  "rep": 400,
  "ne": 10000,
  "r": 1e-05,
  "mu": [
    1e-07,
    1e-07,
    4.413793103448276e-07,
    4.413793103448276e-07,
    7.827586206896552e-07,
    7.827586206896552e-07,
    1.1241379310344827e-06,
    1.1241379310344827e-06,
    1.4655172413793102e-06,
    1.4655172413793102e-06,
    1.8068965517241377e-06,
    1.8068965517241377e-06,
    2.1482758620689656e-06,
    2.1482758620689656e-06,
    2.489655172413793e-06,
    2.489655172413793e-06,
    2.8310344827586205e-06,
    2.8310344827586205e-06,
    3.172413793103448e-06,
    3.172413793103448e-06,
    3.5137931034482755e-06,
    3.855172413793104e-06,
    4.196551724137931e-06,
    4.537931034482759e-06,
    4.879310344827586e-06,
    5.220689655172414e-06,
    5.562068965517241e-06,
    5.903448275862069e-06,
    6.244827586206896e-06,
    6.5862068965517236e-06,
    6.927586206896551e-06,
    6.927586206896551e-06,
    7.268965517241379e-06,
    7.268965517241379e-06,
    7.610344827586207e-06,
    7.610344827586207e-06,
    7.951724137931034e-06,
    7.951724137931034e-06,
    8.293103448275863e-06,
    8.293103448275863e-06,
    8.634482758620691e-06,
    8.634482758620691e-06,
    8.975862068965518e-06,
    8.975862068965518e-06,
    9.317241379310346e-06,
    9.317241379310346e-06,
    9.658620689655173e-06,
    9.658620689655173e-06,
    1e-05,
    1e-05
  ],
  "samples": 500,
  "sequence_length": 50000,
  "seeds": [
    498596342,
    806555095,
    914865528,
    1562785460,
    738029203,
    1790678857,
    467695352,
    729440976,
    2139943864,
    840766422,
    1328862419,
    72458820,
    1396336720,
    639184262,
    702365434,
    567796136,
    90516030,
    1383366467,
    2126831462,
    278218410,
    365223800,
    1187631692,
    858954831,
    1444618340,
    1223630539,
    39079277,
    2133709,
    173296520,
    579575889,
    553203061,
    1295798723,
    144571798,
    178151619,
    105389771,
    1841308041,
    571124072,
    43595415,
    854987912,
    510114733,
    1798141321,
    1469053536,
    269874267,
    501121225,
    1080066496,
    996891595,
    1805856169,
    877744398,
    18057591,
    1239237133,
    35133705
  ]
}