{
  "mode": "site",
  "rep": 35,
  "ne": 10000,
  "r": 1e-05,
  "mu": [
    1e-07,
    4.413793103448276e-07,
    7.827586206896552e-07,
    1.1241379310344827e-06,
    1.4655172413793102e-06,
    1.8068965517241377e-06,
    2.1482758620689656e-06,
    2.489655172413793e-06,
    2.8310344827586205e-06,
    3.172413793103448e-06,
    3.5137931034482755e-06,
    3.5137931034482755e-06,
    3.855172413793104e-06,
    3.855172413793104e-06,
    4.196551724137931e-06,
    4.196551724137931e-06,
    4.537931034482759e-06,
    4.537931034482759e-06,
    4.879310344827586e-06,
    4.879310344827586e-06,
    5.220689655172414e-06,
    5.220689655172414e-06,
    5.562068965517241e-06,
    5.562068965517241e-06,
    5.903448275862069e-06,
    5.903448275862069e-06,
    6.244827586206896e-06,
    6.244827586206896e-06,
    6.5862068965517236e-06,
    6.5862068965517236e-06,
    6.927586206896551e-06,
    6.927586206896551e-06,
    7.268965517241379e-06,
    7.268965517241379e-06,
    7.610344827586207e-06,
    7.610344827586207e-06,
    7.951724137931034e-06,
    7.951724137931034e-06,
    8.293103448275863e-06,
    8.293103448275863e-06,
    8.634482758620691e-06,
    8.634482758620691e-06,
    8.975862068965518e-06,
    8.975862068965518e-06,
    9.317241379310346e-06,
    9.317241379310346e-06,
    9.658620689655173e-06,
    9.658620689655173e-06,
    1e-05,
    1e-05
  ],
  "samples": 500,
  "sequence_length": 10000,
  "seeds": [
    251447037,
    1674783567,
    644949948,
    1186087586,
    1755381048,
    1326919733,
    2084654552,
    1292137347,
    220820108,
    493096992,
    419328964,
    434854398,
    251369321,
    853807864,
    529779307,
    1402015962,
    1131756621,
    345658907,
    185132621,
    895491558,
    1305106180,
    1227003274,
    644345472,
    923418987,
    1432958601,
    1099314191,
    589724765,
    1236267462,
    1945453411,
    2066094588,
    2037726734,
    1449713674,
    569518997,
    1505098715,
    1241752318,
    1346874425,
    1658864304,
    28061188,
    173709263,
    1071632474,
    1041476173,
    1606722231,
    1578119275,
    381949162,
    1854390458,
    1282920664,
    984573592,
    273177414,
    2110243568,
    1482914467
  ]
}