{
  "mode": "branch",
  "rep": 940,
  "ne": 10000,
  "r": [
    1e-08,
    1e-08,
    1.820689655172414e-07,
    1.820689655172414e-07,
    3.541379310344828e-07,
    3.541379310344828e-07,
    5.262068965517242e-07,
    5.262068965517242e-07,
    6.982758620689656e-07,
    6.982758620689656e-07,
    8.70344827586207e-07,
    8.70344827586207e-07,
    1.0424137931034483e-06,
    1.0424137931034483e-06,
    1.2144827586206895e-06,
    1.2144827586206895e-06,
    1.386551724137931e-06,
    1.386551724137931e-06,
    1.5586206896551725e-06,
    1.5586206896551725e-06,
    1.7306896551724138e-06,
    1.9027586206896551e-06,
    2.0748275862068966e-06,
    2.246896551724138e-06,
    2.418965517241379e-06,
    2.5910344827586207e-06,
    2.763103448275862e-06,
    2.9351724137931037e-06,
    3.107241379310345e-06,
    3.2793103448275863e-06,
    3.4513793103448278e-06,
    3.4513793103448278e-06,
    3.6234482758620693e-06,
    3.6234482758620693e-06,
    3.7955172413793103e-06,
    3.7955172413793103e-06,
    3.967586206896552e-06,
    3.967586206896552e-06,
    4.139655172413793e-06,
    4.139655172413793e-06,
    4.311724137931034e-06,
    4.311724137931034e-06,
    4.483793103448276e-06,
    4.483793103448276e-06,
    4.655862068965517e-06,
    4.655862068965517e-06,
    4.8279310344827585e-06,
    4.8279310344827585e-06,
    5e-06,
    5e-06
  ],
  "mu": 0,
  "samples": 250,
  "sequence_length": 1000,
  "seeds": [
    551001832,
    1815333003,
    2144976065,
    1804032681,
    1039619156,
    1023507463,
    43318626,
    1367039297,
    2052624384,
    936663779,
    693226556,
    1951543900,
    515415596,
    1031244958,
    99339829,
    1080354419,
    2062750145,
    93758282,
    1967145722,
    1835522269,
    833869465,
    1970527141,
    233903086,
    1691289976,
    1244973549,
    1329941925,
    802554027,
    1454473975,
    1872979391,
    1812794488,
    1776718059,
    309189051,
    2024735750,
    1270513901,
    707088547,
    906421491,
    623416719,
    2109999223,
    1470016171,
    1010897902,
    2106403040,
    2058429854,
    1699518114,
    398770436,
    1853827647,
    752498244,
    262499550,
    72836246,
    1354995281,
    1468715663
  ]
}