{
  "mode": "site",
  "rep": 419,
  "ne": 10000,
  "r": 1e-05,
  "mu": [
    1e-07,
    4.413793103448276e-07,
    7.827586206896552e-07,
    1.1241379310344827e-06,
    1.4655172413793102e-06,
    1.8068965517241377e-06,
    2.1482758620689656e-06,
    2.489655172413793e-06,
    2.8310344827586205e-06,
    3.172413793103448e-06,
    3.5137931034482755e-06,
    3.5137931034482755e-06,
    3.855172413793104e-06,
    3.855172413793104e-06,
    4.196551724137931e-06,
    4.196551724137931e-06,
    4.537931034482759e-06,
    4.537931034482759e-06,
    4.879310344827586e-06,
    4.879310344827586e-06,
    5.220689655172414e-06,
    5.220689655172414e-06,
    5.562068965517241e-06,
    5.562068965517241e-06,
    5.903448275862069e-06,
    5.903448275862069e-06,
    6.244827586206896e-06,
    6.244827586206896e-06,
    6.5862068965517236e-06,
    6.5862068965517236e-06,
    6.927586206896551e-06,
    6.927586206896551e-06,
    7.268965517241379e-06,
    7.268965517241379e-06,
    7.610344827586207e-06,
    7.610344827586207e-06,
    7.951724137931034e-06,
    7.951724137931034e-06,
    8.293103448275863e-06,
    8.293103448275863e-06,
    8.634482758620691e-06,
    8.634482758620691e-06,
    8.975862068965518e-06,
    8.975862068965518e-06,
    9.317241379310346e-06,
    9.317241379310346e-06,
    9.658620689655173e-06,
    9.658620689655173e-06,
    1e-05,
    1e-05
  ],
  "samples": 500,
  "sequence_length": 10000,
  "seeds": [
    1200257121,
    1379792519,
    775832418,
    1121646861,
    73422431,
    767555341,
    457034944,
    2009854899,
    757360545,
    2144057641,
    1258721473,
    1951016464,
    523901621,
    995027529,
    1386684215,
    1573474307,
    1142400099,
    702175706,
    1219616347,
    1246205856,
    1842405350,
    912267745,
    335130836,
    1392597109,
    722842193,
    1103652598,
    1875136086,
    1290588643,
    1464803881,
    435342218,
    1356835056,
    341831582,
    2118983729,
    1353540278,
    903545652,
    42591723,
    1266321247,
    848463740,
    1857387677,
    1725669881,
    669970374,
    120609323,
    1020136924,
    1968092400,
    1127022838,
    14656714,
    1626174635,
    1584691455,
    814359935,
    2027830783
  ]
}