{
  "mode": "branch",
  "rep": 1107,
  "ne": 10000,
  "r": [
    1e-08,
    1e-08,
    1.820689655172414e-07,
    1.820689655172414e-07,
    3.541379310344828e-07,
    3.541379310344828e-07,
    5.262068965517242e-07,
    5.262068965517242e-07,
    6.982758620689656e-07,
    6.982758620689656e-07,
    8.70344827586207e-07,
    8.70344827586207e-07,
    1.0424137931034483e-06,
    1.0424137931034483e-06,
    1.2144827586206895e-06,
    1.2144827586206895e-06,
    1.386551724137931e-06,
    1.386551724137931e-06,
    1.5586206896551725e-06,
    1.5586206896551725e-06,
    1.7306896551724138e-06,
    1.7306896551724138e-06,
    1.9027586206896551e-06,
    1.9027586206896551e-06,
    2.0748275862068966e-06,
    2.0748275862068966e-06,
    2.246896551724138e-06,
    2.246896551724138e-06,
    2.418965517241379e-06,
    2.418965517241379e-06,
    2.5910344827586207e-06,
    2.5910344827586207e-06,
    2.763103448275862e-06,
    2.763103448275862e-06,
    2.9351724137931037e-06,
    2.9351724137931037e-06,
    3.107241379310345e-06,
    3.107241379310345e-06,
    3.2793103448275863e-06,
    3.2793103448275863e-06,
    3.4513793103448278e-06,
    3.6234482758620693e-06,
    3.7955172413793103e-06,
    3.967586206896552e-06,
    4.139655172413793e-06,
    4.311724137931034e-06,
    4.483793103448276e-06,
    4.655862068965517e-06,
    4.8279310344827585e-06,
    5e-06
  ],
  "mu": 0,
  "samples": 250,
  "sequence_length": 1000,
  "seeds": [
    285087338,
    596859138,
    187172441,
    630946269,
    1722562579,
    528180619,
    793395194,
    1861365238,
    1014256161,
    147546696,
    1696203772,
    260214624,
    568179308,
    1617946553,
    351902751,
    1252781445,
    1755093861,
    119312391,
    6829547,
    378212249,
    707756944,
    849451323,
    895683416,
    1794760014,
    249055643,
    1642633522,
    187424305,
    1626495767,
    344078191,
    2134945640,
    1798292236,
    1020481845,
    217627286,
    491895092,
    951022480,
    9570268,
    468394790,
    834090352,
    208043642,
    606777217,
    511298404,
    1279594725,
    1604201103,
    1578911835,
    1812945622,
    1447824693,
    510293170,
    617469951,
    868990463,
    1342279182
  ]
}