{
  "mode": "site",
  "rep": 498,
  "ne": 10000,
  "r": 1e-05,
  "mu": [
    1e-07,
    1e-07,
    4.413793103448276e-07,
    4.413793103448276e-07,
    7.827586206896552e-07,
    7.827586206896552e-07,
    1.1241379310344827e-06,
    1.1241379310344827e-06,
    1.4655172413793102e-06,
    1.4655172413793102e-06,
    1.8068965517241377e-06,
    1.8068965517241377e-06,
    2.1482758620689656e-06,
    2.1482758620689656e-06,
    2.489655172413793e-06,
    2.489655172413793e-06,
    2.8310344827586205e-06,
    2.8310344827586205e-06,
    3.172413793103448e-06,
    3.172413793103448e-06,
    3.5137931034482755e-06,
    3.5137931034482755e-06,
    3.855172413793104e-06,
    3.855172413793104e-06,
    4.196551724137931e-06,
    4.196551724137931e-06,
    4.537931034482759e-06,
    4.537931034482759e-06,
    4.879310344827586e-06,
    4.879310344827586e-06,
    5.220689655172414e-06,
    5.220689655172414e-06,
    5.562068965517241e-06,
    5.562068965517241e-06,
    5.903448275862069e-06,
    5.903448275862069e-06,
    6.244827586206896e-06,
    6.244827586206896e-06,
    6.5862068965517236e-06,
    6.5862068965517236e-06,
    6.927586206896551e-06,
    7.268965517241379e-06,
    7.610344827586207e-06,
    7.951724137931034e-06,
    8.293103448275863e-06,
    8.634482758620691e-06,
    8.975862068965518e-06,
    9.317241379310346e-06,
    9.658620689655173e-06,
    1e-05
  ],
  "samples": 500,
  "sequence_length": 10000,
  "seeds": [
    471583093,
    552225973,
    2097715947,
    432333748,
    1770860741,
    428983306,
    704748691,
    380235605,
    431389786,
    1227811375,
    809566903,
    480429871,
    1574071967,
    776335091,
    973205876,
    1711439992,
    1569553553,
    1687940438,
    806181107,
    280345507,
    1270990567,
    770412293,
    569100324,
    1790201963,
    1928665327,
    2044315044,
    1089362943,
    1205156530,
    1469287813,
    1113818257,
    2084786083,
    558347312,
    1991078672,
    109345021,
    1556793709,
    1691285481,
    885707715,
    513838487,
    878042657,
    818951770,
    713725356,
    1349238718,
    1042224414,
    1873069637,
    383767938,
    1045037550,
    1247289045,
    340360663,
    2104711157,
    1666055597
  ]
}