{
  "mode": "branch",
  "rep": 727,
  "ne": 10000,
  "r": [
    1e-08,
    1e-08,
    1.820689655172414e-07,
    1.820689655172414e-07,
    3.541379310344828e-07,
    3.541379310344828e-07,
    5.262068965517242e-07,
    5.262068965517242e-07,
    6.982758620689656e-07,
    6.982758620689656e-07,
    8.70344827586207e-07,
    8.70344827586207e-07,
    1.0424137931034483e-06,
    1.0424137931034483e-06,
    1.2144827586206895e-06,
    1.2144827586206895e-06,
    1.386551724137931e-06,
    1.386551724137931e-06,
    1.5586206896551725e-06,
    1.5586206896551725e-06,
    1.7306896551724138e-06,
    1.9027586206896551e-06,
    2.0748275862068966e-06,
    2.246896551724138e-06,
    2.418965517241379e-06,
    2.5910344827586207e-06,
    2.763103448275862e-06,
    2.9351724137931037e-06,
    3.107241379310345e-06,
    3.2793103448275863e-06,
    3.4513793103448278e-06,
    3.4513793103448278e-06,
    3.6234482758620693e-06,
    3.6234482758620693e-06,
    3.7955172413793103e-06,
    3.7955172413793103e-06,
    3.967586206896552e-06,
    3.967586206896552e-06,
    4.139655172413793e-06,
    4.139655172413793e-06,
    4.311724137931034e-06,
    4.311724137931034e-06,
    4.483793103448276e-06,
    4.483793103448276e-06,
    4.655862068965517e-06,
    4.655862068965517e-06,
    4.8279310344827585e-06,
    4.8279310344827585e-06,
    5e-06,
    5e-06
  ],
  "mu": 0,
  "samples": 250,
  "sequence_length": 1000,
  "seeds": [
    926398782,
    1088568015,
    383421652,
    368036301,
    63960167,
    1123666337,
    509796374,
    838778930,
    1007259520,
    494655356,
    659414795,
    183860419,
    1685099736,
    1969611657,
    361193732,
    873504980,
    899856118,
    338841865,
    1244955267,
    105023502,
    679238649,
    670659757,
    1620052704,
    311766054,
    1082711528,
    1923103720,
    949822121,
    656292072,
    1985532676,
    1225340362,
    848639091,
    517238423,
    1522679909,
    824097958,
    2054873475,
    1407039461,
    1093185678,
    1683267485,
    1599397503,
    937717458,
    94121989,
    1929726711,
    1322965315,
    745292162,
    469639754,
    912533649,
    937522018,
    1631158018,
    546659464,
    767742383
  ]
}