{
  "mode": "site",
  "rep": 168,
  "ne": 10000,
  "r": 1e-05,
  "mu": [
    1e-07,
    1e-07,
    4.413793103448276e-07,
    4.413793103448276e-07,
    7.827586206896552e-07,
    7.827586206896552e-07,
    1.1241379310344827e-06,
    1.1241379310344827e-06,
    1.4655172413793102e-06,
    1.4655172413793102e-06,
    1.8068965517241377e-06,
    1.8068965517241377e-06,
    2.1482758620689656e-06,
    2.1482758620689656e-06,
    2.489655172413793e-06,
    2.489655172413793e-06,
    2.8310344827586205e-06,
    2.8310344827586205e-06,
    3.172413793103448e-06,
    3.172413793103448e-06,
    3.5137931034482755e-06,
    3.5137931034482755e-06,
    3.855172413793104e-06,
    3.855172413793104e-06,
    4.196551724137931e-06,
    4.196551724137931e-06,
    4.537931034482759e-06,
    4.537931034482759e-06,
    4.879310344827586e-06,
    4.879310344827586e-06,
    5.220689655172414e-06,
    5.220689655172414e-06,
    5.562068965517241e-06,
    5.562068965517241e-06,
    5.903448275862069e-06,
    5.903448275862069e-06,
    6.244827586206896e-06,
    6.244827586206896e-06,
    6.5862068965517236e-06,
    6.5862068965517236e-06,
    6.927586206896551e-06,
    7.268965517241379e-06,
    7.610344827586207e-06,
    7.951724137931034e-06,
    8.293103448275863e-06,
    8.634482758620691e-06,
    8.975862068965518e-06,
    9.317241379310346e-06,
    9.658620689655173e-06,
    1e-05
  ],
  "samples": 500,
  "sequence_length": 10000,
  "seeds": [
    465959571,
    1291061864,
    315782208,
    100630508,
    47613220,
    716185269,
    1291054469,
    388740610,
    1767023571,
    557023586,
    1043727948,
    1120872933,
    1490132824,
    914513136,
    1306243165,
    114146400,
    325718194,
    1282436913,
    1725230933,
    1379639365,
    652148988,
    1193838994,
    939630282,
    1724527662,
    311055987,
    349484419,
    955149961,
    541602277,
    1846226013,
    1683531810,
    1953845956,
    473525007,
    724949131,
    188480184,
    500191498,
    296287682,
    16995921,
    1229263285,
    969389541,
    959318480,
    316423202,
    1491527409,
    457571522,
    2090760315,
    1545458904,
    1569593459,
    1901396492,
    1470795227,
    1545156701,
    373065380
  ]
}