{
  "mode": "branch",
  "rep": 1170,
  "ne": 10000,
  "r": [
    1e-08,
    1e-08,
    1.820689655172414e-07,
    1.820689655172414e-07,
    3.541379310344828e-07,
    3.541379310344828e-07,
    5.262068965517242e-07,
    5.262068965517242e-07,
    6.982758620689656e-07,
    6.982758620689656e-07,
    8.70344827586207e-07,
    8.70344827586207e-07,
    1.0424137931034483e-06,
    1.0424137931034483e-06,
    1.2144827586206895e-06,
    1.2144827586206895e-06,
    1.386551724137931e-06,
    1.386551724137931e-06,
    1.5586206896551725e-06,
    1.5586206896551725e-06,
    1.7306896551724138e-06,
    1.7306896551724138e-06,
    1.9027586206896551e-06,
    1.9027586206896551e-06,
    2.0748275862068966e-06,
    2.0748275862068966e-06,
    2.246896551724138e-06,
    2.246896551724138e-06,
    2.418965517241379e-06,
    2.418965517241379e-06,
    2.5910344827586207e-06,
    2.5910344827586207e-06,
    2.763103448275862e-06,
    2.763103448275862e-06,
    2.9351724137931037e-06,
    2.9351724137931037e-06,
    3.107241379310345e-06,
    3.107241379310345e-06,
    3.2793103448275863e-06,
    3.2793103448275863e-06,
    3.4513793103448278e-06,
    3.6234482758620693e-06,
    3.7955172413793103e-06,
    3.967586206896552e-06,
    4.139655172413793e-06,
    4.311724137931034e-06,
    4.483793103448276e-06,
    4.655862068965517e-06,
    4.8279310344827585e-06,
    5e-06
  ],
  "mu": 0,
  "samples": 250,
  "sequence_length": 1000,
  "seeds": [
    93222692,
    1288457780,
    23444090,
    1825741482,
    1713977213,
    1514334718,
    1338007866,
    333341393,
    336492432,
    738799361,
    80569511,
    2043292520,
    1865819898,
    670995663,
    15794150,
    478689141,
    1045145841,
    1273126955,
    371733011,
    2113952168,
    431443688,
    79653885,
    1938191607,
    115068502,
    1529427538,
    1129228263,
    1410137192,
    1520675314,
    1396507620,
    747952679,
    1380698167,
    698219142,
    1039466620,
    125447349,
    1079656583,
    1451957689,
    617973793,
    1361207026,
    1821940570,
    1180900816,
    108005484,
    1873267315,
    997146205,
    90964897,
    461880777,
    701307908,
    1520821753,
    1992237296,
    1276226904,
    1651178195
  ]
}