{
  "mode": "branch",
  "rep": 671,
  "ne": 10000,
  "r": [
    1e-08,
    1.820689655172414e-07,
    3.541379310344828e-07,
    5.262068965517242e-07,
    6.982758620689656e-07,
    8.70344827586207e-07,
    1.0424137931034483e-06,
    1.2144827586206895e-06,
    1.386551724137931e-06,
    1.5586206896551725e-06,
    1.7306896551724138e-06,
    1.7306896551724138e-06,
    1.9027586206896551e-06,
    1.9027586206896551e-06,
    2.0748275862068966e-06,
    2.0748275862068966e-06,
    2.246896551724138e-06,
    2.246896551724138e-06,
    2.418965517241379e-06,
    2.418965517241379e-06,
    2.5910344827586207e-06,
    2.5910344827586207e-06,
    2.763103448275862e-06,
    2.763103448275862e-06,
    2.9351724137931037e-06,
    2.9351724137931037e-06,
    3.107241379310345e-06,
    3.107241379310345e-06,
    3.2793103448275863e-06,
    3.2793103448275863e-06,
    3.4513793103448278e-06,
    3.4513793103448278e-06,
    3.6234482758620693e-06,
    3.6234482758620693e-06,
    3.7955172413793103e-06,
    3.7955172413793103e-06,
    3.967586206896552e-06,
    3.967586206896552e-06,
    4.139655172413793e-06,
    4.139655172413793e-06,
    4.311724137931034e-06,
    4.311724137931034e-06,
    4.483793103448276e-06,
    4.483793103448276e-06,
    4.655862068965517e-06,
    4.655862068965517e-06,
    4.8279310344827585e-06,
    4.8279310344827585e-06,
    5e-06,
    5e-06
  ],
  "mu": 0,
  "samples": 250,
  "sequence_length": 1000,
  "seeds": [
    1728980831,
    1021007383,
    851895040,
    1025130845,
    150823144,
    106093253,
    1078002858,
    328135811,
    924425862,
    1915027489,
    411429714,
    1282490261,
    1596479765,
    756112044,
    1731201733,
    1982754102,
    1802283802,
    1093272132,
    1333111903,
    1658308739,
    1043213890,
    1138826295,
    1923246790,
    847577891,
    1153755386,
    1029324376,
    475179708,
    2069986084,
    377892214,
    816941848,
    272554275,
    646608867,
    688704114,
    1544311037,
    2028414806,
    644337292,
    1920890463,
    861920675,
    394912405,
    809039386,
    727993694,
    219228694,
    1721529907,
    537510795,
    1894090376,
    979447524,
    1630885433,
    2038046239,
    1144565441,
    4775058
  ]
}