{
  "mode": "branch",
  "rep": 657,
  "ne": 10000,
  "r": [
    1e-08,
    1e-08,
    1.820689655172414e-07,
    1.820689655172414e-07,
    3.541379310344828e-07,
    3.541379310344828e-07,
    5.262068965517242e-07,
    5.262068965517242e-07,
    6.982758620689656e-07,
    6.982758620689656e-07,
    8.70344827586207e-07,
    8.70344827586207e-07,
    1.0424137931034483e-06,
    1.0424137931034483e-06,
    1.2144827586206895e-06,
    1.2144827586206895e-06,
    1.386551724137931e-06,
    1.386551724137931e-06,
    1.5586206896551725e-06,
    1.5586206896551725e-06,
    1.7306896551724138e-06,
    1.7306896551724138e-06,
    1.9027586206896551e-06,
    1.9027586206896551e-06,
    2.0748275862068966e-06,
    2.0748275862068966e-06,
    2.246896551724138e-06,
    2.246896551724138e-06,
    2.418965517241379e-06,
    2.418965517241379e-06,
    2.5910344827586207e-06,
    2.5910344827586207e-06,
    2.763103448275862e-06,
    2.763103448275862e-06,
    2.9351724137931037e-06,
    2.9351724137931037e-06,
    3.107241379310345e-06,
    3.107241379310345e-06,
    3.2793103448275863e-06,
    3.2793103448275863e-06,
    3.4513793103448278e-06,
    3.6234482758620693e-06,
    3.7955172413793103e-06,
    3.967586206896552e-06,
    4.139655172413793e-06,
    4.311724137931034e-06,
    4.483793103448276e-06,
    4.655862068965517e-06,
    4.8279310344827585e-06,
    5e-06
  ],
  "mu": 0,
  "samples": 250,
  "sequence_length": 1000,
  "seeds": [
    317080571,
    1134915189,
    572250517,
    1971290298,
    3409711,
    54521118,
    162951890,
    1475167691,
    1400988918,
    995236941,
    1819730268,
    1435659655,
    1154184310,
    1229535206,
    507961458,
    1151412225,
    1083245570,
    1613174943,
    1811493253,
    1536921911,
    561212435,
    453186807,
    254756092,
    1224136802,
    550709756,
    819911973,
    128215562,
    255367419,
    1847532769,
    1972107689,
    1273930640,
    319341291,
    2031008121,
    886763204,
    32788704,
    792376159,
    245421047,
    1857287994,
    1815703926,
    123572138,
    1984120849,
    509481473,
    728971413,
    905314361,
    1562965384,
    1525536305,
    1372825665,
    1869668093,
    1360178414,
    350306016
  ]
}