{
  "mode": "site",
  "rep": 201,
  "ne": 10000,
  "r": 1e-05,
  "mu": [
    1e-07,
    1e-07,
    4.413793103448276e-07,
    4.413793103448276e-07,
    7.827586206896552e-07,
    7.827586206896552e-07,
    1.1241379310344827e-06,
    1.1241379310344827e-06,
    1.4655172413793102e-06,
    1.4655172413793102e-06,
    1.8068965517241377e-06,
    1.8068965517241377e-06,
    2.1482758620689656e-06,
    2.1482758620689656e-06,
    2.489655172413793e-06,
    2.489655172413793e-06,
    2.8310344827586205e-06,
    2.8310344827586205e-06,
    3.172413793103448e-06,
    3.172413793103448e-06,
    3.5137931034482755e-06,
    3.5137931034482755e-06,
    3.855172413793104e-06,
    3.855172413793104e-06,
    4.196551724137931e-06,
    4.196551724137931e-06,
    4.537931034482759e-06,
    4.537931034482759e-06,
    4.879310344827586e-06,
    4.879310344827586e-06,
    5.220689655172414e-06,
    5.220689655172414e-06,
    5.562068965517241e-06,
    5.562068965517241e-06,
    5.903448275862069e-06,
    5.903448275862069e-06,
    6.244827586206896e-06,
    6.244827586206896e-06,
    6.5862068965517236e-06,
    6.5862068965517236e-06,
    6.927586206896551e-06,
    7.268965517241379e-06,
    7.610344827586207e-06,
    7.951724137931034e-06,
    8.293103448275863e-06,
    8.634482758620691e-06,
    8.975862068965518e-06,
    9.317241379310346e-06,
    9.658620689655173e-06,
    1e-05
  ],
  "samples": 500,
  "sequence_length": 10000,
  "seeds": [
    1434095285,
    1183014665,
    955434054,
    1115673778,
    1675456757,
    1052402625,
    504537544,
    1102585325,
    1893912304,
    1866964962,
    433951006,
    1925579854,
    955941181,
    14198909,
    714963703,
    1778460163,
    2126393275,
    1323211212,
    1148937539,
    1612340322,
    2006841237,
    1033239748,
    1481075595,
    237269154,
    696143641,
    304870746,
    228404877,
    167310776,
    1899836904,
    107613155,
    230260578,
    1853574397,
    1967456131,
    345227960,
    1841139072,
    1410410744,
    962184548,
    1079389531,
    1411846347,
    1047177956,
    94611566,
    199714731,
    1756232290,
    1350853114,
    853219935,
    1521965033,
    1603160766,
    1107491428,
    2122335986,
    1509984708
  ]
}