{
  "mode": "site",
  "rep": 324,
  "ne": 10000,
  "r": 1e-05,
  "mu": [
    1e-07,
    1e-07,
    4.413793103448276e-07,
    4.413793103448276e-07,
    7.827586206896552e-07,
    7.827586206896552e-07,
    1.1241379310344827e-06,
    1.1241379310344827e-06,
    1.4655172413793102e-06,
    1.4655172413793102e-06,
    1.8068965517241377e-06,
    1.8068965517241377e-06,
    2.1482758620689656e-06,
    2.1482758620689656e-06,
    2.489655172413793e-06,
    2.489655172413793e-06,
    2.8310344827586205e-06,
    2.8310344827586205e-06,
    3.172413793103448e-06,
    3.172413793103448e-06,
    3.5137931034482755e-06,
    3.5137931034482755e-06,
    3.855172413793104e-06,
    3.855172413793104e-06,
    4.196551724137931e-06,
    4.196551724137931e-06,
    4.537931034482759e-06,
    4.537931034482759e-06,
    4.879310344827586e-06,
    4.879310344827586e-06,
    5.220689655172414e-06,
    5.220689655172414e-06,
    5.562068965517241e-06,
    5.562068965517241e-06,
    5.903448275862069e-06,
    5.903448275862069e-06,
    6.244827586206896e-06,
    6.244827586206896e-06,
    6.5862068965517236e-06,
    6.5862068965517236e-06,
    6.927586206896551e-06,
    7.268965517241379e-06,
    7.610344827586207e-06,
    7.951724137931034e-06,
    8.293103448275863e-06,
    8.634482758620691e-06,
    8.975862068965518e-06,
    9.317241379310346e-06,
    9.658620689655173e-06,
    1e-05
  ],
  "samples": 500,
  "sequence_length": 10000,
  "seeds": [
    1700297532,
    1451393057,
    456388467,
    985738673,
    1112821576,
    1479771468,
    1142577240,
    804995330,
    1733077006,
    1137306501,
    1306597556,
    1447833717,
    1426336578,
    109847556,
    1152582524,
    1432326708,
    889566720,
    423088989,
    1553571015,
    2091349340,
    53493807,
    989212371,
    568272992,
    1041814045,
    361026351,
    1083157690,
    859674876,
    1761084598,
    491618018,
    945889535,
    884568378,
    1227075143,
    582070933,
    1972642283,
    880577292,
    980820561,
    1044982929,
    869209708,
    912999568,
    1112574632,
    1292815419,
    679116780,
    323330558,
    1054533960,
    2127851395,
    1176237214,
    1373402930,
    59994720,
    1452855253,
    1763559750
  ]
}