{
  "mode": "site",
  "rep": 315,
  "ne": 10000,
  "r": 1e-05,
  "mu": [
    1e-07,
    1e-07,
    4.413793103448276e-07,
    4.413793103448276e-07,
    7.827586206896552e-07,
    7.827586206896552e-07,
    1.1241379310344827e-06,
    1.1241379310344827e-06,
    1.4655172413793102e-06,
    1.4655172413793102e-06,
    1.8068965517241377e-06,
    1.8068965517241377e-06,
    2.1482758620689656e-06,
    2.1482758620689656e-06,
    2.489655172413793e-06,
    2.489655172413793e-06,
    2.8310344827586205e-06,
    2.8310344827586205e-06,
    3.172413793103448e-06,
    3.172413793103448e-06,
    3.5137931034482755e-06,
    3.5137931034482755e-06,
    3.855172413793104e-06,
    3.855172413793104e-06,
    4.196551724137931e-06,
    4.196551724137931e-06,
    4.537931034482759e-06,
    4.537931034482759e-06,
    4.879310344827586e-06,
    4.879310344827586e-06,
    5.220689655172414e-06,
    5.220689655172414e-06,
    5.562068965517241e-06,
    5.562068965517241e-06,
    5.903448275862069e-06,
    5.903448275862069e-06,
    6.244827586206896e-06,
    6.244827586206896e-06,
    6.5862068965517236e-06,
    6.5862068965517236e-06,
    6.927586206896551e-06,
    7.268965517241379e-06,
    7.610344827586207e-06,
    7.951724137931034e-06,
    8.293103448275863e-06,
    8.634482758620691e-06,
    8.975862068965518e-06,
    9.317241379310346e-06,
    9.658620689655173e-06,
    1e-05
  ],
  "samples": 500,
  "sequence_length": 50000,
  "seeds": [
    487368713,
    1506170287,
    24041254,
    1994681495,
    2099848939,
    471605866,
    652062828,
    1971750030,
    1335648763,
    1083573200,
    1560493120,
    226066042,
    223611837,
    358183981,
    1866220334,
    1097797222,
    154492028,
    1006751268,
    1915556212,
    2049004137,
    1820669812,
    1640914641,
    2145076256,
    1773718784,
    1006179093,
    1093834878,
    146016383,
    1723034961,
    1285387562,
    737195199,
    854553723,
    1951235055,
    20414578,
    1379391401,
    1879463784,
    171430885,
    1541152571,
    231894719,
    493303191,
    255377948,
    1920927373,
    2135692234,
    323317543,
    1022890671,
    1933959485,
    949971145,
    1885173691,
    1666127825,
    1676265532,
    1625887495
  ]
}