{
  "mode": "site",
  "rep": 251,
  "ne": 10000,
  "r": 1e-05,
  "mu": [
    1e-07,
    4.413793103448276e-07,
    7.827586206896552e-07,
    1.1241379310344827e-06,
    1.4655172413793102e-06,
    1.8068965517241377e-06,
    2.1482758620689656e-06,
    2.489655172413793e-06,
    2.8310344827586205e-06,
    3.172413793103448e-06,
    3.5137931034482755e-06,
    3.5137931034482755e-06,
    3.855172413793104e-06,
    3.855172413793104e-06,
    4.196551724137931e-06,
    4.196551724137931e-06,
    4.537931034482759e-06,
    4.537931034482759e-06,
    4.879310344827586e-06,
    4.879310344827586e-06,
    5.220689655172414e-06,
    5.220689655172414e-06,
    5.562068965517241e-06,
    5.562068965517241e-06,
    5.903448275862069e-06,
    5.903448275862069e-06,
    6.244827586206896e-06,
    6.244827586206896e-06,
    6.5862068965517236e-06,
    6.5862068965517236e-06,
    6.927586206896551e-06,
    6.927586206896551e-06,
    7.268965517241379e-06,
    7.268965517241379e-06,
    7.610344827586207e-06,
    7.610344827586207e-06,
    7.951724137931034e-06,
    7.951724137931034e-06,
    8.293103448275863e-06,
    8.293103448275863e-06,
    8.634482758620691e-06,
    8.634482758620691e-06,
    8.975862068965518e-06,
    8.975862068965518e-06,
    9.317241379310346e-06,
    9.317241379310346e-06,
    9.658620689655173e-06,
    9.658620689655173e-06,
    1e-05,
    1e-05
  ],
  "samples": 500,
  "sequence_length": 50000,
  "seeds": [
    373483216,
    515079419,
    804037571,
    1922422081,
    79317798,
    1402310231,
    1670237385,
    1000979427,
    231022913,
    1603173188,
    64802386,
    1201827504,
    400283226,
    1423680515,
    1164301524,
    749742432,
    1361558547,
    1316301475,
    1762643268,
    141129613,
    420707945,
    1174364578,
    100048468,
    322461406,
    576312176,
    1953565243,
    1953452468,
    1063611341,
    1044697965,
    1424470973,
    1957717696,
    2135851064,
    755897908,
    2031815643,
    109605647,
    1943044877,
    481006332,
    2105194705,
    2117356640,
    1897424920,
    1012275585,
    1103143291,
    457077258,
    1781821865,
    1004624400,
    1565780876,
    159514540,
    1215883397,
    207905470,
    166084634
  ]
}