{
  "mode": "branch",
  "rep": 636,
  "ne": 10000,
  "r": [
    1e-08,
    1e-08,
    1.820689655172414e-07,
    1.820689655172414e-07,
    3.541379310344828e-07,
    3.541379310344828e-07,
    5.262068965517242e-07,
    5.262068965517242e-07,
    6.982758620689656e-07,
    6.982758620689656e-07,
    8.70344827586207e-07,
    8.70344827586207e-07,
    1.0424137931034483e-06,
    1.0424137931034483e-06,
    1.2144827586206895e-06,
    1.2144827586206895e-06,
    1.386551724137931e-06,
    1.386551724137931e-06,
    1.5586206896551725e-06,
    1.5586206896551725e-06,
    1.7306896551724138e-06,
    1.7306896551724138e-06,
    1.9027586206896551e-06,
    1.9027586206896551e-06,
    2.0748275862068966e-06,
    2.0748275862068966e-06,
    2.246896551724138e-06,
    2.246896551724138e-06,
    2.418965517241379e-06,
    2.418965517241379e-06,
    2.5910344827586207e-06,
    2.5910344827586207e-06,
    2.763103448275862e-06,
    2.763103448275862e-06,
    2.9351724137931037e-06,
    2.9351724137931037e-06,
    3.107241379310345e-06,
    3.107241379310345e-06,
    3.2793103448275863e-06,
    3.2793103448275863e-06,
    3.4513793103448278e-06,
    3.6234482758620693e-06,
    3.7955172413793103e-06,
    3.967586206896552e-06,
    4.139655172413793e-06,
    4.311724137931034e-06,
    4.483793103448276e-06,
    4.655862068965517e-06,
    4.8279310344827585e-06,
    5e-06
  ],
  "mu": 0,
  "samples": 250,
  "sequence_length": 1000,
  "seeds": [
    355034408,
    1947066463,
    1672192127,
    696440513,
    1811267455,
    1667184409,
    1010515361,
    1113516233,
    1494643409,
    350154653,
    306898267,
    612668565,
    1515378072,
    1393689614,
    1809700021,
    1928582435,
    1822174127,
    1819093473,
    1476322630,
    1706599139,
    1623241771,
    1603892956,
    2146684017,
    1194679433,
    598511863,
    734969479,
    1128072400,
    1546662081,
    474746932,
    1398712363,
    752318202,
    1307193940,
    236277965,
    824572813,
    137017663,
    893234034,
    1436905173,
    1423081029,
    2070517587,
    929126784,
    1652160886,
    645068044,
    452417620,
    735500315,
    1148141393,
    825737113,
    1128813009,
    996692148,
    1912215170,
    16895852
  ]
}