{
  "mode": "site",
  "rep": 385,
  "ne": 10000,
  "r": 1e-05,
  "mu": [
    1e-07,
    1e-07,
    4.413793103448276e-07,
    4.413793103448276e-07,
    7.827586206896552e-07,
    7.827586206896552e-07,
    1.1241379310344827e-06,
    1.1241379310344827e-06,
    1.4655172413793102e-06,
    1.4655172413793102e-06,
    1.8068965517241377e-06,
    1.8068965517241377e-06,
    2.1482758620689656e-06,
    2.1482758620689656e-06,
    2.489655172413793e-06,
    2.489655172413793e-06,
    2.8310344827586205e-06,
    2.8310344827586205e-06,
    3.172413793103448e-06,
    3.172413793103448e-06,
    3.5137931034482755e-06,
    3.855172413793104e-06,
    4.196551724137931e-06,
    4.537931034482759e-06,
    4.879310344827586e-06,
    5.220689655172414e-06,
    5.562068965517241e-06,
    5.903448275862069e-06,
    6.244827586206896e-06,
    6.5862068965517236e-06,
    6.927586206896551e-06,
    6.927586206896551e-06,
    7.268965517241379e-06,
    7.268965517241379e-06,
    7.610344827586207e-06,
    7.610344827586207e-06,
    7.951724137931034e-06,
    7.951724137931034e-06,
    8.293103448275863e-06,
    8.293103448275863e-06,
    8.634482758620691e-06,
    8.634482758620691e-06,
    8.975862068965518e-06,
    8.975862068965518e-06,
    9.317241379310346e-06,
    9.317241379310346e-06,
    9.658620689655173e-06,
    9.658620689655173e-06,
    1e-05,
    1e-05
  ],
  "samples": 500,
  "sequence_length": 50000,
  "seeds": [
    1097378269,
    545242039,
    677291479,
    705231854,
    935362328,
    1607806615,
    1661849900,
    1592317262,
    105177277,
    1399330717,
    303249223,
    71225847,
    1599825219,
    1397951090,
    1146789307,
    816973584,
    1045037264,
    1563916821,
    1661106445,
    1930609741,
    1200607528,
    1258140467,
    381879093,
    1948575428,
    856627536,
    580809803,
    1339082130,
    26640489,
    251496031,
    1270704746,
    678571132,
    1525605269,
    1138197066,
    1228559169,
    1031925243,
    1557153106,
    1990562694,
    1759761420,
    865959836,
    577372890,
    1856203987,
    856136714,
    407905397,
    1933574889,
    397479735,
    5170492,
    1199982886,
    1216783862,
    1049451273,
    1069999043
  ]
}