{
  "mode": "site",
  "rep": 33,
  "ne": 10000,
  "r": 1e-05,
  "mu": [
    1e-07,
    1e-07,
    4.413793103448276e-07,
    4.413793103448276e-07,
    7.827586206896552e-07,
    7.827586206896552e-07,
    1.1241379310344827e-06,
    1.1241379310344827e-06,
    1.4655172413793102e-06,
    1.4655172413793102e-06,
    1.8068965517241377e-06,
    1.8068965517241377e-06,
    2.1482758620689656e-06,
    2.1482758620689656e-06,
    2.489655172413793e-06,
    2.489655172413793e-06,
    2.8310344827586205e-06,
    2.8310344827586205e-06,
    3.172413793103448e-06,
    3.172413793103448e-06,
    3.5137931034482755e-06,
    3.5137931034482755e-06,
    3.855172413793104e-06,
    3.855172413793104e-06,
    4.196551724137931e-06,
    4.196551724137931e-06,
    4.537931034482759e-06,
    4.537931034482759e-06,
    4.879310344827586e-06,
    4.879310344827586e-06,
    5.220689655172414e-06,
    5.220689655172414e-06,
    5.562068965517241e-06,
    5.562068965517241e-06,
    5.903448275862069e-06,
    5.903448275862069e-06,
    6.244827586206896e-06,
    6.244827586206896e-06,
    6.5862068965517236e-06,
    6.5862068965517236e-06,
    6.927586206896551e-06,
    7.268965517241379e-06,
    7.610344827586207e-06,
    7.951724137931034e-06,
    8.293103448275863e-06,
    8.634482758620691e-06,
    8.975862068965518e-06,
    9.317241379310346e-06,
    9.658620689655173e-06,
    1e-05
  ],
  "samples": 500,
  "sequence_length": 50000,
  "seeds": [
    575231391,
    773263354,
    1293819343,
    139131150,
    1826874408,
    165624977,
    359664188,
    114959368,
    1165774281,
    1177560374,
    372944839,
    1525710447,
    445114830,
    1801271552,
    639331696,
    1629408279,
    1277282597,
    968652617,
    1208255884,
    2095460321,
    1453301626,
    1480335587,
    1726030775,
    1356419398,
    669620049,
    587127166,
    1764357549,
    2035063379,
    1764084352,
    1127419137,
    1430541117,
    435962923,
    1636240117,
    197446787,
    1490494516,
    752436380,
    1922590972,
    379066426,
    1896928827,
    595941167,
    870150519,
    1538948721,
    1584809493,
    875837844,
    1997537115,
    1055802352,
    1363262863,
    702640452,
    1461393089,
    2079776390
  ]
}