{
  "mode": "branch",
  "rep": 887,
  "ne": 10000,
  "r": [
    1e-08,
    1.820689655172414e-07,
    3.541379310344828e-07,
    5.262068965517242e-07,
    6.982758620689656e-07,
    8.70344827586207e-07,
    1.0424137931034483e-06,
    1.2144827586206895e-06,
    1.386551724137931e-06,
    1.5586206896551725e-06,
    1.7306896551724138e-06,
    1.7306896551724138e-06,
    1.9027586206896551e-06,
    1.9027586206896551e-06,
    2.0748275862068966e-06,
    2.0748275862068966e-06,
    2.246896551724138e-06,
    2.246896551724138e-06,
    2.418965517241379e-06,
    2.418965517241379e-06,
    2.5910344827586207e-06,
    2.5910344827586207e-06,
    2.763103448275862e-06,
    2.763103448275862e-06,
    2.9351724137931037e-06,
    2.9351724137931037e-06,
    3.107241379310345e-06,
    3.107241379310345e-06,
    3.2793103448275863e-06,
    3.2793103448275863e-06,
    3.4513793103448278e-06,
    3.4513793103448278e-06,
    3.6234482758620693e-06,
    3.6234482758620693e-06,
    3.7955172413793103e-06,
    3.7955172413793103e-06,
    3.967586206896552e-06,
    3.967586206896552e-06,
    4.139655172413793e-06,
    4.139655172413793e-06,
    4.311724137931034e-06,
    4.311724137931034e-06,
    4.483793103448276e-06,
    4.483793103448276e-06,
    4.655862068965517e-06,
    4.655862068965517e-06,
    4.8279310344827585e-06,
    4.8279310344827585e-06,
    5e-06,
    5e-06
  ],
  "mu": 0,
  "samples": 250,
  "sequence_length": 1000,
  "seeds": [
    1915454668,
    724400824,
    925448484,
    661116007,
    1373432234,
    971205747,
    216546769,
    1023462489,
    362991930,
    2126404943,
    1799780441,
    1163028643,
    774252273,
    1566513811,
    430571941,
    385942602,
    392506138,
    1658373535,
    89428180,
    1918060464,
    1156226936,
    601263086,
    360181205,
    1626412073,
    890128552,
    669028991,
    1010650476,
    553000180,
    731097474,
    205024106,
    1871329827,
    247441352,
    1922141510,
    1360320062,
    648166316,
    1316634993,
    1864615828,
    780626823,
    766155693,
    1359096373,
    1121890511,
    682756042,
    286288411,
    1902302881,
    904276622,
    153671810,
    1664107458,
    1137214563,
    2096291008,
    1161266045
  ]
}