{
  "mode": "site",
  "rep": 549,
  "ne": 10000,
  "r": 1e-05,
  "mu": [
    1e-07,
    1e-07,
    4.413793103448276e-07,
    4.413793103448276e-07,
    7.827586206896552e-07,
    7.827586206896552e-07,
    1.1241379310344827e-06,
    1.1241379310344827e-06,
    1.4655172413793102e-06,
    1.4655172413793102e-06,
    1.8068965517241377e-06,
    1.8068965517241377e-06,
    2.1482758620689656e-06,
    2.1482758620689656e-06,
    2.489655172413793e-06,
    2.489655172413793e-06,
    2.8310344827586205e-06,
    2.8310344827586205e-06,
    3.172413793103448e-06,
    3.172413793103448e-06,
    3.5137931034482755e-06,
    3.5137931034482755e-06,
    3.855172413793104e-06,
    3.855172413793104e-06,
    4.196551724137931e-06,
    4.196551724137931e-06,
    4.537931034482759e-06,
    4.537931034482759e-06,
    4.879310344827586e-06,
    4.879310344827586e-06,
    5.220689655172414e-06,
    5.220689655172414e-06,
    5.562068965517241e-06,
    5.562068965517241e-06,
    5.903448275862069e-06,
    5.903448275862069e-06,
    6.244827586206896e-06,
    6.244827586206896e-06,
    6.5862068965517236e-06,
    6.5862068965517236e-06,
    6.927586206896551e-06,
    7.268965517241379e-06,
    7.610344827586207e-06,
    7.951724137931034e-06,
    8.293103448275863e-06,
    8.634482758620691e-06,
    8.975862068965518e-06,
    9.317241379310346e-06,
    9.658620689655173e-06,
    1e-05
  ],
  "samples": 500,
  "sequence_length": 10000,
  "seeds": [
    1192908999,
    1850847165,
    1133219054,
    92664479,
    1168690668,
    344388159,
    1189210576,
    419017759,
    484569322,
    1330964065,
    508405213,
    2059023187,
    1948125647,
    297222157,
    126076070,
    71776172,
    1168704066,
    1780418800,
    1220052674,
    372995083,
    1788720718,
    2023020083,
    782526724,
    466387817,
    1861453322,
    1999989846,
    937612660,
    1456772852,
    491466302,
    1300340248,
    1590078518,
    1722224913,
    1844007624,
    1523274705,
    1208551628,
    690562207,
    1993541753,
    1285954200,
    191960785,
    18249946,
    1049495663,
    208129188,
    1183908777,
    534777724,
    953592484,
    1060719063,
    323011860,
    1145500398,
    425927353,
    939426397
  ]
}