{
  "mode": "branch",
  "rep": 850,
  "ne": 10000,
  "r": [
    1e-08,
    1e-08,
    1.820689655172414e-07,
    1.820689655172414e-07,
    3.541379310344828e-07,
    3.541379310344828e-07,
    5.262068965517242e-07,
    5.262068965517242e-07,
    6.982758620689656e-07,
    6.982758620689656e-07,
    8.70344827586207e-07,
    8.70344827586207e-07,
    1.0424137931034483e-06,
    1.0424137931034483e-06,
    1.2144827586206895e-06,
    1.2144827586206895e-06,
    1.386551724137931e-06,
    1.386551724137931e-06,
    1.5586206896551725e-06,
    1.5586206896551725e-06,
    1.7306896551724138e-06,
    1.9027586206896551e-06,
    2.0748275862068966e-06,
    2.246896551724138e-06,
    2.418965517241379e-06,
    2.5910344827586207e-06,
    2.763103448275862e-06,
    2.9351724137931037e-06,
    3.107241379310345e-06,
    3.2793103448275863e-06,
    3.4513793103448278e-06,
    3.4513793103448278e-06,
    3.6234482758620693e-06,
    3.6234482758620693e-06,
    3.7955172413793103e-06,
    3.7955172413793103e-06,
    3.967586206896552e-06,
    3.967586206896552e-06,
    4.139655172413793e-06,
    4.139655172413793e-06,
    4.311724137931034e-06,
    4.311724137931034e-06,
    4.483793103448276e-06,
    4.483793103448276e-06,
    4.655862068965517e-06,
    4.655862068965517e-06,
    4.8279310344827585e-06,
    4.8279310344827585e-06,
    5e-06,
    5e-06
  ],
  "mu": 0,
  "samples": 250,
  "sequence_length": 1000,
  "seeds": [
    1095425272,
    305503519,
    1575673175,
    2028169734,
    1517179001,
    1015011682,
    1046885017,
    1765135505,
    1342121083,
    2030845441,
    1352457459,
    1174934834,
    675080258,
    1326511164,
    1808309064,
    79043926,
    549826709,
    88060702,
    1575300591,
    889335682,
    1432392480,
    1667044608,
    1570414490,
    85752790,
    510735184,
    1407751281,
    754458305,
    245798898,
    357648923,
    1096002201,
    741367311,
    126187622,
    1569403445,
    1787464651,
    1102900541,
    787594409,
    264144955,
    1023325910,
    1254849754,
    652151282,
    1537591531,
    1588000260,
    875795501,
    942025042,
    1753804222,
    1106196971,
    2066787701,
    1139403024,
    664691427,
    1501247138
  ]
}