{
  "mode": "branch",
  "rep": 895,
  "ne": 10000,
  "r": [
    1e-08,
    1e-08,
    1.820689655172414e-07,
    1.820689655172414e-07,
    3.541379310344828e-07,
    3.541379310344828e-07,
    5.262068965517242e-07,
    5.262068965517242e-07,
    6.982758620689656e-07,
    6.982758620689656e-07,
    8.70344827586207e-07,
    8.70344827586207e-07,
    1.0424137931034483e-06,
    1.0424137931034483e-06,
    1.2144827586206895e-06,
    1.2144827586206895e-06,
    1.386551724137931e-06,
    1.386551724137931e-06,
    1.5586206896551725e-06,
    1.5586206896551725e-06,
    1.7306896551724138e-06,
    1.9027586206896551e-06,
    2.0748275862068966e-06,
    2.246896551724138e-06,
    2.418965517241379e-06,
    2.5910344827586207e-06,
    2.763103448275862e-06,
    2.9351724137931037e-06,
    3.107241379310345e-06,
    3.2793103448275863e-06,
    3.4513793103448278e-06,
    3.4513793103448278e-06,
    3.6234482758620693e-06,
    3.6234482758620693e-06,
    3.7955172413793103e-06,
    3.7955172413793103e-06,
    3.967586206896552e-06,
    3.967586206896552e-06,
    4.139655172413793e-06,
    4.139655172413793e-06,
    4.311724137931034e-06,
    4.311724137931034e-06,
    4.483793103448276e-06,
    4.483793103448276e-06,
    4.655862068965517e-06,
    4.655862068965517e-06,
    4.8279310344827585e-06,
    4.8279310344827585e-06,
    5e-06,
    5e-06
  ],
  "mu": 0,
  "samples": 250,
  "sequence_length": 1000,
  "seeds": [
    1072160333,
    605463008,
    2084396497,
    21684342,
    2004432370,
    2021181602,
    884536305,
    978074393,
    183759211,
    1366379773,
    2004459380,
    219956416,
    1335169088,
    624352611,
    915553574,
    691992016,
    142987684,
    1567135090,
    1359008040,
    344164523,
    1102881750,
    1288926577,
    376693986,
    897430781,
    1219495542,
    1744646149,
    2112665006,
    139674942,
    131325336,
    759310685,
    1943795441,
    1464952886,
    1041985757,
    927494958,
    2051467253,
    1952800349,
    145832315,
    1404240060,
    1026913596,
    1720223925,
    1441426706,
    1854962052,
    1341573057,
    426239908,
    1498158355,
    1783081416,
    1181640948,
    591725637,
    551594913,
    317502419
  ]
}