{
  "mode": "site",
  "rep": 507,
  "ne": 10000,
  "r": 1e-05,
  "mu": [
    1e-07,
    1e-07,
    4.413793103448276e-07,
    4.413793103448276e-07,
    7.827586206896552e-07,
    7.827586206896552e-07,
    1.1241379310344827e-06,
    1.1241379310344827e-06,
    1.4655172413793102e-06,
    1.4655172413793102e-06,
    1.8068965517241377e-06,
    1.8068965517241377e-06,
    2.1482758620689656e-06,
    2.1482758620689656e-06,
    2.489655172413793e-06,
    2.489655172413793e-06,
    2.8310344827586205e-06,
    2.8310344827586205e-06,
    3.172413793103448e-06,
    3.172413793103448e-06,
    3.5137931034482755e-06,
    3.5137931034482755e-06,
    3.855172413793104e-06,
    3.855172413793104e-06,
    4.196551724137931e-06,
    4.196551724137931e-06,
    4.537931034482759e-06,
    4.537931034482759e-06,
    4.879310344827586e-06,
    4.879310344827586e-06,
    5.220689655172414e-06,
    5.220689655172414e-06,
    5.562068965517241e-06,
    5.562068965517241e-06,
    5.903448275862069e-06,
    5.903448275862069e-06,
    6.244827586206896e-06,
    6.244827586206896e-06,
    6.5862068965517236e-06,
    6.5862068965517236e-06,
    6.927586206896551e-06,
    7.268965517241379e-06,
    7.610344827586207e-06,
    7.951724137931034e-06,
    8.293103448275863e-06,
    8.634482758620691e-06,
    8.975862068965518e-06,
    9.317241379310346e-06,
    9.658620689655173e-06,
    1e-05
  ],
  "samples": 500,
  "sequence_length": 10000,
  "seeds": [
    1752499064,
    27525211,
    1600316724,
    1726722199,
    1375608690,
    896847481,
    1883770360,
    2073343812,
    124443438,
    450402960,
    491800651,
    211485136,
    2000004774,
    1767184845,
    2113833091,
    288900356,
    1603080766,
    661542891,
    254449220,
    1794790271,
    780592579,
    492226731,
    409562022,
    443957666,
    1731569352,
    672916731,
    1941082356,
    909314961,
    1608568012,
    1541169744,
    2075617609,
    307011422,
    860722477,
    927355465,
    1924823799,
    1280440661,
    1410936314,
    1414659762,
    1524611805,
    375188864,
    1591094356,
    479836179,
    1490712373,
    1621111539,
    1525844401,
    1125998400,
    2008928449,
    1502393004,
    1616989295,
    990927530
  ]
}