{
  "mode": "branch",
  "rep": 693,
  "ne": 10000,
  "r": [
    1e-08,
    1e-08,
    1.820689655172414e-07,
    1.820689655172414e-07,
    3.541379310344828e-07,
    3.541379310344828e-07,
    5.262068965517242e-07,
    5.262068965517242e-07,
    6.982758620689656e-07,
    6.982758620689656e-07,
    8.70344827586207e-07,
    8.70344827586207e-07,
    1.0424137931034483e-06,
    1.0424137931034483e-06,
    1.2144827586206895e-06,
    1.2144827586206895e-06,
    1.386551724137931e-06,
    1.386551724137931e-06,
    1.5586206896551725e-06,
    1.5586206896551725e-06,
    1.7306896551724138e-06,
    1.7306896551724138e-06,
    1.9027586206896551e-06,
    1.9027586206896551e-06,
    2.0748275862068966e-06,
    2.0748275862068966e-06,
    2.246896551724138e-06,
    2.246896551724138e-06,
    2.418965517241379e-06,
    2.418965517241379e-06,
    2.5910344827586207e-06,
    2.5910344827586207e-06,
    2.763103448275862e-06,
    2.763103448275862e-06,
    2.9351724137931037e-06,
    2.9351724137931037e-06,
    3.107241379310345e-06,
    3.107241379310345e-06,
    3.2793103448275863e-06,
    3.2793103448275863e-06,
    3.4513793103448278e-06,
    3.6234482758620693e-06,
    3.7955172413793103e-06,
    3.967586206896552e-06,
    4.139655172413793e-06,
    4.311724137931034e-06,
    4.483793103448276e-06,
    4.655862068965517e-06,
    4.8279310344827585e-06,
    5e-06
  ],
  "mu": 0,
  "samples": 250,
  "sequence_length": 1000,
  "seeds": [
    2076673855,
    1094673481,
    15545129,
    570952604,
    28415993,
    309514536,
    98460450,
    1470334475,
    1102503011,
    1288919540,
    874214145,
    1037394433,
    998188677,
    748401496,
    1715786219,
    127211935,
    237739449,
    634484292,
    586935175,
    921752772,
    1750644343,
    1369371819,
    1371826157,
    733823560,
    2103023336,
    1502906422,
    1509473262,
    155183882,
    930278890,
    995574571,
    599417997,
    2101939437,
    1764114613,
    145904126,
    2126368839,
    2069472824,
    1990485859,
    1063822708,
    2147474147,
    2043673495,
    1218187187,
    1742241291,
    2018026574,
    4360248,
    204077391,
    85487452,
    214649937,
    1918544870,
    2139444605,
    1708637288
  ]
}