{
  "mode": "branch",
  "rep": 929,
  "ne": 10000,
  "r": [
    1e-08,
    1.820689655172414e-07,
    3.541379310344828e-07,
    5.262068965517242e-07,
    6.982758620689656e-07,
    8.70344827586207e-07,
    1.0424137931034483e-06,
    1.2144827586206895e-06,
    1.386551724137931e-06,
    1.5586206896551725e-06,
    1.7306896551724138e-06,
    1.7306896551724138e-06,
    1.9027586206896551e-06,
    1.9027586206896551e-06,
    2.0748275862068966e-06,
    2.0748275862068966e-06,
    2.246896551724138e-06,
    2.246896551724138e-06,
    2.418965517241379e-06,
    2.418965517241379e-06,
    2.5910344827586207e-06,
    2.5910344827586207e-06,
    2.763103448275862e-06,
    2.763103448275862e-06,
    2.9351724137931037e-06,
    2.9351724137931037e-06,
    3.107241379310345e-06,
    3.107241379310345e-06,
    3.2793103448275863e-06,
    3.2793103448275863e-06,
    3.4513793103448278e-06,
    3.4513793103448278e-06,
    3.6234482758620693e-06,
    3.6234482758620693e-06,
    3.7955172413793103e-06,
    3.7955172413793103e-06,
    3.967586206896552e-06,
    3.967586206896552e-06,
    4.139655172413793e-06,
    4.139655172413793e-06,
    4.311724137931034e-06,
    4.311724137931034e-06,
    4.483793103448276e-06,
    4.483793103448276e-06,
    4.655862068965517e-06,
    4.655862068965517e-06,
    4.8279310344827585e-06,
    4.8279310344827585e-06,
    5e-06,
    5e-06
  ],
  "mu": 0,
  "samples": 250,
  "sequence_length": 1000,
  "seeds": [
    1463682922,
    302151313,
    1820250259,
    607507537,
    1891337121,
    921937573,
    1483924164,
    1729766178,
    1062955975,
    1731253321,
    230668674,
    173151055,
    972274639,
    1388155886,
    514925516,
    710688169,
    1452756811,
    1944925319,
    1239475836,
    1918133704,
    1971173999,
    483649319,
    194585619,
    1266842954,
    648701645,
    229777472,
    884269878,
    175591910,
    1789442659,
    1322316622,
    702438273,
    1189440677,
    1723977043,
    1789167812,
    771146189,
    995691958,
    1432180507,
    258541424,
    1318400830,
    2100201544,
    1198384184,
    799734697,
    65779646,
    681220970,
    853426916,
    1550201599,
    1070423431,
    1452969967,
    359367365,
    1835639543
  ]
}