{
  "mode": "branch",
  "rep": 653,
  "ne": 10000,
  "r": [
    1e-08,
    1.820689655172414e-07,
    3.541379310344828e-07,
    5.262068965517242e-07,
    6.982758620689656e-07,
    8.70344827586207e-07,
    1.0424137931034483e-06,
    1.2144827586206895e-06,
    1.386551724137931e-06,
    1.5586206896551725e-06,
    1.7306896551724138e-06,
    1.7306896551724138e-06,
    1.9027586206896551e-06,
    1.9027586206896551e-06,
    2.0748275862068966e-06,
    2.0748275862068966e-06,
    2.246896551724138e-06,
    2.246896551724138e-06,
    2.418965517241379e-06,
    2.418965517241379e-06,
    2.5910344827586207e-06,
    2.5910344827586207e-06,
    2.763103448275862e-06,
    2.763103448275862e-06,
    2.9351724137931037e-06,
    2.9351724137931037e-06,
    3.107241379310345e-06,
    3.107241379310345e-06,
    3.2793103448275863e-06,
    3.2793103448275863e-06,
    3.4513793103448278e-06,
    3.4513793103448278e-06,
    3.6234482758620693e-06,
    3.6234482758620693e-06,
    3.7955172413793103e-06,
    3.7955172413793103e-06,
    3.967586206896552e-06,
    3.967586206896552e-06,
    4.139655172413793e-06,
    4.139655172413793e-06,
    4.311724137931034e-06,
    4.311724137931034e-06,
    4.483793103448276e-06,
    4.483793103448276e-06,
    4.655862068965517e-06,
    4.655862068965517e-06,
    4.8279310344827585e-06,
    4.8279310344827585e-06,
    5e-06,
    5e-06
  ],
  "mu": 0,
  "samples": 250,
  "sequence_length": 1000,
  "seeds": [
    1585006805,
    90539485,
    473634304,
    1024714124,
    1981305330,
    176725735,
    2090832250,
    1185672752,
    717204642,
    1881314901,
    242628640,
    1879844477,
    1263855204,
    1884004046,
    1318693972,
    541385253,
    831605633,
    1844644176,
    1501730451,
    1335335508,
    1303922233,
    1335001709,
    611836946,
    1939999323,
    613295391,
    1228644825,
    57080168,
    1499294404,
    798759567,
    243711343,
    966753803,
    1446039386,
    340854218,
    1115135013,
    216482746,
    623361328,
    1645708037,
    673023879,
    472671650,
    296629122,
    1783075549,
    1002322153,
    1875918663,
    68265158,
    1209662196,
    1478505262,
    1067021577,
    624705561,
    1875971571,
    448994852
  ]
}