{
  "mode": "site",
  "rep": 374,
  "ne": 10000,
  "r": 1e-05,
  "mu": [
    1e-07,
    4.413793103448276e-07,
    7.827586206896552e-07,
    1.1241379310344827e-06,
    1.4655172413793102e-06,
    1.8068965517241377e-06,
    2.1482758620689656e-06,
    2.489655172413793e-06,
    2.8310344827586205e-06,
    3.172413793103448e-06,
    3.5137931034482755e-06,
    3.5137931034482755e-06,
    3.855172413793104e-06,
    3.855172413793104e-06,
    4.196551724137931e-06,
    4.196551724137931e-06,
    4.537931034482759e-06,
    4.537931034482759e-06,
    4.879310344827586e-06,
    4.879310344827586e-06,
    5.220689655172414e-06,
    5.220689655172414e-06,
    5.562068965517241e-06,
    5.562068965517241e-06,
    5.903448275862069e-06,
    5.903448275862069e-06,
    6.244827586206896e-06,
    6.244827586206896e-06,
    6.5862068965517236e-06,
    6.5862068965517236e-06,
    6.927586206896551e-06,
    6.927586206896551e-06,
    7.268965517241379e-06,
    7.268965517241379e-06,
    7.610344827586207e-06,
    7.610344827586207e-06,
    7.951724137931034e-06,
    7.951724137931034e-06,
    8.293103448275863e-06,
    8.293103448275863e-06,
    8.634482758620691e-06,
    8.634482758620691e-06,
    8.975862068965518e-06,
    8.975862068965518e-06,
    9.317241379310346e-06,
    9.317241379310346e-06,
    9.658620689655173e-06,
    9.658620689655173e-06,
    1e-05,
    1e-05
  ],
  "samples": 500,
  "sequence_length": 10000,
  "seeds": [
    1123197998,
    556392501,
    1276580810,
    256206994,
    1682168583,
    2031316042,
    386943474,
    1531878506,
    195037805,
    962729524,
    596762376,
    1528877407,
    922368343,
    1735177286,
    883283949,
    301110054,
    335640748,
    85318690,
    1593372539,
    833352286,
    1377348303,
    1644553276,
    628233287,
    585172386,
    988841322,
    1884310126,
    1848704318,
    644042322,
    1809993087,
    1848754993,
    1896462224,
    498142564,
    293117547,
    1002491582,
    1410783438,
    530063118,
    104802823,
    1070628379,
    435082181,
    1538192609,
    21381069,
    2038474238,
    1285760385,
    1114273752,
    1062739978,
    1437362851,
    1586782132,
    2023208120,
    313432714,
    640352719
  ]
}