{
  "mode": "site",
  "rep": 104,
  "ne": 10000,
  "r": 1e-05,
  "mu": [
    1e-07,
    4.413793103448276e-07,
    7.827586206896552e-07,
    1.1241379310344827e-06,
    1.4655172413793102e-06,
    1.8068965517241377e-06,
    2.1482758620689656e-06,
    2.489655172413793e-06,
    2.8310344827586205e-06,
    3.172413793103448e-06,
    3.5137931034482755e-06,
    3.5137931034482755e-06,
    3.855172413793104e-06,
    3.855172413793104e-06,
    4.196551724137931e-06,
    4.196551724137931e-06,
    4.537931034482759e-06,
    4.537931034482759e-06,
    4.879310344827586e-06,
    4.879310344827586e-06,
    5.220689655172414e-06,
    5.220689655172414e-06,
    5.562068965517241e-06,
    5.562068965517241e-06,
    5.903448275862069e-06,
    5.903448275862069e-06,
    6.244827586206896e-06,
    6.244827586206896e-06,
    6.5862068965517236e-06,
    6.5862068965517236e-06,
    6.927586206896551e-06,
    6.927586206896551e-06,
    7.268965517241379e-06,
    7.268965517241379e-06,
    7.610344827586207e-06,
    7.610344827586207e-06,
    7.951724137931034e-06,
    7.951724137931034e-06,
    8.293103448275863e-06,
    8.293103448275863e-06,
    8.634482758620691e-06,
    8.634482758620691e-06,
    8.975862068965518e-06,
    8.975862068965518e-06,
    9.317241379310346e-06,
    9.317241379310346e-06,
    9.658620689655173e-06,
    9.658620689655173e-06,
    1e-05,
    1e-05
  ],
  "samples": 500,
  "sequence_length": 50000,
  "seeds": [
    355164385,
    676312092,
    898587538,
    1609947213,
    1807644360,
    1802967242,
    832468953,
    791918359,
    1015885770,
    1103319838,
    1607755274,
    1340170168,
    197560196,
    871520436,
    1164944399,
    1585383302,
    2112585303,
    2084738266,
    455484471,
    347500274,
    139963203,
    1149304073,
    231170765,
    1591260219,
    460766853,
    1469231436,
    254446486,
    898118980,
    436204930,
    224537220,
    1560836246,
    1609711425,
    515547145,
    523252607,
    2004106216,
    41980033,
    649390324,
    1171832263,
    303025565,
    259965851,
    45115600,
    1928089733,
    44697810,
    501861857,
    2104500833,
    1294390407,
    1378145925,
    1917937595,
    1094350127,
    698202302
  ]
}