{
  "mode": "site",
  "rep": 287,
  "ne": 10000,
  "r": 1e-05,
  "mu": [
    1e-07,
    4.413793103448276e-07,
    7.827586206896552e-07,
    1.1241379310344827e-06,
    1.4655172413793102e-06,
    1.8068965517241377e-06,
    2.1482758620689656e-06,
    2.489655172413793e-06,
    2.8310344827586205e-06,
    3.172413793103448e-06,
    3.5137931034482755e-06,
    3.5137931034482755e-06,
    3.855172413793104e-06,
    3.855172413793104e-06,
    4.196551724137931e-06,
    4.196551724137931e-06,
    4.537931034482759e-06,
    4.537931034482759e-06,
    4.879310344827586e-06,
    4.879310344827586e-06,
    5.220689655172414e-06,
    5.220689655172414e-06,
    5.562068965517241e-06,
    5.562068965517241e-06,
    5.903448275862069e-06,
    5.903448275862069e-06,
    6.244827586206896e-06,
    6.244827586206896e-06,
    6.5862068965517236e-06,
    6.5862068965517236e-06,
    6.927586206896551e-06,
    6.927586206896551e-06,
    7.268965517241379e-06,
    7.268965517241379e-06,
    7.610344827586207e-06,
    7.610344827586207e-06,
    7.951724137931034e-06,
    7.951724137931034e-06,
    8.293103448275863e-06,
    8.293103448275863e-06,
    8.634482758620691e-06,
    8.634482758620691e-06,
    8.975862068965518e-06,
    8.975862068965518e-06,
    9.317241379310346e-06,
    9.317241379310346e-06,
    9.658620689655173e-06,
    9.658620689655173e-06,
    1e-05,
    1e-05
  ],
  "samples": 500,
  "sequence_length": 50000,
  "seeds": [
    1815503610,
    1255840864,
    1256222189,
    374048549,
    1142670571,
    1253215730,
    762388174,
    207354147,
    1974535963,
    1736888709,
    1431007640,
    480383771,
    1180867578,
    974505874,
    1551816869,
    487307169,
    1666020393,
    774408261,
    1272856913,
    1469291743,
    158903966,
    526572574,
    899886311,
    1967869320,
    732911828,
    2113689769,
    894856717,
    1208757705,
    1000993334,
    1429177259,
    190353202,
    1354569696,
    1851690491,
    369502639,
    1332078326,
    1852037548,
    1083417898,
    1810208456,
    992414715,
    1271999555,
    969522372,
    15271581,
    146700961,
    875458271,
    107896866,
    1501659702,
    801108886,
    656898008,
    149574633,
    2057700897
  ]
}