{
  "mode": "site",
  "rep": 345,
  "ne": 10000,
  "r": 1e-05,
  "mu": [
    1e-07,
    1e-07,
    4.413793103448276e-07,
    4.413793103448276e-07,
    7.827586206896552e-07,
    7.827586206896552e-07,
    1.1241379310344827e-06,
    1.1241379310344827e-06,
    1.4655172413793102e-06,
    1.4655172413793102e-06,
    1.8068965517241377e-06,
    1.8068965517241377e-06,
    2.1482758620689656e-06,
    2.1482758620689656e-06,
    2.489655172413793e-06,
    2.489655172413793e-06,
    2.8310344827586205e-06,
    2.8310344827586205e-06,
    3.172413793103448e-06,
    3.172413793103448e-06,
    3.5137931034482755e-06,
    3.5137931034482755e-06,
    3.855172413793104e-06,
    3.855172413793104e-06,
    4.196551724137931e-06,
    4.196551724137931e-06,
    4.537931034482759e-06,
    4.537931034482759e-06,
    4.879310344827586e-06,
    4.879310344827586e-06,
    5.220689655172414e-06,
    5.220689655172414e-06,
    5.562068965517241e-06,
    5.562068965517241e-06,
    5.903448275862069e-06,
    5.903448275862069e-06,
    6.244827586206896e-06,
    6.244827586206896e-06,
    6.5862068965517236e-06,
    6.5862068965517236e-06,
    6.927586206896551e-06,
    7.268965517241379e-06,
    7.610344827586207e-06,
    7.951724137931034e-06,
    8.293103448275863e-06,
    8.634482758620691e-06,
    8.975862068965518e-06,
    9.317241379310346e-06,
    9.658620689655173e-06,
    1e-05
  ],
  "samples": 500,
  "sequence_length": 10000,
  "seeds": [
    2099366093,
    1324112134,
    651739060,
    1391248269,
    1740459743,
    687012418,
    884427362,
    238432668,
    1734321176,
    549970913,
    1034736566,
    653478143,
    2018336016,
    648258183,
    672984740,
    2146845912,
    1771608785,
    938751421,
    2069060517,
    1546681211,
    1046659638,
    2143008585,
    228716724,
    269639910,
    879387405,
    203898466,
    1621820809,
    787423379,
    1407945880,
    1197605717,
    2117235518,
    1343799920,
    370758369,
    348113893,
    397987679,
    29015897,
    257286604,
    26949254,
    1994261767,
    1033164974,
    1264398408,
    904111209,
    1718401076,
    2018472019,
    1422268993,
    526243251,
    441667615,
    1648747548,
    649494329,
    2054197914
  ]
}