{
  "mode": "site",
  "rep": 266,
  "ne": 10000,
  "r": 1e-05,
  "mu": [
    1e-07,
    4.413793103448276e-07,
    7.827586206896552e-07,
    1.1241379310344827e-06,
    1.4655172413793102e-06,
    1.8068965517241377e-06,
    2.1482758620689656e-06,
    2.489655172413793e-06,
    2.8310344827586205e-06,
    3.172413793103448e-06,
    3.5137931034482755e-06,
    3.5137931034482755e-06,
    3.855172413793104e-06,
    3.855172413793104e-06,
    4.196551724137931e-06,
    4.196551724137931e-06,
    4.537931034482759e-06,
    4.537931034482759e-06,
    4.879310344827586e-06,
    4.879310344827586e-06,
    5.220689655172414e-06,
    5.220689655172414e-06,
    5.562068965517241e-06,
    5.562068965517241e-06,
    5.903448275862069e-06,
    5.903448275862069e-06,
    6.244827586206896e-06,
    6.244827586206896e-06,
    6.5862068965517236e-06,
    6.5862068965517236e-06,
    6.927586206896551e-06,
    6.927586206896551e-06,
    7.268965517241379e-06,
    7.268965517241379e-06,
    7.610344827586207e-06,
    7.610344827586207e-06,
    7.951724137931034e-06,
    7.951724137931034e-06,
    8.293103448275863e-06,
    8.293103448275863e-06,
    8.634482758620691e-06,
    8.634482758620691e-06,
    8.975862068965518e-06,
    8.975862068965518e-06,
    9.317241379310346e-06,
    9.317241379310346e-06,
    9.658620689655173e-06,
    9.658620689655173e-06,
    1e-05,
    1e-05
  ],
  "samples": 500,
  "sequence_length": 10000,
  "seeds": [
    145526572,
    1547214209,
    1000581166,
    858567914,
    1009293934,
    187073645,
    153848220,
    1315920172,
    1728961956,
    1069858804,
    1397771073,
    1910809960,
    294524110,
    420380363,
    625148049,
    531133409,
    1498574832,
    1806904708,
    746239148,
    11241948,
    1444420265,
    2030894043,
    548005739,
    1226356968,
    603388859,
    482912652,
    1218792138,
    1874885913,
    1256123258,
    1942720159,
    1300026530,
    1179657669,
    904093384,
    2024636127,
    105994402,
    1198393527,
    542643504,
    1165264463,
    1374903409,
    704607478,
    1799644129,
    1036440685,
    802612631,
    1236204047,
    1954723983,
    1379689412,
    69482424,
    1082517630,
    712876980,
    370906963
  ]
}