{
  "mode": "site",
  "rep": 568,
  "ne": 10000,
  "r": 1e-05,
  "mu": [
    1e-07,
    1e-07,
    4.413793103448276e-07,
    4.413793103448276e-07,
    7.827586206896552e-07,
    7.827586206896552e-07,
    1.1241379310344827e-06,
    1.1241379310344827e-06,
    1.4655172413793102e-06,
    1.4655172413793102e-06,
    1.8068965517241377e-06,
    1.8068965517241377e-06,
    2.1482758620689656e-06,
    2.1482758620689656e-06,
    2.489655172413793e-06,
    2.489655172413793e-06,
    2.8310344827586205e-06,
    2.8310344827586205e-06,
    3.172413793103448e-06,
    3.172413793103448e-06,
    3.5137931034482755e-06,
    3.855172413793104e-06,
    4.196551724137931e-06,
    4.537931034482759e-06,
    4.879310344827586e-06,
    5.220689655172414e-06,
    5.562068965517241e-06,
    5.903448275862069e-06,
    6.244827586206896e-06,
    6.5862068965517236e-06,
    6.927586206896551e-06,
    6.927586206896551e-06,
    7.268965517241379e-06,
    7.268965517241379e-06,
    7.610344827586207e-06,
    7.610344827586207e-06,
    7.951724137931034e-06,
    7.951724137931034e-06,
    8.293103448275863e-06,
    8.293103448275863e-06,
    8.634482758620691e-06,
    8.634482758620691e-06,
    8.975862068965518e-06,
    8.975862068965518e-06,
    9.317241379310346e-06,
    9.317241379310346e-06,
    9.658620689655173e-06,
    9.658620689655173e-06,
    1e-05,
    1e-05
  ],
  "samples": 500,
  "sequence_length": 10000,
  "seeds": [
    802806992,
    493029273,
    967187255,
    862130065,
    1801062014,
    300365121,
    981339441,
    1740605265,
    662988659,
    1049124667,
    1842792605,
    803183248,
    1795309749,
    1446517603,
    333438824,
    507127660,
    527630378,
    942978251,
    569423011,
    1656404503,
    56545494,
    1048126080,
    1862894258,
    2124352085,
    1445042165,
    2077242710,
    1374098971,
    296885637,
    306334901,
    1106699038,
    1250375382,
    1184448421,
    2073872798,
    1250818704,
    753607097,
    48321587,
    325537589,
    482499245,
    1397830576,
    797233619,
    1520439069,
    950735824,
    2080844781,
    556521474,
    1349251643,
    245000023,
    177656687,
    1537323565,
    1709947902,
    310749071
  ]
}