{
  "mode": "site",
  "rep": 226,
  "ne": 10000,
  "r": 1e-05,
  "mu": [
    1e-07,
    1e-07,
    4.413793103448276e-07,
    4.413793103448276e-07,
    7.827586206896552e-07,
    7.827586206896552e-07,
    1.1241379310344827e-06,
    1.1241379310344827e-06,
    1.4655172413793102e-06,
    1.4655172413793102e-06,
    1.8068965517241377e-06,
    1.8068965517241377e-06,
    2.1482758620689656e-06,
    2.1482758620689656e-06,
    2.489655172413793e-06,
    2.489655172413793e-06,
    2.8310344827586205e-06,
    2.8310344827586205e-06,
    3.172413793103448e-06,
    3.172413793103448e-06,
    3.5137931034482755e-06,
    3.855172413793104e-06,
    4.196551724137931e-06,
    4.537931034482759e-06,
    4.879310344827586e-06,
    5.220689655172414e-06,
    5.562068965517241e-06,
    5.903448275862069e-06,
    6.244827586206896e-06,
    6.5862068965517236e-06,
    6.927586206896551e-06,
    6.927586206896551e-06,
    7.268965517241379e-06,
    7.268965517241379e-06,
    7.610344827586207e-06,
    7.610344827586207e-06,
    7.951724137931034e-06,
    7.951724137931034e-06,
    8.293103448275863e-06,
    8.293103448275863e-06,
    8.634482758620691e-06,
    8.634482758620691e-06,
    8.975862068965518e-06,
    8.975862068965518e-06,
    9.317241379310346e-06,
    9.317241379310346e-06,
    9.658620689655173e-06,
    9.658620689655173e-06,
    1e-05,
    1e-05
  ],
  "samples": 500,
  "sequence_length": 10000,
  "seeds": [
    2107900540,
    1758890338,
    1012563804,
    1952185027,
    277807461,
    168176990,
    694775993,
    1344640390,
    916726841,
    1044355947,
    1848814688,
    1086426526,
    403895995,
    1642307398,
    1087871091,
    1394603432,
    1708266810,
    1117277307,
    1047063501,
    2118437684,
    373213360,
    133780946,
    176971668,
    483416048,
    1293241849,
    1522263366,
    1796181642,
    1207677157,
    229583213,
    374482079,
    224993462,
    278932770,
    1238325297,
    568833473,
    451082460,
    1422840707,
    457760745,
    1035690428,
    1074776348,
    557986690,
    1505622155,
    2110979712,
    1963469726,
    1709100998,
    1193672309,
    1327818440,
    639138511,
    1539387588,
    371845959,
    1752933212
  ]
}