{
  "mode": "branch",
  "rep": 1005,
  "ne": 10000,
  "r": [
    1e-08,
    1e-08,
    1.820689655172414e-07,
    1.820689655172414e-07,
    3.541379310344828e-07,
    3.541379310344828e-07,
    5.262068965517242e-07,
    5.262068965517242e-07,
    6.982758620689656e-07,
    6.982758620689656e-07,
    8.70344827586207e-07,
    8.70344827586207e-07,
    1.0424137931034483e-06,
    1.0424137931034483e-06,
    1.2144827586206895e-06,
    1.2144827586206895e-06,
    1.386551724137931e-06,
    1.386551724137931e-06,
    1.5586206896551725e-06,
    1.5586206896551725e-06,
    1.7306896551724138e-06,
    1.7306896551724138e-06,
    1.9027586206896551e-06,
    1.9027586206896551e-06,
    2.0748275862068966e-06,
    2.0748275862068966e-06,
    2.246896551724138e-06,
    2.246896551724138e-06,
    2.418965517241379e-06,
    2.418965517241379e-06,
    2.5910344827586207e-06,
    2.5910344827586207e-06,
    2.763103448275862e-06,
    2.763103448275862e-06,
    2.9351724137931037e-06,
    2.9351724137931037e-06,
    3.107241379310345e-06,
    3.107241379310345e-06,
    3.2793103448275863e-06,
    3.2793103448275863e-06,
    3.4513793103448278e-06,
    3.6234482758620693e-06,
    3.7955172413793103e-06,
    3.967586206896552e-06,
    4.139655172413793e-06,
    4.311724137931034e-06,
    4.483793103448276e-06,
    4.655862068965517e-06,
    4.8279310344827585e-06,
    5e-06
  ],
  "mu": 0,
  "samples": 250,
  "sequence_length": 1000,
  "seeds": [
    1079614433,
    1421140413,
    1014482857,
    596018140,
    474843635,
    493217683,
    300227230,
    2012380528,
    1702791034,
    693163405,
    1397762435,
    1443890275,
    1595184739,
    1709472431,
    947507523,
    492792119,
    659265012,
    1459351983,
    1086901589,
    259883947,
    87628154,
    464971371,
    1042717473,
    221509779,
    179960746,
    1636521883,
    1967387897,
    1066878815,
    1501378990,
    1937969965,
    1923408301,
    1327847563,
    1388669691,
    734756569,
    553979225,
    1773634192,
    2010414787,
    374173058,
    133850657,
    8721356,
    1135311379,
    1439568835,
    1777906748,
    1352072245,
    1053553784,
    1840561785,
    785613551,
    1748614010,
    1278431318,
    1373842254
  ]
}