{
  "mode": "branch",
  "rep": 643,
  "ne": 10000,
  "r": [
    1e-08,
    1e-08,
    1.820689655172414e-07,
    1.820689655172414e-07,
    3.541379310344828e-07,
    3.541379310344828e-07,
    5.262068965517242e-07,
    5.262068965517242e-07,
    6.982758620689656e-07,
    6.982758620689656e-07,
    8.70344827586207e-07,
    8.70344827586207e-07,
    1.0424137931034483e-06,
    1.0424137931034483e-06,
    1.2144827586206895e-06,
    1.2144827586206895e-06,
    1.386551724137931e-06,
    1.386551724137931e-06,
    1.5586206896551725e-06,
    1.5586206896551725e-06,
    1.7306896551724138e-06,
    1.9027586206896551e-06,
    2.0748275862068966e-06,
    2.246896551724138e-06,
    2.418965517241379e-06,
    2.5910344827586207e-06,
    2.763103448275862e-06,
    2.9351724137931037e-06,
    3.107241379310345e-06,
    3.2793103448275863e-06,
    3.4513793103448278e-06,
    3.4513793103448278e-06,
    3.6234482758620693e-06,
    3.6234482758620693e-06,
    3.7955172413793103e-06,
    3.7955172413793103e-06,
    3.967586206896552e-06,
    3.967586206896552e-06,
    4.139655172413793e-06,
    4.139655172413793e-06,
    4.311724137931034e-06,
    4.311724137931034e-06,
    4.483793103448276e-06,
    4.483793103448276e-06,
    4.655862068965517e-06,
    4.655862068965517e-06,
    4.8279310344827585e-06,
    4.8279310344827585e-06,
    5e-06,
    5e-06
  ],
  "mu": 0,
  "samples": 250,
  "sequence_length": 1000,
  "seeds": [
    1691145001,
    1198318402,
    2003390815,
    2016823884,
    2054287129,
    611359600,
    1217151376,
    1236284755,
    703008482,
    1198110610,
    1462613938,
    108498011,
    708422092,
    1106079879,
    647744085,
    760122639,
    1351990940,
    587965711,
    1718263799,
    1684713402,
    2002727777,
    2075597000,
    311783732,
    1241024625,
    697442501,
    233587775,
    675511196,
    1000376766,
    1328075196,
    1764340644,
    1512284891,
    1960586936,
    2018704766,
    1097765064,
    2080983040,
    337745264,
    799188,
    462270468,
    588417971,
    1411392797,
    1573809083,
    491691673,
    1381449308,
    1509592928,
    1872734409,
    2072088798,
    1310499862,
    1545785465,
    2064814441,
    449437275
  ]
}