{
  "mode": "site",
  "rep": 442,
  "ne": 10000,
  "r": 1e-05,
  "mu": [
    1e-07,
    1e-07,
    4.413793103448276e-07,
    4.413793103448276e-07,
    7.827586206896552e-07,
    7.827586206896552e-07,
    1.1241379310344827e-06,
    1.1241379310344827e-06,
    1.4655172413793102e-06,
    1.4655172413793102e-06,
    1.8068965517241377e-06,
    1.8068965517241377e-06,
    2.1482758620689656e-06,
    2.1482758620689656e-06,
    2.489655172413793e-06,
    2.489655172413793e-06,
    2.8310344827586205e-06,
    2.8310344827586205e-06,
    3.172413793103448e-06,
    3.172413793103448e-06,
    3.5137931034482755e-06,
    3.855172413793104e-06,
    4.196551724137931e-06,
    4.537931034482759e-06,
    4.879310344827586e-06,
    5.220689655172414e-06,
    5.562068965517241e-06,
    5.903448275862069e-06,
    6.244827586206896e-06,
    6.5862068965517236e-06,
    6.927586206896551e-06,
    6.927586206896551e-06,
    7.268965517241379e-06,
    7.268965517241379e-06,
    7.610344827586207e-06,
    7.610344827586207e-06,
    7.951724137931034e-06,
    7.951724137931034e-06,
    8.293103448275863e-06,
    8.293103448275863e-06,
    8.634482758620691e-06,
    8.634482758620691e-06,
    8.975862068965518e-06,
    8.975862068965518e-06,
    9.317241379310346e-06,
    9.317241379310346e-06,
    9.658620689655173e-06,
    9.658620689655173e-06,
    1e-05,
    1e-05
  ],
  "samples": 500,
  "sequence_length": 10000,
  "seeds": [
    1821500298,
    1405931933,
    1828423838,
    1738501359,
    1860072132,
    280212947,
    97234932,
    117497406,
    977124244,
    1820303615,
    2001121119,
    1837942627,
    469647981,
    1635345956,
    887331410,
    953747252,
    1277931385,
    1513557537,
    361816671,
    1755390647,
    656595335,
    1845061667,
    139387871,
    1708006847,
    628610404,
    350764525,
    641811906,
    1070650865,
    613949037,
    691492433,
    1805627191,
    1677145611,
    889767056,
    104719902,
    1728556691,
    1641330396,
    1436454905,
    2036153487,
    159257994,
    2115225425,
    511932249,
    457271002,
    47579297,
    1005710260,
    1350497079,
    1839993631,
    547278848,
    1725143208,
    1025005372,
    1005170785
  ]
}