{
  "mode": "branch",
  "rep": 634,
  "ne": 10000,
  "r": [
    1e-08,
    1e-08,
    1.820689655172414e-07,
    1.820689655172414e-07,
    3.541379310344828e-07,
    3.541379310344828e-07,
    5.262068965517242e-07,
    5.262068965517242e-07,
    6.982758620689656e-07,
    6.982758620689656e-07,
    8.70344827586207e-07,
    8.70344827586207e-07,
    1.0424137931034483e-06,
    1.0424137931034483e-06,
    1.2144827586206895e-06,
    1.2144827586206895e-06,
    1.386551724137931e-06,
    1.386551724137931e-06,
    1.5586206896551725e-06,
    1.5586206896551725e-06,
    1.7306896551724138e-06,
    1.9027586206896551e-06,
    2.0748275862068966e-06,
    2.246896551724138e-06,
    2.418965517241379e-06,
    2.5910344827586207e-06,
    2.763103448275862e-06,
    2.9351724137931037e-06,
    3.107241379310345e-06,
    3.2793103448275863e-06,
    3.4513793103448278e-06,
    3.4513793103448278e-06,
    3.6234482758620693e-06,
    3.6234482758620693e-06,
    3.7955172413793103e-06,
    3.7955172413793103e-06,
    3.967586206896552e-06,
    3.967586206896552e-06,
    4.139655172413793e-06,
    4.139655172413793e-06,
    4.311724137931034e-06,
    4.311724137931034e-06,
    4.483793103448276e-06,
    4.483793103448276e-06,
    4.655862068965517e-06,
    4.655862068965517e-06,
    4.8279310344827585e-06,
    4.8279310344827585e-06,
    5e-06,
    5e-06
  ],
  "mu": 0,
  "samples": 250,
  "sequence_length": 1000,
  "seeds": [
    1094088534,
    1804287227,
    826743918,
    515170695,
    1856008028,
    1199978431,
    311758566,
    1332173914,
    769403691,
    734814513,
    836301690,
    1255776488,
    134156523,
    1109241437,
    1012072923,
    1370234011,
    1562270151,
    681797942,
    2119558914,
    874820222,
    308788955,
    1954123591,
    1576795113,
    619497557,
    2002157234,
    1645509417,
    1808923605,
    1539714980,
    211238644,
    1978706239,
    1880776250,
    1744517882,
    439355650,
    1645250456,
    35106937,
    1541577174,
    969675117,
    1434090547,
    903428975,
    48452831,
    440721172,
    1700975159,
    687695903,
    1671595764,
    1248044477,
    1066476843,
    627138897,
    1478901142,
    642899092,
    1049707704
  ]
}