{
  "mode": "site",
  "rep": 244,
  "ne": 10000,
  "r": 1e-05,
  "mu": [
    1e-07,
    1e-07,
    4.413793103448276e-07,
    4.413793103448276e-07,
    7.827586206896552e-07,
    7.827586206896552e-07,
    1.1241379310344827e-06,
    1.1241379310344827e-06,
    1.4655172413793102e-06,
    1.4655172413793102e-06,
    1.8068965517241377e-06,
    1.8068965517241377e-06,
    2.1482758620689656e-06,
    2.1482758620689656e-06,
    2.489655172413793e-06,
    2.489655172413793e-06,
    2.8310344827586205e-06,
    2.8310344827586205e-06,
    3.172413793103448e-06,
    3.172413793103448e-06,
    3.5137931034482755e-06,
    3.855172413793104e-06,
    4.196551724137931e-06,
    4.537931034482759e-06,
    4.879310344827586e-06,
    5.220689655172414e-06,
    5.562068965517241e-06,
    5.903448275862069e-06,
    6.244827586206896e-06,
    6.5862068965517236e-06,
    6.927586206896551e-06,
    6.927586206896551e-06,
    7.268965517241379e-06,
    7.268965517241379e-06,
    7.610344827586207e-06,
    7.610344827586207e-06,
    7.951724137931034e-06,
    7.951724137931034e-06,
    8.293103448275863e-06,
    8.293103448275863e-06,
    8.634482758620691e-06,
    8.634482758620691e-06,
    8.975862068965518e-06,
    8.975862068965518e-06,
    9.317241379310346e-06,
    9.317241379310346e-06,
    9.658620689655173e-06,
    9.658620689655173e-06,
    1e-05,
    1e-05
  ],
  "samples": 500,
  "sequence_length": 50000,
  "seeds": [
    1804426334,
    617336908,
    804332333,
    1494706052,
    297724615,
    210376422,
    1371230375,
    448006583,
    116540052,
    945391799,
    1487875653,
    2002805565,
    1148407087,
    1126746155,
    363393209,
    1389543606,
    460325956,
    1423352156,
    1322909280,
    137964334,
    1840641291,
    745449988,
    1617873760,
    1611267259,
    2016627013,
    579101524,
    972365052,
    707782771,
    940651332,
    1938926825,
    19891331,
    1818131067,
    823511122,
    1659388260,
    1293373510,
    1086271286,
    2126973342,
    1837854831,
    1542366315,
    942449248,
    1807990333,
    907186616,
    914168136,
    1480077329,
    124465778,
    1044834256,
    1548241043,
    1524746676,
    1383327416,
    593310632
  ]
}