{
  "mode": "site",
  "rep": 519,
  "ne": 10000,
  "r": 1e-05,
  "mu": [
    1e-07,
    1e-07,
    4.413793103448276e-07,
    4.413793103448276e-07,
    7.827586206896552e-07,
    7.827586206896552e-07,
    1.1241379310344827e-06,
    1.1241379310344827e-06,
    1.4655172413793102e-06,
    1.4655172413793102e-06,
    1.8068965517241377e-06,
    1.8068965517241377e-06,
    2.1482758620689656e-06,
    2.1482758620689656e-06,
    2.489655172413793e-06,
    2.489655172413793e-06,
    2.8310344827586205e-06,
    2.8310344827586205e-06,
    3.172413793103448e-06,
    3.172413793103448e-06,
    3.5137931034482755e-06,
    3.5137931034482755e-06,
    3.855172413793104e-06,
    3.855172413793104e-06,
    4.196551724137931e-06,
    4.196551724137931e-06,
    4.537931034482759e-06,
    4.537931034482759e-06,
    4.879310344827586e-06,
    4.879310344827586e-06,
    5.220689655172414e-06,
    5.220689655172414e-06,
    5.562068965517241e-06,
    5.562068965517241e-06,
    5.903448275862069e-06,
    5.903448275862069e-06,
    6.244827586206896e-06,
    6.244827586206896e-06,
    6.5862068965517236e-06,
    6.5862068965517236e-06,
    6.927586206896551e-06,
    7.268965517241379e-06,
    7.610344827586207e-06,
    7.951724137931034e-06,
    8.293103448275863e-06,
    8.634482758620691e-06,
    8.975862068965518e-06,
    9.317241379310346e-06,
    9.658620689655173e-06,
    1e-05
  ],
  "samples": 500,
  "sequence_length": 10000,
  "seeds": [
    285087338,
    596859138,
    187172441,
    630946269,
    1722562579,
    528180619,
    793395194,
    1861365238,
    1014256161,
    147546696,
    1696203772,
    260214624,
    568179308,
    1617946553,
    351902751,
    1252781445,
    1755093861,
    119312391,
    6829547,
    378212249,
    707756944,
    849451323,
    895683416,
    1794760014,
    249055643,
    1642633522,
    187424305,
    1626495767,
    344078191,
    2134945640,
    1798292236,
    1020481845,
    217627286,
    491895092,
    951022480,
    9570268,
    468394790,
    834090352,
    208043642,
    606777217,
    511298404,
    1279594725,
    1604201103,
    1578911835,
    1812945622,
    1447824693,
    510293170,
    617469951,
    868990463,
    1342279182
  ]
}