{
  "mode": "branch",
  "rep": 896,
  "ne": 10000,
  "r": [
    1e-08,
    1.820689655172414e-07,
    3.541379310344828e-07,
    5.262068965517242e-07,
    6.982758620689656e-07,
    8.70344827586207e-07,
    1.0424137931034483e-06,
    1.2144827586206895e-06,
    1.386551724137931e-06,
    1.5586206896551725e-06,
    1.7306896551724138e-06,
    1.7306896551724138e-06,
    1.9027586206896551e-06,
    1.9027586206896551e-06,
    2.0748275862068966e-06,
    2.0748275862068966e-06,
    2.246896551724138e-06,
    2.246896551724138e-06,
    2.418965517241379e-06,
    2.418965517241379e-06,
    2.5910344827586207e-06,
    2.5910344827586207e-06,
    2.763103448275862e-06,
    2.763103448275862e-06,
    2.9351724137931037e-06,
    2.9351724137931037e-06,
    3.107241379310345e-06,
    3.107241379310345e-06,
    3.2793103448275863e-06,
    3.2793103448275863e-06,
    3.4513793103448278e-06,
    3.4513793103448278e-06,
    3.6234482758620693e-06,
    3.6234482758620693e-06,
    3.7955172413793103e-06,
    3.7955172413793103e-06,
    3.967586206896552e-06,
    3.967586206896552e-06,
    4.139655172413793e-06,
    4.139655172413793e-06,
    4.311724137931034e-06,
    4.311724137931034e-06,
    4.483793103448276e-06,
    4.483793103448276e-06,
    4.655862068965517e-06,
    4.655862068965517e-06,
    4.8279310344827585e-06,
    4.8279310344827585e-06,
    5e-06,
    5e-06
  ],
  "mu": 0,
  "samples": 250,
  "sequence_length": 1000,
  "seeds": [
    1359056188,
    1815782224,
    124571512,
    1815060939,
    568014288,
    853867717,
    1981211175,
    127639395,
    8883449,
    2064781553,
    1209535774,
    617234702,
    1542728259,
    1139388680,
    560908313,
    209669265,
    2021397166,
    777502889,
    132759451,
    2032374759,
    819984524,
    917113559,
    1960816187,
    31582495,
    1415640283,
    175552795,
    1754780467,
    371095324,
    1330101556,
    1879393941,
    93160188,
    1572093263,
    1336577168,
    1516470624,
    1987186307,
    866599153,
    1209554832,
    561374288,
    340314989,
    879236088,
    1386674209,
    883217666,
    310332577,
    31666427,
    14802894,
    1234097483,
    339372261,
    443584051,
    1335397449,
    792444954
  ]
}