{
  "mode": "branch",
  "rep": 1130,
  "ne": 10000,
  "r": [
    1e-08,
    1.820689655172414e-07,
    3.541379310344828e-07,
    5.262068965517242e-07,
    6.982758620689656e-07,
    8.70344827586207e-07,
    1.0424137931034483e-06,
    1.2144827586206895e-06,
    1.386551724137931e-06,
    1.5586206896551725e-06,
    1.7306896551724138e-06,
    1.7306896551724138e-06,
    1.9027586206896551e-06,
    1.9027586206896551e-06,
    2.0748275862068966e-06,
    2.0748275862068966e-06,
    2.246896551724138e-06,
    2.246896551724138e-06,
    2.418965517241379e-06,
    2.418965517241379e-06,
    2.5910344827586207e-06,
    2.5910344827586207e-06,
    2.763103448275862e-06,
    2.763103448275862e-06,
    2.9351724137931037e-06,
    2.9351724137931037e-06,
    3.107241379310345e-06,
    3.107241379310345e-06,
    3.2793103448275863e-06,
    3.2793103448275863e-06,
    3.4513793103448278e-06,
    3.4513793103448278e-06,
    3.6234482758620693e-06,
    3.6234482758620693e-06,
    3.7955172413793103e-06,
    3.7955172413793103e-06,
    3.967586206896552e-06,
    3.967586206896552e-06,
    4.139655172413793e-06,
    4.139655172413793e-06,
    4.311724137931034e-06,
    4.311724137931034e-06,
    4.483793103448276e-06,
    4.483793103448276e-06,
    4.655862068965517e-06,
    4.655862068965517e-06,
    4.8279310344827585e-06,
    4.8279310344827585e-06,
    5e-06,
    5e-06
  ],
  "mu": 0,
  "samples": 250,
  "sequence_length": 1000,
  "seeds": [
    537828368,
    1415174935,
    946517708,
    216010699,
    1811667130,
    1450535534,
    2030587587,
    817302462,
    1649123328,
    1307299752,
    735670980,
    1360070265,
    442084303,
    1949352718,
    1392034609,
    557438525,
    1817294331,
    1908479991,
    1608820874,
    1626357575,
    1319999667,
    858287028,
    1253375754,
    311645293,
    408414057,
    1854936097,
    754157436,
    303021577,
    1819068296,
    340525977,
    1393402398,
    234924594,
    1684104926,
    361671082,
    717883985,
    1305897765,
    1305489047,
    395924766,
    31461151,
    1403792875,
    1014445777,
    1479918641,
    680500169,
    2129939977,
    1960948955,
    1692466095,
    1792920496,
    1358657468,
    336810239,
    804156151
  ]
}