{
  "mode": "site",
  "rep": 188,
  "ne": 10000,
  "r": 1e-05,
  "mu": [
    1e-07,
    4.413793103448276e-07,
    7.827586206896552e-07,
    1.1241379310344827e-06,
    1.4655172413793102e-06,
    1.8068965517241377e-06,
    2.1482758620689656e-06,
    2.489655172413793e-06,
    2.8310344827586205e-06,
    3.172413793103448e-06,
    3.5137931034482755e-06,
    3.5137931034482755e-06,
    3.855172413793104e-06,
    3.855172413793104e-06,
    4.196551724137931e-06,
    4.196551724137931e-06,
    4.537931034482759e-06,
    4.537931034482759e-06,
    4.879310344827586e-06,
    4.879310344827586e-06,
    5.220689655172414e-06,
    5.220689655172414e-06,
    5.562068965517241e-06,
    5.562068965517241e-06,
    5.903448275862069e-06,
    5.903448275862069e-06,
    6.244827586206896e-06,
    6.244827586206896e-06,
    6.5862068965517236e-06,
    6.5862068965517236e-06,
    6.927586206896551e-06,
    6.927586206896551e-06,
    7.268965517241379e-06,
    7.268965517241379e-06,
    7.610344827586207e-06,
    7.610344827586207e-06,
    7.951724137931034e-06,
    7.951724137931034e-06,
    8.293103448275863e-06,
    8.293103448275863e-06,
    8.634482758620691e-06,
    8.634482758620691e-06,
    8.975862068965518e-06,
    8.975862068965518e-06,
    9.317241379310346e-06,
    9.317241379310346e-06,
    9.658620689655173e-06,
    9.658620689655173e-06,
    1e-05,
    1e-05
  ],
  "samples": 500,
  "sequence_length": 50000,
  "seeds": [
    1795558824,
    1626376707,
    921608627,
    917165493,
    1500253120,
    975463446,
    1283025839,
    527357415,
    328209462,
    535811539,
    500479633,
    1795892168,
    1435567297,
    2028474476,
    970915160,
    1497300227,
    115862194,
    1015421111,
    117906231,
    185803035,
    2035772108,
    2049007544,
    14573340,
    92852793,
    1047078388,
    1843832076,
    1801876025,
    1655277478,
    1959072164,
    1120148036,
    1876587410,
    2073399527,
    2052754252,
    471824973,
    386053966,
    845482305,
    1331751479,
    660969495,
    1421765963,
    2115528483,
    536612978,
    255903511,
    47229668,
    1627160850,
    159342530,
    1076597026,
    183593487,
    1669174343,
    1532510442,
    1063309707
  ]
}