{
  "mode": "site",
  "rep": 177,
  "ne": 10000,
  "r": 1e-05,
  "mu": [
    1e-07,
    1e-07,
    4.413793103448276e-07,
    4.413793103448276e-07,
    7.827586206896552e-07,
    7.827586206896552e-07,
    1.1241379310344827e-06,
    1.1241379310344827e-06,
    1.4655172413793102e-06,
    1.4655172413793102e-06,
    1.8068965517241377e-06,
    1.8068965517241377e-06,
    2.1482758620689656e-06,
    2.1482758620689656e-06,
    2.489655172413793e-06,
    2.489655172413793e-06,
    2.8310344827586205e-06,
    2.8310344827586205e-06,
    3.172413793103448e-06,
    3.172413793103448e-06,
    3.5137931034482755e-06,
    3.5137931034482755e-06,
    3.855172413793104e-06,
    3.855172413793104e-06,
    4.196551724137931e-06,
    4.196551724137931e-06,
    4.537931034482759e-06,
    4.537931034482759e-06,
    4.879310344827586e-06,
    4.879310344827586e-06,
    5.220689655172414e-06,
    5.220689655172414e-06,
    5.562068965517241e-06,
    5.562068965517241e-06,
    5.903448275862069e-06,
    5.903448275862069e-06,
    6.244827586206896e-06,
    6.244827586206896e-06,
    6.5862068965517236e-06,
    6.5862068965517236e-06,
    6.927586206896551e-06,
    7.268965517241379e-06,
    7.610344827586207e-06,
    7.951724137931034e-06,
    8.293103448275863e-06,
    8.634482758620691e-06,
    8.975862068965518e-06,
    9.317241379310346e-06,
    9.658620689655173e-06,
    1e-05
  ],
  "samples": 500,
  "sequence_length": 10000,
  "seeds": [
    107263408,
    1100389254,
    101077743,
    203404534,
    1692375047,
    62971159,
    878664623,
    1335492932,
    194184474,
    1656191695,
    1279109295,
    540387689,
    394586989,
    681129720,
    1090802961,
    49447742,
    412246151,
    2080406811,
    803992949,
    1298198325,
    677129592,
    1888134268,
    1010388561,
    50962771,
    1790440760,
    786289952,
    578996064,
    732088264,
    1065343611,
    865075217,
    2082560515,
    613766742,
    2003358682,
    851186779,
    805667338,
    697165687,
    164755924,
    532908574,
    962941026,
    1934958995,
    1502037861,
    834187505,
    868953489,
    2046113964,
    1419853539,
    1040693835,
    3561976,
    931139397,
    1299248015,
    1176503254
  ]
}