{
  "mode": "site",
  "rep": 583,
  "ne": 10000,
  "r": 1e-05,
  "mu": [
    1e-07,
    1e-07,
    4.413793103448276e-07,
    4.413793103448276e-07,
    7.827586206896552e-07,
    7.827586206896552e-07,
    1.1241379310344827e-06,
    1.1241379310344827e-06,
    1.4655172413793102e-06,
    1.4655172413793102e-06,
    1.8068965517241377e-06,
    1.8068965517241377e-06,
    2.1482758620689656e-06,
    2.1482758620689656e-06,
    2.489655172413793e-06,
    2.489655172413793e-06,
    2.8310344827586205e-06,
    2.8310344827586205e-06,
    3.172413793103448e-06,
    3.172413793103448e-06,
    3.5137931034482755e-06,
    3.855172413793104e-06,
    4.196551724137931e-06,
    4.537931034482759e-06,
    4.879310344827586e-06,
    5.220689655172414e-06,
    5.562068965517241e-06,
    5.903448275862069e-06,
    6.244827586206896e-06,
    6.5862068965517236e-06,
    6.927586206896551e-06,
    6.927586206896551e-06,
    7.268965517241379e-06,
    7.268965517241379e-06,
    7.610344827586207e-06,
    7.610344827586207e-06,
    7.951724137931034e-06,
    7.951724137931034e-06,
    8.293103448275863e-06,
    8.293103448275863e-06,
    8.634482758620691e-06,
    8.634482758620691e-06,
    8.975862068965518e-06,
    8.975862068965518e-06,
    9.317241379310346e-06,
    9.317241379310346e-06,
    9.658620689655173e-06,
    9.658620689655173e-06,
    1e-05,
    1e-05
  ],
  "samples": 500,
  "sequence_length": 50000,
  "seeds": [
    1756944222,
    1515256071,
    583781653,
    1657243841,
    1177663801,
    351054189,
    1887145950,
    1148704659,
    416851954,
    2141660169,
    2001672176,
    988741165,
    1005670345,
    692571369,
    1399896008,
    2098613689,
    567778244,
    1653910395,
    2089915130,
    55885625,
    1671504717,
    2131454008,
    1213139636,
    1008384372,
    750336206,
    973662785,
    1797616632,
    2128737424,
    308053296,
    484338749,
    1325460794,
    442433256,
    1950621972,
    2017202804,
    201879825,
    1230649911,
    1004804021,
    1585652062,
    1108274591,
    759956395,
    1753537658,
    1968362958,
    954632559,
    2134826623,
    436663598,
    972868655,
    2073668442,
    1909282358,
    1156303216,
    140613611
  ]
}