{
  "mode": "branch",
  "rep": 829,
  "ne": 10000,
  "r": [
    1e-08,
    1e-08,
    1.820689655172414e-07,
    1.820689655172414e-07,
    3.541379310344828e-07,
    3.541379310344828e-07,
    5.262068965517242e-07,
    5.262068965517242e-07,
    6.982758620689656e-07,
    6.982758620689656e-07,
    8.70344827586207e-07,
    8.70344827586207e-07,
    1.0424137931034483e-06,
    1.0424137931034483e-06,
    1.2144827586206895e-06,
    1.2144827586206895e-06,
    1.386551724137931e-06,
    1.386551724137931e-06,
    1.5586206896551725e-06,
    1.5586206896551725e-06,
    1.7306896551724138e-06,
    1.9027586206896551e-06,
    2.0748275862068966e-06,
    2.246896551724138e-06,
    2.418965517241379e-06,
    2.5910344827586207e-06,
    2.763103448275862e-06,
    2.9351724137931037e-06,
    3.107241379310345e-06,
    3.2793103448275863e-06,
    3.4513793103448278e-06,
    3.4513793103448278e-06,
    3.6234482758620693e-06,
    3.6234482758620693e-06,
    3.7955172413793103e-06,
    3.7955172413793103e-06,
    3.967586206896552e-06,
    3.967586206896552e-06,
    4.139655172413793e-06,
    4.139655172413793e-06,
    4.311724137931034e-06,
    4.311724137931034e-06,
    4.483793103448276e-06,
    4.483793103448276e-06,
    4.655862068965517e-06,
    4.655862068965517e-06,
    4.8279310344827585e-06,
    4.8279310344827585e-06,
    5e-06,
    5e-06
  ],
  "mu": 0,
  "samples": 250,
  "sequence_length": 1000,
  "seeds": [
    1487343529,
    1835506287,
    1912454890,
    831046515,
    1840691813,
    2003792924,
    1554366611,
    1286637028,
    1460449291,
    1771644178,
    27784866,
    1196684522,
    1697594205,
    335779846,
    417258320,
    1210182241,
    801134571,
    1161074145,
    436657489,
    486965314,
    1647621811,
    352464282,
    1594161310,
    645207661,
    564520290,
    1900135107,
    1255076286,
    1919691469,
    1872367830,
    21573661,
    129096167,
    944060826,
    848395267,
    1809428724,
    1691348059,
    868660507,
    1625399892,
    796273440,
    76618253,
    1307756293,
    420412591,
    1926492886,
    1802291827,
    496830024,
    580904543,
    20354954,
    1401310252,
    454787119,
    1080310909,
    195219595
  ]
}