{
  "mode": "branch",
  "rep": 772,
  "ne": 10000,
  "r": [
    1e-08,
    1e-08,
    1.820689655172414e-07,
    1.820689655172414e-07,
    3.541379310344828e-07,
    3.541379310344828e-07,
    5.262068965517242e-07,
    5.262068965517242e-07,
    6.982758620689656e-07,
    6.982758620689656e-07,
    8.70344827586207e-07,
    8.70344827586207e-07,
    1.0424137931034483e-06,
    1.0424137931034483e-06,
    1.2144827586206895e-06,
    1.2144827586206895e-06,
    1.386551724137931e-06,
    1.386551724137931e-06,
    1.5586206896551725e-06,
    1.5586206896551725e-06,
    1.7306896551724138e-06,
    1.9027586206896551e-06,
    2.0748275862068966e-06,
    2.246896551724138e-06,
    2.418965517241379e-06,
    2.5910344827586207e-06,
    2.763103448275862e-06,
    2.9351724137931037e-06,
    3.107241379310345e-06,
    3.2793103448275863e-06,
    3.4513793103448278e-06,
    3.4513793103448278e-06,
    3.6234482758620693e-06,
    3.6234482758620693e-06,
    3.7955172413793103e-06,
    3.7955172413793103e-06,
    3.967586206896552e-06,
    3.967586206896552e-06,
    4.139655172413793e-06,
    4.139655172413793e-06,
    4.311724137931034e-06,
    4.311724137931034e-06,
    4.483793103448276e-06,
    4.483793103448276e-06,
    4.655862068965517e-06,
    4.655862068965517e-06,
    4.8279310344827585e-06,
    4.8279310344827585e-06,
    5e-06,
    5e-06
  ],
  "mu": 0,
  "samples": 250,
  "sequence_length": 1000,
  "seeds": [
    2085192142,
    1530870450,
    1075892957,
    2095934444,
    841288620,
    2000790613,
    968581569,
    1007101274,
    1769447942,
    835521187,
    212769688,
    2072707718,
    1267664654,
    345773691,
    1906402392,
    1721783443,
    1077316623,
    1334886344,
    1843226677,
    905209060,
    1361742605,
    1169966364,
    300431996,
    1432227536,
    198642747,
    924365144,
    686172525,
    1963503679,
    848623418,
    967074468,
    138515513,
    687612810,
    572417481,
    799833198,
    1325879360,
    1040640239,
    1760964800,
    967696623,
    2059348682,
    658559575,
    277691843,
    1511401750,
    1626154756,
    2142958488,
    1409213150,
    1205416571,
    1942475569,
    85925013,
    599785677,
    1669192504
  ]
}