{
  "mode": "branch",
  "rep": 1008,
  "ne": 10000,
  "r": [
    1e-08,
    1e-08,
    1.820689655172414e-07,
    1.820689655172414e-07,
    3.541379310344828e-07,
    3.541379310344828e-07,
    5.262068965517242e-07,
    5.262068965517242e-07,
    6.982758620689656e-07,
    6.982758620689656e-07,
    8.70344827586207e-07,
    8.70344827586207e-07,
    1.0424137931034483e-06,
    1.0424137931034483e-06,
    1.2144827586206895e-06,
    1.2144827586206895e-06,
    1.386551724137931e-06,
    1.386551724137931e-06,
    1.5586206896551725e-06,
    1.5586206896551725e-06,
    1.7306896551724138e-06,
    1.7306896551724138e-06,
    1.9027586206896551e-06,
    1.9027586206896551e-06,
    2.0748275862068966e-06,
    2.0748275862068966e-06,
    2.246896551724138e-06,
    2.246896551724138e-06,
    2.418965517241379e-06,
    2.418965517241379e-06,
    2.5910344827586207e-06,
    2.5910344827586207e-06,
    2.763103448275862e-06,
    2.763103448275862e-06,
    2.9351724137931037e-06,
    2.9351724137931037e-06,
    3.107241379310345e-06,
    3.107241379310345e-06,
    3.2793103448275863e-06,
    3.2793103448275863e-06,
    3.4513793103448278e-06,
    3.6234482758620693e-06,
    3.7955172413793103e-06,
    3.967586206896552e-06,
    4.139655172413793e-06,
    4.311724137931034e-06,
    4.483793103448276e-06,
    4.655862068965517e-06,
    4.8279310344827585e-06,
    5e-06
  ],
  "mu": 0,
  "samples": 250,
  "sequence_length": 1000,
  "seeds": [
    709806551,
    479397408,
    723740871,
    1946071030,
    915160129,
    1818871216,
    800116227,
    131422183,
    1114139731,
    327361387,
    1839391753,
    598228985,
    1853570369,
    1144092749,
    620344791,
    1110318860,
    247617500,
    1282430755,
    1104912866,
    273677010,
    739920602,
    850215720,
    165585092,
    1723006797,
    1538640225,
    1239675653,
    1207475206,
    591975988,
    2023699077,
    641006801,
    782311465,
    1077846208,
    954110579,
    399550881,
    2071096108,
    405750989,
    784485735,
    1303849951,
    681546999,
    2007028602,
    1878068835,
    232799256,
    1590103155,
    667624366,
    1687941138,
    1121025323,
    1810520980,
    1592390409,
    289926520,
    1570708343
  ]
}