{
  "mode": "site",
  "rep": 217,
  "ne": 10000,
  "r": 1e-05,
  "mu": [
    1e-07,
    1e-07,
    4.413793103448276e-07,
    4.413793103448276e-07,
    7.827586206896552e-07,
    7.827586206896552e-07,
    1.1241379310344827e-06,
    1.1241379310344827e-06,
    1.4655172413793102e-06,
    1.4655172413793102e-06,
    1.8068965517241377e-06,
    1.8068965517241377e-06,
    2.1482758620689656e-06,
    2.1482758620689656e-06,
    2.489655172413793e-06,
    2.489655172413793e-06,
    2.8310344827586205e-06,
    2.8310344827586205e-06,
    3.172413793103448e-06,
    3.172413793103448e-06,
    3.5137931034482755e-06,
    3.855172413793104e-06,
    4.196551724137931e-06,
    4.537931034482759e-06,
    4.879310344827586e-06,
    5.220689655172414e-06,
    5.562068965517241e-06,
    5.903448275862069e-06,
    6.244827586206896e-06,
    6.5862068965517236e-06,
    6.927586206896551e-06,
    6.927586206896551e-06,
    7.268965517241379e-06,
    7.268965517241379e-06,
    7.610344827586207e-06,
    7.610344827586207e-06,
    7.951724137931034e-06,
    7.951724137931034e-06,
    8.293103448275863e-06,
    8.293103448275863e-06,
    8.634482758620691e-06,
    8.634482758620691e-06,
    8.975862068965518e-06,
    8.975862068965518e-06,
    9.317241379310346e-06,
    9.317241379310346e-06,
    9.658620689655173e-06,
    9.658620689655173e-06,
    1e-05,
    1e-05
  ],
  "samples": 500,
  "sequence_length": 10000,
  "seeds": [
    1212199719,
    1767654500,
    812959938,
    1559060845,
    1549795329,
    277461974,
    1757516923,
    914028308,
    198048710,
    433621205,
    529214295,
    845673326,
    1167053020,
    1380585028,
    1664286102,
    335237344,
    642094529,
    817124128,
    403537605,
    703771794,
    264511015,
    1819728930,
    1075113766,
    492139579,
    537125496,
    1992249897,
    287442980,
    96930442,
    1940185579,
    784034433,
    330775519,
    313614436,
    170252755,
    143878861,
    2055575212,
    2100668431,
    492935247,
    1913358934,
    1009977898,
    1920032540,
    1664816719,
    118769267,
    110258965,
    2127220827,
    1341967539,
    1079739180,
    1802688458,
    308130588,
    530460718,
    1103131978
  ]
}