{
  "mode": "branch",
  "rep": 638,
  "ne": 10000,
  "r": [
    1e-08,
    1.820689655172414e-07,
    3.541379310344828e-07,
    5.262068965517242e-07,
    6.982758620689656e-07,
    8.70344827586207e-07,
    1.0424137931034483e-06,
    1.2144827586206895e-06,
    1.386551724137931e-06,
    1.5586206896551725e-06,
    1.7306896551724138e-06,
    1.7306896551724138e-06,
    1.9027586206896551e-06,
    1.9027586206896551e-06,
    2.0748275862068966e-06,
    2.0748275862068966e-06,
    2.246896551724138e-06,
    2.246896551724138e-06,
    2.418965517241379e-06,
    2.418965517241379e-06,
    2.5910344827586207e-06,
    2.5910344827586207e-06,
    2.763103448275862e-06,
    2.763103448275862e-06,
    2.9351724137931037e-06,
    2.9351724137931037e-06,
    3.107241379310345e-06,
    3.107241379310345e-06,
    3.2793103448275863e-06,
    3.2793103448275863e-06,
    3.4513793103448278e-06,
    3.4513793103448278e-06,
    3.6234482758620693e-06,
    3.6234482758620693e-06,
    3.7955172413793103e-06,
    3.7955172413793103e-06,
    3.967586206896552e-06,
    3.967586206896552e-06,
    4.139655172413793e-06,
    4.139655172413793e-06,
    4.311724137931034e-06,
    4.311724137931034e-06,
    4.483793103448276e-06,
    4.483793103448276e-06,
    4.655862068965517e-06,
    4.655862068965517e-06,
    4.8279310344827585e-06,
    4.8279310344827585e-06,
    5e-06,
    5e-06
  ],
  "mu": 0,
  "samples": 250,
  "sequence_length": 1000,
  "seeds": [
    366440261,
    292253031,
    1925976452,
    624031531,
    2052581150,
    1022081012,
    2091448918,
    58963854,
    8368393,
    1705301162,
    389624318,
    774762751,
    43549575,
    1656085691,
    662799294,
    2043066403,
    1677732798,
    439155991,
    493560044,
    1564987919,
    761822680,
    1058156353,
    1932841857,
    156602569,
    908113047,
    1634974292,
    1968958782,
    398540648,
    371797312,
    1141741248,
    2073556930,
    2079987394,
    2083575653,
    706448955,
    1866746138,
    605002517,
    920410371,
    1313302151,
    1302502515,
    2135082019,
    73482450,
    1089151584,
    819686667,
    547053926,
    1910330327,
    317253412,
    1555124077,
    857441431,
    1501568566,
    593938215
  ]
}