{
  "mode": "site",
  "rep": 437,
  "ne": 10000,
  "r": 1e-05,
  "mu": [
    1e-07,
    4.413793103448276e-07,
    7.827586206896552e-07,
    1.1241379310344827e-06,
    1.4655172413793102e-06,
    1.8068965517241377e-06,
    2.1482758620689656e-06,
    2.489655172413793e-06,
    2.8310344827586205e-06,
    3.172413793103448e-06,
    3.5137931034482755e-06,
    3.5137931034482755e-06,
    3.855172413793104e-06,
    3.855172413793104e-06,
    4.196551724137931e-06,
    4.196551724137931e-06,
    4.537931034482759e-06,
    4.537931034482759e-06,
    4.879310344827586e-06,
    4.879310344827586e-06,
    5.220689655172414e-06,
    5.220689655172414e-06,
    5.562068965517241e-06,
    5.562068965517241e-06,
    5.903448275862069e-06,
    5.903448275862069e-06,
    6.244827586206896e-06,
    6.244827586206896e-06,
    6.5862068965517236e-06,
    6.5862068965517236e-06,
    6.927586206896551e-06,
    6.927586206896551e-06,
    7.268965517241379e-06,
    7.268965517241379e-06,
    7.610344827586207e-06,
    7.610344827586207e-06,
    7.951724137931034e-06,
    7.951724137931034e-06,
    8.293103448275863e-06,
    8.293103448275863e-06,
    8.634482758620691e-06,
    8.634482758620691e-06,
    8.975862068965518e-06,
    8.975862068965518e-06,
    9.317241379310346e-06,
    9.317241379310346e-06,
    9.658620689655173e-06,
    9.658620689655173e-06,
    1e-05,
    1e-05
  ],
  "samples": 500,
  "sequence_length": 10000,
  "seeds": [
    1946880409,
    2032786366,
    1174940991,
    631248796,
    1801055288,
    2114338512,
    76721123,
    1986388441,
    497370239,
    1964576843,
    664361263,
    1039936418,
    1189193098,
    1757780589,
    1373511522,
    968293752,
    379612819,
    2118741697,
    922979103,
    208252718,
    836160371,
    244255937,
    1128272126,
    1928263981,
    593181583,
    392180171,
    1588545296,
    1911080735,
    367977358,
    1890596156,
    632842836,
    522930933,
    1697944100,
    352866470,
    825046287,
    324244380,
    1274680902,
    2050790274,
    771846452,
    1202893106,
    242281637,
    2094269340,
    1330565739,
    1719226164,
    1674396087,
    1801296302,
    654355411,
    1734507543,
    1366190755,
    546955831
  ]
}