{
  "mode": "site",
  "rep": 360,
  "ne": 10000,
  "r": 1e-05,
  "mu": [
    1e-07,
    1e-07,
    4.413793103448276e-07,
    4.413793103448276e-07,
    7.827586206896552e-07,
    7.827586206896552e-07,
    1.1241379310344827e-06,
    1.1241379310344827e-06,
    1.4655172413793102e-06,
    1.4655172413793102e-06,
    1.8068965517241377e-06,
    1.8068965517241377e-06,
    2.1482758620689656e-06,
    2.1482758620689656e-06,
    2.489655172413793e-06,
    2.489655172413793e-06,
    2.8310344827586205e-06,
    2.8310344827586205e-06,
    3.172413793103448e-06,
    3.172413793103448e-06,
    3.5137931034482755e-06,
    3.5137931034482755e-06,
    3.855172413793104e-06,
    3.855172413793104e-06,
    4.196551724137931e-06,
    4.196551724137931e-06,
    4.537931034482759e-06,
    4.537931034482759e-06,
    4.879310344827586e-06,
    4.879310344827586e-06,
    5.220689655172414e-06,
    5.220689655172414e-06,
    5.562068965517241e-06,
    5.562068965517241e-06,
    5.903448275862069e-06,
    5.903448275862069e-06,
    6.244827586206896e-06,
    6.244827586206896e-06,
    6.5862068965517236e-06,
    6.5862068965517236e-06,
    6.927586206896551e-06,
    7.268965517241379e-06,
    7.610344827586207e-06,
    7.951724137931034e-06,
    8.293103448275863e-06,
    8.634482758620691e-06,
    8.975862068965518e-06,
    9.317241379310346e-06,
    9.658620689655173e-06,
    1e-05
  ],
  "samples": 500,
  "sequence_length": 50000,
  "seeds": [
    1446335343,
    1242531930,
    1180191491,
    120801942,
    1272149324,
    1277043424,
    315447271,
    2117323597,
    982642111,
    1846746719,
    1876165285,
    1788238197,
    1801184652,
    401242452,
    726471589,
    1832904654,
    1015191567,
    2144118133,
    1091908850,
    427152164,
    497344216,
    470599713,
    223428462,
    222091964,
    470150242,
    737186232,
    2089154775,
    817789913,
    980085655,
    1626821900,
    826822708,
    213003231,
    215252503,
    2118705072,
    162950396,
    1169701929,
    651675896,
    1401996566,
    457751824,
    703081434,
    508633706,
    1841443396,
    641993400,
    2061297630,
    1252737496,
    1986781041,
    1255756292,
    1725578698,
    1157286456,
    37355314
  ]
}