{
  "mode": "branch",
  "rep": 1054,
  "ne": 10000,
  "r": [
    1e-08,
    1e-08,
    1.820689655172414e-07,
    1.820689655172414e-07,
    3.541379310344828e-07,
    3.541379310344828e-07,
    5.262068965517242e-07,
    5.262068965517242e-07,
    6.982758620689656e-07,
    6.982758620689656e-07,
    8.70344827586207e-07,
    8.70344827586207e-07,
    1.0424137931034483e-06,
    1.0424137931034483e-06,
    1.2144827586206895e-06,
    1.2144827586206895e-06,
    1.386551724137931e-06,
    1.386551724137931e-06,
    1.5586206896551725e-06,
    1.5586206896551725e-06,
    1.7306896551724138e-06,
    1.9027586206896551e-06,
    2.0748275862068966e-06,
    2.246896551724138e-06,
    2.418965517241379e-06,
    2.5910344827586207e-06,
    2.763103448275862e-06,
    2.9351724137931037e-06,
    3.107241379310345e-06,
    3.2793103448275863e-06,
    3.4513793103448278e-06,
    3.4513793103448278e-06,
    3.6234482758620693e-06,
    3.6234482758620693e-06,
    3.7955172413793103e-06,
    3.7955172413793103e-06,
    3.967586206896552e-06,
    3.967586206896552e-06,
    4.139655172413793e-06,
    4.139655172413793e-06,
    4.311724137931034e-06,
    4.311724137931034e-06,
    4.483793103448276e-06,
    4.483793103448276e-06,
    4.655862068965517e-06,
    4.655862068965517e-06,
    4.8279310344827585e-06,
    4.8279310344827585e-06,
    5e-06,
    5e-06
  ],
  "mu": 0,
  "samples": 250,
  "sequence_length": 1000,
  "seeds": [
    2074319885,
    1525192836,
    1816161963,
    2123456804,
    1941982822,
    1238490381,
    304070872,
    2138249045,
    1639702849,
    1047667900,
    1361675067,
    1003363968,
    1421793467,
    1568151176,
    222133724,
    1467070084,
    2043888563,
    411093436,
    75785745,
    1537384692,
    1857150756,
    429582102,
    994714758,
    1524949114,
    378146335,
    432296879,
    1519195489,
    921894775,
    187051537,
    513661283,
    1143892293,
    1319842801,
    1560085548,
    56042331,
    242124826,
    1142490324,
    499996652,
    625094543,
    428979592,
    1075012717,
    1590626199,
    416576139,
    827478045,
    704624238,
    2036576398,
    175356375,
    1814030632,
    1915227401,
    382759604,
    1589941073
  ]
}