{
  "mode": "branch",
  "rep": 1142,
  "ne": 10000,
  "r": [
    1e-08,
    1.820689655172414e-07,
    3.541379310344828e-07,
    5.262068965517242e-07,
    6.982758620689656e-07,
    8.70344827586207e-07,
    1.0424137931034483e-06,
    1.2144827586206895e-06,
    1.386551724137931e-06,
    1.5586206896551725e-06,
    1.7306896551724138e-06,
    1.7306896551724138e-06,
    1.9027586206896551e-06,
    1.9027586206896551e-06,
    2.0748275862068966e-06,
    2.0748275862068966e-06,
    2.246896551724138e-06,
    2.246896551724138e-06,
    2.418965517241379e-06,
    2.418965517241379e-06,
    2.5910344827586207e-06,
    2.5910344827586207e-06,
    2.763103448275862e-06,
    2.763103448275862e-06,
    2.9351724137931037e-06,
    2.9351724137931037e-06,
    3.107241379310345e-06,
    3.107241379310345e-06,
    3.2793103448275863e-06,
    3.2793103448275863e-06,
    3.4513793103448278e-06,
    3.4513793103448278e-06,
    3.6234482758620693e-06,
    3.6234482758620693e-06,
    3.7955172413793103e-06,
    3.7955172413793103e-06,
    3.967586206896552e-06,
    3.967586206896552e-06,
    4.139655172413793e-06,
    4.139655172413793e-06,
    4.311724137931034e-06,
    4.311724137931034e-06,
    4.483793103448276e-06,
    4.483793103448276e-06,
    4.655862068965517e-06,
    4.655862068965517e-06,
    4.8279310344827585e-06,
    4.8279310344827585e-06,
    5e-06,
    5e-06
  ],
  "mu": 0,
  "samples": 250,
  "sequence_length": 1000,
  "seeds": [
    1466668327,
    1479152537,
    1087413936,
    1365322060,
    1676600865,
    1728105574,
    1035250430,
    940047792,
    800967180,
    825341752,
    235382860,
    873744069,
    737118664,
    1441766073,
    653937985,
    843819694,
    363315754,
    2009164054,
    642607771,
    2090251080,
    302960566,
    988729685,
    394460616,
    1273931839,
    1766866601,
    248536957,
    1114599561,
    451703455,
    366234988,
    904019131,
    1830917218,
    771545153,
    1738484837,
    150452522,
    953811189,
    1718154598,
    99102227,
    1016467688,
    1791725231,
    485122911,
    2106789638,
    1791790711,
    1748675616,
    1104476987,
    399367277,
    1527264561,
    881747024,
    970312440,
    1801819115,
    641176850
  ]
}