{
  "mode": "branch",
  "rep": 699,
  "ne": 10000,
  "r": [
    1e-08,
    1e-08,
    1.820689655172414e-07,
    1.820689655172414e-07,
    3.541379310344828e-07,
    3.541379310344828e-07,
    5.262068965517242e-07,
    5.262068965517242e-07,
    6.982758620689656e-07,
    6.982758620689656e-07,
    8.70344827586207e-07,
    8.70344827586207e-07,
    1.0424137931034483e-06,
    1.0424137931034483e-06,
    1.2144827586206895e-06,
    1.2144827586206895e-06,
    1.386551724137931e-06,
    1.386551724137931e-06,
    1.5586206896551725e-06,
    1.5586206896551725e-06,
    1.7306896551724138e-06,
    1.7306896551724138e-06,
    1.9027586206896551e-06,
    1.9027586206896551e-06,
    2.0748275862068966e-06,
    2.0748275862068966e-06,
    2.246896551724138e-06,
    2.246896551724138e-06,
    2.418965517241379e-06,
    2.418965517241379e-06,
    2.5910344827586207e-06,
    2.5910344827586207e-06,
    2.763103448275862e-06,
    2.763103448275862e-06,
    2.9351724137931037e-06,
    2.9351724137931037e-06,
    3.107241379310345e-06,
    3.107241379310345e-06,
    3.2793103448275863e-06,
    3.2793103448275863e-06,
    3.4513793103448278e-06,
    3.6234482758620693e-06,
    3.7955172413793103e-06,
    3.967586206896552e-06,
    4.139655172413793e-06,
    4.311724137931034e-06,
    4.483793103448276e-06,
    4.655862068965517e-06,
    4.8279310344827585e-06,
    5e-06
  ],
  "mu": 0,
  "samples": 250,
  "sequence_length": 1000,
  "seeds": [
    2012112940,
    1511459945,
    1859715413,
    1843545253,
    1731026777,
    1719962373,
    620785221,
    982756452,
    544275235,
    1344825163,
    2144123778,
    453543676,
    1028334725,
    687358434,
    1412990380,
    1837060205,
    1699235327,
    168232858,
    727514245,
    363940666,
    485276805,
    1743312159,
    1741517326,
    590530775,
    1550097668,
    30873580,
    230476600,
    566545765,
    1546606257,
    509928662,
    2020412760,
    1494824907,
    52626074,
    318176481,
    110373625,
    578331382,
    648139219,
    754141177,
    135551249,
    620943851,
    279835132,
    738743661,
    471219296,
    1736046420,
    1224932344,
    1727970456,
    1818024426,
    1564122294,
    2004358537,
    148387616
  ]
}