{
  "mode": "site",
  "rep": 434,
  "ne": 10000,
  "r": 1e-05,
  "mu": [
    1e-07,
    4.413793103448276e-07,
    7.827586206896552e-07,
    1.1241379310344827e-06,
    1.4655172413793102e-06,
    1.8068965517241377e-06,
    2.1482758620689656e-06,
    2.489655172413793e-06,
    2.8310344827586205e-06,
    3.172413793103448e-06,
    3.5137931034482755e-06,
    3.5137931034482755e-06,
    3.855172413793104e-06,
    3.855172413793104e-06,
    4.196551724137931e-06,
    4.196551724137931e-06,
    4.537931034482759e-06,
    4.537931034482759e-06,
    4.879310344827586e-06,
    4.879310344827586e-06,
    5.220689655172414e-06,
    5.220689655172414e-06,
    5.562068965517241e-06,
    5.562068965517241e-06,
    5.903448275862069e-06,
    5.903448275862069e-06,
    6.244827586206896e-06,
    6.244827586206896e-06,
    6.5862068965517236e-06,
    6.5862068965517236e-06,
    6.927586206896551e-06,
    6.927586206896551e-06,
    7.268965517241379e-06,
    7.268965517241379e-06,
    7.610344827586207e-06,
    7.610344827586207e-06,
    7.951724137931034e-06,
    7.951724137931034e-06,
    8.293103448275863e-06,
    8.293103448275863e-06,
    8.634482758620691e-06,
    8.634482758620691e-06,
    8.975862068965518e-06,
    8.975862068965518e-06,
    9.317241379310346e-06,
    9.317241379310346e-06,
    9.658620689655173e-06,
    9.658620689655173e-06,
    1e-05,
    1e-05
  ],
  "samples": 500,
  "sequence_length": 10000,
  "seeds": [
    521382789,
    1322095322,
    1241284883,
    224313348,
    838744070,
    334564269,
    852188287,
    1458516705,
    1671794540,
    638933115,
    296782962,
    2036793334,
    788315449,
    280720051,
    1472657774,
    1131347879,
    1560776830,
    827878538,
    454402840,
    123831777,
    30929661,
    763968055,
    782581236,
    483734924,
    961442667,
    2145014404,
    646434855,
    159398729,
    916273584,
    571980311,
    783473316,
    18743997,
    2068935095,
    167277741,
    525668352,
    807588065,
    681809361,
    1908444348,
    709256222,
    1898779806,
    1675260170,
    56484312,
    1822254747,
    482826275,
    2092098987,
    453404520,
    1689890575,
    767733367,
    281048823,
    799636617
  ]
}