{
  "mode": "branch",
  "rep": 793,
  "ne": 10000,
  "r": [
    1e-08,
    1e-08,
    1.820689655172414e-07,
    1.820689655172414e-07,
    3.541379310344828e-07,
    3.541379310344828e-07,
    5.262068965517242e-07,
    5.262068965517242e-07,
    6.982758620689656e-07,
    6.982758620689656e-07,
    8.70344827586207e-07,
    8.70344827586207e-07,
    1.0424137931034483e-06,
    1.0424137931034483e-06,
    1.2144827586206895e-06,
    1.2144827586206895e-06,
    1.386551724137931e-06,
    1.386551724137931e-06,
    1.5586206896551725e-06,
    1.5586206896551725e-06,
    1.7306896551724138e-06,
    1.9027586206896551e-06,
    2.0748275862068966e-06,
    2.246896551724138e-06,
    2.418965517241379e-06,
    2.5910344827586207e-06,
    2.763103448275862e-06,
    2.9351724137931037e-06,
    3.107241379310345e-06,
    3.2793103448275863e-06,
    3.4513793103448278e-06,
    3.4513793103448278e-06,
    3.6234482758620693e-06,
    3.6234482758620693e-06,
    3.7955172413793103e-06,
    3.7955172413793103e-06,
    3.967586206896552e-06,
    3.967586206896552e-06,
    4.139655172413793e-06,
    4.139655172413793e-06,
    4.311724137931034e-06,
    4.311724137931034e-06,
    4.483793103448276e-06,
    4.483793103448276e-06,
    4.655862068965517e-06,
    4.655862068965517e-06,
    4.8279310344827585e-06,
    4.8279310344827585e-06,
    5e-06,
    5e-06
  ],
  "mu": 0,
  "samples": 250,
  "sequence_length": 1000,
  "seeds": [
    1390317127,
    820736608,
    331820372,
    1218243731,
    1086194361,
    1946665604,
    1091892981,
    884012558,
    574319033,
    19545915,
    1281138869,
    325888030,
    968110848,
    312622047,
    913776189,
    845291501,
    1614638615,
    1411189522,
    822987919,
    18093987,
    700561341,
    289906328,
    1260209214,
    673305766,
    648280747,
    1465838982,
    1239408813,
    29899318,
    469192663,
    1396029351,
    149040531,
    176648730,
    332094898,
    146030980,
    2079659833,
    1852088403,
    134434526,
    42064939,
    126024618,
    1142057298,
    527010918,
    184240789,
    2142226036,
    413823027,
    410615396,
    1840097827,
    1124745548,
    1391356780,
    634803927,
    530251281
  ]
}