{
  "mode": "branch",
  "rep": 948,
  "ne": 10000,
  "r": [
    1e-08,
    1e-08,
    1.820689655172414e-07,
    1.820689655172414e-07,
    3.541379310344828e-07,
    3.541379310344828e-07,
    5.262068965517242e-07,
    5.262068965517242e-07,
    6.982758620689656e-07,
    6.982758620689656e-07,
    8.70344827586207e-07,
    8.70344827586207e-07,
    1.0424137931034483e-06,
    1.0424137931034483e-06,
    1.2144827586206895e-06,
    1.2144827586206895e-06,
    1.386551724137931e-06,
    1.386551724137931e-06,
    1.5586206896551725e-06,
    1.5586206896551725e-06,
    1.7306896551724138e-06,
    1.7306896551724138e-06,
    1.9027586206896551e-06,
    1.9027586206896551e-06,
    2.0748275862068966e-06,
    2.0748275862068966e-06,
    2.246896551724138e-06,
    2.246896551724138e-06,
    2.418965517241379e-06,
    2.418965517241379e-06,
    2.5910344827586207e-06,
    2.5910344827586207e-06,
    2.763103448275862e-06,
    2.763103448275862e-06,
    2.9351724137931037e-06,
    2.9351724137931037e-06,
    3.107241379310345e-06,
    3.107241379310345e-06,
    3.2793103448275863e-06,
    3.2793103448275863e-06,
    3.4513793103448278e-06,
    3.6234482758620693e-06,
    3.7955172413793103e-06,
    3.967586206896552e-06,
    4.139655172413793e-06,
    4.311724137931034e-06,
    4.483793103448276e-06,
    4.655862068965517e-06,
    4.8279310344827585e-06,
    5e-06
  ],
  "mu": 0,
  "samples": 250,
  "sequence_length": 1000,
  "seeds": [
    1446335343,
    1242531930,
    1180191491,
    120801942,
    1272149324,
    1277043424,
    315447271,
    2117323597,
    982642111,
    1846746719,
    1876165285,
    1788238197,
    1801184652,
    401242452,
    726471589,
    1832904654,
    1015191567,
    2144118133,
    1091908850,
    427152164,
    497344216,
    470599713,
    223428462,
    222091964,
    470150242,
    737186232,
    2089154775,
    817789913,
    980085655,
    1626821900,
    826822708,
    213003231,
    215252503,
    2118705072,
    162950396,
    1169701929,
    651675896,
    1401996566,
    457751824,
    703081434,
    508633706,
    1841443396,
    641993400,
    2061297630,
    1252737496,
    1986781041,
    1255756292,
    1725578698,
    1157286456,
    37355314
  ]
}