{
  "mode": "site",
  "rep": 404,
  "ne": 10000,
  "r": 1e-05,
  "mu": [
    1e-07,
    4.413793103448276e-07,
    7.827586206896552e-07,
    1.1241379310344827e-06,
    1.4655172413793102e-06,
    1.8068965517241377e-06,
    2.1482758620689656e-06,
    2.489655172413793e-06,
    2.8310344827586205e-06,
    3.172413793103448e-06,
    3.5137931034482755e-06,
    3.5137931034482755e-06,
    3.855172413793104e-06,
    3.855172413793104e-06,
    4.196551724137931e-06,
    4.196551724137931e-06,
    4.537931034482759e-06,
    4.537931034482759e-06,
    4.879310344827586e-06,
    4.879310344827586e-06,
    5.220689655172414e-06,
    5.220689655172414e-06,
    5.562068965517241e-06,
    5.562068965517241e-06,
    5.903448275862069e-06,
    5.903448275862069e-06,
    6.244827586206896e-06,
    6.244827586206896e-06,
    6.5862068965517236e-06,
    6.5862068965517236e-06,
    6.927586206896551e-06,
    6.927586206896551e-06,
    7.268965517241379e-06,
    7.268965517241379e-06,
    7.610344827586207e-06,
    7.610344827586207e-06,
    7.951724137931034e-06,
    7.951724137931034e-06,
    8.293103448275863e-06,
    8.293103448275863e-06,
    8.634482758620691e-06,
    8.634482758620691e-06,
    8.975862068965518e-06,
    8.975862068965518e-06,
    9.317241379310346e-06,
    9.317241379310346e-06,
    9.658620689655173e-06,
    9.658620689655173e-06,
    1e-05,
    1e-05
  ],
  "samples": 500,
  "sequence_length": 10000,
  "seeds": [
    1561672835,
    1225259997,
    1740097881,
    1437816513,
    2139735817,
    343597384,
    2062767836,
    1781401642,
    552872454,
    1418259427,
    1633216333,
    439838846,
    2009197252,
    1893677891,
    76803341,
    1846728323,
    1079522000,
    1484245439,
    372938364,
    944660223,
    1999559970,
    497483854,
    1386189985,
    1732257847,
    1199149172,
    821031618,
    1130550499,
    1316966621,
    697451887,
    838245288,
    1304177693,
    1452560469,
    1626431013,
    308824095,
    368813831,
    2141244289,
    1949025384,
    1242664768,
    1952981563,
    303484431,
    1483825091,
    1805905883,
    1750969085,
    219549471,
    1323112833,
    235519166,
    1832523253,
    662206177,
    2003974925,
    708540906
  ]
}