{
  "mode": "site",
  "rep": 297,
  "ne": 10000,
  "r": 1e-05,
  "mu": [
    1e-07,
    1e-07,
    4.413793103448276e-07,
    4.413793103448276e-07,
    7.827586206896552e-07,
    7.827586206896552e-07,
    1.1241379310344827e-06,
    1.1241379310344827e-06,
    1.4655172413793102e-06,
    1.4655172413793102e-06,
    1.8068965517241377e-06,
    1.8068965517241377e-06,
    2.1482758620689656e-06,
    2.1482758620689656e-06,
    2.489655172413793e-06,
    2.489655172413793e-06,
    2.8310344827586205e-06,
    2.8310344827586205e-06,
    3.172413793103448e-06,
    3.172413793103448e-06,
    3.5137931034482755e-06,
    3.5137931034482755e-06,
    3.855172413793104e-06,
    3.855172413793104e-06,
    4.196551724137931e-06,
    4.196551724137931e-06,
    4.537931034482759e-06,
    4.537931034482759e-06,
    4.879310344827586e-06,
    4.879310344827586e-06,
    5.220689655172414e-06,
    5.220689655172414e-06,
    5.562068965517241e-06,
    5.562068965517241e-06,
    5.903448275862069e-06,
    5.903448275862069e-06,
    6.244827586206896e-06,
    6.244827586206896e-06,
    6.5862068965517236e-06,
    6.5862068965517236e-06,
    6.927586206896551e-06,
    7.268965517241379e-06,
    7.610344827586207e-06,
    7.951724137931034e-06,
    8.293103448275863e-06,
    8.634482758620691e-06,
    8.975862068965518e-06,
    9.317241379310346e-06,
    9.658620689655173e-06,
    1e-05
  ],
  "samples": 500,
  "sequence_length": 50000,
  "seeds": [
    836940745,
    1003632387,
    1767083536,
    576844860,
    1769929368,
    1725868573,
    314866244,
    1775934526,
    1404011644,
    35547297,
    110045039,
    737163919,
    1257712556,
    970218393,
    1475002360,
    247631460,
    157638196,
    1653757803,
    1810433013,
    1082293606,
    1350555911,
    1792823584,
    1512709610,
    618686287,
    844957074,
    1797019859,
    382795751,
    166839194,
    262846562,
    1432944451,
    661043845,
    303162583,
    68130528,
    1275409769,
    1360654564,
    2064575137,
    1883346736,
    559713583,
    406259897,
    1537449024,
    210692648,
    1955084173,
    815353413,
    2012392885,
    1650083061,
    1383238261,
    692550547,
    121521497,
    64491333,
    187810941
  ]
}