{
  "mode": "site",
  "rep": 183,
  "ne": 10000,
  "r": 1e-05,
  "mu": [
    1e-07,
    1e-07,
    4.413793103448276e-07,
    4.413793103448276e-07,
    7.827586206896552e-07,
    7.827586206896552e-07,
    1.1241379310344827e-06,
    1.1241379310344827e-06,
    1.4655172413793102e-06,
    1.4655172413793102e-06,
    1.8068965517241377e-06,
    1.8068965517241377e-06,
    2.1482758620689656e-06,
    2.1482758620689656e-06,
    2.489655172413793e-06,
    2.489655172413793e-06,
    2.8310344827586205e-06,
    2.8310344827586205e-06,
    3.172413793103448e-06,
    3.172413793103448e-06,
    3.5137931034482755e-06,
    3.5137931034482755e-06,
    3.855172413793104e-06,
    3.855172413793104e-06,
    4.196551724137931e-06,
    4.196551724137931e-06,
    4.537931034482759e-06,
    4.537931034482759e-06,
    4.879310344827586e-06,
    4.879310344827586e-06,
    5.220689655172414e-06,
    5.220689655172414e-06,
    5.562068965517241e-06,
    5.562068965517241e-06,
    5.903448275862069e-06,
    5.903448275862069e-06,
    6.244827586206896e-06,
    6.244827586206896e-06,
    6.5862068965517236e-06,
    6.5862068965517236e-06,
    6.927586206896551e-06,
    7.268965517241379e-06,
    7.610344827586207e-06,
    7.951724137931034e-06,
    8.293103448275863e-06,
    8.634482758620691e-06,
    8.975862068965518e-06,
    9.317241379310346e-06,
    9.658620689655173e-06,
    1e-05
  ],
  "samples": 500,
  "sequence_length": 50000,
  "seeds": [
    2020126755,
    1537611628,
    2104634838,
    1386181674,
    1027732304,
    1546803007,
    341026946,
    2117266076,
    1951720334,
    218713919,
    1406483531,
    1629770189,
    1058833813,
    361200634,
    2005076813,
    1479209764,
    938288864,
    470658644,
    1056747716,
    639861785,
    1810370974,
    216939403,
    468988975,
    946951744,
    52134748,
    1237505468,
    126119865,
    1672094731,
    1276464126,
    1148591423,
    1128856546,
    536382974,
    1088251060,
    538606896,
    1677531896,
    1450342065,
    1615445322,
    783160907,
    904064551,
    1323620487,
    2080914215,
    309108649,
    765632556,
    6367405,
    893000975,
    593255627,
    896554321,
    1128637385,
    1608388237,
    675247388
  ]
}