{
  "mode": "site",
  "rep": 128,
  "ne": 10000,
  "r": 1e-05,
  "mu": [
    1e-07,
    4.413793103448276e-07,
    7.827586206896552e-07,
    1.1241379310344827e-06,
    1.4655172413793102e-06,
    1.8068965517241377e-06,
    2.1482758620689656e-06,
    2.489655172413793e-06,
    2.8310344827586205e-06,
    3.172413793103448e-06,
    3.5137931034482755e-06,
    3.5137931034482755e-06,
    3.855172413793104e-06,
    3.855172413793104e-06,
    4.196551724137931e-06,
    4.196551724137931e-06,
    4.537931034482759e-06,
    4.537931034482759e-06,
    4.879310344827586e-06,
    4.879310344827586e-06,
    5.220689655172414e-06,
    5.220689655172414e-06,
    5.562068965517241e-06,
    5.562068965517241e-06,
    5.903448275862069e-06,
    5.903448275862069e-06,
    6.244827586206896e-06,
    6.244827586206896e-06,
    6.5862068965517236e-06,
    6.5862068965517236e-06,
    6.927586206896551e-06,
    6.927586206896551e-06,
    7.268965517241379e-06,
    7.268965517241379e-06,
    7.610344827586207e-06,
    7.610344827586207e-06,
    7.951724137931034e-06,
    7.951724137931034e-06,
    8.293103448275863e-06,
    8.293103448275863e-06,
    8.634482758620691e-06,
    8.634482758620691e-06,
    8.975862068965518e-06,
    8.975862068965518e-06,
    9.317241379310346e-06,
    9.317241379310346e-06,
    9.658620689655173e-06,
    9.658620689655173e-06,
    1e-05,
    1e-05
  ],
  "samples": 500,
  "sequence_length": 10000,
  "seeds": [
    1890973564,
    1710038144,
    151909898,
    1358569277,
    1482806590,
    379409495,
    1866926331,
    1710637922,
    554480810,
    1421280835,
    737899052,
    923387005,
    402647295,
    788754342,
    1566369717,
    903375622,
    684280156,
    2142463695,
    268244864,
    1128103793,
    1248149938,
    993500953,
    178208216,
    1259874016,
    175693300,
    896840591,
    95552433,
    1582063450,
    1749761325,
    806729399,
    1876003573,
    529959177,
    390497947,
    1156625535,
    1327444992,
    1769479982,
    892990634,
    1694705491,
    37595173,
    2011756703,
    207132947,
    1912980341,
    1306269900,
    1251427052,
    1299792630,
    182838253,
    830454687,
    452504814,
    505302303,
    1771926808
  ]
}