{
  "mode": "branch",
  "rep": 841,
  "ne": 10000,
  "r": [
    1e-08,
    1e-08,
    1.820689655172414e-07,
    1.820689655172414e-07,
    3.541379310344828e-07,
    3.541379310344828e-07,
    5.262068965517242e-07,
    5.262068965517242e-07,
    6.982758620689656e-07,
    6.982758620689656e-07,
    8.70344827586207e-07,
    8.70344827586207e-07,
    1.0424137931034483e-06,
    1.0424137931034483e-06,
    1.2144827586206895e-06,
    1.2144827586206895e-06,
    1.386551724137931e-06,
    1.386551724137931e-06,
    1.5586206896551725e-06,
    1.5586206896551725e-06,
    1.7306896551724138e-06,
    1.9027586206896551e-06,
    2.0748275862068966e-06,
    2.246896551724138e-06,
    2.418965517241379e-06,
    2.5910344827586207e-06,
    2.763103448275862e-06,
    2.9351724137931037e-06,
    3.107241379310345e-06,
    3.2793103448275863e-06,
    3.4513793103448278e-06,
    3.4513793103448278e-06,
    3.6234482758620693e-06,
    3.6234482758620693e-06,
    3.7955172413793103e-06,
    3.7955172413793103e-06,
    3.967586206896552e-06,
    3.967586206896552e-06,
    4.139655172413793e-06,
    4.139655172413793e-06,
    4.311724137931034e-06,
    4.311724137931034e-06,
    4.483793103448276e-06,
    4.483793103448276e-06,
    4.655862068965517e-06,
    4.655862068965517e-06,
    4.8279310344827585e-06,
    4.8279310344827585e-06,
    5e-06,
    5e-06
  ],
  "mu": 0,
  "samples": 250,
  "sequence_length": 1000,
  "seeds": [
    47523157,
    1266502255,
    28060596,
    818502939,
    741637986,
    695413138,
    325063877,
    63581232,
    1515040097,
    1574632835,
    756585681,
    102285591,
    1047573314,
    294200579,
    459226663,
    498643196,
    26744086,
    534068456,
    320873011,
    473063689,
    1341382297,
    344742283,
    165595657,
    714637706,
    145110084,
    2013325636,
    585151144,
    705259957,
    622488540,
    1466989985,
    482683572,
    1168449159,
    710752261,
    2006757056,
    987360098,
    1608274072,
    1073682739,
    691253724,
    1323786036,
    463543446,
    1037835640,
    641939584,
    995606432,
    135322835,
    1841933341,
    31914989,
    978316726,
    1137142035,
    1352897881,
    1647003869
  ]
}