{
  "mode": "branch",
  "rep": 1185,
  "ne": 10000,
  "r": [
    1e-08,
    1e-08,
    1.820689655172414e-07,
    1.820689655172414e-07,
    3.541379310344828e-07,
    3.541379310344828e-07,
    5.262068965517242e-07,
    5.262068965517242e-07,
    6.982758620689656e-07,
    6.982758620689656e-07,
    8.70344827586207e-07,
    8.70344827586207e-07,
    1.0424137931034483e-06,
    1.0424137931034483e-06,
    1.2144827586206895e-06,
    1.2144827586206895e-06,
    1.386551724137931e-06,
    1.386551724137931e-06,
    1.5586206896551725e-06,
    1.5586206896551725e-06,
    1.7306896551724138e-06,
    1.7306896551724138e-06,
    1.9027586206896551e-06,
    1.9027586206896551e-06,
    2.0748275862068966e-06,
    2.0748275862068966e-06,
    2.246896551724138e-06,
    2.246896551724138e-06,
    2.418965517241379e-06,
    2.418965517241379e-06,
    2.5910344827586207e-06,
    2.5910344827586207e-06,
    2.763103448275862e-06,
    2.763103448275862e-06,
    2.9351724137931037e-06,
    2.9351724137931037e-06,
    3.107241379310345e-06,
    3.107241379310345e-06,
    3.2793103448275863e-06,
    3.2793103448275863e-06,
    3.4513793103448278e-06,
    3.6234482758620693e-06,
    3.7955172413793103e-06,
    3.967586206896552e-06,
    4.139655172413793e-06,
    4.311724137931034e-06,
    4.483793103448276e-06,
    4.655862068965517e-06,
    4.8279310344827585e-06,
    5e-06
  ],
  "mu": 0,
  "samples": 250,
  "sequence_length": 1000,
  "seeds": [
    1150408975,
    1297448780,
    321078272,
    1493020721,
    874998715,
    1078050045,
    862694084,
    752630114,
    378027777,
    53580071,
    1881762844,
    371877983,
    924615247,
    78299865,
    1423368778,
    1820468136,
    1447614821,
    1521385119,
    1256382107,
    490834477,
    1558365715,
    2007429342,
    1779122353,
    1855604588,
    1873911865,
    312402421,
    374512220,
    535095408,
    1412671585,
    957807062,
    677799283,
    997262920,
    644629220,
    993707140,
    766336388,
    1280888315,
    520679400,
    1068220758,
    350545100,
    1589221799,
    1348165173,
    1538518047,
    1272489382,
    2073093488,
    252475688,
    544382976,
    404208331,
    348273582,
    1315084275,
    1323098192
  ]
}