{
  "mode": "site",
  "rep": 447,
  "ne": 10000,
  "r": 1e-05,
  "mu": [
    1e-07,
    1e-07,
    4.413793103448276e-07,
    4.413793103448276e-07,
    7.827586206896552e-07,
    7.827586206896552e-07,
    1.1241379310344827e-06,
    1.1241379310344827e-06,
    1.4655172413793102e-06,
    1.4655172413793102e-06,
    1.8068965517241377e-06,
    1.8068965517241377e-06,
    2.1482758620689656e-06,
    2.1482758620689656e-06,
    2.489655172413793e-06,
    2.489655172413793e-06,
    2.8310344827586205e-06,
    2.8310344827586205e-06,
    3.172413793103448e-06,
    3.172413793103448e-06,
    3.5137931034482755e-06,
    3.5137931034482755e-06,
    3.855172413793104e-06,
    3.855172413793104e-06,
    4.196551724137931e-06,
    4.196551724137931e-06,
    4.537931034482759e-06,
    4.537931034482759e-06,
    4.879310344827586e-06,
    4.879310344827586e-06,
    5.220689655172414e-06,
    5.220689655172414e-06,
    5.562068965517241e-06,
    5.562068965517241e-06,
    5.903448275862069e-06,
    5.903448275862069e-06,
    6.244827586206896e-06,
    6.244827586206896e-06,
    6.5862068965517236e-06,
    6.5862068965517236e-06,
    6.927586206896551e-06,
    7.268965517241379e-06,
    7.610344827586207e-06,
    7.951724137931034e-06,
    8.293103448275863e-06,
    8.634482758620691e-06,
    8.975862068965518e-06,
    9.317241379310346e-06,
    9.658620689655173e-06,
    1e-05
  ],
  "samples": 500,
  "sequence_length": 50000,
  "seeds": [
    932948215,
    909200311,
    472900181,
    879136071,
    1639710680,
    1047197666,
    2007989792,
    2004812956,
    2137814873,
    1539796161,
    185223357,
    1427652891,
    1094004489,
    512541700,
    1633439560,
    1687164966,
    572653149,
    790177790,
    129822205,
    917171888,
    661535455,
    1249369432,
    136898895,
    1346370656,
    1608623795,
    1092527500,
    247276190,
    184246753,
    293127514,
    2114674981,
    326856925,
    226745247,
    1302492066,
    808495624,
    1684070138,
    414703628,
    363980664,
    681701502,
    1795220763,
    103573686,
    118717593,
    169872793,
    888345911,
    1263447895,
    370022112,
    1855820938,
    1498918971,
    1140598832,
    1388410728,
    921174929
  ]
}