{
  "mode": "site",
  "rep": 138,
  "ne": 10000,
  "r": 1e-05,
  "mu": [
    1e-07,
    1e-07,
    4.413793103448276e-07,
    4.413793103448276e-07,
    7.827586206896552e-07,
    7.827586206896552e-07,
    1.1241379310344827e-06,
    1.1241379310344827e-06,
    1.4655172413793102e-06,
    1.4655172413793102e-06,
    1.8068965517241377e-06,
    1.8068965517241377e-06,
    2.1482758620689656e-06,
    2.1482758620689656e-06,
    2.489655172413793e-06,
    2.489655172413793e-06,
    2.8310344827586205e-06,
    2.8310344827586205e-06,
    3.172413793103448e-06,
    3.172413793103448e-06,
    3.5137931034482755e-06,
    3.5137931034482755e-06,
    3.855172413793104e-06,
    3.855172413793104e-06,
    4.196551724137931e-06,
    4.196551724137931e-06,
    4.537931034482759e-06,
    4.537931034482759e-06,
    4.879310344827586e-06,
    4.879310344827586e-06,
    5.220689655172414e-06,
    5.220689655172414e-06,
    5.562068965517241e-06,
    5.562068965517241e-06,
    5.903448275862069e-06,
    5.903448275862069e-06,
    6.244827586206896e-06,
    6.244827586206896e-06,
    6.5862068965517236e-06,
    6.5862068965517236e-06,
    6.927586206896551e-06,
    7.268965517241379e-06,
    7.610344827586207e-06,
    7.951724137931034e-06,
    8.293103448275863e-06,
    8.634482758620691e-06,
    8.975862068965518e-06,
    9.317241379310346e-06,
    9.658620689655173e-06,
    1e-05
  ],
  "samples": 500,
  "sequence_length": 10000,
  "seeds": [
    1169132362,
    1287495661,
    1464577841,
    659692193,
    1437833942,
    1475653215,
    1639035135,
    1923362532,
    547066772,
    1736962867,
    1998594867,
    1506062705,
    1164050411,
    1953263907,
    901692458,
    915304825,
    334286463,
    1994937697,
    615484949,
    2127584724,
    607429601,
    88099399,
    1019907144,
    276063760,
    371012965,
    107328432,
    637352903,
    1448210129,
    189144326,
    710204436,
    626321264,
    557808877,
    1503744491,
    467297479,
    1932894635,
    893058113,
    1476515804,
    851153369,
    1573966192,
    1209560903,
    242989682,
    1756114468,
    1419976634,
    1298322960,
    1914170767,
    217833457,
    1062218652,
    2005716404,
    259782542,
    231628153
  ]
}