{
  "mode": "site",
  "rep": 126,
  "ne": 10000,
  "r": 1e-05,
  "mu": [
    1e-07,
    1e-07,
    4.413793103448276e-07,
    4.413793103448276e-07,
    7.827586206896552e-07,
    7.827586206896552e-07,
    1.1241379310344827e-06,
    1.1241379310344827e-06,
    1.4655172413793102e-06,
    1.4655172413793102e-06,
    1.8068965517241377e-06,
    1.8068965517241377e-06,
    2.1482758620689656e-06,
    2.1482758620689656e-06,
    2.489655172413793e-06,
    2.489655172413793e-06,
    2.8310344827586205e-06,
    2.8310344827586205e-06,
    3.172413793103448e-06,
    3.172413793103448e-06,
    3.5137931034482755e-06,
    3.5137931034482755e-06,
    3.855172413793104e-06,
    3.855172413793104e-06,
    4.196551724137931e-06,
    4.196551724137931e-06,
    4.537931034482759e-06,
    4.537931034482759e-06,
    4.879310344827586e-06,
    4.879310344827586e-06,
    5.220689655172414e-06,
    5.220689655172414e-06,
    5.562068965517241e-06,
    5.562068965517241e-06,
    5.903448275862069e-06,
    5.903448275862069e-06,
    6.244827586206896e-06,
    6.244827586206896e-06,
    6.5862068965517236e-06,
    6.5862068965517236e-06,
    6.927586206896551e-06,
    7.268965517241379e-06,
    7.610344827586207e-06,
    7.951724137931034e-06,
    8.293103448275863e-06,
    8.634482758620691e-06,
    8.975862068965518e-06,
    9.317241379310346e-06,
    9.658620689655173e-06,
    1e-05
  ],
  "samples": 500,
  "sequence_length": 10000,
  "seeds": [
    2006135670,
    447654216,
    2114565532,
    1467546586,
    1517972891,
    1386122643,
    382092925,
    1854144765,
    1127537601,
    24554908,
    837281678,
    1327035871,
    1739892583,
    857309804,
    1615500817,
    205233675,
    2093596726,
    724534099,
    1020996916,
    880527167,
    530638520,
    1259379173,
    1679867409,
    620239980,
    868138576,
    1361460098,
    769696690,
    1501896681,
    1607407503,
    2057021078,
    1744226154,
    573126473,
    1688547470,
    519057519,
    113743315,
    1257282245,
    87535530,
    826523232,
    1176675422,
    1845208061,
    251506789,
    1437913367,
    1823427114,
    331157253,
    10276256,
    1045532423,
    1196459951,
    1915386984,
    303026421,
    2145419463
  ]
}