{
  "mode": "site",
  "rep": 580,
  "ne": 10000,
  "r": 1e-05,
  "mu": [
    1e-07,
    1e-07,
    4.413793103448276e-07,
    4.413793103448276e-07,
    7.827586206896552e-07,
    7.827586206896552e-07,
    1.1241379310344827e-06,
    1.1241379310344827e-06,
    1.4655172413793102e-06,
    1.4655172413793102e-06,
    1.8068965517241377e-06,
    1.8068965517241377e-06,
    2.1482758620689656e-06,
    2.1482758620689656e-06,
    2.489655172413793e-06,
    2.489655172413793e-06,
    2.8310344827586205e-06,
    2.8310344827586205e-06,
    3.172413793103448e-06,
    3.172413793103448e-06,
    3.5137931034482755e-06,
    3.855172413793104e-06,
    4.196551724137931e-06,
    4.537931034482759e-06,
    4.879310344827586e-06,
    5.220689655172414e-06,
    5.562068965517241e-06,
    5.903448275862069e-06,
    6.244827586206896e-06,
    6.5862068965517236e-06,
    6.927586206896551e-06,
    6.927586206896551e-06,
    7.268965517241379e-06,
    7.268965517241379e-06,
    7.610344827586207e-06,
    7.610344827586207e-06,
    7.951724137931034e-06,
    7.951724137931034e-06,
    8.293103448275863e-06,
    8.293103448275863e-06,
    8.634482758620691e-06,
    8.634482758620691e-06,
    8.975862068965518e-06,
    8.975862068965518e-06,
    9.317241379310346e-06,
    9.317241379310346e-06,
    9.658620689655173e-06,
    9.658620689655173e-06,
    1e-05,
    1e-05
  ],
  "samples": 500,
  "sequence_length": 50000,
  "seeds": [
    567524610,
    838255200,
    2021492477,
    1684043351,
    1276806719,
    111641869,
    582751604,
    1827326210,
    1798971249,
    1239138622,
    781542503,
    2105055995,
    524262391,
    9973937,
    644485744,
    851491667,
    1356587937,
    1870967821,
    950471501,
    1386712336,
    2086452563,
    680575600,
    1187768373,
    1183626509,
    1193348097,
    816948430,
    487324042,
    948186929,
    1985236418,
    766259097,
    1304215908,
    1648239357,
    1933481843,
    1300353889,
    1054274919,
    570408080,
    1288234416,
    301457072,
    1991683298,
    1255399395,
    325896417,
    1756852652,
    1357914318,
    1858808931,
    688199947,
    577955332,
    1537089877,
    421995082,
    1057662876,
    1430300804
  ]
}