{
  "mode": "site",
  "rep": 504,
  "ne": 10000,
  "r": 1e-05,
  "mu": [
    1e-07,
    1e-07,
    4.413793103448276e-07,
    4.413793103448276e-07,
    7.827586206896552e-07,
    7.827586206896552e-07,
    1.1241379310344827e-06,
    1.1241379310344827e-06,
    1.4655172413793102e-06,
    1.4655172413793102e-06,
    1.8068965517241377e-06,
    1.8068965517241377e-06,
    2.1482758620689656e-06,
    2.1482758620689656e-06,
    2.489655172413793e-06,
    2.489655172413793e-06,
    2.8310344827586205e-06,
    2.8310344827586205e-06,
    3.172413793103448e-06,
    3.172413793103448e-06,
    3.5137931034482755e-06,
    3.5137931034482755e-06,
    3.855172413793104e-06,
    3.855172413793104e-06,
    4.196551724137931e-06,
    4.196551724137931e-06,
    4.537931034482759e-06,
    4.537931034482759e-06,
    4.879310344827586e-06,
    4.879310344827586e-06,
    5.220689655172414e-06,
    5.220689655172414e-06,
    5.562068965517241e-06,
    5.562068965517241e-06,
    5.903448275862069e-06,
    5.903448275862069e-06,
    6.244827586206896e-06,
    6.244827586206896e-06,
    6.5862068965517236e-06,
    6.5862068965517236e-06,
    6.927586206896551e-06,
    7.268965517241379e-06,
    7.610344827586207e-06,
    7.951724137931034e-06,
    8.293103448275863e-06,
    8.634482758620691e-06,
    8.975862068965518e-06,
    9.317241379310346e-06,
    9.658620689655173e-06,
    1e-05
  ],
  "samples": 500,
  "sequence_length": 10000,
  "seeds": [
    1207514109,
    430161232,
    777876910,
    1112734536,
    1922725284,
    802651161,
    346490763,
    1477230525,
    229971515,
    814606205,
    1067759122,
    129425800,
    247740599,
    753774714,
    667195921,
    360554524,
    1058637133,
    1918114931,
    1059775172,
    791376721,
    635881744,
    348514249,
    1056357223,
    1611107765,
    499018208,
    653899432,
    2077040725,
    466717779,
    1726008635,
    1743214012,
    835071594,
    170389686,
    297018277,
    854918852,
    860105678,
    1408585369,
    526280768,
    1147030484,
    624111351,
    688091195,
    129130245,
    1434888118,
    675516856,
    1804497970,
    1367154033,
    436404188,
    808735542,
    967343100,
    863412352,
    805436582
  ]
}