{
  "mode": "branch",
  "rep": 650,
  "ne": 10000,
  "r": [
    1e-08,
    1.820689655172414e-07,
    3.541379310344828e-07,
    5.262068965517242e-07,
    6.982758620689656e-07,
    8.70344827586207e-07,
    1.0424137931034483e-06,
    1.2144827586206895e-06,
    1.386551724137931e-06,
    1.5586206896551725e-06,
    1.7306896551724138e-06,
    1.7306896551724138e-06,
    1.9027586206896551e-06,
    1.9027586206896551e-06,
    2.0748275862068966e-06,
    2.0748275862068966e-06,
    2.246896551724138e-06,
    2.246896551724138e-06,
    2.418965517241379e-06,
    2.418965517241379e-06,
    2.5910344827586207e-06,
    2.5910344827586207e-06,
    2.763103448275862e-06,
    2.763103448275862e-06,
    2.9351724137931037e-06,
    2.9351724137931037e-06,
    3.107241379310345e-06,
    3.107241379310345e-06,
    3.2793103448275863e-06,
    3.2793103448275863e-06,
    3.4513793103448278e-06,
    3.4513793103448278e-06,
    3.6234482758620693e-06,
    3.6234482758620693e-06,
    3.7955172413793103e-06,
    3.7955172413793103e-06,
    3.967586206896552e-06,
    3.967586206896552e-06,
    4.139655172413793e-06,
    4.139655172413793e-06,
    4.311724137931034e-06,
    4.311724137931034e-06,
    4.483793103448276e-06,
    4.483793103448276e-06,
    4.655862068965517e-06,
    4.655862068965517e-06,
    4.8279310344827585e-06,
    4.8279310344827585e-06,
    5e-06,
    5e-06
  ],
  "mu": 0,
  "samples": 250,
  "sequence_length": 1000,
  "seeds": [
    919595159,
    1633361780,
    432176364,
    1927753885,
    305355993,
    1221886078,
    940124057,
    1416988117,
    461320802,
    2017953427,
    342891232,
    548651994,
    1649365246,
    1470240985,
    1242007965,
    1499884032,
    30731904,
    533403620,
    1854187194,
    1400347233,
    352102551,
    400854522,
    1272211865,
    1448196393,
    525063158,
    99152007,
    1309805737,
    1857433705,
    1440080034,
    276880885,
    2026610447,
    1516379297,
    987059258,
    276274491,
    659083672,
    1723233157,
    1504240064,
    430551999,
    174474300,
    414589849,
    1875752410,
    1515426090,
    1706117038,
    334004267,
    1766235878,
    970340272,
    1868464944,
    786972470,
    1749989695,
    1704904485
  ]
}