{
  "mode": "branch",
  "rep": 766,
  "ne": 10000,
  "r": [
    1e-08,
    1e-08,
    1.820689655172414e-07,
    1.820689655172414e-07,
    3.541379310344828e-07,
    3.541379310344828e-07,
    5.262068965517242e-07,
    5.262068965517242e-07,
    6.982758620689656e-07,
    6.982758620689656e-07,
    8.70344827586207e-07,
    8.70344827586207e-07,
    1.0424137931034483e-06,
    1.0424137931034483e-06,
    1.2144827586206895e-06,
    1.2144827586206895e-06,
    1.386551724137931e-06,
    1.386551724137931e-06,
    1.5586206896551725e-06,
    1.5586206896551725e-06,
    1.7306896551724138e-06,
    1.9027586206896551e-06,
    2.0748275862068966e-06,
    2.246896551724138e-06,
    2.418965517241379e-06,
    2.5910344827586207e-06,
    2.763103448275862e-06,
    2.9351724137931037e-06,
    3.107241379310345e-06,
    3.2793103448275863e-06,
    3.4513793103448278e-06,
    3.4513793103448278e-06,
    3.6234482758620693e-06,
    3.6234482758620693e-06,
    3.7955172413793103e-06,
    3.7955172413793103e-06,
    3.967586206896552e-06,
    3.967586206896552e-06,
    4.139655172413793e-06,
    4.139655172413793e-06,
    4.311724137931034e-06,
    4.311724137931034e-06,
    4.483793103448276e-06,
    4.483793103448276e-06,
    4.655862068965517e-06,
    4.655862068965517e-06,
    4.8279310344827585e-06,
    4.8279310344827585e-06,
    5e-06,
    5e-06
  ],
  "mu": 0,
  "samples": 250,
  "sequence_length": 1000,
  "seeds": [
    520372842,
    792163367,
    1301279257,
    981312520,
    507780313,
    1592916463,
    858051977,
    1335201404,
    1482476839,
    1988735035,
    22311870,
    751646951,
    186975033,
    1639070972,
    1833277969,
    191349598,
    665877076,
    1311319609,
    186738575,
    350291792,
    1523006358,
    1590170113,
    412021221,
    1173576686,
    1089068755,
    132366063,
    1566464938,
    289853400,
    479127856,
    1158916127,
    1038811178,
    654236780,
    1526527020,
    1494847328,
    1593920366,
    37713755,
    217283980,
    542688820,
    1052624198,
    449023775,
    927249222,
    753839661,
    1765551669,
    134170023,
    868385858,
    424395302,
    944824304,
    329463989,
    428075222,
    491730189
  ]
}