{
  "mode": "branch",
  "rep": 753,
  "ne": 10000,
  "r": [
    1e-08,
    1e-08,
    1.820689655172414e-07,
    1.820689655172414e-07,
    3.541379310344828e-07,
    3.541379310344828e-07,
    5.262068965517242e-07,
    5.262068965517242e-07,
    6.982758620689656e-07,
    6.982758620689656e-07,
    8.70344827586207e-07,
    8.70344827586207e-07,
    1.0424137931034483e-06,
    1.0424137931034483e-06,
    1.2144827586206895e-06,
    1.2144827586206895e-06,
    1.386551724137931e-06,
    1.386551724137931e-06,
    1.5586206896551725e-06,
    1.5586206896551725e-06,
    1.7306896551724138e-06,
    1.7306896551724138e-06,
    1.9027586206896551e-06,
    1.9027586206896551e-06,
    2.0748275862068966e-06,
    2.0748275862068966e-06,
    2.246896551724138e-06,
    2.246896551724138e-06,
    2.418965517241379e-06,
    2.418965517241379e-06,
    2.5910344827586207e-06,
    2.5910344827586207e-06,
    2.763103448275862e-06,
    2.763103448275862e-06,
    2.9351724137931037e-06,
    2.9351724137931037e-06,
    3.107241379310345e-06,
    3.107241379310345e-06,
    3.2793103448275863e-06,
    3.2793103448275863e-06,
    3.4513793103448278e-06,
    3.6234482758620693e-06,
    3.7955172413793103e-06,
    3.967586206896552e-06,
    4.139655172413793e-06,
    4.311724137931034e-06,
    4.483793103448276e-06,
    4.655862068965517e-06,
    4.8279310344827585e-06,
    5e-06
  ],
  "mu": 0,
  "samples": 250,
  "sequence_length": 1000,
  "seeds": [
    1784974107,
    1931970549,
    2022965686,
    416098536,
    858798846,
    951354839,
    863424296,
    1647939060,
    1517148148,
    569082524,
    2068689259,
    298429245,
    48588217,
    1960766352,
    1442702180,
    851244738,
    171963531,
    1796791813,
    715374361,
    1715071690,
    1192142821,
    1198084388,
    458317921,
    682470315,
    296745788,
    1044694367,
    1855003639,
    1895685217,
    782129646,
    36979859,
    334742254,
    926514605,
    26042327,
    5599863,
    1175008469,
    1738724959,
    1255446743,
    334663087,
    1466361767,
    82942213,
    1926311697,
    477154819,
    595765234,
    1395741044,
    1042299013,
    340613190,
    417938603,
    1880779850,
    1633928085,
    2079748875
  ]
}