{
  "mode": "site",
  "rep": 203,
  "ne": 10000,
  "r": 1e-05,
  "mu": [
    1e-07,
    4.413793103448276e-07,
    7.827586206896552e-07,
    1.1241379310344827e-06,
    1.4655172413793102e-06,
    1.8068965517241377e-06,
    2.1482758620689656e-06,
    2.489655172413793e-06,
    2.8310344827586205e-06,
    3.172413793103448e-06,
    3.5137931034482755e-06,
    3.5137931034482755e-06,
    3.855172413793104e-06,
    3.855172413793104e-06,
    4.196551724137931e-06,
    4.196551724137931e-06,
    4.537931034482759e-06,
    4.537931034482759e-06,
    4.879310344827586e-06,
    4.879310344827586e-06,
    5.220689655172414e-06,
    5.220689655172414e-06,
    5.562068965517241e-06,
    5.562068965517241e-06,
    5.903448275862069e-06,
    5.903448275862069e-06,
    6.244827586206896e-06,
    6.244827586206896e-06,
    6.5862068965517236e-06,
    6.5862068965517236e-06,
    6.927586206896551e-06,
    6.927586206896551e-06,
    7.268965517241379e-06,
    7.268965517241379e-06,
    7.610344827586207e-06,
    7.610344827586207e-06,
    7.951724137931034e-06,
    7.951724137931034e-06,
    8.293103448275863e-06,
    8.293103448275863e-06,
    8.634482758620691e-06,
    8.634482758620691e-06,
    8.975862068965518e-06,
    8.975862068965518e-06,
    9.317241379310346e-06,
    9.317241379310346e-06,
    9.658620689655173e-06,
    9.658620689655173e-06,
    1e-05,
    1e-05
  ],
  "samples": 500,
  "sequence_length": 50000,
  "seeds": [
    373774335,
    1573007772,
    690691857,
    1218931300,
    1453698637,
    1666875194,
    2059967734,
    1138565312,
    774312628,
    932235992,
    1503910863,
    724662629,
    126644300,
    570884270,
    1563666298,
    1761551523,
    1479182727,
    515204417,
    121937988,
    613101216,
    738415775,
    374451286,
    754849228,
    1615736251,
    1581152661,
    1089462691,
    970951746,
    248698595,
    208755816,
    1871867443,
    562237308,
    485068665,
    86334472,
    1699043919,
    1248138361,
    1802650045,
    222448813,
    381516948,
    957111135,
    308252176,
    2093858382,
    567117212,
    1985026587,
    1642428696,
    1805733042,
    36265042,
    834436738,
    1211560425,
    1820079785,
    1251807212
  ]
}