{
  "mode": "site",
  "rep": 204,
  "ne": 10000,
  "r": 1e-05,
  "mu": [
    1e-07,
    1e-07,
    4.413793103448276e-07,
    4.413793103448276e-07,
    7.827586206896552e-07,
    7.827586206896552e-07,
    1.1241379310344827e-06,
    1.1241379310344827e-06,
    1.4655172413793102e-06,
    1.4655172413793102e-06,
    1.8068965517241377e-06,
    1.8068965517241377e-06,
    2.1482758620689656e-06,
    2.1482758620689656e-06,
    2.489655172413793e-06,
    2.489655172413793e-06,
    2.8310344827586205e-06,
    2.8310344827586205e-06,
    3.172413793103448e-06,
    3.172413793103448e-06,
    3.5137931034482755e-06,
    3.5137931034482755e-06,
    3.855172413793104e-06,
    3.855172413793104e-06,
    4.196551724137931e-06,
    4.196551724137931e-06,
    4.537931034482759e-06,
    4.537931034482759e-06,
    4.879310344827586e-06,
    4.879310344827586e-06,
    5.220689655172414e-06,
    5.220689655172414e-06,
    5.562068965517241e-06,
    5.562068965517241e-06,
    5.903448275862069e-06,
    5.903448275862069e-06,
    6.244827586206896e-06,
    6.244827586206896e-06,
    6.5862068965517236e-06,
    6.5862068965517236e-06,
    6.927586206896551e-06,
    7.268965517241379e-06,
    7.610344827586207e-06,
    7.951724137931034e-06,
    8.293103448275863e-06,
    8.634482758620691e-06,
    8.975862068965518e-06,
    9.317241379310346e-06,
    9.658620689655173e-06,
    1e-05
  ],
  "samples": 500,
  "sequence_length": 10000,
  "seeds": [
    780239969,
    1277961795,
    421476612,
    1228027534,
    1574000955,
    666821340,
    2103447092,
    727738549,
    1401001633,
    468994171,
    815430863,
    1968837008,
    256026801,
    1035333634,
    1572460589,
    824552918,
    1563140250,
    1760932035,
    561064657,
    1711688266,
    1137791966,
    378273132,
    830015498,
    1995311464,
    1913374531,
    2101750731,
    1148136924,
    196434793,
    529581746,
    790013757,
    770453922,
    1760957262,
    1466528160,
    914339160,
    570096752,
    1089931781,
    828431242,
    583286733,
    1971986632,
    1812172777,
    561529495,
    1913407910,
    1321423434,
    1181134357,
    1125952425,
    386996366,
    2135979227,
    70836041,
    1235754356,
    499479225
  ]
}