{
  "mode": "site",
  "rep": 172,
  "ne": 10000,
  "r": 1e-05,
  "mu": [
    1e-07,
    1e-07,
    4.413793103448276e-07,
    4.413793103448276e-07,
    7.827586206896552e-07,
    7.827586206896552e-07,
    1.1241379310344827e-06,
    1.1241379310344827e-06,
    1.4655172413793102e-06,
    1.4655172413793102e-06,
    1.8068965517241377e-06,
    1.8068965517241377e-06,
    2.1482758620689656e-06,
    2.1482758620689656e-06,
    2.489655172413793e-06,
    2.489655172413793e-06,
    2.8310344827586205e-06,
    2.8310344827586205e-06,
    3.172413793103448e-06,
    3.172413793103448e-06,
    3.5137931034482755e-06,
    3.855172413793104e-06,
    4.196551724137931e-06,
    4.537931034482759e-06,
    4.879310344827586e-06,
    5.220689655172414e-06,
    5.562068965517241e-06,
    5.903448275862069e-06,
    6.244827586206896e-06,
    6.5862068965517236e-06,
    6.927586206896551e-06,
    6.927586206896551e-06,
    7.268965517241379e-06,
    7.268965517241379e-06,
    7.610344827586207e-06,
    7.610344827586207e-06,
    7.951724137931034e-06,
    7.951724137931034e-06,
    8.293103448275863e-06,
    8.293103448275863e-06,
    8.634482758620691e-06,
    8.634482758620691e-06,
    8.975862068965518e-06,
    8.975862068965518e-06,
    9.317241379310346e-06,
    9.317241379310346e-06,
    9.658620689655173e-06,
    9.658620689655173e-06,
    1e-05,
    1e-05
  ],
  "samples": 500,
  "sequence_length": 10000,
  "seeds": [
    197133385,
    841563728,
    2072856480,
    225756332,
    342686811,
    249992346,
    610962504,
    851278969,
    2143098263,
    1220285867,
    1519067750,
    1459378004,
    1201083889,
    716965489,
    1057143270,
    1211947631,
    975904738,
    2128996201,
    1985884363,
    45212015,
    1990526435,
    1996816183,
    1009002292,
    1243460298,
    1501536385,
    603047780,
    387454210,
    1587639200,
    960299745,
    2006982037,
    455747136,
    399300160,
    1475466101,
    1135327408,
    641391360,
    721821436,
    1705947776,
    1434550546,
    732697088,
    670450737,
    90689269,
    1628651685,
    1041866332,
    1986996475,
    1462811517,
    1305094626,
    1810654756,
    1016819811,
    715755467,
    407146190
  ]
}