{
  "mode": "branch",
  "rep": 1083,
  "ne": 10000,
  "r": [
    1e-08,
    1e-08,
    1.820689655172414e-07,
    1.820689655172414e-07,
    3.541379310344828e-07,
    3.541379310344828e-07,
    5.262068965517242e-07,
    5.262068965517242e-07,
    6.982758620689656e-07,
    6.982758620689656e-07,
    8.70344827586207e-07,
    8.70344827586207e-07,
    1.0424137931034483e-06,
    1.0424137931034483e-06,
    1.2144827586206895e-06,
    1.2144827586206895e-06,
    1.386551724137931e-06,
    1.386551724137931e-06,
    1.5586206896551725e-06,
    1.5586206896551725e-06,
    1.7306896551724138e-06,
    1.7306896551724138e-06,
    1.9027586206896551e-06,
    1.9027586206896551e-06,
    2.0748275862068966e-06,
    2.0748275862068966e-06,
    2.246896551724138e-06,
    2.246896551724138e-06,
    2.418965517241379e-06,
    2.418965517241379e-06,
    2.5910344827586207e-06,
    2.5910344827586207e-06,
    2.763103448275862e-06,
    2.763103448275862e-06,
    2.9351724137931037e-06,
    2.9351724137931037e-06,
    3.107241379310345e-06,
    3.107241379310345e-06,
    3.2793103448275863e-06,
    3.2793103448275863e-06,
    3.4513793103448278e-06,
    3.6234482758620693e-06,
    3.7955172413793103e-06,
    3.967586206896552e-06,
    4.139655172413793e-06,
    4.311724137931034e-06,
    4.483793103448276e-06,
    4.655862068965517e-06,
    4.8279310344827585e-06,
    5e-06
  ],
  "mu": 0,
  "samples": 250,
  "sequence_length": 1000,
  "seeds": [
    1572472783,
    1379171136,
    1336593225,
    484749916,
    715226457,
    1083193131,
    409924055,
    1605374532,
    1853978153,
    683400261,
    1701416876,
    1474635819,
    1729095814,
    1590588331,
    1594084243,
    742105459,
    652514172,
    230670673,
    318937675,
    933701158,
    860319705,
    144882987,
    1610212709,
    1142086385,
    29851091,
    275944348,
    1641979378,
    1977671926,
    2037479768,
    1396149292,
    2144303946,
    1684492077,
    1596499340,
    1429924281,
    18355569,
    1029668778,
    1868229880,
    893624032,
    572070568,
    360682200,
    205891295,
    1334874061,
    1061397387,
    769636329,
    179424341,
    69901694,
    1568718884,
    1262826880,
    1802335411,
    1761832151
  ]
}