{
  "mode": "branch",
  "rep": 722,
  "ne": 10000,
  "r": [
    1e-08,
    1.820689655172414e-07,
    3.541379310344828e-07,
    5.262068965517242e-07,
    6.982758620689656e-07,
    8.70344827586207e-07,
    1.0424137931034483e-06,
    1.2144827586206895e-06,
    1.386551724137931e-06,
    1.5586206896551725e-06,
    1.7306896551724138e-06,
    1.7306896551724138e-06,
    1.9027586206896551e-06,
    1.9027586206896551e-06,
    2.0748275862068966e-06,
    2.0748275862068966e-06,
    2.246896551724138e-06,
    2.246896551724138e-06,
    2.418965517241379e-06,
    2.418965517241379e-06,
    2.5910344827586207e-06,
    2.5910344827586207e-06,
    2.763103448275862e-06,
    2.763103448275862e-06,
    2.9351724137931037e-06,
    2.9351724137931037e-06,
    3.107241379310345e-06,
    3.107241379310345e-06,
    3.2793103448275863e-06,
    3.2793103448275863e-06,
    3.4513793103448278e-06,
    3.4513793103448278e-06,
    3.6234482758620693e-06,
    3.6234482758620693e-06,
    3.7955172413793103e-06,
    3.7955172413793103e-06,
    3.967586206896552e-06,
    3.967586206896552e-06,
    4.139655172413793e-06,
    4.139655172413793e-06,
    4.311724137931034e-06,
    4.311724137931034e-06,
    4.483793103448276e-06,
    4.483793103448276e-06,
    4.655862068965517e-06,
    4.655862068965517e-06,
    4.8279310344827585e-06,
    4.8279310344827585e-06,
    5e-06,
    5e-06
  ],
  "mu": 0,
  "samples": 250,
  "sequence_length": 1000,
  "seeds": [
    1526702458,
    180227234,
    655456942,
    1930009111,
    1904634885,
    1196860542,
    1160847056,
    1099287051,
    657805840,
    1729745731,
    1433718699,
    1089572077,
    629677865,
    485874456,
    542678109,
    1261229387,
    1195390114,
    1176643675,
    1506274612,
    523324522,
    122963357,
    509248546,
    524033505,
    1346933040,
    1032890605,
    778134053,
    202141880,
    1671496477,
    42996841,
    1902548158,
    728044647,
    156756501,
    91950858,
    1612527130,
    1566664334,
    1841868594,
    1656794630,
    296680382,
    1939306804,
    931245570,
    1064984839,
    1464353045,
    1125230,
    349199846,
    159669634,
    621226406,
    2145561290,
    1936661138,
    1499103426,
    825915696
  ]
}