{
  "mode": "site",
  "rep": 387,
  "ne": 10000,
  "r": 1e-05,
  "mu": [
    1e-07,
    1e-07,
    4.413793103448276e-07,
    4.413793103448276e-07,
    7.827586206896552e-07,
    7.827586206896552e-07,
    1.1241379310344827e-06,
    1.1241379310344827e-06,
    1.4655172413793102e-06,
    1.4655172413793102e-06,
    1.8068965517241377e-06,
    1.8068965517241377e-06,
    2.1482758620689656e-06,
    2.1482758620689656e-06,
    2.489655172413793e-06,
    2.489655172413793e-06,
    2.8310344827586205e-06,
    2.8310344827586205e-06,
    3.172413793103448e-06,
    3.172413793103448e-06,
    3.5137931034482755e-06,
    3.5137931034482755e-06,
    3.855172413793104e-06,
    3.855172413793104e-06,
    4.196551724137931e-06,
    4.196551724137931e-06,
    4.537931034482759e-06,
    4.537931034482759e-06,
    4.879310344827586e-06,
    4.879310344827586e-06,
    5.220689655172414e-06,
    5.220689655172414e-06,
    5.562068965517241e-06,
    5.562068965517241e-06,
    5.903448275862069e-06,
    5.903448275862069e-06,
    6.244827586206896e-06,
    6.244827586206896e-06,
    6.5862068965517236e-06,
    6.5862068965517236e-06,
    6.927586206896551e-06,
    7.268965517241379e-06,
    7.610344827586207e-06,
    7.951724137931034e-06,
    8.293103448275863e-06,
    8.634482758620691e-06,
    8.975862068965518e-06,
    9.317241379310346e-06,
    9.658620689655173e-06,
    1e-05
  ],
  "samples": 500,
  "sequence_length": 10000,
  "seeds": [
    1269018983,
    1026395225,
    1913850133,
    1760871299,
    1488465245,
    499382410,
    242282811,
    799158903,
    212819187,
    315015788,
    1092498944,
    1204609270,
    424390659,
    354170029,
    412464893,
    1732376837,
    1734301649,
    2062870125,
    834134557,
    1426819367,
    288795723,
    1439690792,
    1087219093,
    754040120,
    1474163135,
    91284771,
    215875943,
    490400685,
    343111838,
    999665381,
    488517788,
    2050374337,
    1846019946,
    1999022018,
    1422430345,
    34738376,
    128816465,
    1371828043,
    40403406,
    433578369,
    2140262799,
    1199479713,
    819228759,
    1256989000,
    139917764,
    870471770,
    659081627,
    1239847440,
    22967545,
    1812382366
  ]
}