{
  "mode": "branch",
  "rep": 788,
  "ne": 10000,
  "r": [
    1e-08,
    1.820689655172414e-07,
    3.541379310344828e-07,
    5.262068965517242e-07,
    6.982758620689656e-07,
    8.70344827586207e-07,
    1.0424137931034483e-06,
    1.2144827586206895e-06,
    1.386551724137931e-06,
    1.5586206896551725e-06,
    1.7306896551724138e-06,
    1.7306896551724138e-06,
    1.9027586206896551e-06,
    1.9027586206896551e-06,
    2.0748275862068966e-06,
    2.0748275862068966e-06,
    2.246896551724138e-06,
    2.246896551724138e-06,
    2.418965517241379e-06,
    2.418965517241379e-06,
    2.5910344827586207e-06,
    2.5910344827586207e-06,
    2.763103448275862e-06,
    2.763103448275862e-06,
    2.9351724137931037e-06,
    2.9351724137931037e-06,
    3.107241379310345e-06,
    3.107241379310345e-06,
    3.2793103448275863e-06,
    3.2793103448275863e-06,
    3.4513793103448278e-06,
    3.4513793103448278e-06,
    3.6234482758620693e-06,
    3.6234482758620693e-06,
    3.7955172413793103e-06,
    3.7955172413793103e-06,
    3.967586206896552e-06,
    3.967586206896552e-06,
    4.139655172413793e-06,
    4.139655172413793e-06,
    4.311724137931034e-06,
    4.311724137931034e-06,
    4.483793103448276e-06,
    4.483793103448276e-06,
    4.655862068965517e-06,
    4.655862068965517e-06,
    4.8279310344827585e-06,
    4.8279310344827585e-06,
    5e-06,
    5e-06
  ],
  "mu": 0,
  "samples": 250,
  "sequence_length": 1000,
  "seeds": [
    1581586204,
    1543165277,
    1606711974,
    986803217,
    556228239,
    54694337,
    104032563,
    812895800,
    1554016305,
    1525993905,
    1571304719,
    2094228833,
    2135734258,
    861168310,
    1040567604,
    744152657,
    782924799,
    1331294658,
    1423868968,
    620763688,
    602612267,
    1579408801,
    1004306998,
    820213549,
    712170166,
    1976015295,
    1148287777,
    1124018733,
    99164592,
    203676112,
    1019754157,
    1297117102,
    912979266,
    1458036365,
    1417561559,
    1783556954,
    1054834892,
    2105898787,
    1213193654,
    75950354,
    1890825009,
    1197145948,
    1951519698,
    2009721424,
    669644144,
    70426870,
    1999604855,
    1165433946,
    1865340169,
    922221609
  ]
}