{
  "mode": "site",
  "rep": 454,
  "ne": 10000,
  "r": 1e-05,
  "mu": [
    1e-07,
    1e-07,
    4.413793103448276e-07,
    4.413793103448276e-07,
    7.827586206896552e-07,
    7.827586206896552e-07,
    1.1241379310344827e-06,
    1.1241379310344827e-06,
    1.4655172413793102e-06,
    1.4655172413793102e-06,
    1.8068965517241377e-06,
    1.8068965517241377e-06,
    2.1482758620689656e-06,
    2.1482758620689656e-06,
    2.489655172413793e-06,
    2.489655172413793e-06,
    2.8310344827586205e-06,
    2.8310344827586205e-06,
    3.172413793103448e-06,
    3.172413793103448e-06,
    3.5137931034482755e-06,
    3.855172413793104e-06,
    4.196551724137931e-06,
    4.537931034482759e-06,
    4.879310344827586e-06,
    5.220689655172414e-06,
    5.562068965517241e-06,
    5.903448275862069e-06,
    6.244827586206896e-06,
    6.5862068965517236e-06,
    6.927586206896551e-06,
    6.927586206896551e-06,
    7.268965517241379e-06,
    7.268965517241379e-06,
    7.610344827586207e-06,
    7.610344827586207e-06,
    7.951724137931034e-06,
    7.951724137931034e-06,
    8.293103448275863e-06,
    8.293103448275863e-06,
    8.634482758620691e-06,
    8.634482758620691e-06,
    8.975862068965518e-06,
    8.975862068965518e-06,
    9.317241379310346e-06,
    9.317241379310346e-06,
    9.658620689655173e-06,
    9.658620689655173e-06,
    1e-05,
    1e-05
  ],
  "samples": 500,
  "sequence_length": 50000,
  "seeds": [
    624272959,
    1580502811,
    1691456885,
    252956147,
    2608522,
    1214010111,
    1200507199,
    1361855582,
    728531938,
    889884754,
    678520085,
    596770162,
    2062423384,
    1739239732,
    122498414,
    1198768542,
    2075845804,
    327657299,
    874407770,
    733577658,
    267297919,
    314052955,
    1684058123,
    1032221857,
    1115846901,
    1180848419,
    1369649838,
    208931221,
    1313166287,
    1247617301,
    1007818159,
    2112793874,
    1994578684,
    145607779,
    690513996,
    2064894686,
    1998261341,
    434911559,
    1372056092,
    43215633,
    930439069,
    355987496,
    191594412,
    699752812,
    165058152,
    2023312584,
    1698222883,
    1312197304,
    336823367,
    646461730
  ]
}