{
  "mode": "site",
  "rep": 279,
  "ne": 10000,
  "r": 1e-05,
  "mu": [
    1e-07,
    1e-07,
    4.413793103448276e-07,
    4.413793103448276e-07,
    7.827586206896552e-07,
    7.827586206896552e-07,
    1.1241379310344827e-06,
    1.1241379310344827e-06,
    1.4655172413793102e-06,
    1.4655172413793102e-06,
    1.8068965517241377e-06,
    1.8068965517241377e-06,
    2.1482758620689656e-06,
    2.1482758620689656e-06,
    2.489655172413793e-06,
    2.489655172413793e-06,
    2.8310344827586205e-06,
    2.8310344827586205e-06,
    3.172413793103448e-06,
    3.172413793103448e-06,
    3.5137931034482755e-06,
    3.5137931034482755e-06,
    3.855172413793104e-06,
    3.855172413793104e-06,
    4.196551724137931e-06,
    4.196551724137931e-06,
    4.537931034482759e-06,
    4.537931034482759e-06,
    4.879310344827586e-06,
    4.879310344827586e-06,
    5.220689655172414e-06,
    5.220689655172414e-06,
    5.562068965517241e-06,
    5.562068965517241e-06,
    5.903448275862069e-06,
    5.903448275862069e-06,
    6.244827586206896e-06,
    6.244827586206896e-06,
    6.5862068965517236e-06,
    6.5862068965517236e-06,
    6.927586206896551e-06,
    7.268965517241379e-06,
    7.610344827586207e-06,
    7.951724137931034e-06,
    8.293103448275863e-06,
    8.634482758620691e-06,
    8.975862068965518e-06,
    9.317241379310346e-06,
    9.658620689655173e-06,
    1e-05
  ],
  "samples": 500,
  "sequence_length": 10000,
  "seeds": [
    121675057,
    634039542,
    168589386,
    1871536876,
    46026490,
    1719643264,
    843381599,
    1033340418,
    89919935,
    538308263,
    1528912021,
    1963846610,
    1904558334,
    370666467,
    1616760564,
    510577149,
    1640986562,
    1306597231,
    1169743877,
    77707122,
    621641557,
    89369769,
    982136576,
    1852763891,
    1274688888,
    1900441602,
    2099299533,
    952252096,
    1230660257,
    504614893,
    421220129,
    1390561651,
    2095600144,
    295516034,
    674458014,
    342149241,
    41542445,
    1732752069,
    781462462,
    822491873,
    1374840288,
    1096317906,
    1585480784,
    1080509874,
    1491254733,
    327176975,
    394203078,
    485971438,
    1612927067,
    1355959500
  ]
}