{
  "mode": "site",
  "rep": 294,
  "ne": 10000,
  "r": 1e-05,
  "mu": [
    1e-07,
    1e-07,
    4.413793103448276e-07,
    4.413793103448276e-07,
    7.827586206896552e-07,
    7.827586206896552e-07,
    1.1241379310344827e-06,
    1.1241379310344827e-06,
    1.4655172413793102e-06,
    1.4655172413793102e-06,
    1.8068965517241377e-06,
    1.8068965517241377e-06,
    2.1482758620689656e-06,
    2.1482758620689656e-06,
    2.489655172413793e-06,
    2.489655172413793e-06,
    2.8310344827586205e-06,
    2.8310344827586205e-06,
    3.172413793103448e-06,
    3.172413793103448e-06,
    3.5137931034482755e-06,
    3.5137931034482755e-06,
    3.855172413793104e-06,
    3.855172413793104e-06,
    4.196551724137931e-06,
    4.196551724137931e-06,
    4.537931034482759e-06,
    4.537931034482759e-06,
    4.879310344827586e-06,
    4.879310344827586e-06,
    5.220689655172414e-06,
    5.220689655172414e-06,
    5.562068965517241e-06,
    5.562068965517241e-06,
    5.903448275862069e-06,
    5.903448275862069e-06,
    6.244827586206896e-06,
    6.244827586206896e-06,
    6.5862068965517236e-06,
    6.5862068965517236e-06,
    6.927586206896551e-06,
    7.268965517241379e-06,
    7.610344827586207e-06,
    7.951724137931034e-06,
    8.293103448275863e-06,
    8.634482758620691e-06,
    8.975862068965518e-06,
    9.317241379310346e-06,
    9.658620689655173e-06,
    1e-05
  ],
  "samples": 500,
  "sequence_length": 50000,
  "seeds": [
    1122436663,
    1373497446,
    1987763650,
    1770413963,
    1802942365,
    105705189,
    1165032836,
    377729205,
    322131277,
    1729719804,
    889229036,
    676766608,
    2096894801,
    1315548336,
    606080037,
    2032407963,
    521626815,
    1776175147,
    634939331,
    1670094638,
    824048670,
    1608170212,
    1110568976,
    1829152195,
    834586135,
    933372390,
    1289820816,
    1907450413,
    1664759056,
    23560942,
    2072154189,
    867971833,
    2133991490,
    447673051,
    208161219,
    1748341317,
    1394281510,
    226415119,
    715123692,
    1842608656,
    35076293,
    254249819,
    675972437,
    223661937,
    1827132137,
    389176716,
    944591870,
    1424572395,
    1736952014,
    2110620109
  ]
}