{
  "mode": "branch",
  "rep": 953,
  "ne": 10000,
  "r": [
    1e-08,
    1.820689655172414e-07,
    3.541379310344828e-07,
    5.262068965517242e-07,
    6.982758620689656e-07,
    8.70344827586207e-07,
    1.0424137931034483e-06,
    1.2144827586206895e-06,
    1.386551724137931e-06,
    1.5586206896551725e-06,
    1.7306896551724138e-06,
    1.7306896551724138e-06,
    1.9027586206896551e-06,
    1.9027586206896551e-06,
    2.0748275862068966e-06,
    2.0748275862068966e-06,
    2.246896551724138e-06,
    2.246896551724138e-06,
    2.418965517241379e-06,
    2.418965517241379e-06,
    2.5910344827586207e-06,
    2.5910344827586207e-06,
    2.763103448275862e-06,
    2.763103448275862e-06,
    2.9351724137931037e-06,
    2.9351724137931037e-06,
    3.107241379310345e-06,
    3.107241379310345e-06,
    3.2793103448275863e-06,
    3.2793103448275863e-06,
    3.4513793103448278e-06,
    3.4513793103448278e-06,
    3.6234482758620693e-06,
    3.6234482758620693e-06,
    3.7955172413793103e-06,
    3.7955172413793103e-06,
    3.967586206896552e-06,
    3.967586206896552e-06,
    4.139655172413793e-06,
    4.139655172413793e-06,
    4.311724137931034e-06,
    4.311724137931034e-06,
    4.483793103448276e-06,
    4.483793103448276e-06,
    4.655862068965517e-06,
    4.655862068965517e-06,
    4.8279310344827585e-06,
    4.8279310344827585e-06,
    5e-06,
    5e-06
  ],
  "mu": 0,
  "samples": 250,
  "sequence_length": 1000,
  "seeds": [
    185091100,
    9745576,
    821248462,
    112236499,
    624233764,
    2069989899,
    1103238344,
    957409265,
    1868507997,
    189993110,
    1073460609,
    264393601,
    1370991126,
    448513148,
    232133469,
    1025989285,
    927359628,
    877731121,
    1957659308,
    790509363,
    1230449152,
    50159548,
    605548890,
    1551769519,
    1234584266,
    99032425,
    1125963270,
    515040299,
    1173586877,
    1359833917,
    1403435032,
    1187133023,
    901316470,
    753174589,
    1316268978,
    1821064357,
    1147923151,
    935045522,
    1921846828,
    1003406129,
    48884933,
    1985414033,
    2045414240,
    1177377921,
    628415071,
    929138705,
    810967481,
    738773748,
    1470074475,
    861332395
  ]
}