{
  "mode": "site",
  "rep": 333,
  "ne": 10000,
  "r": 1e-05,
  "mu": [
    1e-07,
    1e-07,
    4.413793103448276e-07,
    4.413793103448276e-07,
    7.827586206896552e-07,
    7.827586206896552e-07,
    1.1241379310344827e-06,
    1.1241379310344827e-06,
    1.4655172413793102e-06,
    1.4655172413793102e-06,
    1.8068965517241377e-06,
    1.8068965517241377e-06,
    2.1482758620689656e-06,
    2.1482758620689656e-06,
    2.489655172413793e-06,
    2.489655172413793e-06,
    2.8310344827586205e-06,
    2.8310344827586205e-06,
    3.172413793103448e-06,
    3.172413793103448e-06,
    3.5137931034482755e-06,
    3.5137931034482755e-06,
    3.855172413793104e-06,
    3.855172413793104e-06,
    4.196551724137931e-06,
    4.196551724137931e-06,
    4.537931034482759e-06,
    4.537931034482759e-06,
    4.879310344827586e-06,
    4.879310344827586e-06,
    5.220689655172414e-06,
    5.220689655172414e-06,
    5.562068965517241e-06,
    5.562068965517241e-06,
    5.903448275862069e-06,
    5.903448275862069e-06,
    6.244827586206896e-06,
    6.244827586206896e-06,
    6.5862068965517236e-06,
    6.5862068965517236e-06,
    6.927586206896551e-06,
    7.268965517241379e-06,
    7.610344827586207e-06,
    7.951724137931034e-06,
    8.293103448275863e-06,
    8.634482758620691e-06,
    8.975862068965518e-06,
    9.317241379310346e-06,
    9.658620689655173e-06,
    1e-05
  ],
  "samples": 500,
  "sequence_length": 50000,
  "seeds": [
    936556000,
    164483676,
    411805449,
    189006595,
    1835803589,
    1319640388,
    68055315,
    1268046383,
    1735625218,
    1560262084,
    177866383,
    980426401,
    1630981907,
    950061853,
    2057424819,
    436337734,
    68672612,
    1880147507,
    429173913,
    157294438,
    70099398,
    1728978779,
    724329480,
    324461541,
    1005486605,
    1785549974,
    1716739576,
    568934914,
    911211558,
    870729559,
    283839790,
    258750528,
    1265208932,
    1905041097,
    1752159892,
    82647983,
    992719893,
    1574340117,
    1145029018,
    1893933469,
    1327678744,
    883447229,
    1460417510,
    695090415,
    444834428,
    869748345,
    2043014920,
    1818764320,
    466006180,
    1606481922
  ]
}