{
  "mode": "site",
  "rep": 17,
  "ne": 10000,
  "r": 1e-05,
  "mu": [
    1e-07,
    4.413793103448276e-07,
    7.827586206896552e-07,
    1.1241379310344827e-06,
    1.4655172413793102e-06,
    1.8068965517241377e-06,
    2.1482758620689656e-06,
    2.489655172413793e-06,
    2.8310344827586205e-06,
    3.172413793103448e-06,
    3.5137931034482755e-06,
    3.5137931034482755e-06,
    3.855172413793104e-06,
    3.855172413793104e-06,
    4.196551724137931e-06,
    4.196551724137931e-06,
    4.537931034482759e-06,
    4.537931034482759e-06,
    4.879310344827586e-06,
    4.879310344827586e-06,
    5.220689655172414e-06,
    5.220689655172414e-06,
    5.562068965517241e-06,
    5.562068965517241e-06,
    5.903448275862069e-06,
    5.903448275862069e-06,
    6.244827586206896e-06,
    6.244827586206896e-06,
    6.5862068965517236e-06,
    6.5862068965517236e-06,
    6.927586206896551e-06,
    6.927586206896551e-06,
    7.268965517241379e-06,
    7.268965517241379e-06,
    7.610344827586207e-06,
    7.610344827586207e-06,
    7.951724137931034e-06,
    7.951724137931034e-06,
    8.293103448275863e-06,
    8.293103448275863e-06,
    8.634482758620691e-06,
    8.634482758620691e-06,
    8.975862068965518e-06,
    8.975862068965518e-06,
    9.317241379310346e-06,
    9.317241379310346e-06,
    9.658620689655173e-06,
    9.658620689655173e-06,
    1e-05,
    1e-05
  ],
  "samples": 500,
  "sequence_length": 10000,
  "seeds": [
    621574192,
    1861718234,
    600514610,
    1791654081,
    759693861,
    689481667,
    1891140844,
    2080340134,
    1356855277,
    945828280,
    336042529,
    1176184320,
    355401943,
    1644444552,
    782652447,
    433138761,
    2108505733,
    1055620066,
    93659442,
    817991355,
    1962996681,
    412195706,
    1644008967,
    583201048,
    1571533915,
    64679825,
    1843146974,
    958621674,
    1208903115,
    461757698,
    1704239611,
    1218443683,
    771685586,
    973852276,
    394060300,
    838023199,
    1860238911,
    450286298,
    1952617521,
    1549056547,
    1293984386,
    258064766,
    978568661,
    2111116531,
    982632813,
    136422920,
    1159528070,
    184808274,
    1072981051,
    30444609
  ]
}