{
  "mode": "branch",
  "rep": 715,
  "ne": 10000,
  "r": [
    1e-08,
    1e-08,
    1.820689655172414e-07,
    1.820689655172414e-07,
    3.541379310344828e-07,
    3.541379310344828e-07,
    5.262068965517242e-07,
    5.262068965517242e-07,
    6.982758620689656e-07,
    6.982758620689656e-07,
    8.70344827586207e-07,
    8.70344827586207e-07,
    1.0424137931034483e-06,
    1.0424137931034483e-06,
    1.2144827586206895e-06,
    1.2144827586206895e-06,
    1.386551724137931e-06,
    1.386551724137931e-06,
    1.5586206896551725e-06,
    1.5586206896551725e-06,
    1.7306896551724138e-06,
    1.9027586206896551e-06,
    2.0748275862068966e-06,
    2.246896551724138e-06,
    2.418965517241379e-06,
    2.5910344827586207e-06,
    2.763103448275862e-06,
    2.9351724137931037e-06,
    3.107241379310345e-06,
    3.2793103448275863e-06,
    3.4513793103448278e-06,
    3.4513793103448278e-06,
    3.6234482758620693e-06,
    3.6234482758620693e-06,
    3.7955172413793103e-06,
    3.7955172413793103e-06,
    3.967586206896552e-06,
    3.967586206896552e-06,
    4.139655172413793e-06,
    4.139655172413793e-06,
    4.311724137931034e-06,
    4.311724137931034e-06,
    4.483793103448276e-06,
    4.483793103448276e-06,
    4.655862068965517e-06,
    4.655862068965517e-06,
    4.8279310344827585e-06,
    4.8279310344827585e-06,
    5e-06,
    5e-06
  ],
  "mu": 0,
  "samples": 250,
  "sequence_length": 1000,
  "seeds": [
    1674342787,
    1197591880,
    93952600,
    1259367193,
    92664462,
    1293341528,
    658680752,
    526886924,
    2058603726,
    697864837,
    1355654263,
    550661073,
    2087591250,
    1777510319,
    1812366322,
    1528930725,
    1470766980,
    512024710,
    131620927,
    226963292,
    1066131186,
    1313149523,
    1420826976,
    975106591,
    986575150,
    1684698309,
    1588177775,
    2033158189,
    187687047,
    74030495,
    1851667664,
    423014485,
    130265707,
    669984296,
    1027338199,
    733506067,
    1908586025,
    1377823958,
    1572147932,
    1171567319,
    1388482005,
    1693422026,
    1005743418,
    1890554859,
    788951942,
    712268133,
    1438702593,
    156923926,
    817712598,
    496987219
  ]
}