{
  "mode": "site",
  "rep": 482,
  "ne": 10000,
  "r": 1e-05,
  "mu": [
    1e-07,
    4.413793103448276e-07,
    7.827586206896552e-07,
    1.1241379310344827e-06,
    1.4655172413793102e-06,
    1.8068965517241377e-06,
    2.1482758620689656e-06,
    2.489655172413793e-06,
    2.8310344827586205e-06,
    3.172413793103448e-06,
    3.5137931034482755e-06,
    3.5137931034482755e-06,
    3.855172413793104e-06,
    3.855172413793104e-06,
    4.196551724137931e-06,
    4.196551724137931e-06,
    4.537931034482759e-06,
    4.537931034482759e-06,
    4.879310344827586e-06,
    4.879310344827586e-06,
    5.220689655172414e-06,
    5.220689655172414e-06,
    5.562068965517241e-06,
    5.562068965517241e-06,
    5.903448275862069e-06,
    5.903448275862069e-06,
    6.244827586206896e-06,
    6.244827586206896e-06,
    6.5862068965517236e-06,
    6.5862068965517236e-06,
    6.927586206896551e-06,
    6.927586206896551e-06,
    7.268965517241379e-06,
    7.268965517241379e-06,
    7.610344827586207e-06,
    7.610344827586207e-06,
    7.951724137931034e-06,
    7.951724137931034e-06,
    8.293103448275863e-06,
    8.293103448275863e-06,
    8.634482758620691e-06,
    8.634482758620691e-06,
    8.975862068965518e-06,
    8.975862068965518e-06,
    9.317241379310346e-06,
    9.317241379310346e-06,
    9.658620689655173e-06,
    9.658620689655173e-06,
    1e-05,
    1e-05
  ],
  "samples": 500,
  "sequence_length": 50000,
  "seeds": [
    1831027075,
    2053926286,
    1479009674,
    2131071682,
    1384518729,
    1061851608,
    2089541626,
    1094509487,
    2071991590,
    605234461,
    1927939615,
    1052337050,
    1627597992,
    1480520172,
    1911047935,
    1340129191,
    910178006,
    609152611,
    1286227058,
    1586086825,
    1865293833,
    794747421,
    337832817,
    520363705,
    1287402460,
    1880698770,
    2118901920,
    862265265,
    1552762488,
    927449289,
    642679360,
    825273751,
    471886909,
    1592915886,
    502060665,
    1957719346,
    760873257,
    88190870,
    1260564084,
    1500100487,
    869139515,
    966234147,
    784935157,
    817049825,
    1207118245,
    1788897796,
    888831829,
    2124507075,
    877933494,
    979375079
  ]
}