{
  "mode": "site",
  "rep": 542,
  "ne": 10000,
  "r": 1e-05,
  "mu": [
    1e-07,
    4.413793103448276e-07,
    7.827586206896552e-07,
    1.1241379310344827e-06,
    1.4655172413793102e-06,
    1.8068965517241377e-06,
    2.1482758620689656e-06,
    2.489655172413793e-06,
    2.8310344827586205e-06,
    3.172413793103448e-06,
    3.5137931034482755e-06,
    3.5137931034482755e-06,
    3.855172413793104e-06,
    3.855172413793104e-06,
    4.196551724137931e-06,
    4.196551724137931e-06,
    4.537931034482759e-06,
    4.537931034482759e-06,
    4.879310344827586e-06,
    4.879310344827586e-06,
    5.220689655172414e-06,
    5.220689655172414e-06,
    5.562068965517241e-06,
    5.562068965517241e-06,
    5.903448275862069e-06,
    5.903448275862069e-06,
    6.244827586206896e-06,
    6.244827586206896e-06,
    6.5862068965517236e-06,
    6.5862068965517236e-06,
    6.927586206896551e-06,
    6.927586206896551e-06,
    7.268965517241379e-06,
    7.268965517241379e-06,
    7.610344827586207e-06,
    7.610344827586207e-06,
    7.951724137931034e-06,
    7.951724137931034e-06,
    8.293103448275863e-06,
    8.293103448275863e-06,
    8.634482758620691e-06,
    8.634482758620691e-06,
    8.975862068965518e-06,
    8.975862068965518e-06,
    9.317241379310346e-06,
    9.317241379310346e-06,
    9.658620689655173e-06,
    9.658620689655173e-06,
    1e-05,
    1e-05
  ],
  "samples": 500,
  "sequence_length": 10000,
  "seeds": [
    537828368,
    1415174935,
    946517708,
    216010699,
    1811667130,
    1450535534,
    2030587587,
    817302462,
    1649123328,
    1307299752,
    735670980,
    1360070265,
    442084303,
    1949352718,
    1392034609,
    557438525,
    1817294331,
    1908479991,
    1608820874,
    1626357575,
    1319999667,
    858287028,
    1253375754,
    311645293,
    408414057,
    1854936097,
    754157436,
    303021577,
    1819068296,
    340525977,
    1393402398,
    234924594,
    1684104926,
    361671082,
    717883985,
    1305897765,
    1305489047,
    395924766,
    31461151,
    1403792875,
    1014445777,
    1479918641,
    680500169,
    2129939977,
    1960948955,
    1692466095,
    1792920496,
    1358657468,
    336810239,
    804156151
  ]
}