{
  "mode": "branch",
  "rep": 1040,
  "ne": 10000,
  "r": [
    1e-08,
    1.820689655172414e-07,
    3.541379310344828e-07,
    5.262068965517242e-07,
    6.982758620689656e-07,
    8.70344827586207e-07,
    1.0424137931034483e-06,
    1.2144827586206895e-06,
    1.386551724137931e-06,
    1.5586206896551725e-06,
    1.7306896551724138e-06,
    1.7306896551724138e-06,
    1.9027586206896551e-06,
    1.9027586206896551e-06,
    2.0748275862068966e-06,
    2.0748275862068966e-06,
    2.246896551724138e-06,
    2.246896551724138e-06,
    2.418965517241379e-06,
    2.418965517241379e-06,
    2.5910344827586207e-06,
    2.5910344827586207e-06,
    2.763103448275862e-06,
    2.763103448275862e-06,
    2.9351724137931037e-06,
    2.9351724137931037e-06,
    3.107241379310345e-06,
    3.107241379310345e-06,
    3.2793103448275863e-06,
    3.2793103448275863e-06,
    3.4513793103448278e-06,
    3.4513793103448278e-06,
    3.6234482758620693e-06,
    3.6234482758620693e-06,
    3.7955172413793103e-06,
    3.7955172413793103e-06,
    3.967586206896552e-06,
    3.967586206896552e-06,
    4.139655172413793e-06,
    4.139655172413793e-06,
    4.311724137931034e-06,
    4.311724137931034e-06,
    4.483793103448276e-06,
    4.483793103448276e-06,
    4.655862068965517e-06,
    4.655862068965517e-06,
    4.8279310344827585e-06,
    4.8279310344827585e-06,
    5e-06,
    5e-06
  ],
  "mu": 0,
  "samples": 250,
  "sequence_length": 1000,
  "seeds": [
    283020767,
    84209095,
    1695326615,
    1173884302,
    1981486221,
    988949128,
    1411622853,
    548147539,
    1924672903,
    334059670,
    2102277545,
    1432461250,
    1934954241,
    2012312832,
    440573840,
    539649628,
    1739089940,
    553141955,
    312344881,
    1811753639,
    1094676357,
    1573749962,
    1510750396,
    1234763748,
    514829028,
    1099107907,
    2055246075,
    1519112332,
    472885479,
    1741103429,
    112823943,
    724079080,
    1246438710,
    2036872116,
    889955620,
    806627849,
    2018544433,
    16811467,
    1862085376,
    1569939630,
    2001606342,
    62301536,
    126088659,
    2126898908,
    1188709991,
    1902590586,
    771571009,
    1183816021,
    1330068419,
    867208445
  ]
}