{
  "mode": "site",
  "rep": 513,
  "ne": 10000,
  "r": 1e-05,
  "mu": [
    1e-07,
    1e-07,
    4.413793103448276e-07,
    4.413793103448276e-07,
    7.827586206896552e-07,
    7.827586206896552e-07,
    1.1241379310344827e-06,
    1.1241379310344827e-06,
    1.4655172413793102e-06,
    1.4655172413793102e-06,
    1.8068965517241377e-06,
    1.8068965517241377e-06,
    2.1482758620689656e-06,
    2.1482758620689656e-06,
    2.489655172413793e-06,
    2.489655172413793e-06,
    2.8310344827586205e-06,
    2.8310344827586205e-06,
    3.172413793103448e-06,
    3.172413793103448e-06,
    3.5137931034482755e-06,
    3.5137931034482755e-06,
    3.855172413793104e-06,
    3.855172413793104e-06,
    4.196551724137931e-06,
    4.196551724137931e-06,
    4.537931034482759e-06,
    4.537931034482759e-06,
    4.879310344827586e-06,
    4.879310344827586e-06,
    5.220689655172414e-06,
    5.220689655172414e-06,
    5.562068965517241e-06,
    5.562068965517241e-06,
    5.903448275862069e-06,
    5.903448275862069e-06,
    6.244827586206896e-06,
    6.244827586206896e-06,
    6.5862068965517236e-06,
    6.5862068965517236e-06,
    6.927586206896551e-06,
    7.268965517241379e-06,
    7.610344827586207e-06,
    7.951724137931034e-06,
    8.293103448275863e-06,
    8.634482758620691e-06,
    8.975862068965518e-06,
    9.317241379310346e-06,
    9.658620689655173e-06,
    1e-05
  ],
  "samples": 500,
  "sequence_length": 50000,
  "seeds": [
    1831290757,
    205714746,
    2145780083,
    2041983153,
    1140507702,
    1647729781,
    1151032708,
    1319904641,
    174811325,
    1707474498,
    1315998116,
    491331966,
    1146636008,
    2035506076,
    35763900,
    661250148,
    33862694,
    237323958,
    494353337,
    941838257,
    191896521,
    683136567,
    704994795,
    483273335,
    1934037594,
    63162376,
    1486626440,
    55281729,
    1633020372,
    1204985580,
    133391246,
    601175860,
    218945572,
    1346958549,
    1332523920,
    1609476577,
    200894168,
    1460426336,
    992489671,
    801446671,
    1687764344,
    70547633,
    1717209882,
    234687394,
    1394439541,
    2114875589,
    1769029539,
    1989811935,
    43117440,
    2050248031
  ]
}