{
  "mode": "branch",
  "rep": 646,
  "ne": 10000,
  "r": [
    1e-08,
    1e-08,
    1.820689655172414e-07,
    1.820689655172414e-07,
    3.541379310344828e-07,
    3.541379310344828e-07,
    5.262068965517242e-07,
    5.262068965517242e-07,
    6.982758620689656e-07,
    6.982758620689656e-07,
    8.70344827586207e-07,
    8.70344827586207e-07,
    1.0424137931034483e-06,
    1.0424137931034483e-06,
    1.2144827586206895e-06,
    1.2144827586206895e-06,
    1.386551724137931e-06,
    1.386551724137931e-06,
    1.5586206896551725e-06,
    1.5586206896551725e-06,
    1.7306896551724138e-06,
    1.9027586206896551e-06,
    2.0748275862068966e-06,
    2.246896551724138e-06,
    2.418965517241379e-06,
    2.5910344827586207e-06,
    2.763103448275862e-06,
    2.9351724137931037e-06,
    3.107241379310345e-06,
    3.2793103448275863e-06,
    3.4513793103448278e-06,
    3.4513793103448278e-06,
    3.6234482758620693e-06,
    3.6234482758620693e-06,
    3.7955172413793103e-06,
    3.7955172413793103e-06,
    3.967586206896552e-06,
    3.967586206896552e-06,
    4.139655172413793e-06,
    4.139655172413793e-06,
    4.311724137931034e-06,
    4.311724137931034e-06,
    4.483793103448276e-06,
    4.483793103448276e-06,
    4.655862068965517e-06,
    4.655862068965517e-06,
    4.8279310344827585e-06,
    4.8279310344827585e-06,
    5e-06,
    5e-06
  ],
  "mu": 0,
  "samples": 250,
  "sequence_length": 1000,
  "seeds": [
    512251371,
    1327630905,
    1864771628,
    1714212617,
    1839250460,
    671970928,
    622904320,
    141642404,
    1204965966,
    17360150,
    1281246894,
    1769548566,
    899357902,
    928214586,
    1222487900,
    1711272146,
    1727681058,
    1558275976,
    1030160486,
    292455909,
    1728626956,
    1091453866,
    1423653761,
    2030000780,
    2080565116,
    1231320175,
    1749197262,
    1142789990,
    1651601330,
    896350078,
    1708888413,
    255148076,
    274154044,
    1227157505,
    76842951,
    314751416,
    2002510965,
    1831219599,
    788444237,
    1688851497,
    1620210422,
    10880391,
    239838649,
    1328605270,
    1561001230,
    132751370,
    489877784,
    113096693,
    1124491358,
    1269753094
  ]
}