{
  "mode": "site",
  "rep": 64,
  "ne": 10000,
  "r": 1e-05,
  "mu": [
    1e-07,
    1e-07,
    4.413793103448276e-07,
    4.413793103448276e-07,
    7.827586206896552e-07,
    7.827586206896552e-07,
    1.1241379310344827e-06,
    1.1241379310344827e-06,
    1.4655172413793102e-06,
    1.4655172413793102e-06,
    1.8068965517241377e-06,
    1.8068965517241377e-06,
    2.1482758620689656e-06,
    2.1482758620689656e-06,
    2.489655172413793e-06,
    2.489655172413793e-06,
    2.8310344827586205e-06,
    2.8310344827586205e-06,
    3.172413793103448e-06,
    3.172413793103448e-06,
    3.5137931034482755e-06,
    3.855172413793104e-06,
    4.196551724137931e-06,
    4.537931034482759e-06,
    4.879310344827586e-06,
    5.220689655172414e-06,
    5.562068965517241e-06,
    5.903448275862069e-06,
    6.244827586206896e-06,
    6.5862068965517236e-06,
    6.927586206896551e-06,
    6.927586206896551e-06,
    7.268965517241379e-06,
    7.268965517241379e-06,
    7.610344827586207e-06,
    7.610344827586207e-06,
    7.951724137931034e-06,
    7.951724137931034e-06,
    8.293103448275863e-06,
    8.293103448275863e-06,
    8.634482758620691e-06,
    8.634482758620691e-06,
    8.975862068965518e-06,
    8.975862068965518e-06,
    9.317241379310346e-06,
    9.317241379310346e-06,
    9.658620689655173e-06,
    9.658620689655173e-06,
    1e-05,
    1e-05
  ],
  "samples": 500,
  "sequence_length": 50000,
  "seeds": [
    667960607,
    761718864,
    2043217378,
    33801663,
    1349729782,
    709923525,
    88384234,
    953582806,
    1969175886,
    1342745855,
    1710434429,
    1732308437,
    1509050928,
    1275312144,
    893749472,
    1367761480,
    809119398,
    1056158137,
    2140424272,
    327678092,
    1672287479,
    1682802336,
    1658110017,
    10047234,
    709973799,
    1903750125,
    485269660,
    2048363086,
    24306251,
    518339872,
    1776495340,
    2125832021,
    1258502306,
    126807977,
    1286992982,
    1624296681,
    241771497,
    227096874,
    1780684235,
    1380051790,
    1942181131,
    1877441765,
    1977170216,
    471311939,
    1397068465,
    938017392,
    2695450,
    1012533626,
    464988613,
    1896736599
  ]
}