{
  "mode": "branch",
  "rep": 941,
  "ne": 10000,
  "r": [
    1e-08,
    1.820689655172414e-07,
    3.541379310344828e-07,
    5.262068965517242e-07,
    6.982758620689656e-07,
    8.70344827586207e-07,
    1.0424137931034483e-06,
    1.2144827586206895e-06,
    1.386551724137931e-06,
    1.5586206896551725e-06,
    1.7306896551724138e-06,
    1.7306896551724138e-06,
    1.9027586206896551e-06,
    1.9027586206896551e-06,
    2.0748275862068966e-06,
    2.0748275862068966e-06,
    2.246896551724138e-06,
    2.246896551724138e-06,
    2.418965517241379e-06,
    2.418965517241379e-06,
    2.5910344827586207e-06,
    2.5910344827586207e-06,
    2.763103448275862e-06,
    2.763103448275862e-06,
    2.9351724137931037e-06,
    2.9351724137931037e-06,
    3.107241379310345e-06,
    3.107241379310345e-06,
    3.2793103448275863e-06,
    3.2793103448275863e-06,
    3.4513793103448278e-06,
    3.4513793103448278e-06,
    3.6234482758620693e-06,
    3.6234482758620693e-06,
    3.7955172413793103e-06,
    3.7955172413793103e-06,
    3.967586206896552e-06,
    3.967586206896552e-06,
    4.139655172413793e-06,
    4.139655172413793e-06,
    4.311724137931034e-06,
    4.311724137931034e-06,
    4.483793103448276e-06,
    4.483793103448276e-06,
    4.655862068965517e-06,
    4.655862068965517e-06,
    4.8279310344827585e-06,
    4.8279310344827585e-06,
    5e-06,
    5e-06
  ],
  "mu": 0,
  "samples": 250,
  "sequence_length": 1000,
  "seeds": [
    204403460,
    1771693012,
    764739272,
    1393679533,
    464203516,
    1447677658,
    1253831630,
    1457692632,
    285286920,
    1119989033,
    104498454,
    2035135966,
    65891582,
    2128807164,
    1901078368,
    1055095857,
    791672112,
    1071964815,
    657482256,
    1101674904,
    1473873869,
    698770856,
    1315500460,
    567868170,
    1961837506,
    1954386391,
    1731711866,
    1939366175,
    328492143,
    930089598,
    330669853,
    1232587434,
    1148675743,
    352283196,
    578356394,
    146910165,
    1873231607,
    693951945,
    2057741285,
    1340739721,
    20602526,
    1335663170,
    558051299,
    1793410377,
    1790319926,
    941011017,
    735889708,
    1641027651,
    942424175,
    1799688472
  ]
}