{
  "mode": "branch",
  "rep": 690,
  "ne": 10000,
  "r": [
    1e-08,
    1e-08,
    1.820689655172414e-07,
    1.820689655172414e-07,
    3.541379310344828e-07,
    3.541379310344828e-07,
    5.262068965517242e-07,
    5.262068965517242e-07,
    6.982758620689656e-07,
    6.982758620689656e-07,
    8.70344827586207e-07,
    8.70344827586207e-07,
    1.0424137931034483e-06,
    1.0424137931034483e-06,
    1.2144827586206895e-06,
    1.2144827586206895e-06,
    1.386551724137931e-06,
    1.386551724137931e-06,
    1.5586206896551725e-06,
    1.5586206896551725e-06,
    1.7306896551724138e-06,
    1.7306896551724138e-06,
    1.9027586206896551e-06,
    1.9027586206896551e-06,
    2.0748275862068966e-06,
    2.0748275862068966e-06,
    2.246896551724138e-06,
    2.246896551724138e-06,
    2.418965517241379e-06,
    2.418965517241379e-06,
    2.5910344827586207e-06,
    2.5910344827586207e-06,
    2.763103448275862e-06,
    2.763103448275862e-06,
    2.9351724137931037e-06,
    2.9351724137931037e-06,
    3.107241379310345e-06,
    3.107241379310345e-06,
    3.2793103448275863e-06,
    3.2793103448275863e-06,
    3.4513793103448278e-06,
    3.6234482758620693e-06,
    3.7955172413793103e-06,
    3.967586206896552e-06,
    4.139655172413793e-06,
    4.311724137931034e-06,
    4.483793103448276e-06,
    4.655862068965517e-06,
    4.8279310344827585e-06,
    5e-06
  ],
  "mu": 0,
  "samples": 250,
  "sequence_length": 1000,
  "seeds": [
    1766019373,
    375108517,
    463387023,
    2008101211,
    679806747,
    1914577035,
    1732589902,
    2091405754,
    1062868568,
    902803171,
    640083096,
    346828811,
    1335268473,
    1388484775,
    861996524,
    1030048143,
    1635773706,
    819562668,
    1495105481,
    1581612964,
    1646968100,
    617888933,
    404003837,
    355038098,
    1074371866,
    1322134444,
    1019285588,
    633201239,
    90576778,
    494762536,
    5284309,
    425837424,
    969860717,
    723541076,
    819457520,
    155553982,
    737586935,
    1624246473,
    1269665994,
    1554385698,
    1623756762,
    1911895958,
    1542831990,
    196045168,
    373450948,
    134177884,
    208610403,
    403696292,
    1251455034,
    1476293463
  ]
}