{
  "mode": "branch",
  "rep": 681,
  "ne": 10000,
  "r": [
    1e-08,
    1e-08,
    1.820689655172414e-07,
    1.820689655172414e-07,
    3.541379310344828e-07,
    3.541379310344828e-07,
    5.262068965517242e-07,
    5.262068965517242e-07,
    6.982758620689656e-07,
    6.982758620689656e-07,
    8.70344827586207e-07,
    8.70344827586207e-07,
    1.0424137931034483e-06,
    1.0424137931034483e-06,
    1.2144827586206895e-06,
    1.2144827586206895e-06,
    1.386551724137931e-06,
    1.386551724137931e-06,
    1.5586206896551725e-06,
    1.5586206896551725e-06,
    1.7306896551724138e-06,
    1.7306896551724138e-06,
    1.9027586206896551e-06,
    1.9027586206896551e-06,
    2.0748275862068966e-06,
    2.0748275862068966e-06,
    2.246896551724138e-06,
    2.246896551724138e-06,
    2.418965517241379e-06,
    2.418965517241379e-06,
    2.5910344827586207e-06,
    2.5910344827586207e-06,
    2.763103448275862e-06,
    2.763103448275862e-06,
    2.9351724137931037e-06,
    2.9351724137931037e-06,
    3.107241379310345e-06,
    3.107241379310345e-06,
    3.2793103448275863e-06,
    3.2793103448275863e-06,
    3.4513793103448278e-06,
    3.6234482758620693e-06,
    3.7955172413793103e-06,
    3.967586206896552e-06,
    4.139655172413793e-06,
    4.311724137931034e-06,
    4.483793103448276e-06,
    4.655862068965517e-06,
    4.8279310344827585e-06,
    5e-06
  ],
  "mu": 0,
  "samples": 250,
  "sequence_length": 1000,
  "seeds": [
    245611700,
    488762632,
    873184814,
    1622485987,
    1015669031,
    1203861684,
    1094181758,
    112857755,
    332797726,
    1349206378,
    1137518097,
    373543280,
    450654727,
    1967142598,
    852292760,
    798836262,
    753313356,
    774288983,
    1521272881,
    73206926,
    1875513707,
    800340637,
    1383476365,
    268489423,
    1414558697,
    148337218,
    1964089538,
    1927454268,
    1118057637,
    215965205,
    1991037633,
    1398440627,
    1195049916,
    237155391,
    1332808043,
    274192835,
    1064112695,
    972448401,
    964138460,
    1809010666,
    394899521,
    957465745,
    365402612,
    288112614,
    1587035362,
    1459000719,
    1529497337,
    1904516533,
    406159841,
    1472988728
  ]
}