{
  "mode": "branch",
  "rep": 1035,
  "ne": 10000,
  "r": [
    1e-08,
    1e-08,
    1.820689655172414e-07,
    1.820689655172414e-07,
    3.541379310344828e-07,
    3.541379310344828e-07,
    5.262068965517242e-07,
    5.262068965517242e-07,
    6.982758620689656e-07,
    6.982758620689656e-07,
    8.70344827586207e-07,
    8.70344827586207e-07,
    1.0424137931034483e-06,
    1.0424137931034483e-06,
    1.2144827586206895e-06,
    1.2144827586206895e-06,
    1.386551724137931e-06,
    1.386551724137931e-06,
    1.5586206896551725e-06,
    1.5586206896551725e-06,
    1.7306896551724138e-06,
    1.7306896551724138e-06,
    1.9027586206896551e-06,
    1.9027586206896551e-06,
    2.0748275862068966e-06,
    2.0748275862068966e-06,
    2.246896551724138e-06,
    2.246896551724138e-06,
    2.418965517241379e-06,
    2.418965517241379e-06,
    2.5910344827586207e-06,
    2.5910344827586207e-06,
    2.763103448275862e-06,
    2.763103448275862e-06,
    2.9351724137931037e-06,
    2.9351724137931037e-06,
    3.107241379310345e-06,
    3.107241379310345e-06,
    3.2793103448275863e-06,
    3.2793103448275863e-06,
    3.4513793103448278e-06,
    3.6234482758620693e-06,
    3.7955172413793103e-06,
    3.967586206896552e-06,
    4.139655172413793e-06,
    4.311724137931034e-06,
    4.483793103448276e-06,
    4.655862068965517e-06,
    4.8279310344827585e-06,
    5e-06
  ],
  "mu": 0,
  "samples": 250,
  "sequence_length": 1000,
  "seeds": [
    932948215,
    909200311,
    472900181,
    879136071,
    1639710680,
    1047197666,
    2007989792,
    2004812956,
    2137814873,
    1539796161,
    185223357,
    1427652891,
    1094004489,
    512541700,
    1633439560,
    1687164966,
    572653149,
    790177790,
    129822205,
    917171888,
    661535455,
    1249369432,
    136898895,
    1346370656,
    1608623795,
    1092527500,
    247276190,
    184246753,
    293127514,
    2114674981,
    326856925,
    226745247,
    1302492066,
    808495624,
    1684070138,
    414703628,
    363980664,
    681701502,
    1795220763,
    103573686,
    118717593,
    169872793,
    888345911,
    1263447895,
    370022112,
    1855820938,
    1498918971,
    1140598832,
    1388410728,
    921174929
  ]
}