{
  "mode": "branch",
  "rep": 1002,
  "ne": 10000,
  "r": [
    1e-08,
    1e-08,
    1.820689655172414e-07,
    1.820689655172414e-07,
    3.541379310344828e-07,
    3.541379310344828e-07,
    5.262068965517242e-07,
    5.262068965517242e-07,
    6.982758620689656e-07,
    6.982758620689656e-07,
    8.70344827586207e-07,
    8.70344827586207e-07,
    1.0424137931034483e-06,
    1.0424137931034483e-06,
    1.2144827586206895e-06,
    1.2144827586206895e-06,
    1.386551724137931e-06,
    1.386551724137931e-06,
    1.5586206896551725e-06,
    1.5586206896551725e-06,
    1.7306896551724138e-06,
    1.7306896551724138e-06,
    1.9027586206896551e-06,
    1.9027586206896551e-06,
    2.0748275862068966e-06,
    2.0748275862068966e-06,
    2.246896551724138e-06,
    2.246896551724138e-06,
    2.418965517241379e-06,
    2.418965517241379e-06,
    2.5910344827586207e-06,
    2.5910344827586207e-06,
    2.763103448275862e-06,
    2.763103448275862e-06,
    2.9351724137931037e-06,
    2.9351724137931037e-06,
    3.107241379310345e-06,
    3.107241379310345e-06,
    3.2793103448275863e-06,
    3.2793103448275863e-06,
    3.4513793103448278e-06,
    3.6234482758620693e-06,
    3.7955172413793103e-06,
    3.967586206896552e-06,
    4.139655172413793e-06,
    4.311724137931034e-06,
    4.483793103448276e-06,
    4.655862068965517e-06,
    4.8279310344827585e-06,
    5e-06
  ],
  "mu": 0,
  "samples": 250,
  "sequence_length": 1000,
  "seeds": [
    666697456,
    1317967371,
    1346798270,
    1852509336,
    677517404,
    783313716,
    1368918059,
    1977686696,
    1176400568,
    158894394,
    6482094,
    1479175626,
    5320010,
    1271502520,
    1022170980,
    509907593,
    506313534,
    3391291,
    1440256453,
    1897005404,
    619995084,
    618109379,
    1847458503,
    1941002763,
    1792676213,
    1709578025,
    1986286386,
    650211681,
    67768461,
    1691036083,
    725105085,
    117536376,
    860742100,
    95365041,
    860565858,
    581241951,
    591465135,
    1760829747,
    1799613050,
    74540293,
    1457064240,
    1770985109,
    1752288211,
    1989600610,
    1170589927,
    635083936,
    759996453,
    83875954,
    247362085,
    190169882
  ]
}