{
  "mode": "site",
  "rep": 289,
  "ne": 10000,
  "r": 1e-05,
  "mu": [
    1e-07,
    1e-07,
    4.413793103448276e-07,
    4.413793103448276e-07,
    7.827586206896552e-07,
    7.827586206896552e-07,
    1.1241379310344827e-06,
    1.1241379310344827e-06,
    1.4655172413793102e-06,
    1.4655172413793102e-06,
    1.8068965517241377e-06,
    1.8068965517241377e-06,
    2.1482758620689656e-06,
    2.1482758620689656e-06,
    2.489655172413793e-06,
    2.489655172413793e-06,
    2.8310344827586205e-06,
    2.8310344827586205e-06,
    3.172413793103448e-06,
    3.172413793103448e-06,
    3.5137931034482755e-06,
    3.855172413793104e-06,
    4.196551724137931e-06,
    4.537931034482759e-06,
    4.879310344827586e-06,
    5.220689655172414e-06,
    5.562068965517241e-06,
    5.903448275862069e-06,
    6.244827586206896e-06,
    6.5862068965517236e-06,
    6.927586206896551e-06,
    6.927586206896551e-06,
    7.268965517241379e-06,
    7.268965517241379e-06,
    7.610344827586207e-06,
    7.610344827586207e-06,
    7.951724137931034e-06,
    7.951724137931034e-06,
    8.293103448275863e-06,
    8.293103448275863e-06,
    8.634482758620691e-06,
    8.634482758620691e-06,
    8.975862068965518e-06,
    8.975862068965518e-06,
    9.317241379310346e-06,
    9.317241379310346e-06,
    9.658620689655173e-06,
    9.658620689655173e-06,
    1e-05,
    1e-05
  ],
  "samples": 500,
  "sequence_length": 50000,
  "seeds": [
    2075348511,
    885963753,
    847795917,
    1127170060,
    18387238,
    1265197863,
    266680022,
    1840041687,
    1559611527,
    1449138778,
    1909567226,
    442562514,
    227731031,
    1244601314,
    1209448458,
    1905965219,
    1233714911,
    1168435260,
    933826712,
    1087826982,
    155777608,
    1072689875,
    1620437098,
    957213041,
    1858527612,
    560772119,
    1452557939,
    897163646,
    127573693,
    210359763,
    2134941114,
    276494034,
    39578501,
    1509888166,
    1748983171,
    1340365614,
    530290370,
    118458396,
    1560197087,
    1210188169,
    1465249330,
    874041649,
    618240071,
    732105377,
    1501433417,
    833043747,
    880154488,
    282106664,
    1685340495,
    1259246326
  ]
}