{
  "mode": "site",
  "rep": 93,
  "ne": 10000,
  "r": 1e-05,
  "mu": [
    1e-07,
    1e-07,
    4.413793103448276e-07,
    4.413793103448276e-07,
    7.827586206896552e-07,
    7.827586206896552e-07,
    1.1241379310344827e-06,
    1.1241379310344827e-06,
    1.4655172413793102e-06,
    1.4655172413793102e-06,
    1.8068965517241377e-06,
    1.8068965517241377e-06,
    2.1482758620689656e-06,
    2.1482758620689656e-06,
    2.489655172413793e-06,
    2.489655172413793e-06,
    2.8310344827586205e-06,
    2.8310344827586205e-06,
    3.172413793103448e-06,
    3.172413793103448e-06,
    3.5137931034482755e-06,
    3.5137931034482755e-06,
    3.855172413793104e-06,
    3.855172413793104e-06,
    4.196551724137931e-06,
    4.196551724137931e-06,
    4.537931034482759e-06,
    4.537931034482759e-06,
    4.879310344827586e-06,
    4.879310344827586e-06,
    5.220689655172414e-06,
    5.220689655172414e-06,
    5.562068965517241e-06,
    5.562068965517241e-06,
    5.903448275862069e-06,
    5.903448275862069e-06,
    6.244827586206896e-06,
    6.244827586206896e-06,
    6.5862068965517236e-06,
    6.5862068965517236e-06,
    6.927586206896551e-06,
    7.268965517241379e-06,
    7.610344827586207e-06,
    7.951724137931034e-06,
    8.293103448275863e-06,
    8.634482758620691e-06,
    8.975862068965518e-06,
    9.317241379310346e-06,
    9.658620689655173e-06,
    1e-05
  ],
  "samples": 500,
  "sequence_length": 10000,
  "seeds": [
    245611700,
    488762632,
    873184814,
    1622485987,
    1015669031,
    1203861684,
    1094181758,
    112857755,
    332797726,
    1349206378,
    1137518097,
    373543280,
    450654727,
    1967142598,
    852292760,
    798836262,
    753313356,
    774288983,
    1521272881,
    73206926,
    1875513707,
    800340637,
    1383476365,
    268489423,
    1414558697,
    148337218,
    1964089538,
    1927454268,
    1118057637,
    215965205,
    1991037633,
    1398440627,
    1195049916,
    237155391,
    1332808043,
    274192835,
    1064112695,
    972448401,
    964138460,
    1809010666,
    394899521,
    957465745,
    365402612,
    288112614,
    1587035362,
    1459000719,
    1529497337,
    1904516533,
    406159841,
    1472988728
  ]
}