{
  "mode": "site",
  "rep": 449,
  "ne": 10000,
  "r": 1e-05,
  "mu": [
    1e-07,
    4.413793103448276e-07,
    7.827586206896552e-07,
    1.1241379310344827e-06,
    1.4655172413793102e-06,
    1.8068965517241377e-06,
    2.1482758620689656e-06,
    2.489655172413793e-06,
    2.8310344827586205e-06,
    3.172413793103448e-06,
    3.5137931034482755e-06,
    3.5137931034482755e-06,
    3.855172413793104e-06,
    3.855172413793104e-06,
    4.196551724137931e-06,
    4.196551724137931e-06,
    4.537931034482759e-06,
    4.537931034482759e-06,
    4.879310344827586e-06,
    4.879310344827586e-06,
    5.220689655172414e-06,
    5.220689655172414e-06,
    5.562068965517241e-06,
    5.562068965517241e-06,
    5.903448275862069e-06,
    5.903448275862069e-06,
    6.244827586206896e-06,
    6.244827586206896e-06,
    6.5862068965517236e-06,
    6.5862068965517236e-06,
    6.927586206896551e-06,
    6.927586206896551e-06,
    7.268965517241379e-06,
    7.268965517241379e-06,
    7.610344827586207e-06,
    7.610344827586207e-06,
    7.951724137931034e-06,
    7.951724137931034e-06,
    8.293103448275863e-06,
    8.293103448275863e-06,
    8.634482758620691e-06,
    8.634482758620691e-06,
    8.975862068965518e-06,
    8.975862068965518e-06,
    9.317241379310346e-06,
    9.317241379310346e-06,
    9.658620689655173e-06,
    9.658620689655173e-06,
    1e-05,
    1e-05
  ],
  "samples": 500,
  "sequence_length": 10000,
  "seeds": [
    217253579,
    2017068984,
    1306513022,
    1529514219,
    799510703,
    1231626994,
    1626563557,
    1018426401,
    1090260960,
    400639507,
    1764754272,
    744087065,
    15628730,
    3204272,
    2019019431,
    398200521,
    437660228,
    1021114922,
    1813949176,
    1037740739,
    1659844904,
    95080543,
    1544267374,
    698854123,
    1169056418,
    602531265,
    1059742008,
    84691399,
    492022772,
    1384467173,
    1194379629,
    2046031961,
    510588596,
    1511830944,
    818346640,
    2144452668,
    805427599,
    1356915889,
    1286245725,
    1531607278,
    857490176,
    910908107,
    1507883222,
    2052229026,
    696020686,
    480277638,
    960648655,
    1191527139,
    1816137715,
    611524693
  ]
}