{
  "mode": "branch",
  "rep": 1007,
  "ne": 10000,
  "r": [
    1e-08,
    1.820689655172414e-07,
    3.541379310344828e-07,
    5.262068965517242e-07,
    6.982758620689656e-07,
    8.70344827586207e-07,
    1.0424137931034483e-06,
    1.2144827586206895e-06,
    1.386551724137931e-06,
    1.5586206896551725e-06,
    1.7306896551724138e-06,
    1.7306896551724138e-06,
    1.9027586206896551e-06,
    1.9027586206896551e-06,
    2.0748275862068966e-06,
    2.0748275862068966e-06,
    2.246896551724138e-06,
    2.246896551724138e-06,
    2.418965517241379e-06,
    2.418965517241379e-06,
    2.5910344827586207e-06,
    2.5910344827586207e-06,
    2.763103448275862e-06,
    2.763103448275862e-06,
    2.9351724137931037e-06,
    2.9351724137931037e-06,
    3.107241379310345e-06,
    3.107241379310345e-06,
    3.2793103448275863e-06,
    3.2793103448275863e-06,
    3.4513793103448278e-06,
    3.4513793103448278e-06,
    3.6234482758620693e-06,
    3.6234482758620693e-06,
    3.7955172413793103e-06,
    3.7955172413793103e-06,
    3.967586206896552e-06,
    3.967586206896552e-06,
    4.139655172413793e-06,
    4.139655172413793e-06,
    4.311724137931034e-06,
    4.311724137931034e-06,
    4.483793103448276e-06,
    4.483793103448276e-06,
    4.655862068965517e-06,
    4.655862068965517e-06,
    4.8279310344827585e-06,
    4.8279310344827585e-06,
    5e-06,
    5e-06
  ],
  "mu": 0,
  "samples": 250,
  "sequence_length": 1000,
  "seeds": [
    1200257121,
    1379792519,
    775832418,
    1121646861,
    73422431,
    767555341,
    457034944,
    2009854899,
    757360545,
    2144057641,
    1258721473,
    1951016464,
    523901621,
    995027529,
    1386684215,
    1573474307,
    1142400099,
    702175706,
    1219616347,
    1246205856,
    1842405350,
    912267745,
    335130836,
    1392597109,
    722842193,
    1103652598,
    1875136086,
    1290588643,
    1464803881,
    435342218,
    1356835056,
    341831582,
    2118983729,
    1353540278,
    903545652,
    42591723,
    1266321247,
    848463740,
    1857387677,
    1725669881,
    669970374,
    120609323,
    1020136924,
    1968092400,
    1127022838,
    14656714,
    1626174635,
    1584691455,
    814359935,
    2027830783
  ]
}