{
  "mode": "branch",
  "rep": 933,
  "ne": 10000,
  "r": [
    1e-08,
    1e-08,
    1.820689655172414e-07,
    1.820689655172414e-07,
    3.541379310344828e-07,
    3.541379310344828e-07,
    5.262068965517242e-07,
    5.262068965517242e-07,
    6.982758620689656e-07,
    6.982758620689656e-07,
    8.70344827586207e-07,
    8.70344827586207e-07,
    1.0424137931034483e-06,
    1.0424137931034483e-06,
    1.2144827586206895e-06,
    1.2144827586206895e-06,
    1.386551724137931e-06,
    1.386551724137931e-06,
    1.5586206896551725e-06,
    1.5586206896551725e-06,
    1.7306896551724138e-06,
    1.7306896551724138e-06,
    1.9027586206896551e-06,
    1.9027586206896551e-06,
    2.0748275862068966e-06,
    2.0748275862068966e-06,
    2.246896551724138e-06,
    2.246896551724138e-06,
    2.418965517241379e-06,
    2.418965517241379e-06,
    2.5910344827586207e-06,
    2.5910344827586207e-06,
    2.763103448275862e-06,
    2.763103448275862e-06,
    2.9351724137931037e-06,
    2.9351724137931037e-06,
    3.107241379310345e-06,
    3.107241379310345e-06,
    3.2793103448275863e-06,
    3.2793103448275863e-06,
    3.4513793103448278e-06,
    3.6234482758620693e-06,
    3.7955172413793103e-06,
    3.967586206896552e-06,
    4.139655172413793e-06,
    4.311724137931034e-06,
    4.483793103448276e-06,
    4.655862068965517e-06,
    4.8279310344827585e-06,
    5e-06
  ],
  "mu": 0,
  "samples": 250,
  "sequence_length": 1000,
  "seeds": [
    2099366093,
    1324112134,
    651739060,
    1391248269,
    1740459743,
    687012418,
    884427362,
    238432668,
    1734321176,
    549970913,
    1034736566,
    653478143,
    2018336016,
    648258183,
    672984740,
    2146845912,
    1771608785,
    938751421,
    2069060517,
    1546681211,
    1046659638,
    2143008585,
    228716724,
    269639910,
    879387405,
    203898466,
    1621820809,
    787423379,
    1407945880,
    1197605717,
    2117235518,
    1343799920,
    370758369,
    348113893,
    397987679,
    29015897,
    257286604,
    26949254,
    1994261767,
    1033164974,
    1264398408,
    904111209,
    1718401076,
    2018472019,
    1422268993,
    526243251,
    441667615,
    1648747548,
    649494329,
    2054197914
  ]
}