{
  "mode": "branch",
  "rep": 689,
  "ne": 10000,
  "r": [
    1e-08,
    1.820689655172414e-07,
    3.541379310344828e-07,
    5.262068965517242e-07,
    6.982758620689656e-07,
    8.70344827586207e-07,
    1.0424137931034483e-06,
    1.2144827586206895e-06,
    1.386551724137931e-06,
    1.5586206896551725e-06,
    1.7306896551724138e-06,
    1.7306896551724138e-06,
    1.9027586206896551e-06,
    1.9027586206896551e-06,
    2.0748275862068966e-06,
    2.0748275862068966e-06,
    2.246896551724138e-06,
    2.246896551724138e-06,
    2.418965517241379e-06,
    2.418965517241379e-06,
    2.5910344827586207e-06,
    2.5910344827586207e-06,
    2.763103448275862e-06,
    2.763103448275862e-06,
    2.9351724137931037e-06,
    2.9351724137931037e-06,
    3.107241379310345e-06,
    3.107241379310345e-06,
    3.2793103448275863e-06,
    3.2793103448275863e-06,
    3.4513793103448278e-06,
    3.4513793103448278e-06,
    3.6234482758620693e-06,
    3.6234482758620693e-06,
    3.7955172413793103e-06,
    3.7955172413793103e-06,
    3.967586206896552e-06,
    3.967586206896552e-06,
    4.139655172413793e-06,
    4.139655172413793e-06,
    4.311724137931034e-06,
    4.311724137931034e-06,
    4.483793103448276e-06,
    4.483793103448276e-06,
    4.655862068965517e-06,
    4.655862068965517e-06,
    4.8279310344827585e-06,
    4.8279310344827585e-06,
    5e-06,
    5e-06
  ],
  "mu": 0,
  "samples": 250,
  "sequence_length": 1000,
  "seeds": [
    987755707,
    122675407,
    544788602,
    208280547,
    1343907405,
    567776498,
    1554719236,
    1557580331,
    429682136,
    657130380,
    1681249975,
    38999017,
    1398467339,
    483914951,
    2001724652,
    629638203,
    159800900,
    41438060,
    170566039,
    890629514,
    1298115163,
    1256986710,
    1590417516,
    855373957,
    1057024879,
    1331749634,
    65863333,
    509295304,
    122254670,
    1361736278,
    2061763049,
    1320733038,
    869059113,
    844008667,
    1098595485,
    1507836919,
    1820034464,
    168469286,
    1257851974,
    319998960,
    711051435,
    974095811,
    2066406115,
    2027454212,
    1534243792,
    1006293677,
    848926546,
    1281636638,
    654932583,
    1146795602
  ]
}