{
  "mode": "branch",
  "rep": 1188,
  "ne": 10000,
  "r": [
    1e-08,
    1e-08,
    1.820689655172414e-07,
    1.820689655172414e-07,
    3.541379310344828e-07,
    3.541379310344828e-07,
    5.262068965517242e-07,
    5.262068965517242e-07,
    6.982758620689656e-07,
    6.982758620689656e-07,
    8.70344827586207e-07,
    8.70344827586207e-07,
    1.0424137931034483e-06,
    1.0424137931034483e-06,
    1.2144827586206895e-06,
    1.2144827586206895e-06,
    1.386551724137931e-06,
    1.386551724137931e-06,
    1.5586206896551725e-06,
    1.5586206896551725e-06,
    1.7306896551724138e-06,
    1.7306896551724138e-06,
    1.9027586206896551e-06,
    1.9027586206896551e-06,
    2.0748275862068966e-06,
    2.0748275862068966e-06,
    2.246896551724138e-06,
    2.246896551724138e-06,
    2.418965517241379e-06,
    2.418965517241379e-06,
    2.5910344827586207e-06,
    2.5910344827586207e-06,
    2.763103448275862e-06,
    2.763103448275862e-06,
    2.9351724137931037e-06,
    2.9351724137931037e-06,
    3.107241379310345e-06,
    3.107241379310345e-06,
    3.2793103448275863e-06,
    3.2793103448275863e-06,
    3.4513793103448278e-06,
    3.6234482758620693e-06,
    3.7955172413793103e-06,
    3.967586206896552e-06,
    4.139655172413793e-06,
    4.311724137931034e-06,
    4.483793103448276e-06,
    4.655862068965517e-06,
    4.8279310344827585e-06,
    5e-06
  ],
  "mu": 0,
  "samples": 250,
  "sequence_length": 1000,
  "seeds": [
    218404852,
    53756403,
    388298274,
    698388883,
    1475750535,
    1671225004,
    409286912,
    171727275,
    1145676090,
    1340420512,
    1170252663,
    117755582,
    2017499709,
    1037942695,
    1576669587,
    991418640,
    1387045486,
    1338778798,
    95908964,
    230122179,
    456384785,
    1984902318,
    341201367,
    1972515172,
    898973145,
    1246019685,
    725765071,
    728049140,
    339033658,
    1126077784,
    345748858,
    1268854827,
    1655989859,
    345089770,
    225802620,
    740061449,
    1634831686,
    52921124,
    1864723025,
    1609147556,
    1718401632,
    767977730,
    119749630,
    2129848753,
    885991556,
    144668495,
    1895567884,
    310198667,
    2063271012,
    706782718
  ]
}