{
  "mode": "site",
  "rep": 208,
  "ne": 10000,
  "r": 1e-05,
  "mu": [
    1e-07,
    1e-07,
    4.413793103448276e-07,
    4.413793103448276e-07,
    7.827586206896552e-07,
    7.827586206896552e-07,
    1.1241379310344827e-06,
    1.1241379310344827e-06,
    1.4655172413793102e-06,
    1.4655172413793102e-06,
    1.8068965517241377e-06,
    1.8068965517241377e-06,
    2.1482758620689656e-06,
    2.1482758620689656e-06,
    2.489655172413793e-06,
    2.489655172413793e-06,
    2.8310344827586205e-06,
    2.8310344827586205e-06,
    3.172413793103448e-06,
    3.172413793103448e-06,
    3.5137931034482755e-06,
    3.855172413793104e-06,
    4.196551724137931e-06,
    4.537931034482759e-06,
    4.879310344827586e-06,
    5.220689655172414e-06,
    5.562068965517241e-06,
    5.903448275862069e-06,
    6.244827586206896e-06,
    6.5862068965517236e-06,
    6.927586206896551e-06,
    6.927586206896551e-06,
    7.268965517241379e-06,
    7.268965517241379e-06,
    7.610344827586207e-06,
    7.610344827586207e-06,
    7.951724137931034e-06,
    7.951724137931034e-06,
    8.293103448275863e-06,
    8.293103448275863e-06,
    8.634482758620691e-06,
    8.634482758620691e-06,
    8.975862068965518e-06,
    8.975862068965518e-06,
    9.317241379310346e-06,
    9.317241379310346e-06,
    9.658620689655173e-06,
    9.658620689655173e-06,
    1e-05,
    1e-05
  ],
  "samples": 500,
  "sequence_length": 10000,
  "seeds": [
    268433149,
    1051654912,
    185416828,
    2079998959,
    1785608574,
    1185957674,
    1378440947,
    1986578592,
    1061529030,
    905169073,
    162839736,
    872070977,
    792560691,
    427862511,
    1389058897,
    1917281090,
    216584487,
    595625038,
    796543164,
    224057740,
    435941223,
    1804356243,
    566954837,
    1374460546,
    1394816746,
    1014507715,
    977373302,
    1105705874,
    273289494,
    237097644,
    65525557,
    880195827,
    1637923507,
    344404943,
    1332464663,
    1251911285,
    1569464807,
    750119867,
    273341108,
    46720547,
    1005585170,
    1823725082,
    1190427242,
    767877759,
    891154637,
    353710172,
    2023387954,
    893970343,
    276861573,
    1111151323
  ]
}