{
  "mode": "site",
  "rep": 352,
  "ne": 10000,
  "r": 1e-05,
  "mu": [
    1e-07,
    1e-07,
    4.413793103448276e-07,
    4.413793103448276e-07,
    7.827586206896552e-07,
    7.827586206896552e-07,
    1.1241379310344827e-06,
    1.1241379310344827e-06,
    1.4655172413793102e-06,
    1.4655172413793102e-06,
    1.8068965517241377e-06,
    1.8068965517241377e-06,
    2.1482758620689656e-06,
    2.1482758620689656e-06,
    2.489655172413793e-06,
    2.489655172413793e-06,
    2.8310344827586205e-06,
    2.8310344827586205e-06,
    3.172413793103448e-06,
    3.172413793103448e-06,
    3.5137931034482755e-06,
    3.855172413793104e-06,
    4.196551724137931e-06,
    4.537931034482759e-06,
    4.879310344827586e-06,
    5.220689655172414e-06,
    5.562068965517241e-06,
    5.903448275862069e-06,
    6.244827586206896e-06,
    6.5862068965517236e-06,
    6.927586206896551e-06,
    6.927586206896551e-06,
    7.268965517241379e-06,
    7.268965517241379e-06,
    7.610344827586207e-06,
    7.610344827586207e-06,
    7.951724137931034e-06,
    7.951724137931034e-06,
    8.293103448275863e-06,
    8.293103448275863e-06,
    8.634482758620691e-06,
    8.634482758620691e-06,
    8.975862068965518e-06,
    8.975862068965518e-06,
    9.317241379310346e-06,
    9.317241379310346e-06,
    9.658620689655173e-06,
    9.658620689655173e-06,
    1e-05,
    1e-05
  ],
  "samples": 500,
  "sequence_length": 10000,
  "seeds": [
    551001832,
    1815333003,
    2144976065,
    1804032681,
    1039619156,
    1023507463,
    43318626,
    1367039297,
    2052624384,
    936663779,
    693226556,
    1951543900,
    515415596,
    1031244958,
    99339829,
    1080354419,
    2062750145,
    93758282,
    1967145722,
    1835522269,
    833869465,
    1970527141,
    233903086,
    1691289976,
    1244973549,
    1329941925,
    802554027,
    1454473975,
    1872979391,
    1812794488,
    1776718059,
    309189051,
    2024735750,
    1270513901,
    707088547,
    906421491,
    623416719,
    2109999223,
    1470016171,
    1010897902,
    2106403040,
    2058429854,
    1699518114,
    398770436,
    1853827647,
    752498244,
    262499550,
    72836246,
    1354995281,
    1468715663
  ]
}