{
  "mode": "branch",
  "rep": 1069,
  "ne": 10000,
  "r": [
    1e-08,
    1e-08,
    1.820689655172414e-07,
    1.820689655172414e-07,
    3.541379310344828e-07,
    3.541379310344828e-07,
    5.262068965517242e-07,
    5.262068965517242e-07,
    6.982758620689656e-07,
    6.982758620689656e-07,
    8.70344827586207e-07,
    8.70344827586207e-07,
    1.0424137931034483e-06,
    1.0424137931034483e-06,
    1.2144827586206895e-06,
    1.2144827586206895e-06,
    1.386551724137931e-06,
    1.386551724137931e-06,
    1.5586206896551725e-06,
    1.5586206896551725e-06,
    1.7306896551724138e-06,
    1.9027586206896551e-06,
    2.0748275862068966e-06,
    2.246896551724138e-06,
    2.418965517241379e-06,
    2.5910344827586207e-06,
    2.763103448275862e-06,
    2.9351724137931037e-06,
    3.107241379310345e-06,
    3.2793103448275863e-06,
    3.4513793103448278e-06,
    3.4513793103448278e-06,
    3.6234482758620693e-06,
    3.6234482758620693e-06,
    3.7955172413793103e-06,
    3.7955172413793103e-06,
    3.967586206896552e-06,
    3.967586206896552e-06,
    4.139655172413793e-06,
    4.139655172413793e-06,
    4.311724137931034e-06,
    4.311724137931034e-06,
    4.483793103448276e-06,
    4.483793103448276e-06,
    4.655862068965517e-06,
    4.655862068965517e-06,
    4.8279310344827585e-06,
    4.8279310344827585e-06,
    5e-06,
    5e-06
  ],
  "mu": 0,
  "samples": 250,
  "sequence_length": 1000,
  "seeds": [
    1711946560,
    1699169276,
    1786457261,
    2130374802,
    908751177,
    1971918098,
    1056733247,
    1732036481,
    1138944432,
    210135245,
    54865896,
    1406341841,
    13730965,
    735416415,
    2135404261,
    554789853,
    1802855484,
    1851160437,
    742690849,
    975355471,
    1807465075,
    1168984628,
    2076485497,
    1478240369,
    996442524,
    1243530166,
    1863774978,
    1277459009,
    2137427037,
    589136604,
    2125977726,
    101739519,
    2063638819,
    1659496102,
    1200919300,
    1759587398,
    2078268042,
    334677085,
    34951187,
    1629277894,
    416130691,
    2051188718,
    685929249,
    1532305215,
    364940314,
    1526668267,
    270206861,
    1896801348,
    1006582691,
    621424270
  ]
}