{
  "mode": "branch",
  "rep": 713,
  "ne": 10000,
  "r": [
    1e-08,
    1.820689655172414e-07,
    3.541379310344828e-07,
    5.262068965517242e-07,
    6.982758620689656e-07,
    8.70344827586207e-07,
    1.0424137931034483e-06,
    1.2144827586206895e-06,
    1.386551724137931e-06,
    1.5586206896551725e-06,
    1.7306896551724138e-06,
    1.7306896551724138e-06,
    1.9027586206896551e-06,
    1.9027586206896551e-06,
    2.0748275862068966e-06,
    2.0748275862068966e-06,
    2.246896551724138e-06,
    2.246896551724138e-06,
    2.418965517241379e-06,
    2.418965517241379e-06,
    2.5910344827586207e-06,
    2.5910344827586207e-06,
    2.763103448275862e-06,
    2.763103448275862e-06,
    2.9351724137931037e-06,
    2.9351724137931037e-06,
    3.107241379310345e-06,
    3.107241379310345e-06,
    3.2793103448275863e-06,
    3.2793103448275863e-06,
    3.4513793103448278e-06,
    3.4513793103448278e-06,
    3.6234482758620693e-06,
    3.6234482758620693e-06,
    3.7955172413793103e-06,
    3.7955172413793103e-06,
    3.967586206896552e-06,
    3.967586206896552e-06,
    4.139655172413793e-06,
    4.139655172413793e-06,
    4.311724137931034e-06,
    4.311724137931034e-06,
    4.483793103448276e-06,
    4.483793103448276e-06,
    4.655862068965517e-06,
    4.655862068965517e-06,
    4.8279310344827585e-06,
    4.8279310344827585e-06,
    5e-06,
    5e-06
  ],
  "mu": 0,
  "samples": 250,
  "sequence_length": 1000,
  "seeds": [
    2131839988,
    609674613,
    374148693,
    2104596232,
    697439811,
    416234080,
    22585487,
    1612278616,
    1569293825,
    2034825845,
    1448089332,
    654668444,
    1956607100,
    176432346,
    1828323260,
    542857888,
    1161810093,
    270130124,
    1322550203,
    530156770,
    368937259,
    1644802663,
    1524779960,
    214450709,
    431182114,
    642180685,
    1234554217,
    317981156,
    1609125667,
    75098831,
    506778687,
    1287103013,
    461750129,
    980316648,
    1714237564,
    1445215269,
    786462955,
    1840152107,
    815957230,
    1754102469,
    589230123,
    539762799,
    1205766254,
    260174732,
    1236732794,
    2096053923,
    146416504,
    85892154,
    1948211211,
    1302770462
  ]
}