{
  "mode": "site",
  "rep": 90,
  "ne": 10000,
  "r": 1e-05,
  "mu": [
    1e-07,
    1e-07,
    4.413793103448276e-07,
    4.413793103448276e-07,
    7.827586206896552e-07,
    7.827586206896552e-07,
    1.1241379310344827e-06,
    1.1241379310344827e-06,
    1.4655172413793102e-06,
    1.4655172413793102e-06,
    1.8068965517241377e-06,
    1.8068965517241377e-06,
    2.1482758620689656e-06,
    2.1482758620689656e-06,
    2.489655172413793e-06,
    2.489655172413793e-06,
    2.8310344827586205e-06,
    2.8310344827586205e-06,
    3.172413793103448e-06,
    3.172413793103448e-06,
    3.5137931034482755e-06,
    3.5137931034482755e-06,
    3.855172413793104e-06,
    3.855172413793104e-06,
    4.196551724137931e-06,
    4.196551724137931e-06,
    4.537931034482759e-06,
    4.537931034482759e-06,
    4.879310344827586e-06,
    4.879310344827586e-06,
    5.220689655172414e-06,
    5.220689655172414e-06,
    5.562068965517241e-06,
    5.562068965517241e-06,
    5.903448275862069e-06,
    5.903448275862069e-06,
    6.244827586206896e-06,
    6.244827586206896e-06,
    6.5862068965517236e-06,
    6.5862068965517236e-06,
    6.927586206896551e-06,
    7.268965517241379e-06,
    7.610344827586207e-06,
    7.951724137931034e-06,
    8.293103448275863e-06,
    8.634482758620691e-06,
    8.975862068965518e-06,
    9.317241379310346e-06,
    9.658620689655173e-06,
    1e-05
  ],
  "samples": 500,
  "sequence_length": 50000,
  "seeds": [
    848442993,
    1706782139,
    548361024,
    1929489410,
    745307728,
    1340586182,
    269137958,
    1970234364,
    373926949,
    1132872789,
    1578264182,
    531550266,
    1624301182,
    690255808,
    1837977456,
    1857247556,
    1842040338,
    949577538,
    1205044513,
    778178056,
    1482831767,
    1695757069,
    1862924221,
    1989070936,
    219146666,
    468511008,
    1389778881,
    69535861,
    1642148567,
    1654424823,
    1338227669,
    1270717927,
    472965998,
    675948354,
    853779518,
    294381972,
    1799317397,
    1885832069,
    368336892,
    478777436,
    1262047088,
    1335721119,
    1597337547,
    567743786,
    1726652303,
    882676079,
    164980018,
    1610416959,
    1805327980,
    930125254
  ]
}