{
  "mode": "branch",
  "rep": 755,
  "ne": 10000,
  "r": [
    1e-08,
    1.820689655172414e-07,
    3.541379310344828e-07,
    5.262068965517242e-07,
    6.982758620689656e-07,
    8.70344827586207e-07,
    1.0424137931034483e-06,
    1.2144827586206895e-06,
    1.386551724137931e-06,
    1.5586206896551725e-06,
    1.7306896551724138e-06,
    1.7306896551724138e-06,
    1.9027586206896551e-06,
    1.9027586206896551e-06,
    2.0748275862068966e-06,
    2.0748275862068966e-06,
    2.246896551724138e-06,
    2.246896551724138e-06,
    2.418965517241379e-06,
    2.418965517241379e-06,
    2.5910344827586207e-06,
    2.5910344827586207e-06,
    2.763103448275862e-06,
    2.763103448275862e-06,
    2.9351724137931037e-06,
    2.9351724137931037e-06,
    3.107241379310345e-06,
    3.107241379310345e-06,
    3.2793103448275863e-06,
    3.2793103448275863e-06,
    3.4513793103448278e-06,
    3.4513793103448278e-06,
    3.6234482758620693e-06,
    3.6234482758620693e-06,
    3.7955172413793103e-06,
    3.7955172413793103e-06,
    3.967586206896552e-06,
    3.967586206896552e-06,
    4.139655172413793e-06,
    4.139655172413793e-06,
    4.311724137931034e-06,
    4.311724137931034e-06,
    4.483793103448276e-06,
    4.483793103448276e-06,
    4.655862068965517e-06,
    4.655862068965517e-06,
    4.8279310344827585e-06,
    4.8279310344827585e-06,
    5e-06,
    5e-06
  ],
  "mu": 0,
  "samples": 250,
  "sequence_length": 1000,
  "seeds": [
    1014495264,
    1706044536,
    1645998267,
    468974617,
    1275129644,
    1356510257,
    1251826828,
    861013478,
    778431799,
    920742970,
    864603055,
    312565442,
    333099031,
    1329752968,
    647321158,
    372455992,
    1704594331,
    1696362012,
    558281615,
    2098464133,
    450173449,
    1310683869,
    212264680,
    698907574,
    513991198,
    2012032257,
    530556928,
    23600140,
    1137502625,
    2052396895,
    603934727,
    220367741,
    1109894928,
    654904870,
    902210798,
    1226088224,
    802317468,
    2103362486,
    1744581612,
    1792500925,
    761819246,
    198937999,
    1946363953,
    1773371202,
    1015449770,
    2081882914,
    1830167126,
    633854150,
    37186983,
    1725655588
  ]
}