{
  "mode": "branch",
  "rep": 952,
  "ne": 10000,
  "r": [
    1e-08,
    1e-08,
    1.820689655172414e-07,
    1.820689655172414e-07,
    3.541379310344828e-07,
    3.541379310344828e-07,
    5.262068965517242e-07,
    5.262068965517242e-07,
    6.982758620689656e-07,
    6.982758620689656e-07,
    8.70344827586207e-07,
    8.70344827586207e-07,
    1.0424137931034483e-06,
    1.0424137931034483e-06,
    1.2144827586206895e-06,
    1.2144827586206895e-06,
    1.386551724137931e-06,
    1.386551724137931e-06,
    1.5586206896551725e-06,
    1.5586206896551725e-06,
    1.7306896551724138e-06,
    1.9027586206896551e-06,
    2.0748275862068966e-06,
    2.246896551724138e-06,
    2.418965517241379e-06,
    2.5910344827586207e-06,
    2.763103448275862e-06,
    2.9351724137931037e-06,
    3.107241379310345e-06,
    3.2793103448275863e-06,
    3.4513793103448278e-06,
    3.4513793103448278e-06,
    3.6234482758620693e-06,
    3.6234482758620693e-06,
    3.7955172413793103e-06,
    3.7955172413793103e-06,
    3.967586206896552e-06,
    3.967586206896552e-06,
    4.139655172413793e-06,
    4.139655172413793e-06,
    4.311724137931034e-06,
    4.311724137931034e-06,
    4.483793103448276e-06,
    4.483793103448276e-06,
    4.655862068965517e-06,
    4.655862068965517e-06,
    4.8279310344827585e-06,
    4.8279310344827585e-06,
    5e-06,
    5e-06
  ],
  "mu": 0,
  "samples": 250,
  "sequence_length": 1000,
  "seeds": [
    467167693,
    256491714,
    1581906044,
    579303912,
    152812341,
    108698641,
    1556732944,
    1333627429,
    203977783,
    1068244627,
    1722529756,
    1179640845,
    2116836357,
    91599311,
    1422740959,
    1881460993,
    158393084,
    1456731111,
    1415408652,
    123665126,
    1400646201,
    554645223,
    801087373,
    1265794642,
    868229158,
    1952695434,
    1814722190,
    622181298,
    651582285,
    1628532019,
    189900931,
    1238328633,
    2126073918,
    1157925092,
    1247180156,
    911803976,
    356024693,
    1272089987,
    1187258774,
    715468619,
    394801502,
    1842828695,
    344632428,
    735858084,
    1358520774,
    1029067425,
    67938327,
    211091308,
    188648160,
    1408933346
  ]
}