{
  "mode": "site",
  "rep": 566,
  "ne": 10000,
  "r": 1e-05,
  "mu": [
    1e-07,
    4.413793103448276e-07,
    7.827586206896552e-07,
    1.1241379310344827e-06,
    1.4655172413793102e-06,
    1.8068965517241377e-06,
    2.1482758620689656e-06,
    2.489655172413793e-06,
    2.8310344827586205e-06,
    3.172413793103448e-06,
    3.5137931034482755e-06,
    3.5137931034482755e-06,
    3.855172413793104e-06,
    3.855172413793104e-06,
    4.196551724137931e-06,
    4.196551724137931e-06,
    4.537931034482759e-06,
    4.537931034482759e-06,
    4.879310344827586e-06,
    4.879310344827586e-06,
    5.220689655172414e-06,
    5.220689655172414e-06,
    5.562068965517241e-06,
    5.562068965517241e-06,
    5.903448275862069e-06,
    5.903448275862069e-06,
    6.244827586206896e-06,
    6.244827586206896e-06,
    6.5862068965517236e-06,
    6.5862068965517236e-06,
    6.927586206896551e-06,
    6.927586206896551e-06,
    7.268965517241379e-06,
    7.268965517241379e-06,
    7.610344827586207e-06,
    7.610344827586207e-06,
    7.951724137931034e-06,
    7.951724137931034e-06,
    8.293103448275863e-06,
    8.293103448275863e-06,
    8.634482758620691e-06,
    8.634482758620691e-06,
    8.975862068965518e-06,
    8.975862068965518e-06,
    9.317241379310346e-06,
    9.317241379310346e-06,
    9.658620689655173e-06,
    9.658620689655173e-06,
    1e-05,
    1e-05
  ],
  "samples": 500,
  "sequence_length": 50000,
  "seeds": [
    494049108,
    223367501,
    1757922384,
    580601999,
    985519361,
    2013558161,
    94892330,
    33016082,
    30861018,
    2052352857,
    816667461,
    1239437935,
    483315153,
    835651423,
    674590652,
    403501283,
    752745625,
    166424412,
    1629343175,
    1693068341,
    2064089996,
    1519208036,
    522437882,
    72376746,
    230256348,
    618380353,
    271042157,
    166076688,
    1879681517,
    730148784,
    383448326,
    1765207168,
    298081402,
    500274687,
    219007771,
    1975643901,
    1030100525,
    1322249712,
    853699747,
    1472841071,
    298677736,
    1341673273,
    1058775,
    497855756,
    1572076591,
    1149182672,
    800965334,
    614563641,
    1206048459,
    509567059
  ]
}