{
  "mode": "site",
  "rep": 355,
  "ne": 10000,
  "r": 1e-05,
  "mu": [
    1e-07,
    1e-07,
    4.413793103448276e-07,
    4.413793103448276e-07,
    7.827586206896552e-07,
    7.827586206896552e-07,
    1.1241379310344827e-06,
    1.1241379310344827e-06,
    1.4655172413793102e-06,
    1.4655172413793102e-06,
    1.8068965517241377e-06,
    1.8068965517241377e-06,
    2.1482758620689656e-06,
    2.1482758620689656e-06,
    2.489655172413793e-06,
    2.489655172413793e-06,
    2.8310344827586205e-06,
    2.8310344827586205e-06,
    3.172413793103448e-06,
    3.172413793103448e-06,
    3.5137931034482755e-06,
    3.855172413793104e-06,
    4.196551724137931e-06,
    4.537931034482759e-06,
    4.879310344827586e-06,
    5.220689655172414e-06,
    5.562068965517241e-06,
    5.903448275862069e-06,
    6.244827586206896e-06,
    6.5862068965517236e-06,
    6.927586206896551e-06,
    6.927586206896551e-06,
    7.268965517241379e-06,
    7.268965517241379e-06,
    7.610344827586207e-06,
    7.610344827586207e-06,
    7.951724137931034e-06,
    7.951724137931034e-06,
    8.293103448275863e-06,
    8.293103448275863e-06,
    8.634482758620691e-06,
    8.634482758620691e-06,
    8.975862068965518e-06,
    8.975862068965518e-06,
    9.317241379310346e-06,
    9.317241379310346e-06,
    9.658620689655173e-06,
    9.658620689655173e-06,
    1e-05,
    1e-05
  ],
  "samples": 500,
  "sequence_length": 50000,
  "seeds": [
    1332219486,
    1624359210,
    1214072104,
    1900405261,
    1999855392,
    1260814094,
    993052270,
    1298854349,
    598672151,
    1208922930,
    531640583,
    1250414477,
    1684105919,
    1721959149,
    2073309666,
    329671150,
    1525538617,
    1309737643,
    1613167283,
    2110502833,
    1997290112,
    1830934778,
    291635132,
    1130707964,
    765729431,
    1068365997,
    1789269982,
    232823187,
    1431262157,
    177497443,
    366722755,
    466351892,
    2142716198,
    1285919337,
    537921833,
    1809778186,
    1539947640,
    1420186728,
    264165861,
    1901509830,
    1415659006,
    1630592644,
    583613954,
    38303169,
    632921381,
    1080072671,
    825064197,
    2042521986,
    1988732580,
    1488355908
  ]
}