{
  "mode": "branch",
  "rep": 688,
  "ne": 10000,
  "r": [
    1e-08,
    1e-08,
    1.820689655172414e-07,
    1.820689655172414e-07,
    3.541379310344828e-07,
    3.541379310344828e-07,
    5.262068965517242e-07,
    5.262068965517242e-07,
    6.982758620689656e-07,
    6.982758620689656e-07,
    8.70344827586207e-07,
    8.70344827586207e-07,
    1.0424137931034483e-06,
    1.0424137931034483e-06,
    1.2144827586206895e-06,
    1.2144827586206895e-06,
    1.386551724137931e-06,
    1.386551724137931e-06,
    1.5586206896551725e-06,
    1.5586206896551725e-06,
    1.7306896551724138e-06,
    1.9027586206896551e-06,
    2.0748275862068966e-06,
    2.246896551724138e-06,
    2.418965517241379e-06,
    2.5910344827586207e-06,
    2.763103448275862e-06,
    2.9351724137931037e-06,
    3.107241379310345e-06,
    3.2793103448275863e-06,
    3.4513793103448278e-06,
    3.4513793103448278e-06,
    3.6234482758620693e-06,
    3.6234482758620693e-06,
    3.7955172413793103e-06,
    3.7955172413793103e-06,
    3.967586206896552e-06,
    3.967586206896552e-06,
    4.139655172413793e-06,
    4.139655172413793e-06,
    4.311724137931034e-06,
    4.311724137931034e-06,
    4.483793103448276e-06,
    4.483793103448276e-06,
    4.655862068965517e-06,
    4.655862068965517e-06,
    4.8279310344827585e-06,
    4.8279310344827585e-06,
    5e-06,
    5e-06
  ],
  "mu": 0,
  "samples": 250,
  "sequence_length": 1000,
  "seeds": [
    1943397195,
    2048298528,
    668628252,
    1800459250,
    255358594,
    1037753894,
    1630040508,
    1452432425,
    685313086,
    599580381,
    1837525819,
    1073039420,
    2029648519,
    516223870,
    9636513,
    755726122,
    144297864,
    808861135,
    101629426,
    392817113,
    1652240746,
    960705738,
    255332406,
    462476076,
    172589314,
    1235244520,
    918937114,
    166640947,
    1424716232,
    1710450248,
    206474820,
    850994639,
    539435315,
    387542544,
    528900446,
    1279956032,
    1126535994,
    578863657,
    1302815951,
    88455281,
    693719226,
    1105683669,
    419856172,
    515493541,
    910723198,
    1893747364,
    135447010,
    597845439,
    1593826546,
    1472938055
  ]
}