{
  "mode": "site",
  "rep": 317,
  "ne": 10000,
  "r": 1e-05,
  "mu": [
    1e-07,
    4.413793103448276e-07,
    7.827586206896552e-07,
    1.1241379310344827e-06,
    1.4655172413793102e-06,
    1.8068965517241377e-06,
    2.1482758620689656e-06,
    2.489655172413793e-06,
    2.8310344827586205e-06,
    3.172413793103448e-06,
    3.5137931034482755e-06,
    3.5137931034482755e-06,
    3.855172413793104e-06,
    3.855172413793104e-06,
    4.196551724137931e-06,
    4.196551724137931e-06,
    4.537931034482759e-06,
    4.537931034482759e-06,
    4.879310344827586e-06,
    4.879310344827586e-06,
    5.220689655172414e-06,
    5.220689655172414e-06,
    5.562068965517241e-06,
    5.562068965517241e-06,
    5.903448275862069e-06,
    5.903448275862069e-06,
    6.244827586206896e-06,
    6.244827586206896e-06,
    6.5862068965517236e-06,
    6.5862068965517236e-06,
    6.927586206896551e-06,
    6.927586206896551e-06,
    7.268965517241379e-06,
    7.268965517241379e-06,
    7.610344827586207e-06,
    7.610344827586207e-06,
    7.951724137931034e-06,
    7.951724137931034e-06,
    8.293103448275863e-06,
    8.293103448275863e-06,
    8.634482758620691e-06,
    8.634482758620691e-06,
    8.975862068965518e-06,
    8.975862068965518e-06,
    9.317241379310346e-06,
    9.317241379310346e-06,
    9.658620689655173e-06,
    9.658620689655173e-06,
    1e-05,
    1e-05
  ],
  "samples": 500,
  "sequence_length": 50000,
  "seeds": [
    1290367491,
    173173111,
    943197761,
    1862630463,
    768923766,
    783492549,
    282549747,
    1097892765,
    2126038839,
    417516181,
    1627603846,
    1147220885,
    1293290629,
    1064878287,
    551890190,
    363678302,
    1852638947,
    1802562687,
    295550651,
    1427796550,
    716697629,
    1244727808,
    611303519,
    1616225723,
    531636592,
    677461466,
    878743010,
    441459630,
    2044099799,
    1207560744,
    1101240560,
    1731807312,
    1896008990,
    1921242675,
    1524968719,
    115373129,
    602169883,
    1781874918,
    2009892114,
    1755424887,
    656278202,
    1367335056,
    180813219,
    1672535274,
    460231379,
    991540764,
    488047531,
    11269384,
    688516964,
    294821461
  ]
}