{
  "mode": "site",
  "rep": 282,
  "ne": 10000,
  "r": 1e-05,
  "mu": [
    1e-07,
    1e-07,
    4.413793103448276e-07,
    4.413793103448276e-07,
    7.827586206896552e-07,
    7.827586206896552e-07,
    1.1241379310344827e-06,
    1.1241379310344827e-06,
    1.4655172413793102e-06,
    1.4655172413793102e-06,
    1.8068965517241377e-06,
    1.8068965517241377e-06,
    2.1482758620689656e-06,
    2.1482758620689656e-06,
    2.489655172413793e-06,
    2.489655172413793e-06,
    2.8310344827586205e-06,
    2.8310344827586205e-06,
    3.172413793103448e-06,
    3.172413793103448e-06,
    3.5137931034482755e-06,
    3.5137931034482755e-06,
    3.855172413793104e-06,
    3.855172413793104e-06,
    4.196551724137931e-06,
    4.196551724137931e-06,
    4.537931034482759e-06,
    4.537931034482759e-06,
    4.879310344827586e-06,
    4.879310344827586e-06,
    5.220689655172414e-06,
    5.220689655172414e-06,
    5.562068965517241e-06,
    5.562068965517241e-06,
    5.903448275862069e-06,
    5.903448275862069e-06,
    6.244827586206896e-06,
    6.244827586206896e-06,
    6.5862068965517236e-06,
    6.5862068965517236e-06,
    6.927586206896551e-06,
    7.268965517241379e-06,
    7.610344827586207e-06,
    7.951724137931034e-06,
    8.293103448275863e-06,
    8.634482758620691e-06,
    8.975862068965518e-06,
    9.317241379310346e-06,
    9.658620689655173e-06,
    1e-05
  ],
  "samples": 500,
  "sequence_length": 10000,
  "seeds": [
    846810318,
    1464981012,
    989265025,
    783841855,
    204576996,
    139930903,
    1756779198,
    111223234,
    1008586900,
    1627069959,
    254385496,
    897101446,
    1691344194,
    1524797779,
    1173280586,
    854115980,
    1668471302,
    1293843169,
    138397084,
    279297617,
    1086741237,
    575823390,
    240711011,
    1012800754,
    460978157,
    2018716724,
    729871909,
    1989591212,
    666893226,
    143118971,
    1062021422,
    355905588,
    2020840963,
    559292898,
    28366521,
    1284570477,
    1255450278,
    599681971,
    768185855,
    1990776938,
    2127845768,
    1801040975,
    660116041,
    59977558,
    410901569,
    1552236305,
    1863686263,
    1954024773,
    1115190878,
    507659677
  ]
}