{
  "mode": "branch",
  "rep": 803,
  "ne": 10000,
  "r": [
    1e-08,
    1.820689655172414e-07,
    3.541379310344828e-07,
    5.262068965517242e-07,
    6.982758620689656e-07,
    8.70344827586207e-07,
    1.0424137931034483e-06,
    1.2144827586206895e-06,
    1.386551724137931e-06,
    1.5586206896551725e-06,
    1.7306896551724138e-06,
    1.7306896551724138e-06,
    1.9027586206896551e-06,
    1.9027586206896551e-06,
    2.0748275862068966e-06,
    2.0748275862068966e-06,
    2.246896551724138e-06,
    2.246896551724138e-06,
    2.418965517241379e-06,
    2.418965517241379e-06,
    2.5910344827586207e-06,
    2.5910344827586207e-06,
    2.763103448275862e-06,
    2.763103448275862e-06,
    2.9351724137931037e-06,
    2.9351724137931037e-06,
    3.107241379310345e-06,
    3.107241379310345e-06,
    3.2793103448275863e-06,
    3.2793103448275863e-06,
    3.4513793103448278e-06,
    3.4513793103448278e-06,
    3.6234482758620693e-06,
    3.6234482758620693e-06,
    3.7955172413793103e-06,
    3.7955172413793103e-06,
    3.967586206896552e-06,
    3.967586206896552e-06,
    4.139655172413793e-06,
    4.139655172413793e-06,
    4.311724137931034e-06,
    4.311724137931034e-06,
    4.483793103448276e-06,
    4.483793103448276e-06,
    4.655862068965517e-06,
    4.655862068965517e-06,
    4.8279310344827585e-06,
    4.8279310344827585e-06,
    5e-06,
    5e-06
  ],
  "mu": 0,
  "samples": 250,
  "sequence_length": 1000,
  "seeds": [
    1812683298,
    815214077,
    1686515747,
    1517532333,
    1746460838,
    671607740,
    1730237802,
    108084994,
    1144349872,
    965501872,
    750533489,
    56059306,
    111251844,
    437152176,
    1217058948,
    992780159,
    1760381596,
    1921002289,
    1459725590,
    1871065253,
    1943611980,
    244103204,
    959408368,
    736502777,
    837389457,
    1170769671,
    561790762,
    1814375238,
    824959884,
    1956377433,
    1137109476,
    2116943361,
    884319760,
    1528414360,
    7737174,
    1320821100,
    301176843,
    1593988906,
    358353065,
    1549108255,
    1997202535,
    2054146960,
    1954862101,
    1562288023,
    499963648,
    130999723,
    1916086516,
    117621954,
    788432922,
    152453971
  ]
}