{
  "mode": "branch",
  "rep": 882,
  "ne": 10000,
  "r": [
    1e-08,
    1e-08,
    1.820689655172414e-07,
    1.820689655172414e-07,
    3.541379310344828e-07,
    3.541379310344828e-07,
    5.262068965517242e-07,
    5.262068965517242e-07,
    6.982758620689656e-07,
    6.982758620689656e-07,
    8.70344827586207e-07,
    8.70344827586207e-07,
    1.0424137931034483e-06,
    1.0424137931034483e-06,
    1.2144827586206895e-06,
    1.2144827586206895e-06,
    1.386551724137931e-06,
    1.386551724137931e-06,
    1.5586206896551725e-06,
    1.5586206896551725e-06,
    1.7306896551724138e-06,
    1.7306896551724138e-06,
    1.9027586206896551e-06,
    1.9027586206896551e-06,
    2.0748275862068966e-06,
    2.0748275862068966e-06,
    2.246896551724138e-06,
    2.246896551724138e-06,
    2.418965517241379e-06,
    2.418965517241379e-06,
    2.5910344827586207e-06,
    2.5910344827586207e-06,
    2.763103448275862e-06,
    2.763103448275862e-06,
    2.9351724137931037e-06,
    2.9351724137931037e-06,
    3.107241379310345e-06,
    3.107241379310345e-06,
    3.2793103448275863e-06,
    3.2793103448275863e-06,
    3.4513793103448278e-06,
    3.6234482758620693e-06,
    3.7955172413793103e-06,
    3.967586206896552e-06,
    4.139655172413793e-06,
    4.311724137931034e-06,
    4.483793103448276e-06,
    4.655862068965517e-06,
    4.8279310344827585e-06,
    5e-06
  ],
  "mu": 0,
  "samples": 250,
  "sequence_length": 1000,
  "seeds": [
    1122436663,
    1373497446,
    1987763650,
    1770413963,
    1802942365,
    105705189,
    1165032836,
    377729205,
    322131277,
    1729719804,
    889229036,
    676766608,
    2096894801,
    1315548336,
    606080037,
    2032407963,
    521626815,
    1776175147,
    634939331,
    1670094638,
    824048670,
    1608170212,
    1110568976,
    1829152195,
    834586135,
    933372390,
    1289820816,
    1907450413,
    1664759056,
    23560942,
    2072154189,
    867971833,
    2133991490,
    447673051,
    208161219,
    1748341317,
    1394281510,
    226415119,
    715123692,
    1842608656,
    35076293,
    254249819,
    675972437,
    223661937,
    1827132137,
    389176716,
    944591870,
    1424572395,
    1736952014,
    2110620109
  ]
}