{
  "mode": "branch",
  "rep": 769,
  "ne": 10000,
  "r": [
    1e-08,
    1e-08,
    1.820689655172414e-07,
    1.820689655172414e-07,
    3.541379310344828e-07,
    3.541379310344828e-07,
    5.262068965517242e-07,
    5.262068965517242e-07,
    6.982758620689656e-07,
    6.982758620689656e-07,
    8.70344827586207e-07,
    8.70344827586207e-07,
    1.0424137931034483e-06,
    1.0424137931034483e-06,
    1.2144827586206895e-06,
    1.2144827586206895e-06,
    1.386551724137931e-06,
    1.386551724137931e-06,
    1.5586206896551725e-06,
    1.5586206896551725e-06,
    1.7306896551724138e-06,
    1.9027586206896551e-06,
    2.0748275862068966e-06,
    2.246896551724138e-06,
    2.418965517241379e-06,
    2.5910344827586207e-06,
    2.763103448275862e-06,
    2.9351724137931037e-06,
    3.107241379310345e-06,
    3.2793103448275863e-06,
    3.4513793103448278e-06,
    3.4513793103448278e-06,
    3.6234482758620693e-06,
    3.6234482758620693e-06,
    3.7955172413793103e-06,
    3.7955172413793103e-06,
    3.967586206896552e-06,
    3.967586206896552e-06,
    4.139655172413793e-06,
    4.139655172413793e-06,
    4.311724137931034e-06,
    4.311724137931034e-06,
    4.483793103448276e-06,
    4.483793103448276e-06,
    4.655862068965517e-06,
    4.655862068965517e-06,
    4.8279310344827585e-06,
    4.8279310344827585e-06,
    5e-06,
    5e-06
  ],
  "mu": 0,
  "samples": 250,
  "sequence_length": 1000,
  "seeds": [
    447932488,
    1221088825,
    1358466402,
    1101924345,
    1541168357,
    709943046,
    1170383184,
    79880457,
    312152270,
    31425589,
    2048103605,
    11022395,
    165132028,
    242430644,
    1724486364,
    1055058735,
    1231723627,
    359864324,
    966041454,
    303775613,
    1186190109,
    1905530802,
    547310613,
    1944711269,
    493884990,
    1093487289,
    1189637354,
    639885799,
    1025161747,
    730133664,
    273518289,
    163472135,
    1646321102,
    1642593655,
    613164851,
    2079920736,
    1570085947,
    737827945,
    1767739705,
    77052779,
    756816556,
    1754133851,
    576787432,
    1912673673,
    1101321036,
    1102173811,
    1908154892,
    1648045961,
    455958145,
    1189244422
  ]
}