{
  "mode": "site",
  "rep": 423,
  "ne": 10000,
  "r": 1e-05,
  "mu": [
    1e-07,
    1e-07,
    4.413793103448276e-07,
    4.413793103448276e-07,
    7.827586206896552e-07,
    7.827586206896552e-07,
    1.1241379310344827e-06,
    1.1241379310344827e-06,
    1.4655172413793102e-06,
    1.4655172413793102e-06,
    1.8068965517241377e-06,
    1.8068965517241377e-06,
    2.1482758620689656e-06,
    2.1482758620689656e-06,
    2.489655172413793e-06,
    2.489655172413793e-06,
    2.8310344827586205e-06,
    2.8310344827586205e-06,
    3.172413793103448e-06,
    3.172413793103448e-06,
    3.5137931034482755e-06,
    3.5137931034482755e-06,
    3.855172413793104e-06,
    3.855172413793104e-06,
    4.196551724137931e-06,
    4.196551724137931e-06,
    4.537931034482759e-06,
    4.537931034482759e-06,
    4.879310344827586e-06,
    4.879310344827586e-06,
    5.220689655172414e-06,
    5.220689655172414e-06,
    5.562068965517241e-06,
    5.562068965517241e-06,
    5.903448275862069e-06,
    5.903448275862069e-06,
    6.244827586206896e-06,
    6.244827586206896e-06,
    6.5862068965517236e-06,
    6.5862068965517236e-06,
    6.927586206896551e-06,
    7.268965517241379e-06,
    7.610344827586207e-06,
    7.951724137931034e-06,
    8.293103448275863e-06,
    8.634482758620691e-06,
    8.975862068965518e-06,
    9.317241379310346e-06,
    9.658620689655173e-06,
    1e-05
  ],
  "samples": 500,
  "sequence_length": 50000,
  "seeds": [
    2027532698,
    611401554,
    1524374310,
    219716309,
    4247166,
    1220907373,
    70561014,
    749414877,
    926354997,
    434102691,
    1433714526,
    1741472215,
    1776506120,
    1948367410,
    2055767243,
    1668652979,
    1046456501,
    1185578638,
    1094435437,
    1826468491,
    1076140467,
    918658465,
    2078250993,
    1046478067,
    448205147,
    1731288532,
    607436060,
    1330251112,
    225297643,
    204549298,
    1630307792,
    450429178,
    1471064062,
    2066647476,
    1595667918,
    914825631,
    1801514689,
    1949535035,
    738359885,
    397648233,
    650881600,
    1005748112,
    1859915973,
    1591363477,
    1093698902,
    292680002,
    282632340,
    1196555820,
    1112276232,
    493418910
  ]
}