{
  "mode": "site",
  "rep": 238,
  "ne": 10000,
  "r": 1e-05,
  "mu": [
    1e-07,
    1e-07,
    4.413793103448276e-07,
    4.413793103448276e-07,
    7.827586206896552e-07,
    7.827586206896552e-07,
    1.1241379310344827e-06,
    1.1241379310344827e-06,
    1.4655172413793102e-06,
    1.4655172413793102e-06,
    1.8068965517241377e-06,
    1.8068965517241377e-06,
    2.1482758620689656e-06,
    2.1482758620689656e-06,
    2.489655172413793e-06,
    2.489655172413793e-06,
    2.8310344827586205e-06,
    2.8310344827586205e-06,
    3.172413793103448e-06,
    3.172413793103448e-06,
    3.5137931034482755e-06,
    3.855172413793104e-06,
    4.196551724137931e-06,
    4.537931034482759e-06,
    4.879310344827586e-06,
    5.220689655172414e-06,
    5.562068965517241e-06,
    5.903448275862069e-06,
    6.244827586206896e-06,
    6.5862068965517236e-06,
    6.927586206896551e-06,
    6.927586206896551e-06,
    7.268965517241379e-06,
    7.268965517241379e-06,
    7.610344827586207e-06,
    7.610344827586207e-06,
    7.951724137931034e-06,
    7.951724137931034e-06,
    8.293103448275863e-06,
    8.293103448275863e-06,
    8.634482758620691e-06,
    8.634482758620691e-06,
    8.975862068965518e-06,
    8.975862068965518e-06,
    9.317241379310346e-06,
    9.317241379310346e-06,
    9.658620689655173e-06,
    9.658620689655173e-06,
    1e-05,
    1e-05
  ],
  "samples": 500,
  "sequence_length": 10000,
  "seeds": [
    1093336081,
    244575886,
    156541664,
    288312804,
    2123441748,
    2013013140,
    1195985656,
    549708903,
    1674340950,
    1951608158,
    736825773,
    54305894,
    1686435110,
    1012451451,
    2048469814,
    679453496,
    1966317854,
    1482744621,
    497375034,
    1679174866,
    1776141098,
    1958896068,
    404302263,
    2066559377,
    1984967587,
    1661124505,
    665408095,
    868789979,
    1156078938,
    773731300,
    1338022189,
    1361177493,
    482967853,
    503608706,
    1049792254,
    315367157,
    914191523,
    443550340,
    107917012,
    1526590226,
    671091456,
    1532116900,
    224827123,
    1344687196,
    385001013,
    1366534770,
    102464862,
    1559399116,
    1813657268,
    279452551
  ]
}