{
  "mode": "branch",
  "rep": 773,
  "ne": 10000,
  "r": [
    1e-08,
    1.820689655172414e-07,
    3.541379310344828e-07,
    5.262068965517242e-07,
    6.982758620689656e-07,
    8.70344827586207e-07,
    1.0424137931034483e-06,
    1.2144827586206895e-06,
    1.386551724137931e-06,
    1.5586206896551725e-06,
    1.7306896551724138e-06,
    1.7306896551724138e-06,
    1.9027586206896551e-06,
    1.9027586206896551e-06,
    2.0748275862068966e-06,
    2.0748275862068966e-06,
    2.246896551724138e-06,
    2.246896551724138e-06,
    2.418965517241379e-06,
    2.418965517241379e-06,
    2.5910344827586207e-06,
    2.5910344827586207e-06,
    2.763103448275862e-06,
    2.763103448275862e-06,
    2.9351724137931037e-06,
    2.9351724137931037e-06,
    3.107241379310345e-06,
    3.107241379310345e-06,
    3.2793103448275863e-06,
    3.2793103448275863e-06,
    3.4513793103448278e-06,
    3.4513793103448278e-06,
    3.6234482758620693e-06,
    3.6234482758620693e-06,
    3.7955172413793103e-06,
    3.7955172413793103e-06,
    3.967586206896552e-06,
    3.967586206896552e-06,
    4.139655172413793e-06,
    4.139655172413793e-06,
    4.311724137931034e-06,
    4.311724137931034e-06,
    4.483793103448276e-06,
    4.483793103448276e-06,
    4.655862068965517e-06,
    4.655862068965517e-06,
    4.8279310344827585e-06,
    4.8279310344827585e-06,
    5e-06,
    5e-06
  ],
  "mu": 0,
  "samples": 250,
  "sequence_length": 1000,
  "seeds": [
    988105915,
    91259388,
    812885394,
    1951639759,
    1002063215,
    173207215,
    639655679,
    952240861,
    1307913562,
    1206035368,
    1462276565,
    1988199984,
    878502092,
    1347867790,
    1833035576,
    1436023246,
    1511767041,
    967537865,
    1082789558,
    1683034905,
    1355352683,
    733532694,
    1954423421,
    39025559,
    1723668975,
    1589321803,
    1698953808,
    689044650,
    646469049,
    274553334,
    741345609,
    2139666268,
    462967940,
    222471668,
    242331791,
    1388303788,
    1094648660,
    1477596987,
    557153073,
    2121835191,
    30488005,
    2084380840,
    1663364195,
    1858168748,
    677193084,
    1300509019,
    1525815789,
    1639118972,
    830547524,
    1395466769
  ]
}