{
  "mode": "branch",
  "rep": 694,
  "ne": 10000,
  "r": [
    1e-08,
    1e-08,
    1.820689655172414e-07,
    1.820689655172414e-07,
    3.541379310344828e-07,
    3.541379310344828e-07,
    5.262068965517242e-07,
    5.262068965517242e-07,
    6.982758620689656e-07,
    6.982758620689656e-07,
    8.70344827586207e-07,
    8.70344827586207e-07,
    1.0424137931034483e-06,
    1.0424137931034483e-06,
    1.2144827586206895e-06,
    1.2144827586206895e-06,
    1.386551724137931e-06,
    1.386551724137931e-06,
    1.5586206896551725e-06,
    1.5586206896551725e-06,
    1.7306896551724138e-06,
    1.9027586206896551e-06,
    2.0748275862068966e-06,
    2.246896551724138e-06,
    2.418965517241379e-06,
    2.5910344827586207e-06,
    2.763103448275862e-06,
    2.9351724137931037e-06,
    3.107241379310345e-06,
    3.2793103448275863e-06,
    3.4513793103448278e-06,
    3.4513793103448278e-06,
    3.6234482758620693e-06,
    3.6234482758620693e-06,
    3.7955172413793103e-06,
    3.7955172413793103e-06,
    3.967586206896552e-06,
    3.967586206896552e-06,
    4.139655172413793e-06,
    4.139655172413793e-06,
    4.311724137931034e-06,
    4.311724137931034e-06,
    4.483793103448276e-06,
    4.483793103448276e-06,
    4.655862068965517e-06,
    4.655862068965517e-06,
    4.8279310344827585e-06,
    4.8279310344827585e-06,
    5e-06,
    5e-06
  ],
  "mu": 0,
  "samples": 250,
  "sequence_length": 1000,
  "seeds": [
    836062344,
    1825839509,
    424859030,
    1238950749,
    1472237531,
    316543260,
    1517396882,
    1757167853,
    1917078906,
    1263612858,
    1023836223,
    226780842,
    28510756,
    796443208,
    428693423,
    1951877223,
    553096002,
    1652473551,
    210302139,
    1114370092,
    1998543193,
    1701394176,
    824555770,
    1551640540,
    1405936618,
    1112549715,
    1701410545,
    1712439400,
    2117664071,
    521715095,
    532663736,
    1456721538,
    16164206,
    707617357,
    478764431,
    854212959,
    495827332,
    1685987581,
    1322524289,
    262740702,
    1060267300,
    1601020032,
    542224641,
    72892870,
    1345105592,
    302176843,
    1560661542,
    42576838,
    348116345,
    1216908455
  ]
}