{
  "mode": "branch",
  "rep": 884,
  "ne": 10000,
  "r": [
    1e-08,
    1.820689655172414e-07,
    3.541379310344828e-07,
    5.262068965517242e-07,
    6.982758620689656e-07,
    8.70344827586207e-07,
    1.0424137931034483e-06,
    1.2144827586206895e-06,
    1.386551724137931e-06,
    1.5586206896551725e-06,
    1.7306896551724138e-06,
    1.7306896551724138e-06,
    1.9027586206896551e-06,
    1.9027586206896551e-06,
    2.0748275862068966e-06,
    2.0748275862068966e-06,
    2.246896551724138e-06,
    2.246896551724138e-06,
    2.418965517241379e-06,
    2.418965517241379e-06,
    2.5910344827586207e-06,
    2.5910344827586207e-06,
    2.763103448275862e-06,
    2.763103448275862e-06,
    2.9351724137931037e-06,
    2.9351724137931037e-06,
    3.107241379310345e-06,
    3.107241379310345e-06,
    3.2793103448275863e-06,
    3.2793103448275863e-06,
    3.4513793103448278e-06,
    3.4513793103448278e-06,
    3.6234482758620693e-06,
    3.6234482758620693e-06,
    3.7955172413793103e-06,
    3.7955172413793103e-06,
    3.967586206896552e-06,
    3.967586206896552e-06,
    4.139655172413793e-06,
    4.139655172413793e-06,
    4.311724137931034e-06,
    4.311724137931034e-06,
    4.483793103448276e-06,
    4.483793103448276e-06,
    4.655862068965517e-06,
    4.655862068965517e-06,
    4.8279310344827585e-06,
    4.8279310344827585e-06,
    5e-06,
    5e-06
  ],
  "mu": 0,
  "samples": 250,
  "sequence_length": 1000,
  "seeds": [
    6258672,
    1596848464,
    1392836362,
    1578138729,
    1371516905,
    1089247408,
    982162477,
    763988696,
    1056512231,
    1620468970,
    1402104276,
    263724136,
    875232964,
    276996597,
    1989455176,
    2090107351,
    623306432,
    1439178387,
    1335121128,
    1816164919,
    489864268,
    151042996,
    806972248,
    68160931,
    650438035,
    1617668177,
    1366451114,
    1604992313,
    392699202,
    808116040,
    1842785312,
    1314089776,
    646687027,
    1440108617,
    309998228,
    115330515,
    388111227,
    1050882028,
    1142081040,
    2037017175,
    1042262261,
    1277998048,
    1580932409,
    258769914,
    1085307437,
    1906734610,
    497106823,
    150231701,
    1800014914,
    90754940
  ]
}