{
  "mode": "branch",
  "rep": 703,
  "ne": 10000,
  "r": [
    1e-08,
    1e-08,
    1.820689655172414e-07,
    1.820689655172414e-07,
    3.541379310344828e-07,
    3.541379310344828e-07,
    5.262068965517242e-07,
    5.262068965517242e-07,
    6.982758620689656e-07,
    6.982758620689656e-07,
    8.70344827586207e-07,
    8.70344827586207e-07,
    1.0424137931034483e-06,
    1.0424137931034483e-06,
    1.2144827586206895e-06,
    1.2144827586206895e-06,
    1.386551724137931e-06,
    1.386551724137931e-06,
    1.5586206896551725e-06,
    1.5586206896551725e-06,
    1.7306896551724138e-06,
    1.9027586206896551e-06,
    2.0748275862068966e-06,
    2.246896551724138e-06,
    2.418965517241379e-06,
    2.5910344827586207e-06,
    2.763103448275862e-06,
    2.9351724137931037e-06,
    3.107241379310345e-06,
    3.2793103448275863e-06,
    3.4513793103448278e-06,
    3.4513793103448278e-06,
    3.6234482758620693e-06,
    3.6234482758620693e-06,
    3.7955172413793103e-06,
    3.7955172413793103e-06,
    3.967586206896552e-06,
    3.967586206896552e-06,
    4.139655172413793e-06,
    4.139655172413793e-06,
    4.311724137931034e-06,
    4.311724137931034e-06,
    4.483793103448276e-06,
    4.483793103448276e-06,
    4.655862068965517e-06,
    4.655862068965517e-06,
    4.8279310344827585e-06,
    4.8279310344827585e-06,
    5e-06,
    5e-06
  ],
  "mu": 0,
  "samples": 250,
  "sequence_length": 1000,
  "seeds": [
    1170525932,
    1186740827,
    286651577,
    126442742,
    1425631046,
    2142805772,
    187929113,
    137579392,
    2146050092,
    1172371882,
    368381044,
    925946846,
    2078369570,
    53787610,
    801285051,
    148597269,
    1662415850,
    1873286733,
    685220939,
    1851704017,
    1598166807,
    1964085769,
    696392269,
    849505639,
    1517691726,
    1053240609,
    183669766,
    2081631523,
    589659152,
    1784532361,
    1467983166,
    2059504876,
    698925470,
    110491443,
    762496322,
    1057658277,
    163734157,
    550872390,
    1227357893,
    1267238425,
    306706002,
    198653221,
    1033221165,
    1360529357,
    33200092,
    751962963,
    735522902,
    273446407,
    205676327,
    644469411
  ]
}