{
  "mode": "branch",
  "rep": 770,
  "ne": 10000,
  "r": [
    1e-08,
    1.820689655172414e-07,
    3.541379310344828e-07,
    5.262068965517242e-07,
    6.982758620689656e-07,
    8.70344827586207e-07,
    1.0424137931034483e-06,
    1.2144827586206895e-06,
    1.386551724137931e-06,
    1.5586206896551725e-06,
    1.7306896551724138e-06,
    1.7306896551724138e-06,
    1.9027586206896551e-06,
    1.9027586206896551e-06,
    2.0748275862068966e-06,
    2.0748275862068966e-06,
    2.246896551724138e-06,
    2.246896551724138e-06,
    2.418965517241379e-06,
    2.418965517241379e-06,
    2.5910344827586207e-06,
    2.5910344827586207e-06,
    2.763103448275862e-06,
    2.763103448275862e-06,
    2.9351724137931037e-06,
    2.9351724137931037e-06,
    3.107241379310345e-06,
    3.107241379310345e-06,
    3.2793103448275863e-06,
    3.2793103448275863e-06,
    3.4513793103448278e-06,
    3.4513793103448278e-06,
    3.6234482758620693e-06,
    3.6234482758620693e-06,
    3.7955172413793103e-06,
    3.7955172413793103e-06,
    3.967586206896552e-06,
    3.967586206896552e-06,
    4.139655172413793e-06,
    4.139655172413793e-06,
    4.311724137931034e-06,
    4.311724137931034e-06,
    4.483793103448276e-06,
    4.483793103448276e-06,
    4.655862068965517e-06,
    4.655862068965517e-06,
    4.8279310344827585e-06,
    4.8279310344827585e-06,
    5e-06,
    5e-06
  ],
  "mu": 0,
  "samples": 250,
  "sequence_length": 1000,
  "seeds": [
    1151212393,
    1827246655,
    1782955197,
    128952233,
    1087538723,
    910912435,
    2084977161,
    897238237,
    347549913,
    1553249129,
    1073017856,
    775881236,
    477076147,
    1767675725,
    1175698949,
    1611670884,
    1201167233,
    1542325159,
    675295404,
    788466373,
    154670883,
    708871378,
    611605244,
    517460902,
    1788349700,
    1770890503,
    659695659,
    1110143002,
    1923511898,
    585312941,
    2140388503,
    857847777,
    2013118894,
    1537866997,
    446706139,
    1103430177,
    1221197849,
    1603387834,
    1721731709,
    382719617,
    150309615,
    1431613921,
    1015742213,
    1970680649,
    2033846864,
    1655858702,
    1428196089,
    2112347864,
    1725694689,
    2120997307
  ]
}