{
  "mode": "branch",
  "rep": 730,
  "ne": 10000,
  "r": [
    1e-08,
    1e-08,
    1.820689655172414e-07,
    1.820689655172414e-07,
    3.541379310344828e-07,
    3.541379310344828e-07,
    5.262068965517242e-07,
    5.262068965517242e-07,
    6.982758620689656e-07,
    6.982758620689656e-07,
    8.70344827586207e-07,
    8.70344827586207e-07,
    1.0424137931034483e-06,
    1.0424137931034483e-06,
    1.2144827586206895e-06,
    1.2144827586206895e-06,
    1.386551724137931e-06,
    1.386551724137931e-06,
    1.5586206896551725e-06,
    1.5586206896551725e-06,
    1.7306896551724138e-06,
    1.9027586206896551e-06,
    2.0748275862068966e-06,
    2.246896551724138e-06,
    2.418965517241379e-06,
    2.5910344827586207e-06,
    2.763103448275862e-06,
    2.9351724137931037e-06,
    3.107241379310345e-06,
    3.2793103448275863e-06,
    3.4513793103448278e-06,
    3.4513793103448278e-06,
    3.6234482758620693e-06,
    3.6234482758620693e-06,
    3.7955172413793103e-06,
    3.7955172413793103e-06,
    3.967586206896552e-06,
    3.967586206896552e-06,
    4.139655172413793e-06,
    4.139655172413793e-06,
    4.311724137931034e-06,
    4.311724137931034e-06,
    4.483793103448276e-06,
    4.483793103448276e-06,
    4.655862068965517e-06,
    4.655862068965517e-06,
    4.8279310344827585e-06,
    4.8279310344827585e-06,
    5e-06,
    5e-06
  ],
  "mu": 0,
  "samples": 250,
  "sequence_length": 1000,
  "seeds": [
    1049957706,
    1653544922,
    74398529,
    1973127339,
    1244821680,
    1696596694,
    1777824707,
    292489757,
    773752430,
    1631296083,
    1045495026,
    2024859131,
    467288689,
    525419169,
    1267898693,
    929426019,
    819748634,
    488011945,
    1399778600,
    334773814,
    1619830380,
    375909790,
    674005689,
    1980281326,
    931775027,
    1868541519,
    1362960540,
    662207714,
    134436991,
    2131191207,
    2013619374,
    1484645315,
    1747343745,
    980345080,
    45011704,
    831284308,
    448332853,
    778543100,
    187776140,
    1950543697,
    706981381,
    1396286566,
    1861492998,
    903162742,
    872317867,
    1847680176,
    1642840219,
    41690783,
    738783711,
    160894288
  ]
}