{
  "mode": "branch",
  "rep": 994,
  "ne": 10000,
  "r": [
    1e-08,
    1e-08,
    1.820689655172414e-07,
    1.820689655172414e-07,
    3.541379310344828e-07,
    3.541379310344828e-07,
    5.262068965517242e-07,
    5.262068965517242e-07,
    6.982758620689656e-07,
    6.982758620689656e-07,
    8.70344827586207e-07,
    8.70344827586207e-07,
    1.0424137931034483e-06,
    1.0424137931034483e-06,
    1.2144827586206895e-06,
    1.2144827586206895e-06,
    1.386551724137931e-06,
    1.386551724137931e-06,
    1.5586206896551725e-06,
    1.5586206896551725e-06,
    1.7306896551724138e-06,
    1.9027586206896551e-06,
    2.0748275862068966e-06,
    2.246896551724138e-06,
    2.418965517241379e-06,
    2.5910344827586207e-06,
    2.763103448275862e-06,
    2.9351724137931037e-06,
    3.107241379310345e-06,
    3.2793103448275863e-06,
    3.4513793103448278e-06,
    3.4513793103448278e-06,
    3.6234482758620693e-06,
    3.6234482758620693e-06,
    3.7955172413793103e-06,
    3.7955172413793103e-06,
    3.967586206896552e-06,
    3.967586206896552e-06,
    4.139655172413793e-06,
    4.139655172413793e-06,
    4.311724137931034e-06,
    4.311724137931034e-06,
    4.483793103448276e-06,
    4.483793103448276e-06,
    4.655862068965517e-06,
    4.655862068965517e-06,
    4.8279310344827585e-06,
    4.8279310344827585e-06,
    5e-06,
    5e-06
  ],
  "mu": 0,
  "samples": 250,
  "sequence_length": 1000,
  "seeds": [
    1221591830,
    1389093343,
    102080273,
    1679552314,
    1619785460,
    547516074,
    613321281,
    1278898102,
    1078283278,
    655934600,
    1290464188,
    560718010,
    1838416513,
    742066793,
    1314184286,
    192241657,
    987864224,
    231343538,
    75755970,
    1344024732,
    984615414,
    1131800699,
    2091645720,
    599864688,
    665181808,
    1227378924,
    1234020721,
    1870997051,
    1505135978,
    916322380,
    1850435511,
    55881081,
    2028195043,
    259671469,
    669098270,
    1286814852,
    2048021426,
    1474225489,
    1319090026,
    1660027432,
    925663763,
    663148609,
    2147289422,
    2139383053,
    1491597639,
    1286452010,
    840443143,
    1847128621,
    1332117525,
    222748890
  ]
}