{
  "mode": "site",
  "rep": 193,
  "ne": 10000,
  "r": 1e-05,
  "mu": [
    1e-07,
    1e-07,
    4.413793103448276e-07,
    4.413793103448276e-07,
    7.827586206896552e-07,
    7.827586206896552e-07,
    1.1241379310344827e-06,
    1.1241379310344827e-06,
    1.4655172413793102e-06,
    1.4655172413793102e-06,
    1.8068965517241377e-06,
    1.8068965517241377e-06,
    2.1482758620689656e-06,
    2.1482758620689656e-06,
    2.489655172413793e-06,
    2.489655172413793e-06,
    2.8310344827586205e-06,
    2.8310344827586205e-06,
    3.172413793103448e-06,
    3.172413793103448e-06,
    3.5137931034482755e-06,
    3.855172413793104e-06,
    4.196551724137931e-06,
    4.537931034482759e-06,
    4.879310344827586e-06,
    5.220689655172414e-06,
    5.562068965517241e-06,
    5.903448275862069e-06,
    6.244827586206896e-06,
    6.5862068965517236e-06,
    6.927586206896551e-06,
    6.927586206896551e-06,
    7.268965517241379e-06,
    7.268965517241379e-06,
    7.610344827586207e-06,
    7.610344827586207e-06,
    7.951724137931034e-06,
    7.951724137931034e-06,
    8.293103448275863e-06,
    8.293103448275863e-06,
    8.634482758620691e-06,
    8.634482758620691e-06,
    8.975862068965518e-06,
    8.975862068965518e-06,
    9.317241379310346e-06,
    9.317241379310346e-06,
    9.658620689655173e-06,
    9.658620689655173e-06,
    1e-05,
    1e-05
  ],
  "samples": 500,
  "sequence_length": 50000,
  "seeds": [
    1013506363,
    1583917702,
    1794311566,
    2142842978,
    566845993,
    905511532,
    1973198275,
    1579876483,
    1164581806,
    20611861,
    192054038,
    840746762,
    536334039,
    1276496864,
    1458061947,
    1854835804,
    682628242,
    349320032,
    428207622,
    70766906,
    45090231,
    1385107745,
    928609918,
    938332086,
    1926658017,
    2009376745,
    1616091472,
    789120248,
    671137748,
    37243170,
    247876371,
    741680096,
    1764729627,
    1624765324,
    700057035,
    1600161132,
    1410543243,
    574530999,
    1852346794,
    1039316298,
    1896390353,
    195104138,
    688837299,
    369805549,
    1333085512,
    2104666376,
    1913145011,
    559232811,
    633678428,
    613604618
  ]
}