{
  "mode": "site",
  "rep": 277,
  "ne": 10000,
  "r": 1e-05,
  "mu": [
    1e-07,
    1e-07,
    4.413793103448276e-07,
    4.413793103448276e-07,
    7.827586206896552e-07,
    7.827586206896552e-07,
    1.1241379310344827e-06,
    1.1241379310344827e-06,
    1.4655172413793102e-06,
    1.4655172413793102e-06,
    1.8068965517241377e-06,
    1.8068965517241377e-06,
    2.1482758620689656e-06,
    2.1482758620689656e-06,
    2.489655172413793e-06,
    2.489655172413793e-06,
    2.8310344827586205e-06,
    2.8310344827586205e-06,
    3.172413793103448e-06,
    3.172413793103448e-06,
    3.5137931034482755e-06,
    3.855172413793104e-06,
    4.196551724137931e-06,
    4.537931034482759e-06,
    4.879310344827586e-06,
    5.220689655172414e-06,
    5.562068965517241e-06,
    5.903448275862069e-06,
    6.244827586206896e-06,
    6.5862068965517236e-06,
    6.927586206896551e-06,
    6.927586206896551e-06,
    7.268965517241379e-06,
    7.268965517241379e-06,
    7.610344827586207e-06,
    7.610344827586207e-06,
    7.951724137931034e-06,
    7.951724137931034e-06,
    8.293103448275863e-06,
    8.293103448275863e-06,
    8.634482758620691e-06,
    8.634482758620691e-06,
    8.975862068965518e-06,
    8.975862068965518e-06,
    9.317241379310346e-06,
    9.317241379310346e-06,
    9.658620689655173e-06,
    9.658620689655173e-06,
    1e-05,
    1e-05
  ],
  "samples": 500,
  "sequence_length": 50000,
  "seeds": [
    228480756,
    1679218535,
    388480850,
    1779901714,
    213897974,
    644144496,
    1340006224,
    30462346,
    889609252,
    716043883,
    656708499,
    1894774419,
    1239588799,
    106669603,
    1128621356,
    1071552955,
    1807915904,
    1328438984,
    1392637768,
    1784187881,
    1041082865,
    979635140,
    353210612,
    290175698,
    559088696,
    643177925,
    1230382542,
    382485364,
    1813194276,
    726086988,
    514376219,
    393095001,
    597262374,
    1988264450,
    734707227,
    308129682,
    1542831536,
    455359516,
    1061214851,
    1792065945,
    1045103630,
    1767042423,
    2100414711,
    1535075375,
    1686019720,
    19819427,
    630181539,
    2139706737,
    1113755394,
    747386544
  ]
}