{
  "mode": "branch",
  "rep": 756,
  "ne": 10000,
  "r": [
    1e-08,
    1e-08,
    1.820689655172414e-07,
    1.820689655172414e-07,
    3.541379310344828e-07,
    3.541379310344828e-07,
    5.262068965517242e-07,
    5.262068965517242e-07,
    6.982758620689656e-07,
    6.982758620689656e-07,
    8.70344827586207e-07,
    8.70344827586207e-07,
    1.0424137931034483e-06,
    1.0424137931034483e-06,
    1.2144827586206895e-06,
    1.2144827586206895e-06,
    1.386551724137931e-06,
    1.386551724137931e-06,
    1.5586206896551725e-06,
    1.5586206896551725e-06,
    1.7306896551724138e-06,
    1.7306896551724138e-06,
    1.9027586206896551e-06,
    1.9027586206896551e-06,
    2.0748275862068966e-06,
    2.0748275862068966e-06,
    2.246896551724138e-06,
    2.246896551724138e-06,
    2.418965517241379e-06,
    2.418965517241379e-06,
    2.5910344827586207e-06,
    2.5910344827586207e-06,
    2.763103448275862e-06,
    2.763103448275862e-06,
    2.9351724137931037e-06,
    2.9351724137931037e-06,
    3.107241379310345e-06,
    3.107241379310345e-06,
    3.2793103448275863e-06,
    3.2793103448275863e-06,
    3.4513793103448278e-06,
    3.6234482758620693e-06,
    3.7955172413793103e-06,
    3.967586206896552e-06,
    4.139655172413793e-06,
    4.311724137931034e-06,
    4.483793103448276e-06,
    4.655862068965517e-06,
    4.8279310344827585e-06,
    5e-06
  ],
  "mu": 0,
  "samples": 250,
  "sequence_length": 1000,
  "seeds": [
    465959571,
    1291061864,
    315782208,
    100630508,
    47613220,
    716185269,
    1291054469,
    388740610,
    1767023571,
    557023586,
    1043727948,
    1120872933,
    1490132824,
    914513136,
    1306243165,
    114146400,
    325718194,
    1282436913,
    1725230933,
    1379639365,
    652148988,
    1193838994,
    939630282,
    1724527662,
    311055987,
    349484419,
    955149961,
    541602277,
    1846226013,
    1683531810,
    1953845956,
    473525007,
    724949131,
    188480184,
    500191498,
    296287682,
    16995921,
    1229263285,
    969389541,
    959318480,
    316423202,
    1491527409,
    457571522,
    2090760315,
    1545458904,
    1569593459,
    1901396492,
    1470795227,
    1545156701,
    373065380
  ]
}