{
  "mode": "branch",
  "rep": 864,
  "ne": 10000,
  "r": [
    1e-08,
    1e-08,
    1.820689655172414e-07,
    1.820689655172414e-07,
    3.541379310344828e-07,
    3.541379310344828e-07,
    5.262068965517242e-07,
    5.262068965517242e-07,
    6.982758620689656e-07,
    6.982758620689656e-07,
    8.70344827586207e-07,
    8.70344827586207e-07,
    1.0424137931034483e-06,
    1.0424137931034483e-06,
    1.2144827586206895e-06,
    1.2144827586206895e-06,
    1.386551724137931e-06,
    1.386551724137931e-06,
    1.5586206896551725e-06,
    1.5586206896551725e-06,
    1.7306896551724138e-06,
    1.7306896551724138e-06,
    1.9027586206896551e-06,
    1.9027586206896551e-06,
    2.0748275862068966e-06,
    2.0748275862068966e-06,
    2.246896551724138e-06,
    2.246896551724138e-06,
    2.418965517241379e-06,
    2.418965517241379e-06,
    2.5910344827586207e-06,
    2.5910344827586207e-06,
    2.763103448275862e-06,
    2.763103448275862e-06,
    2.9351724137931037e-06,
    2.9351724137931037e-06,
    3.107241379310345e-06,
    3.107241379310345e-06,
    3.2793103448275863e-06,
    3.2793103448275863e-06,
    3.4513793103448278e-06,
    3.6234482758620693e-06,
    3.7955172413793103e-06,
    3.967586206896552e-06,
    4.139655172413793e-06,
    4.311724137931034e-06,
    4.483793103448276e-06,
    4.655862068965517e-06,
    4.8279310344827585e-06,
    5e-06
  ],
  "mu": 0,
  "samples": 250,
  "sequence_length": 1000,
  "seeds": [
    398903534,
    1076077430,
    1229168892,
    317269862,
    961963564,
    1652950098,
    1339904993,
    1128831704,
    2025661061,
    528955496,
    1421029712,
    1190855242,
    431060722,
    219833652,
    757865570,
    1663503313,
    1333311303,
    1822664195,
    528536505,
    1415116973,
    1612988788,
    347442736,
    501986806,
    1538757918,
    1225009527,
    780561989,
    1881032298,
    784753219,
    1708530819,
    971462803,
    1132645500,
    1640905888,
    1357005609,
    1013355472,
    1267664888,
    1989244820,
    2140210702,
    551145468,
    1791162760,
    1686751277,
    715059885,
    1553816137,
    903772622,
    374078914,
    2020082327,
    1270615904,
    481290488,
    692822638,
    966406433,
    576543901
  ]
}