{
  "mode": "site",
  "rep": 361,
  "ne": 10000,
  "r": 1e-05,
  "mu": [
    1e-07,
    1e-07,
    4.413793103448276e-07,
    4.413793103448276e-07,
    7.827586206896552e-07,
    7.827586206896552e-07,
    1.1241379310344827e-06,
    1.1241379310344827e-06,
    1.4655172413793102e-06,
    1.4655172413793102e-06,
    1.8068965517241377e-06,
    1.8068965517241377e-06,
    2.1482758620689656e-06,
    2.1482758620689656e-06,
    2.489655172413793e-06,
    2.489655172413793e-06,
    2.8310344827586205e-06,
    2.8310344827586205e-06,
    3.172413793103448e-06,
    3.172413793103448e-06,
    3.5137931034482755e-06,
    3.855172413793104e-06,
    4.196551724137931e-06,
    4.537931034482759e-06,
    4.879310344827586e-06,
    5.220689655172414e-06,
    5.562068965517241e-06,
    5.903448275862069e-06,
    6.244827586206896e-06,
    6.5862068965517236e-06,
    6.927586206896551e-06,
    6.927586206896551e-06,
    7.268965517241379e-06,
    7.268965517241379e-06,
    7.610344827586207e-06,
    7.610344827586207e-06,
    7.951724137931034e-06,
    7.951724137931034e-06,
    8.293103448275863e-06,
    8.293103448275863e-06,
    8.634482758620691e-06,
    8.634482758620691e-06,
    8.975862068965518e-06,
    8.975862068965518e-06,
    9.317241379310346e-06,
    9.317241379310346e-06,
    9.658620689655173e-06,
    9.658620689655173e-06,
    1e-05,
    1e-05
  ],
  "samples": 500,
  "sequence_length": 50000,
  "seeds": [
    385435249,
    1948440549,
    908533711,
    1421017197,
    2089582440,
    1313979915,
    976612102,
    588698088,
    590264527,
    845148012,
    1272856197,
    308072412,
    651301382,
    1273180341,
    1915396840,
    1560751764,
    1111117138,
    1480897398,
    1585049359,
    1238846376,
    1023850501,
    782988804,
    1279394870,
    455349676,
    445536153,
    2047294357,
    1890505609,
    1693034954,
    1139311753,
    777727602,
    1580680754,
    1990128733,
    1466887120,
    420556198,
    1875800444,
    1853303865,
    237568440,
    2060881302,
    278210698,
    641715489,
    861902694,
    1001707487,
    688603322,
    2095994710,
    201317681,
    753723496,
    601791711,
    1644149873,
    613276437,
    1664186929
  ]
}