{
  "mode": "branch",
  "rep": 1158,
  "ne": 10000,
  "r": [
    1e-08,
    1e-08,
    1.820689655172414e-07,
    1.820689655172414e-07,
    3.541379310344828e-07,
    3.541379310344828e-07,
    5.262068965517242e-07,
    5.262068965517242e-07,
    6.982758620689656e-07,
    6.982758620689656e-07,
    8.70344827586207e-07,
    8.70344827586207e-07,
    1.0424137931034483e-06,
    1.0424137931034483e-06,
    1.2144827586206895e-06,
    1.2144827586206895e-06,
    1.386551724137931e-06,
    1.386551724137931e-06,
    1.5586206896551725e-06,
    1.5586206896551725e-06,
    1.7306896551724138e-06,
    1.7306896551724138e-06,
    1.9027586206896551e-06,
    1.9027586206896551e-06,
    2.0748275862068966e-06,
    2.0748275862068966e-06,
    2.246896551724138e-06,
    2.246896551724138e-06,
    2.418965517241379e-06,
    2.418965517241379e-06,
    2.5910344827586207e-06,
    2.5910344827586207e-06,
    2.763103448275862e-06,
    2.763103448275862e-06,
    2.9351724137931037e-06,
    2.9351724137931037e-06,
    3.107241379310345e-06,
    3.107241379310345e-06,
    3.2793103448275863e-06,
    3.2793103448275863e-06,
    3.4513793103448278e-06,
    3.6234482758620693e-06,
    3.7955172413793103e-06,
    3.967586206896552e-06,
    4.139655172413793e-06,
    4.311724137931034e-06,
    4.483793103448276e-06,
    4.655862068965517e-06,
    4.8279310344827585e-06,
    5e-06
  ],
  "mu": 0,
  "samples": 250,
  "sequence_length": 1000,
  "seeds": [
    1011122570,
    252690954,
    1071067528,
    921151294,
    319109247,
    458865904,
    1967712555,
    1560449400,
    2012799368,
    631870808,
    871034314,
    200579519,
    2054624816,
    144237990,
    1806794572,
    795660160,
    1926305799,
    1223812404,
    1618613719,
    1423110520,
    1453075429,
    1977363385,
    2044847208,
    34141062,
    61073989,
    147339045,
    2146549239,
    642693823,
    449454479,
    855053772,
    127015549,
    1707652341,
    1748416663,
    1938583933,
    1867888711,
    1787310280,
    2102775376,
    523996664,
    718811745,
    131766343,
    324213062,
    1330424213,
    1149558722,
    1016200192,
    1615663006,
    93936460,
    576214386,
    927602582,
    2064421170,
    1201693605
  ]
}