{
  "mode": "site",
  "rep": 569,
  "ne": 10000,
  "r": 1e-05,
  "mu": [
    1e-07,
    4.413793103448276e-07,
    7.827586206896552e-07,
    1.1241379310344827e-06,
    1.4655172413793102e-06,
    1.8068965517241377e-06,
    2.1482758620689656e-06,
    2.489655172413793e-06,
    2.8310344827586205e-06,
    3.172413793103448e-06,
    3.5137931034482755e-06,
    3.5137931034482755e-06,
    3.855172413793104e-06,
    3.855172413793104e-06,
    4.196551724137931e-06,
    4.196551724137931e-06,
    4.537931034482759e-06,
    4.537931034482759e-06,
    4.879310344827586e-06,
    4.879310344827586e-06,
    5.220689655172414e-06,
    5.220689655172414e-06,
    5.562068965517241e-06,
    5.562068965517241e-06,
    5.903448275862069e-06,
    5.903448275862069e-06,
    6.244827586206896e-06,
    6.244827586206896e-06,
    6.5862068965517236e-06,
    6.5862068965517236e-06,
    6.927586206896551e-06,
    6.927586206896551e-06,
    7.268965517241379e-06,
    7.268965517241379e-06,
    7.610344827586207e-06,
    7.610344827586207e-06,
    7.951724137931034e-06,
    7.951724137931034e-06,
    8.293103448275863e-06,
    8.293103448275863e-06,
    8.634482758620691e-06,
    8.634482758620691e-06,
    8.975862068965518e-06,
    8.975862068965518e-06,
    9.317241379310346e-06,
    9.317241379310346e-06,
    9.658620689655173e-06,
    9.658620689655173e-06,
    1e-05,
    1e-05
  ],
  "samples": 500,
  "sequence_length": 10000,
  "seeds": [
    2035385020,
    1291110333,
    656335055,
    1887848391,
    1880560480,
    1128186506,
    88284666,
    754545834,
    1681491970,
    568452409,
    278096855,
    1444855923,
    816761940,
    1395718400,
    1485656724,
    1091810275,
    1342155765,
    1053121449,
    90626664,
    1148212938,
    136349442,
    1976677033,
    438946527,
    2022847851,
    1057768960,
    1158197846,
    1762112718,
    1370983036,
    966149682,
    438805563,
    1162672869,
    529942263,
    1898056962,
    1921634045,
    332296211,
    2118963967,
    757794160,
    1896654580,
    376048879,
    1341530858,
    1085507785,
    1743792360,
    1997859886,
    820683565,
    1777679035,
    1724100334,
    614869374,
    1630544579,
    1479943292,
    1280860880
  ]
}