{
  "mode": "branch",
  "rep": 818,
  "ne": 10000,
  "r": [
    1e-08,
    1.820689655172414e-07,
    3.541379310344828e-07,
    5.262068965517242e-07,
    6.982758620689656e-07,
    8.70344827586207e-07,
    1.0424137931034483e-06,
    1.2144827586206895e-06,
    1.386551724137931e-06,
    1.5586206896551725e-06,
    1.7306896551724138e-06,
    1.7306896551724138e-06,
    1.9027586206896551e-06,
    1.9027586206896551e-06,
    2.0748275862068966e-06,
    2.0748275862068966e-06,
    2.246896551724138e-06,
    2.246896551724138e-06,
    2.418965517241379e-06,
    2.418965517241379e-06,
    2.5910344827586207e-06,
    2.5910344827586207e-06,
    2.763103448275862e-06,
    2.763103448275862e-06,
    2.9351724137931037e-06,
    2.9351724137931037e-06,
    3.107241379310345e-06,
    3.107241379310345e-06,
    3.2793103448275863e-06,
    3.2793103448275863e-06,
    3.4513793103448278e-06,
    3.4513793103448278e-06,
    3.6234482758620693e-06,
    3.6234482758620693e-06,
    3.7955172413793103e-06,
    3.7955172413793103e-06,
    3.967586206896552e-06,
    3.967586206896552e-06,
    4.139655172413793e-06,
    4.139655172413793e-06,
    4.311724137931034e-06,
    4.311724137931034e-06,
    4.483793103448276e-06,
    4.483793103448276e-06,
    4.655862068965517e-06,
    4.655862068965517e-06,
    4.8279310344827585e-06,
    4.8279310344827585e-06,
    5e-06,
    5e-06
  ],
  "mu": 0,
  "samples": 250,
  "sequence_length": 1000,
  "seeds": [
    566963037,
    1041286909,
    1504223413,
    194173428,
    547020556,
    1574059338,
    2141406006,
    992503175,
    1135185359,
    1632985941,
    2064371651,
    61194973,
    194656324,
    98019465,
    684203406,
    169186298,
    73482499,
    1884128593,
    1061158576,
    1059266626,
    286103122,
    1106648100,
    1100649998,
    265978072,
    1857926944,
    1231355777,
    1528578341,
    1921721029,
    1481600264,
    1733368135,
    1524275639,
    485143998,
    2052725490,
    670059603,
    484970521,
    1485057313,
    1279966188,
    928895520,
    1975599415,
    400910934,
    765404898,
    1490516830,
    1962365930,
    1619071115,
    582294504,
    464201241,
    391480840,
    1045255960,
    495216995,
    1094896508
  ]
}