{
  "mode": "branch",
  "rep": 1184,
  "ne": 10000,
  "r": [
    1e-08,
    1.820689655172414e-07,
    3.541379310344828e-07,
    5.262068965517242e-07,
    6.982758620689656e-07,
    8.70344827586207e-07,
    1.0424137931034483e-06,
    1.2144827586206895e-06,
    1.386551724137931e-06,
    1.5586206896551725e-06,
    1.7306896551724138e-06,
    1.7306896551724138e-06,
    1.9027586206896551e-06,
    1.9027586206896551e-06,
    2.0748275862068966e-06,
    2.0748275862068966e-06,
    2.246896551724138e-06,
    2.246896551724138e-06,
    2.418965517241379e-06,
    2.418965517241379e-06,
    2.5910344827586207e-06,
    2.5910344827586207e-06,
    2.763103448275862e-06,
    2.763103448275862e-06,
    2.9351724137931037e-06,
    2.9351724137931037e-06,
    3.107241379310345e-06,
    3.107241379310345e-06,
    3.2793103448275863e-06,
    3.2793103448275863e-06,
    3.4513793103448278e-06,
    3.4513793103448278e-06,
    3.6234482758620693e-06,
    3.6234482758620693e-06,
    3.7955172413793103e-06,
    3.7955172413793103e-06,
    3.967586206896552e-06,
    3.967586206896552e-06,
    4.139655172413793e-06,
    4.139655172413793e-06,
    4.311724137931034e-06,
    4.311724137931034e-06,
    4.483793103448276e-06,
    4.483793103448276e-06,
    4.655862068965517e-06,
    4.655862068965517e-06,
    4.8279310344827585e-06,
    4.8279310344827585e-06,
    5e-06,
    5e-06
  ],
  "mu": 0,
  "samples": 250,
  "sequence_length": 1000,
  "seeds": [
    715488493,
    891728586,
    1262390539,
    1562052742,
    1020953129,
    599663096,
    1436071120,
    984984439,
    951891437,
    2027058991,
    778502196,
    787226747,
    1746034174,
    608111114,
    655307121,
    1334985031,
    1049630228,
    1460562302,
    1723566220,
    185213762,
    148800840,
    1121028354,
    1370460349,
    1850651163,
    566711655,
    1261901336,
    504647615,
    1459766100,
    1254897518,
    1464015554,
    854229454,
    120588237,
    1846797332,
    894236443,
    800239206,
    1865520067,
    2105458348,
    1931504017,
    1170034702,
    1453907884,
    480775776,
    781716639,
    169626852,
    798269635,
    151518642,
    568177961,
    807653876,
    2036413288,
    832457439,
    589836992
  ]
}