{
  "mode": "branch",
  "rep": 783,
  "ne": 10000,
  "r": [
    1e-08,
    1e-08,
    1.820689655172414e-07,
    1.820689655172414e-07,
    3.541379310344828e-07,
    3.541379310344828e-07,
    5.262068965517242e-07,
    5.262068965517242e-07,
    6.982758620689656e-07,
    6.982758620689656e-07,
    8.70344827586207e-07,
    8.70344827586207e-07,
    1.0424137931034483e-06,
    1.0424137931034483e-06,
    1.2144827586206895e-06,
    1.2144827586206895e-06,
    1.386551724137931e-06,
    1.386551724137931e-06,
    1.5586206896551725e-06,
    1.5586206896551725e-06,
    1.7306896551724138e-06,
    1.7306896551724138e-06,
    1.9027586206896551e-06,
    1.9027586206896551e-06,
    2.0748275862068966e-06,
    2.0748275862068966e-06,
    2.246896551724138e-06,
    2.246896551724138e-06,
    2.418965517241379e-06,
    2.418965517241379e-06,
    2.5910344827586207e-06,
    2.5910344827586207e-06,
    2.763103448275862e-06,
    2.763103448275862e-06,
    2.9351724137931037e-06,
    2.9351724137931037e-06,
    3.107241379310345e-06,
    3.107241379310345e-06,
    3.2793103448275863e-06,
    3.2793103448275863e-06,
    3.4513793103448278e-06,
    3.6234482758620693e-06,
    3.7955172413793103e-06,
    3.967586206896552e-06,
    4.139655172413793e-06,
    4.311724137931034e-06,
    4.483793103448276e-06,
    4.655862068965517e-06,
    4.8279310344827585e-06,
    5e-06
  ],
  "mu": 0,
  "samples": 250,
  "sequence_length": 1000,
  "seeds": [
    674111056,
    1555684414,
    1784031426,
    1723303499,
    1639779710,
    1052276231,
    1589608812,
    691581810,
    990667305,
    1769057161,
    1123989756,
    50849242,
    389575098,
    922277052,
    1008836884,
    1035974922,
    818186390,
    1281422222,
    591907843,
    346609301,
    1834226388,
    822390994,
    1482655339,
    652031663,
    707641916,
    2137038287,
    2042213592,
    367668542,
    1009308040,
    1366379295,
    913166679,
    1030566460,
    1401748768,
    725389204,
    1031729906,
    1792888714,
    270070929,
    1686143033,
    626170745,
    490207223,
    138466151,
    1600242552,
    990532314,
    1318674749,
    480971807,
    1042323586,
    681648912,
    1945656578,
    261432360,
    2068633642
  ]
}