{
  "mode": "branch",
  "rep": 802,
  "ne": 10000,
  "r": [
    1e-08,
    1e-08,
    1.820689655172414e-07,
    1.820689655172414e-07,
    3.541379310344828e-07,
    3.541379310344828e-07,
    5.262068965517242e-07,
    5.262068965517242e-07,
    6.982758620689656e-07,
    6.982758620689656e-07,
    8.70344827586207e-07,
    8.70344827586207e-07,
    1.0424137931034483e-06,
    1.0424137931034483e-06,
    1.2144827586206895e-06,
    1.2144827586206895e-06,
    1.386551724137931e-06,
    1.386551724137931e-06,
    1.5586206896551725e-06,
    1.5586206896551725e-06,
    1.7306896551724138e-06,
    1.9027586206896551e-06,
    2.0748275862068966e-06,
    2.246896551724138e-06,
    2.418965517241379e-06,
    2.5910344827586207e-06,
    2.763103448275862e-06,
    2.9351724137931037e-06,
    3.107241379310345e-06,
    3.2793103448275863e-06,
    3.4513793103448278e-06,
    3.4513793103448278e-06,
    3.6234482758620693e-06,
    3.6234482758620693e-06,
    3.7955172413793103e-06,
    3.7955172413793103e-06,
    3.967586206896552e-06,
    3.967586206896552e-06,
    4.139655172413793e-06,
    4.139655172413793e-06,
    4.311724137931034e-06,
    4.311724137931034e-06,
    4.483793103448276e-06,
    4.483793103448276e-06,
    4.655862068965517e-06,
    4.655862068965517e-06,
    4.8279310344827585e-06,
    4.8279310344827585e-06,
    5e-06,
    5e-06
  ],
  "mu": 0,
  "samples": 250,
  "sequence_length": 1000,
  "seeds": [
    564484626,
    1670233674,
    828755328,
    1082277891,
    1772878023,
    120601463,
    1841298150,
    909930913,
    1271905552,
    2146293681,
    1253649187,
    1203042124,
    1100052069,
    105534847,
    1428221425,
    199591516,
    1755175031,
    1775090783,
    753112628,
    1181012874,
    1664819127,
    1204358922,
    2070476493,
    1373653486,
    1596630886,
    435185378,
    1593557660,
    2114708686,
    829051769,
    1843889121,
    493100884,
    1375286539,
    1377165062,
    720483922,
    1016627038,
    1952251803,
    1373068799,
    433237989,
    878531709,
    1442418472,
    1134373057,
    524744786,
    1794103090,
    1493245333,
    434194843,
    1863215565,
    1157792421,
    1524211949,
    2144539979,
    1944342263
  ]
}