{
  "mode": "site",
  "rep": 71,
  "ne": 10000,
  "r": 1e-05,
  "mu": [
    1e-07,
    4.413793103448276e-07,
    7.827586206896552e-07,
    1.1241379310344827e-06,
    1.4655172413793102e-06,
    1.8068965517241377e-06,
    2.1482758620689656e-06,
    2.489655172413793e-06,
    2.8310344827586205e-06,
    3.172413793103448e-06,
    3.5137931034482755e-06,
    3.5137931034482755e-06,
    3.855172413793104e-06,
    3.855172413793104e-06,
    4.196551724137931e-06,
    4.196551724137931e-06,
    4.537931034482759e-06,
    4.537931034482759e-06,
    4.879310344827586e-06,
    4.879310344827586e-06,
    5.220689655172414e-06,
    5.220689655172414e-06,
    5.562068965517241e-06,
    5.562068965517241e-06,
    5.903448275862069e-06,
    5.903448275862069e-06,
    6.244827586206896e-06,
    6.244827586206896e-06,
    6.5862068965517236e-06,
    6.5862068965517236e-06,
    6.927586206896551e-06,
    6.927586206896551e-06,
    7.268965517241379e-06,
    7.268965517241379e-06,
    7.610344827586207e-06,
    7.610344827586207e-06,
    7.951724137931034e-06,
    7.951724137931034e-06,
    8.293103448275863e-06,
    8.293103448275863e-06,
    8.634482758620691e-06,
    8.634482758620691e-06,
    8.975862068965518e-06,
    8.975862068965518e-06,
    9.317241379310346e-06,
    9.317241379310346e-06,
    9.658620689655173e-06,
    9.658620689655173e-06,
    1e-05,
    1e-05
  ],
  "samples": 500,
  "sequence_length": 10000,
  "seeds": [
    1635972315,
    1594688263,
    722676156,
    739138652,
    1491389795,
    822781183,
    1881325534,
    729614415,
    1650179055,
    1486350167,
    340188381,
    41418726,
    1024821207,
    143697646,
    2105486942,
    1295437698,
    1170845698,
    1358335104,
    20377049,
    1756806385,
    962043692,
    1035052727,
    261182545,
    1760497875,
    952930032,
    1702692524,
    187370918,
    1529874393,
    584107189,
    14043493,
    1428172156,
    554417033,
    1832791506,
    2138086740,
    1970068813,
    427972333,
    429445231,
    1058437233,
    324133946,
    1628267398,
    114762062,
    682720332,
    194910024,
    1235141501,
    1384970914,
    744702217,
    661435974,
    746957410,
    1414806747,
    1881073501
  ]
}