{
  "mode": "branch",
  "rep": 890,
  "ne": 10000,
  "r": [
    1e-08,
    1.820689655172414e-07,
    3.541379310344828e-07,
    5.262068965517242e-07,
    6.982758620689656e-07,
    8.70344827586207e-07,
    1.0424137931034483e-06,
    1.2144827586206895e-06,
    1.386551724137931e-06,
    1.5586206896551725e-06,
    1.7306896551724138e-06,
    1.7306896551724138e-06,
    1.9027586206896551e-06,
    1.9027586206896551e-06,
    2.0748275862068966e-06,
    2.0748275862068966e-06,
    2.246896551724138e-06,
    2.246896551724138e-06,
    2.418965517241379e-06,
    2.418965517241379e-06,
    2.5910344827586207e-06,
    2.5910344827586207e-06,
    2.763103448275862e-06,
    2.763103448275862e-06,
    2.9351724137931037e-06,
    2.9351724137931037e-06,
    3.107241379310345e-06,
    3.107241379310345e-06,
    3.2793103448275863e-06,
    3.2793103448275863e-06,
    3.4513793103448278e-06,
    3.4513793103448278e-06,
    3.6234482758620693e-06,
    3.6234482758620693e-06,
    3.7955172413793103e-06,
    3.7955172413793103e-06,
    3.967586206896552e-06,
    3.967586206896552e-06,
    4.139655172413793e-06,
    4.139655172413793e-06,
    4.311724137931034e-06,
    4.311724137931034e-06,
    4.483793103448276e-06,
    4.483793103448276e-06,
    4.655862068965517e-06,
    4.655862068965517e-06,
    4.8279310344827585e-06,
    4.8279310344827585e-06,
    5e-06,
    5e-06
  ],
  "mu": 0,
  "samples": 250,
  "sequence_length": 1000,
  "seeds": [
    296833411,
    702668059,
    1607161815,
    977321399,
    578962604,
    1668354655,
    2037076912,
    901807276,
    1364398118,
    530904112,
    2048169985,
    208759489,
    523788069,
    427814108,
    481297544,
    14712701,
    268044558,
    1148794009,
    2015107462,
    996174096,
    2088452439,
    716286831,
    806420344,
    783982707,
    482229277,
    823374530,
    639145976,
    687352027,
    266169992,
    315910491,
    449435421,
    937101893,
    361311291,
    1516415198,
    1860361703,
    1351658372,
    1722245607,
    358092824,
    49334560,
    848520510,
    294459105,
    1163061713,
    1297726691,
    1482809732,
    1336538169,
    1842493591,
    1434917307,
    1456258544,
    1469978887,
    842225535
  ]
}