{
  "mode": "branch",
  "rep": 804,
  "ne": 10000,
  "r": [
    1e-08,
    1e-08,
    1.820689655172414e-07,
    1.820689655172414e-07,
    3.541379310344828e-07,
    3.541379310344828e-07,
    5.262068965517242e-07,
    5.262068965517242e-07,
    6.982758620689656e-07,
    6.982758620689656e-07,
    8.70344827586207e-07,
    8.70344827586207e-07,
    1.0424137931034483e-06,
    1.0424137931034483e-06,
    1.2144827586206895e-06,
    1.2144827586206895e-06,
    1.386551724137931e-06,
    1.386551724137931e-06,
    1.5586206896551725e-06,
    1.5586206896551725e-06,
    1.7306896551724138e-06,
    1.7306896551724138e-06,
    1.9027586206896551e-06,
    1.9027586206896551e-06,
    2.0748275862068966e-06,
    2.0748275862068966e-06,
    2.246896551724138e-06,
    2.246896551724138e-06,
    2.418965517241379e-06,
    2.418965517241379e-06,
    2.5910344827586207e-06,
    2.5910344827586207e-06,
    2.763103448275862e-06,
    2.763103448275862e-06,
    2.9351724137931037e-06,
    2.9351724137931037e-06,
    3.107241379310345e-06,
    3.107241379310345e-06,
    3.2793103448275863e-06,
    3.2793103448275863e-06,
    3.4513793103448278e-06,
    3.6234482758620693e-06,
    3.7955172413793103e-06,
    3.967586206896552e-06,
    4.139655172413793e-06,
    4.311724137931034e-06,
    4.483793103448276e-06,
    4.655862068965517e-06,
    4.8279310344827585e-06,
    5e-06
  ],
  "mu": 0,
  "samples": 250,
  "sequence_length": 1000,
  "seeds": [
    1427446258,
    1525267682,
    1527807310,
    533151589,
    86908427,
    1960759675,
    685469486,
    1039082527,
    1624388576,
    388869926,
    1456708509,
    1936461750,
    1923508844,
    1870069373,
    32574877,
    771681444,
    1884271171,
    169053860,
    334668371,
    1700550402,
    1749286361,
    460277807,
    1361940176,
    1350388876,
    501229887,
    2015042727,
    62418329,
    137081150,
    1478902422,
    1938243963,
    1381040440,
    1331493786,
    321529118,
    1836142716,
    262101075,
    171970902,
    747160780,
    1213388021,
    2036407637,
    1710614434,
    1781258637,
    1396195545,
    864993501,
    113939703,
    805557725,
    319197776,
    537526430,
    1343319984,
    1752504581,
    1352609243
  ]
}