{
  "mode": "site",
  "rep": 466,
  "ne": 10000,
  "r": 1e-05,
  "mu": [
    1e-07,
    1e-07,
    4.413793103448276e-07,
    4.413793103448276e-07,
    7.827586206896552e-07,
    7.827586206896552e-07,
    1.1241379310344827e-06,
    1.1241379310344827e-06,
    1.4655172413793102e-06,
    1.4655172413793102e-06,
    1.8068965517241377e-06,
    1.8068965517241377e-06,
    2.1482758620689656e-06,
    2.1482758620689656e-06,
    2.489655172413793e-06,
    2.489655172413793e-06,
    2.8310344827586205e-06,
    2.8310344827586205e-06,
    3.172413793103448e-06,
    3.172413793103448e-06,
    3.5137931034482755e-06,
    3.855172413793104e-06,
    4.196551724137931e-06,
    4.537931034482759e-06,
    4.879310344827586e-06,
    5.220689655172414e-06,
    5.562068965517241e-06,
    5.903448275862069e-06,
    6.244827586206896e-06,
    6.5862068965517236e-06,
    6.927586206896551e-06,
    6.927586206896551e-06,
    7.268965517241379e-06,
    7.268965517241379e-06,
    7.610344827586207e-06,
    7.610344827586207e-06,
    7.951724137931034e-06,
    7.951724137931034e-06,
    8.293103448275863e-06,
    8.293103448275863e-06,
    8.634482758620691e-06,
    8.634482758620691e-06,
    8.975862068965518e-06,
    8.975862068965518e-06,
    9.317241379310346e-06,
    9.317241379310346e-06,
    9.658620689655173e-06,
    9.658620689655173e-06,
    1e-05,
    1e-05
  ],
  "samples": 500,
  "sequence_length": 10000,
  "seeds": [
    2074319885,
    1525192836,
    1816161963,
    2123456804,
    1941982822,
    1238490381,
    304070872,
    2138249045,
    1639702849,
    1047667900,
    1361675067,
    1003363968,
    1421793467,
    1568151176,
    222133724,
    1467070084,
    2043888563,
    411093436,
    75785745,
    1537384692,
    1857150756,
    429582102,
    994714758,
    1524949114,
    378146335,
    432296879,
    1519195489,
    921894775,
    187051537,
    513661283,
    1143892293,
    1319842801,
    1560085548,
    56042331,
    242124826,
    1142490324,
    499996652,
    625094543,
    428979592,
    1075012717,
    1590626199,
    416576139,
    827478045,
    704624238,
    2036576398,
    175356375,
    1814030632,
    1915227401,
    382759604,
    1589941073
  ]
}