{
  "mode": "branch",
  "rep": 786,
  "ne": 10000,
  "r": [
    1e-08,
    1e-08,
    1.820689655172414e-07,
    1.820689655172414e-07,
    3.541379310344828e-07,
    3.541379310344828e-07,
    5.262068965517242e-07,
    5.262068965517242e-07,
    6.982758620689656e-07,
    6.982758620689656e-07,
    8.70344827586207e-07,
    8.70344827586207e-07,
    1.0424137931034483e-06,
    1.0424137931034483e-06,
    1.2144827586206895e-06,
    1.2144827586206895e-06,
    1.386551724137931e-06,
    1.386551724137931e-06,
    1.5586206896551725e-06,
    1.5586206896551725e-06,
    1.7306896551724138e-06,
    1.7306896551724138e-06,
    1.9027586206896551e-06,
    1.9027586206896551e-06,
    2.0748275862068966e-06,
    2.0748275862068966e-06,
    2.246896551724138e-06,
    2.246896551724138e-06,
    2.418965517241379e-06,
    2.418965517241379e-06,
    2.5910344827586207e-06,
    2.5910344827586207e-06,
    2.763103448275862e-06,
    2.763103448275862e-06,
    2.9351724137931037e-06,
    2.9351724137931037e-06,
    3.107241379310345e-06,
    3.107241379310345e-06,
    3.2793103448275863e-06,
    3.2793103448275863e-06,
    3.4513793103448278e-06,
    3.6234482758620693e-06,
    3.7955172413793103e-06,
    3.967586206896552e-06,
    4.139655172413793e-06,
    4.311724137931034e-06,
    4.483793103448276e-06,
    4.655862068965517e-06,
    4.8279310344827585e-06,
    5e-06
  ],
  "mu": 0,
  "samples": 250,
  "sequence_length": 1000,
  "seeds": [
    779369446,
    1230743240,
    1998042341,
    2118823660,
    1952227192,
    89805247,
    952564039,
    251986723,
    2127800037,
    591228177,
    2030803172,
    1035600254,
    444498617,
    919073000,
    655520554,
    1470819661,
    1884019108,
    405101102,
    1403568928,
    2079962536,
    1252093765,
    283639667,
    41957719,
    611719254,
    687720542,
    688039452,
    1767229910,
    496460233,
    41443517,
    242052581,
    2056796085,
    621785455,
    1045848122,
    170878218,
    891416667,
    836325509,
    2103083262,
    1656878602,
    396182218,
    1535510541,
    2139354142,
    432103921,
    594379813,
    678018905,
    427508028,
    164716124,
    640888582,
    183397860,
    1939723860,
    112300350
  ]
}