{
  "mode": "branch",
  "rep": 1169,
  "ne": 10000,
  "r": [
    1e-08,
    1.820689655172414e-07,
    3.541379310344828e-07,
    5.262068965517242e-07,
    6.982758620689656e-07,
    8.70344827586207e-07,
    1.0424137931034483e-06,
    1.2144827586206895e-06,
    1.386551724137931e-06,
    1.5586206896551725e-06,
    1.7306896551724138e-06,
    1.7306896551724138e-06,
    1.9027586206896551e-06,
    1.9027586206896551e-06,
    2.0748275862068966e-06,
    2.0748275862068966e-06,
    2.246896551724138e-06,
    2.246896551724138e-06,
    2.418965517241379e-06,
    2.418965517241379e-06,
    2.5910344827586207e-06,
    2.5910344827586207e-06,
    2.763103448275862e-06,
    2.763103448275862e-06,
    2.9351724137931037e-06,
    2.9351724137931037e-06,
    3.107241379310345e-06,
    3.107241379310345e-06,
    3.2793103448275863e-06,
    3.2793103448275863e-06,
    3.4513793103448278e-06,
    3.4513793103448278e-06,
    3.6234482758620693e-06,
    3.6234482758620693e-06,
    3.7955172413793103e-06,
    3.7955172413793103e-06,
    3.967586206896552e-06,
    3.967586206896552e-06,
    4.139655172413793e-06,
    4.139655172413793e-06,
    4.311724137931034e-06,
    4.311724137931034e-06,
    4.483793103448276e-06,
    4.483793103448276e-06,
    4.655862068965517e-06,
    4.655862068965517e-06,
    4.8279310344827585e-06,
    4.8279310344827585e-06,
    5e-06,
    5e-06
  ],
  "mu": 0,
  "samples": 250,
  "sequence_length": 1000,
  "seeds": [
    2123978834,
    1305269865,
    826410996,
    1392282409,
    513309995,
    1615337195,
    1155785539,
    1795209129,
    1944098706,
    1310778047,
    1160412653,
    2015686580,
    1949147886,
    1187820427,
    539877961,
    1408506545,
    1595204672,
    832243571,
    1667010556,
    1997770229,
    1849877620,
    242685280,
    882953366,
    813520919,
    716304725,
    816863863,
    1975144318,
    1768179260,
    1645528178,
    1589877269,
    456830442,
    1090380283,
    95703063,
    194304679,
    813504783,
    1013290677,
    70005787,
    711172197,
    2109523147,
    892354225,
    1856427228,
    945646753,
    1678828935,
    987478076,
    1898650273,
    1810986799,
    183598217,
    1910353128,
    1287714490,
    1928966408
  ]
}