{
  "mode": "branch",
  "rep": 656,
  "ne": 10000,
  "r": [
    1e-08,
    1.820689655172414e-07,
    3.541379310344828e-07,
    5.262068965517242e-07,
    6.982758620689656e-07,
    8.70344827586207e-07,
    1.0424137931034483e-06,
    1.2144827586206895e-06,
    1.386551724137931e-06,
    1.5586206896551725e-06,
    1.7306896551724138e-06,
    1.7306896551724138e-06,
    1.9027586206896551e-06,
    1.9027586206896551e-06,
    2.0748275862068966e-06,
    2.0748275862068966e-06,
    2.246896551724138e-06,
    2.246896551724138e-06,
    2.418965517241379e-06,
    2.418965517241379e-06,
    2.5910344827586207e-06,
    2.5910344827586207e-06,
    2.763103448275862e-06,
    2.763103448275862e-06,
    2.9351724137931037e-06,
    2.9351724137931037e-06,
    3.107241379310345e-06,
    3.107241379310345e-06,
    3.2793103448275863e-06,
    3.2793103448275863e-06,
    3.4513793103448278e-06,
    3.4513793103448278e-06,
    3.6234482758620693e-06,
    3.6234482758620693e-06,
    3.7955172413793103e-06,
    3.7955172413793103e-06,
    3.967586206896552e-06,
    3.967586206896552e-06,
    4.139655172413793e-06,
    4.139655172413793e-06,
    4.311724137931034e-06,
    4.311724137931034e-06,
    4.483793103448276e-06,
    4.483793103448276e-06,
    4.655862068965517e-06,
    4.655862068965517e-06,
    4.8279310344827585e-06,
    4.8279310344827585e-06,
    5e-06,
    5e-06
  ],
  "mu": 0,
  "samples": 250,
  "sequence_length": 1000,
  "seeds": [
    1749211866,
    329523483,
    409772592,
    843647233,
    1116187839,
    1864575428,
    543562525,
    1067756781,
    246076976,
    2048189275,
    271665396,
    927434990,
    1970620582,
    1215465244,
    369033377,
    109312603,
    1221709204,
    948873333,
    1685993955,
    673675426,
    600253616,
    1922417990,
    18860926,
    2085627872,
    995281713,
    593338753,
    688208646,
    191480739,
    667362169,
    851787625,
    530886989,
    902697447,
    2048199387,
    1228836844,
    1221734139,
    1139800136,
    1312181486,
    2073881517,
    1555196665,
    1764432684,
    613612159,
    1953471482,
    2117588146,
    5258824,
    1234195789,
    50915774,
    537389879,
    22380907,
    138322611,
    1266893671
  ]
}