{
  "mode": "site",
  "rep": 489,
  "ne": 10000,
  "r": 1e-05,
  "mu": [
    1e-07,
    1e-07,
    4.413793103448276e-07,
    4.413793103448276e-07,
    7.827586206896552e-07,
    7.827586206896552e-07,
    1.1241379310344827e-06,
    1.1241379310344827e-06,
    1.4655172413793102e-06,
    1.4655172413793102e-06,
    1.8068965517241377e-06,
    1.8068965517241377e-06,
    2.1482758620689656e-06,
    2.1482758620689656e-06,
    2.489655172413793e-06,
    2.489655172413793e-06,
    2.8310344827586205e-06,
    2.8310344827586205e-06,
    3.172413793103448e-06,
    3.172413793103448e-06,
    3.5137931034482755e-06,
    3.5137931034482755e-06,
    3.855172413793104e-06,
    3.855172413793104e-06,
    4.196551724137931e-06,
    4.196551724137931e-06,
    4.537931034482759e-06,
    4.537931034482759e-06,
    4.879310344827586e-06,
    4.879310344827586e-06,
    5.220689655172414e-06,
    5.220689655172414e-06,
    5.562068965517241e-06,
    5.562068965517241e-06,
    5.903448275862069e-06,
    5.903448275862069e-06,
    6.244827586206896e-06,
    6.244827586206896e-06,
    6.5862068965517236e-06,
    6.5862068965517236e-06,
    6.927586206896551e-06,
    7.268965517241379e-06,
    7.610344827586207e-06,
    7.951724137931034e-06,
    8.293103448275863e-06,
    8.634482758620691e-06,
    8.975862068965518e-06,
    9.317241379310346e-06,
    9.658620689655173e-06,
    1e-05
  ],
  "samples": 500,
  "sequence_length": 50000,
  "seeds": [
    642884952,
    1440281337,
    41558861,
    1808856006,
    2043986267,
    166376976,
    911885056,
    2140390630,
    465611833,
    1357449142,
    49925227,
    1506849460,
    550906271,
    1074425516,
    133735201,
    89121362,
    1873792471,
    1002560068,
    1894675856,
    238352889,
    1090318154,
    1003739337,
    1423238709,
    550253406,
    953025551,
    833120661,
    1096174956,
    1948049525,
    1108053080,
    267544626,
    1707740295,
    1684103603,
    943310001,
    903276226,
    335108905,
    133194019,
    2053779718,
    451403349,
    516377766,
    539761470,
    1006619088,
    2080704487,
    1328073209,
    1295001860,
    245831393,
    18310163,
    1729561070,
    2030304475,
    252590195,
    648982231
  ]
}