{
  "mode": "site",
  "rep": 398,
  "ne": 10000,
  "r": 1e-05,
  "mu": [
    1e-07,
    4.413793103448276e-07,
    7.827586206896552e-07,
    1.1241379310344827e-06,
    1.4655172413793102e-06,
    1.8068965517241377e-06,
    2.1482758620689656e-06,
    2.489655172413793e-06,
    2.8310344827586205e-06,
    3.172413793103448e-06,
    3.5137931034482755e-06,
    3.5137931034482755e-06,
    3.855172413793104e-06,
    3.855172413793104e-06,
    4.196551724137931e-06,
    4.196551724137931e-06,
    4.537931034482759e-06,
    4.537931034482759e-06,
    4.879310344827586e-06,
    4.879310344827586e-06,
    5.220689655172414e-06,
    5.220689655172414e-06,
    5.562068965517241e-06,
    5.562068965517241e-06,
    5.903448275862069e-06,
    5.903448275862069e-06,
    6.244827586206896e-06,
    6.244827586206896e-06,
    6.5862068965517236e-06,
    6.5862068965517236e-06,
    6.927586206896551e-06,
    6.927586206896551e-06,
    7.268965517241379e-06,
    7.268965517241379e-06,
    7.610344827586207e-06,
    7.610344827586207e-06,
    7.951724137931034e-06,
    7.951724137931034e-06,
    8.293103448275863e-06,
    8.293103448275863e-06,
    8.634482758620691e-06,
    8.634482758620691e-06,
    8.975862068965518e-06,
    8.975862068965518e-06,
    9.317241379310346e-06,
    9.317241379310346e-06,
    9.658620689655173e-06,
    9.658620689655173e-06,
    1e-05,
    1e-05
  ],
  "samples": 500,
  "sequence_length": 10000,
  "seeds": [
    1862750049,
    677611965,
    831238493,
    810107662,
    917351658,
    1436584626,
    163783510,
    265558742,
    1806169952,
    1207591230,
    1009507438,
    1249514710,
    381866350,
    482966923,
    251741255,
    51805103,
    14977970,
    1095454266,
    1829518119,
    311794951,
    759811516,
    1831036903,
    1586813279,
    654468549,
    2001147074,
    1045490219,
    2005300754,
    1974203815,
    1897797700,
    1423779207,
    1985365065,
    178696898,
    1070062000,
    305274249,
    1220793985,
    1562588177,
    366528647,
    1856185546,
    47747318,
    525295557,
    2063601416,
    942149660,
    1907941379,
    1719020135,
    1464587534,
    23246621,
    1960657130,
    1908629039,
    1302053058,
    426636231
  ]
}