{
  "mode": "branch",
  "rep": 1029,
  "ne": 10000,
  "r": [
    1e-08,
    1e-08,
    1.820689655172414e-07,
    1.820689655172414e-07,
    3.541379310344828e-07,
    3.541379310344828e-07,
    5.262068965517242e-07,
    5.262068965517242e-07,
    6.982758620689656e-07,
    6.982758620689656e-07,
    8.70344827586207e-07,
    8.70344827586207e-07,
    1.0424137931034483e-06,
    1.0424137931034483e-06,
    1.2144827586206895e-06,
    1.2144827586206895e-06,
    1.386551724137931e-06,
    1.386551724137931e-06,
    1.5586206896551725e-06,
    1.5586206896551725e-06,
    1.7306896551724138e-06,
    1.7306896551724138e-06,
    1.9027586206896551e-06,
    1.9027586206896551e-06,
    2.0748275862068966e-06,
    2.0748275862068966e-06,
    2.246896551724138e-06,
    2.246896551724138e-06,
    2.418965517241379e-06,
    2.418965517241379e-06,
    2.5910344827586207e-06,
    2.5910344827586207e-06,
    2.763103448275862e-06,
    2.763103448275862e-06,
    2.9351724137931037e-06,
    2.9351724137931037e-06,
    3.107241379310345e-06,
    3.107241379310345e-06,
    3.2793103448275863e-06,
    3.2793103448275863e-06,
    3.4513793103448278e-06,
    3.6234482758620693e-06,
    3.7955172413793103e-06,
    3.967586206896552e-06,
    4.139655172413793e-06,
    4.311724137931034e-06,
    4.483793103448276e-06,
    4.655862068965517e-06,
    4.8279310344827585e-06,
    5e-06
  ],
  "mu": 0,
  "samples": 250,
  "sequence_length": 1000,
  "seeds": [
    765980118,
    157556797,
    1986329417,
    500996212,
    1185385174,
    489812156,
    939204813,
    1160629580,
    915706821,
    2123374449,
    1139310787,
    356351029,
    23318386,
    836144799,
    266450824,
    801230177,
    655511062,
    408460754,
    1994159401,
    303178377,
    952809285,
    1238815759,
    963681562,
    2083310381,
    845770597,
    942956818,
    9388721,
    1595988009,
    2073629150,
    657387967,
    1244289808,
    1136892796,
    551729463,
    1671016005,
    1302131610,
    261342283,
    361047430,
    1734931049,
    1660401401,
    1984845255,
    1898395381,
    360566707,
    1366571955,
    1491821648,
    1696262851,
    920409403,
    778983805,
    836493957,
    1786616258,
    1691915356
  ]
}