{
  "mode": "site",
  "rep": 79,
  "ne": 10000,
  "r": 1e-05,
  "mu": [
    1e-07,
    1e-07,
    4.413793103448276e-07,
    4.413793103448276e-07,
    7.827586206896552e-07,
    7.827586206896552e-07,
    1.1241379310344827e-06,
    1.1241379310344827e-06,
    1.4655172413793102e-06,
    1.4655172413793102e-06,
    1.8068965517241377e-06,
    1.8068965517241377e-06,
    2.1482758620689656e-06,
    2.1482758620689656e-06,
    2.489655172413793e-06,
    2.489655172413793e-06,
    2.8310344827586205e-06,
    2.8310344827586205e-06,
    3.172413793103448e-06,
    3.172413793103448e-06,
    3.5137931034482755e-06,
    3.855172413793104e-06,
    4.196551724137931e-06,
    4.537931034482759e-06,
    4.879310344827586e-06,
    5.220689655172414e-06,
    5.562068965517241e-06,
    5.903448275862069e-06,
    6.244827586206896e-06,
    6.5862068965517236e-06,
    6.927586206896551e-06,
    6.927586206896551e-06,
    7.268965517241379e-06,
    7.268965517241379e-06,
    7.610344827586207e-06,
    7.610344827586207e-06,
    7.951724137931034e-06,
    7.951724137931034e-06,
    8.293103448275863e-06,
    8.293103448275863e-06,
    8.634482758620691e-06,
    8.634482758620691e-06,
    8.975862068965518e-06,
    8.975862068965518e-06,
    9.317241379310346e-06,
    9.317241379310346e-06,
    9.658620689655173e-06,
    9.658620689655173e-06,
    1e-05,
    1e-05
  ],
  "samples": 500,
  "sequence_length": 10000,
  "seeds": [
    1289915112,
    345265328,
    2049809691,
    1983086817,
    445906961,
    1144295440,
    632578869,
    1583525193,
    1345644256,
    1799225899,
    1254084243,
    2056357557,
    749227333,
    1509764443,
    360897267,
    1212287916,
    818984907,
    1416314826,
    1628646317,
    283699068,
    1694588015,
    1680253301,
    1627794102,
    873662083,
    1191802931,
    96839763,
    475810073,
    1346496740,
    205462995,
    78396086,
    259127904,
    1507165260,
    1357447348,
    1368611618,
    1916510005,
    1096302929,
    659119626,
    105816985,
    1362592093,
    730892290,
    854804702,
    970341182,
    575745456,
    10531008,
    794133429,
    1809766112,
    659358763,
    831136537,
    2029600827,
    778887145
  ]
}