{
  "mode": "branch",
  "rep": 739,
  "ne": 10000,
  "r": [
    1e-08,
    1e-08,
    1.820689655172414e-07,
    1.820689655172414e-07,
    3.541379310344828e-07,
    3.541379310344828e-07,
    5.262068965517242e-07,
    5.262068965517242e-07,
    6.982758620689656e-07,
    6.982758620689656e-07,
    8.70344827586207e-07,
    8.70344827586207e-07,
    1.0424137931034483e-06,
    1.0424137931034483e-06,
    1.2144827586206895e-06,
    1.2144827586206895e-06,
    1.386551724137931e-06,
    1.386551724137931e-06,
    1.5586206896551725e-06,
    1.5586206896551725e-06,
    1.7306896551724138e-06,
    1.9027586206896551e-06,
    2.0748275862068966e-06,
    2.246896551724138e-06,
    2.418965517241379e-06,
    2.5910344827586207e-06,
    2.763103448275862e-06,
    2.9351724137931037e-06,
    3.107241379310345e-06,
    3.2793103448275863e-06,
    3.4513793103448278e-06,
    3.4513793103448278e-06,
    3.6234482758620693e-06,
    3.6234482758620693e-06,
    3.7955172413793103e-06,
    3.7955172413793103e-06,
    3.967586206896552e-06,
    3.967586206896552e-06,
    4.139655172413793e-06,
    4.139655172413793e-06,
    4.311724137931034e-06,
    4.311724137931034e-06,
    4.483793103448276e-06,
    4.483793103448276e-06,
    4.655862068965517e-06,
    4.655862068965517e-06,
    4.8279310344827585e-06,
    4.8279310344827585e-06,
    5e-06,
    5e-06
  ],
  "mu": 0,
  "samples": 250,
  "sequence_length": 1000,
  "seeds": [
    2004833652,
    1677731415,
    1125016647,
    963319562,
    841961678,
    1536367939,
    485291898,
    299025215,
    481212783,
    318467917,
    322919354,
    789728624,
    370350115,
    63828302,
    836586235,
    1902018625,
    204607002,
    1892310052,
    1772226120,
    799602286,
    394528900,
    1261460123,
    571551524,
    846543547,
    785555140,
    1269186242,
    766564824,
    1477066965,
    409247466,
    1876418969,
    418174936,
    977294002,
    1844115445,
    1341391930,
    1690111191,
    1620283710,
    57674543,
    225275374,
    1036978544,
    75836775,
    1068875857,
    1280716827,
    1082520093,
    2126799268,
    2120300238,
    196668356,
    985773713,
    301315707,
    94347999,
    118592405
  ]
}