{
  "mode": "branch",
  "rep": 678,
  "ne": 10000,
  "r": [
    1e-08,
    1e-08,
    1.820689655172414e-07,
    1.820689655172414e-07,
    3.541379310344828e-07,
    3.541379310344828e-07,
    5.262068965517242e-07,
    5.262068965517242e-07,
    6.982758620689656e-07,
    6.982758620689656e-07,
    8.70344827586207e-07,
    8.70344827586207e-07,
    1.0424137931034483e-06,
    1.0424137931034483e-06,
    1.2144827586206895e-06,
    1.2144827586206895e-06,
    1.386551724137931e-06,
    1.386551724137931e-06,
    1.5586206896551725e-06,
    1.5586206896551725e-06,
    1.7306896551724138e-06,
    1.7306896551724138e-06,
    1.9027586206896551e-06,
    1.9027586206896551e-06,
    2.0748275862068966e-06,
    2.0748275862068966e-06,
    2.246896551724138e-06,
    2.246896551724138e-06,
    2.418965517241379e-06,
    2.418965517241379e-06,
    2.5910344827586207e-06,
    2.5910344827586207e-06,
    2.763103448275862e-06,
    2.763103448275862e-06,
    2.9351724137931037e-06,
    2.9351724137931037e-06,
    3.107241379310345e-06,
    3.107241379310345e-06,
    3.2793103448275863e-06,
    3.2793103448275863e-06,
    3.4513793103448278e-06,
    3.6234482758620693e-06,
    3.7955172413793103e-06,
    3.967586206896552e-06,
    4.139655172413793e-06,
    4.311724137931034e-06,
    4.483793103448276e-06,
    4.655862068965517e-06,
    4.8279310344827585e-06,
    5e-06
  ],
  "mu": 0,
  "samples": 250,
  "sequence_length": 1000,
  "seeds": [
    848442993,
    1706782139,
    548361024,
    1929489410,
    745307728,
    1340586182,
    269137958,
    1970234364,
    373926949,
    1132872789,
    1578264182,
    531550266,
    1624301182,
    690255808,
    1837977456,
    1857247556,
    1842040338,
    949577538,
    1205044513,
    778178056,
    1482831767,
    1695757069,
    1862924221,
    1989070936,
    219146666,
    468511008,
    1389778881,
    69535861,
    1642148567,
    1654424823,
    1338227669,
    1270717927,
    472965998,
    675948354,
    853779518,
    294381972,
    1799317397,
    1885832069,
    368336892,
    478777436,
    1262047088,
    1335721119,
    1597337547,
    567743786,
    1726652303,
    882676079,
    164980018,
    1610416959,
    1805327980,
    930125254
  ]
}