{
  "mode": "branch",
  "rep": 843,
  "ne": 10000,
  "r": [
    1e-08,
    1e-08,
    1.820689655172414e-07,
    1.820689655172414e-07,
    3.541379310344828e-07,
    3.541379310344828e-07,
    5.262068965517242e-07,
    5.262068965517242e-07,
    6.982758620689656e-07,
    6.982758620689656e-07,
    8.70344827586207e-07,
    8.70344827586207e-07,
    1.0424137931034483e-06,
    1.0424137931034483e-06,
    1.2144827586206895e-06,
    1.2144827586206895e-06,
    1.386551724137931e-06,
    1.386551724137931e-06,
    1.5586206896551725e-06,
    1.5586206896551725e-06,
    1.7306896551724138e-06,
    1.7306896551724138e-06,
    1.9027586206896551e-06,
    1.9027586206896551e-06,
    2.0748275862068966e-06,
    2.0748275862068966e-06,
    2.246896551724138e-06,
    2.246896551724138e-06,
    2.418965517241379e-06,
    2.418965517241379e-06,
    2.5910344827586207e-06,
    2.5910344827586207e-06,
    2.763103448275862e-06,
    2.763103448275862e-06,
    2.9351724137931037e-06,
    2.9351724137931037e-06,
    3.107241379310345e-06,
    3.107241379310345e-06,
    3.2793103448275863e-06,
    3.2793103448275863e-06,
    3.4513793103448278e-06,
    3.6234482758620693e-06,
    3.7955172413793103e-06,
    3.967586206896552e-06,
    4.139655172413793e-06,
    4.311724137931034e-06,
    4.483793103448276e-06,
    4.655862068965517e-06,
    4.8279310344827585e-06,
    5e-06
  ],
  "mu": 0,
  "samples": 250,
  "sequence_length": 1000,
  "seeds": [
    2074657480,
    852455880,
    2045818421,
    1484614474,
    237488074,
    446731089,
    706716421,
    626121435,
    554839159,
    1283448018,
    1263803836,
    755793099,
    1522059180,
    1948406996,
    1877934901,
    902923329,
    1519856536,
    681682871,
    1885436905,
    1215920488,
    965934410,
    1798887347,
    52014657,
    23294274,
    404147531,
    63563441,
    1401233028,
    1859832530,
    1066073654,
    670339541,
    51159854,
    1622960996,
    1113257397,
    1672383648,
    1716459367,
    1118804800,
    1690672943,
    541341475,
    1960752774,
    1232610701,
    999602109,
    368120861,
    849345405,
    964327201,
    469259686,
    676757070,
    1842558154,
    1594350152,
    1469853436,
    1833448700
  ]
}