{
  "mode": "site",
  "rep": 528,
  "ne": 10000,
  "r": 1e-05,
  "mu": [
    1e-07,
    1e-07,
    4.413793103448276e-07,
    4.413793103448276e-07,
    7.827586206896552e-07,
    7.827586206896552e-07,
    1.1241379310344827e-06,
    1.1241379310344827e-06,
    1.4655172413793102e-06,
    1.4655172413793102e-06,
    1.8068965517241377e-06,
    1.8068965517241377e-06,
    2.1482758620689656e-06,
    2.1482758620689656e-06,
    2.489655172413793e-06,
    2.489655172413793e-06,
    2.8310344827586205e-06,
    2.8310344827586205e-06,
    3.172413793103448e-06,
    3.172413793103448e-06,
    3.5137931034482755e-06,
    3.5137931034482755e-06,
    3.855172413793104e-06,
    3.855172413793104e-06,
    4.196551724137931e-06,
    4.196551724137931e-06,
    4.537931034482759e-06,
    4.537931034482759e-06,
    4.879310344827586e-06,
    4.879310344827586e-06,
    5.220689655172414e-06,
    5.220689655172414e-06,
    5.562068965517241e-06,
    5.562068965517241e-06,
    5.903448275862069e-06,
    5.903448275862069e-06,
    6.244827586206896e-06,
    6.244827586206896e-06,
    6.5862068965517236e-06,
    6.5862068965517236e-06,
    6.927586206896551e-06,
    7.268965517241379e-06,
    7.610344827586207e-06,
    7.951724137931034e-06,
    8.293103448275863e-06,
    8.634482758620691e-06,
    8.975862068965518e-06,
    9.317241379310346e-06,
    9.658620689655173e-06,
    1e-05
  ],
  "samples": 500,
  "sequence_length": 50000,
  "seeds": [
    496758666,
    1448680559,
    915845342,
    76520602,
    399652287,
    1470582986,
    797123752,
    1853378511,
    928867995,
    75473531,
    1862478612,
    1300750006,
    1048164737,
    888644350,
    226125227,
    386099044,
    1335510822,
    254493507,
    1801303869,
    608390381,
    69370265,
    1895444969,
    483519977,
    187578982,
    1071644097,
    559180066,
    1496190442,
    735460931,
    398980443,
    890740982,
    1178249665,
    367291117,
    1170818192,
    1336144396,
    408936346,
    894794015,
    2072864251,
    551508148,
    610510741,
    37006704,
    868494974,
    137946615,
    1240646584,
    1286001974,
    224450883,
    155839339,
    1798596746,
    1458491847,
    849980604,
    28041242
  ]
}