{
  "mode": "site",
  "rep": 136,
  "ne": 10000,
  "r": 1e-05,
  "mu": [
    1e-07,
    1e-07,
    4.413793103448276e-07,
    4.413793103448276e-07,
    7.827586206896552e-07,
    7.827586206896552e-07,
    1.1241379310344827e-06,
    1.1241379310344827e-06,
    1.4655172413793102e-06,
    1.4655172413793102e-06,
    1.8068965517241377e-06,
    1.8068965517241377e-06,
    2.1482758620689656e-06,
    2.1482758620689656e-06,
    2.489655172413793e-06,
    2.489655172413793e-06,
    2.8310344827586205e-06,
    2.8310344827586205e-06,
    3.172413793103448e-06,
    3.172413793103448e-06,
    3.5137931034482755e-06,
    3.855172413793104e-06,
    4.196551724137931e-06,
    4.537931034482759e-06,
    4.879310344827586e-06,
    5.220689655172414e-06,
    5.562068965517241e-06,
    5.903448275862069e-06,
    6.244827586206896e-06,
    6.5862068965517236e-06,
    6.927586206896551e-06,
    6.927586206896551e-06,
    7.268965517241379e-06,
    7.268965517241379e-06,
    7.610344827586207e-06,
    7.610344827586207e-06,
    7.951724137931034e-06,
    7.951724137931034e-06,
    8.293103448275863e-06,
    8.293103448275863e-06,
    8.634482758620691e-06,
    8.634482758620691e-06,
    8.975862068965518e-06,
    8.975862068965518e-06,
    9.317241379310346e-06,
    9.317241379310346e-06,
    9.658620689655173e-06,
    9.658620689655173e-06,
    1e-05,
    1e-05
  ],
  "samples": 500,
  "sequence_length": 10000,
  "seeds": [
    1228294907,
    1565009536,
    901291410,
    1601233012,
    457686979,
    591497376,
    1988695916,
    2109527930,
    1152968091,
    507618077,
    1209816178,
    1050315389,
    2085190902,
    1145157374,
    1159397048,
    743072779,
    1949585346,
    254747278,
    1868119413,
    448124815,
    128106319,
    425758620,
    1188232079,
    479785082,
    264688870,
    1155150787,
    1292934474,
    1935858631,
    68893570,
    338393679,
    1491208972,
    1413975906,
    1549387753,
    411767668,
    1530310001,
    222343816,
    454512848,
    1237725651,
    1278315687,
    547271257,
    257182501,
    816367319,
    1903921752,
    2089414588,
    515943305,
    1752735367,
    1327999023,
    1144473449,
    595968950,
    558265484
  ]
}