{
  "mode": "branch",
  "rep": 986,
  "ne": 10000,
  "r": [
    1e-08,
    1.820689655172414e-07,
    3.541379310344828e-07,
    5.262068965517242e-07,
    6.982758620689656e-07,
    8.70344827586207e-07,
    1.0424137931034483e-06,
    1.2144827586206895e-06,
    1.386551724137931e-06,
    1.5586206896551725e-06,
    1.7306896551724138e-06,
    1.7306896551724138e-06,
    1.9027586206896551e-06,
    1.9027586206896551e-06,
    2.0748275862068966e-06,
    2.0748275862068966e-06,
    2.246896551724138e-06,
    2.246896551724138e-06,
    2.418965517241379e-06,
    2.418965517241379e-06,
    2.5910344827586207e-06,
    2.5910344827586207e-06,
    2.763103448275862e-06,
    2.763103448275862e-06,
    2.9351724137931037e-06,
    2.9351724137931037e-06,
    3.107241379310345e-06,
    3.107241379310345e-06,
    3.2793103448275863e-06,
    3.2793103448275863e-06,
    3.4513793103448278e-06,
    3.4513793103448278e-06,
    3.6234482758620693e-06,
    3.6234482758620693e-06,
    3.7955172413793103e-06,
    3.7955172413793103e-06,
    3.967586206896552e-06,
    3.967586206896552e-06,
    4.139655172413793e-06,
    4.139655172413793e-06,
    4.311724137931034e-06,
    4.311724137931034e-06,
    4.483793103448276e-06,
    4.483793103448276e-06,
    4.655862068965517e-06,
    4.655862068965517e-06,
    4.8279310344827585e-06,
    4.8279310344827585e-06,
    5e-06,
    5e-06
  ],
  "mu": 0,
  "samples": 250,
  "sequence_length": 1000,
  "seeds": [
    1862750049,
    677611965,
    831238493,
    810107662,
    917351658,
    1436584626,
    163783510,
    265558742,
    1806169952,
    1207591230,
    1009507438,
    1249514710,
    381866350,
    482966923,
    251741255,
    51805103,
    14977970,
    1095454266,
    1829518119,
    311794951,
    759811516,
    1831036903,
    1586813279,
    654468549,
    2001147074,
    1045490219,
    2005300754,
    1974203815,
    1897797700,
    1423779207,
    1985365065,
    178696898,
    1070062000,
    305274249,
    1220793985,
    1562588177,
    366528647,
    1856185546,
    47747318,
    525295557,
    2063601416,
    942149660,
    1907941379,
    1719020135,
    1464587534,
    23246621,
    1960657130,
    1908629039,
    1302053058,
    426636231
  ]
}