{
  "mode": "branch",
  "rep": 778,
  "ne": 10000,
  "r": [
    1e-08,
    1e-08,
    1.820689655172414e-07,
    1.820689655172414e-07,
    3.541379310344828e-07,
    3.541379310344828e-07,
    5.262068965517242e-07,
    5.262068965517242e-07,
    6.982758620689656e-07,
    6.982758620689656e-07,
    8.70344827586207e-07,
    8.70344827586207e-07,
    1.0424137931034483e-06,
    1.0424137931034483e-06,
    1.2144827586206895e-06,
    1.2144827586206895e-06,
    1.386551724137931e-06,
    1.386551724137931e-06,
    1.5586206896551725e-06,
    1.5586206896551725e-06,
    1.7306896551724138e-06,
    1.9027586206896551e-06,
    2.0748275862068966e-06,
    2.246896551724138e-06,
    2.418965517241379e-06,
    2.5910344827586207e-06,
    2.763103448275862e-06,
    2.9351724137931037e-06,
    3.107241379310345e-06,
    3.2793103448275863e-06,
    3.4513793103448278e-06,
    3.4513793103448278e-06,
    3.6234482758620693e-06,
    3.6234482758620693e-06,
    3.7955172413793103e-06,
    3.7955172413793103e-06,
    3.967586206896552e-06,
    3.967586206896552e-06,
    4.139655172413793e-06,
    4.139655172413793e-06,
    4.311724137931034e-06,
    4.311724137931034e-06,
    4.483793103448276e-06,
    4.483793103448276e-06,
    4.655862068965517e-06,
    4.655862068965517e-06,
    4.8279310344827585e-06,
    4.8279310344827585e-06,
    5e-06,
    5e-06
  ],
  "mu": 0,
  "samples": 250,
  "sequence_length": 1000,
  "seeds": [
    627670288,
    940329114,
    508308238,
    772483737,
    2144522217,
    1623848609,
    1874567808,
    1133449451,
    1398878124,
    706993407,
    606609440,
    366294396,
    668594905,
    618800816,
    1452359510,
    2123317671,
    234817725,
    536074026,
    502694641,
    215582689,
    1571272298,
    1353281456,
    353828442,
    1103605949,
    1631902267,
    1396537305,
    1973034937,
    646990956,
    1328582862,
    1434682979,
    103612302,
    49991998,
    1615559963,
    1250210243,
    1115977877,
    2108943939,
    952371102,
    756621071,
    2030819768,
    1853323323,
    49950499,
    691748037,
    1093062704,
    1634637963,
    1252668185,
    290306680,
    214914871,
    1150901407,
    2028355683,
    1820386584
  ]
}