{
  "mode": "site",
  "rep": 191,
  "ne": 10000,
  "r": 1e-05,
  "mu": [
    1e-07,
    4.413793103448276e-07,
    7.827586206896552e-07,
    1.1241379310344827e-06,
    1.4655172413793102e-06,
    1.8068965517241377e-06,
    2.1482758620689656e-06,
    2.489655172413793e-06,
    2.8310344827586205e-06,
    3.172413793103448e-06,
    3.5137931034482755e-06,
    3.5137931034482755e-06,
    3.855172413793104e-06,
    3.855172413793104e-06,
    4.196551724137931e-06,
    4.196551724137931e-06,
    4.537931034482759e-06,
    4.537931034482759e-06,
    4.879310344827586e-06,
    4.879310344827586e-06,
    5.220689655172414e-06,
    5.220689655172414e-06,
    5.562068965517241e-06,
    5.562068965517241e-06,
    5.903448275862069e-06,
    5.903448275862069e-06,
    6.244827586206896e-06,
    6.244827586206896e-06,
    6.5862068965517236e-06,
    6.5862068965517236e-06,
    6.927586206896551e-06,
    6.927586206896551e-06,
    7.268965517241379e-06,
    7.268965517241379e-06,
    7.610344827586207e-06,
    7.610344827586207e-06,
    7.951724137931034e-06,
    7.951724137931034e-06,
    8.293103448275863e-06,
    8.293103448275863e-06,
    8.634482758620691e-06,
    8.634482758620691e-06,
    8.975862068965518e-06,
    8.975862068965518e-06,
    9.317241379310346e-06,
    9.317241379310346e-06,
    9.658620689655173e-06,
    9.658620689655173e-06,
    1e-05,
    1e-05
  ],
  "samples": 500,
  "sequence_length": 10000,
  "seeds": [
    968493232,
    1256575150,
    954200832,
    1125004813,
    551467859,
    898149098,
    263790382,
    390088886,
    1898252447,
    461208838,
    946327583,
    1114668334,
    1992958364,
    1493152425,
    825817696,
    1468914481,
    1957295755,
    310001587,
    69820132,
    1330400109,
    1341187726,
    1681647777,
    1736494199,
    411220089,
    2129706844,
    131098043,
    1200062514,
    984481523,
    1114813010,
    1451863538,
    1426705413,
    2015323786,
    1618671407,
    1730614955,
    283123231,
    449164820,
    1830338884,
    662591153,
    1201273701,
    1679768935,
    53935215,
    946722363,
    1446294556,
    760800164,
    1671237802,
    1306652959,
    943116560,
    348603120,
    1945348887,
    1670687258
  ]
}