{
  "mode": "site",
  "rep": 236,
  "ne": 10000,
  "r": 1e-05,
  "mu": [
    1e-07,
    4.413793103448276e-07,
    7.827586206896552e-07,
    1.1241379310344827e-06,
    1.4655172413793102e-06,
    1.8068965517241377e-06,
    2.1482758620689656e-06,
    2.489655172413793e-06,
    2.8310344827586205e-06,
    3.172413793103448e-06,
    3.5137931034482755e-06,
    3.5137931034482755e-06,
    3.855172413793104e-06,
    3.855172413793104e-06,
    4.196551724137931e-06,
    4.196551724137931e-06,
    4.537931034482759e-06,
    4.537931034482759e-06,
    4.879310344827586e-06,
    4.879310344827586e-06,
    5.220689655172414e-06,
    5.220689655172414e-06,
    5.562068965517241e-06,
    5.562068965517241e-06,
    5.903448275862069e-06,
    5.903448275862069e-06,
    6.244827586206896e-06,
    6.244827586206896e-06,
    6.5862068965517236e-06,
    6.5862068965517236e-06,
    6.927586206896551e-06,
    6.927586206896551e-06,
    7.268965517241379e-06,
    7.268965517241379e-06,
    7.610344827586207e-06,
    7.610344827586207e-06,
    7.951724137931034e-06,
    7.951724137931034e-06,
    8.293103448275863e-06,
    8.293103448275863e-06,
    8.634482758620691e-06,
    8.634482758620691e-06,
    8.975862068965518e-06,
    8.975862068965518e-06,
    9.317241379310346e-06,
    9.317241379310346e-06,
    9.658620689655173e-06,
    9.658620689655173e-06,
    1e-05,
    1e-05
  ],
  "samples": 500,
  "sequence_length": 10000,
  "seeds": [
    1103633025,
    425681762,
    1511681448,
    807903441,
    1931149673,
    2033665280,
    754955622,
    910423023,
    2114657536,
    659128361,
    1679395414,
    1314134513,
    379400488,
    961885441,
    1108234794,
    2014465222,
    1042066525,
    637620292,
    1224374342,
    67628709,
    779344821,
    655043197,
    1859516114,
    477041042,
    1343991738,
    741146042,
    1460311014,
    313327680,
    2088636263,
    1927546253,
    818185463,
    626984115,
    117821727,
    115196376,
    1035039469,
    1610939551,
    991588337,
    636492172,
    671892589,
    1996335993,
    1754111430,
    408161156,
    1983759659,
    1998492798,
    1779734426,
    1971190877,
    1167939833,
    267610127,
    1198453119,
    1772020331
  ]
}