{
  "mode": "branch",
  "rep": 907,
  "ne": 10000,
  "r": [
    1e-08,
    1e-08,
    1.820689655172414e-07,
    1.820689655172414e-07,
    3.541379310344828e-07,
    3.541379310344828e-07,
    5.262068965517242e-07,
    5.262068965517242e-07,
    6.982758620689656e-07,
    6.982758620689656e-07,
    8.70344827586207e-07,
    8.70344827586207e-07,
    1.0424137931034483e-06,
    1.0424137931034483e-06,
    1.2144827586206895e-06,
    1.2144827586206895e-06,
    1.386551724137931e-06,
    1.386551724137931e-06,
    1.5586206896551725e-06,
    1.5586206896551725e-06,
    1.7306896551724138e-06,
    1.9027586206896551e-06,
    2.0748275862068966e-06,
    2.246896551724138e-06,
    2.418965517241379e-06,
    2.5910344827586207e-06,
    2.763103448275862e-06,
    2.9351724137931037e-06,
    3.107241379310345e-06,
    3.2793103448275863e-06,
    3.4513793103448278e-06,
    3.4513793103448278e-06,
    3.6234482758620693e-06,
    3.6234482758620693e-06,
    3.7955172413793103e-06,
    3.7955172413793103e-06,
    3.967586206896552e-06,
    3.967586206896552e-06,
    4.139655172413793e-06,
    4.139655172413793e-06,
    4.311724137931034e-06,
    4.311724137931034e-06,
    4.483793103448276e-06,
    4.483793103448276e-06,
    4.655862068965517e-06,
    4.655862068965517e-06,
    4.8279310344827585e-06,
    4.8279310344827585e-06,
    5e-06,
    5e-06
  ],
  "mu": 0,
  "samples": 250,
  "sequence_length": 1000,
  "seeds": [
    286609685,
    551495253,
    503610556,
    2144948643,
    194983666,
    1774145821,
    167635024,
    724366134,
    1422717031,
    1871118818,
    449946552,
    1552536703,
    785247491,
    1033051520,
    776150631,
    204400772,
    1266732038,
    1445150890,
    1078185556,
    791957407,
    134754778,
    688960852,
    776743380,
    1666621874,
    313669615,
    562191463,
    1727131105,
    1216144843,
    37273736,
    1366661581,
    2033565743,
    77432045,
    1528382130,
    720870975,
    1739786934,
    1690131223,
    1014205033,
    484586568,
    2104257981,
    415326930,
    1721045259,
    1329771785,
    1945416839,
    589858537,
    1819196756,
    1354343465,
    47564869,
    2069289379,
    895394762,
    1005445297
  ]
}