{
  "mode": "site",
  "rep": 269,
  "ne": 10000,
  "r": 1e-05,
  "mu": [
    1e-07,
    4.413793103448276e-07,
    7.827586206896552e-07,
    1.1241379310344827e-06,
    1.4655172413793102e-06,
    1.8068965517241377e-06,
    2.1482758620689656e-06,
    2.489655172413793e-06,
    2.8310344827586205e-06,
    3.172413793103448e-06,
    3.5137931034482755e-06,
    3.5137931034482755e-06,
    3.855172413793104e-06,
    3.855172413793104e-06,
    4.196551724137931e-06,
    4.196551724137931e-06,
    4.537931034482759e-06,
    4.537931034482759e-06,
    4.879310344827586e-06,
    4.879310344827586e-06,
    5.220689655172414e-06,
    5.220689655172414e-06,
    5.562068965517241e-06,
    5.562068965517241e-06,
    5.903448275862069e-06,
    5.903448275862069e-06,
    6.244827586206896e-06,
    6.244827586206896e-06,
    6.5862068965517236e-06,
    6.5862068965517236e-06,
    6.927586206896551e-06,
    6.927586206896551e-06,
    7.268965517241379e-06,
    7.268965517241379e-06,
    7.610344827586207e-06,
    7.610344827586207e-06,
    7.951724137931034e-06,
    7.951724137931034e-06,
    8.293103448275863e-06,
    8.293103448275863e-06,
    8.634482758620691e-06,
    8.634482758620691e-06,
    8.975862068965518e-06,
    8.975862068965518e-06,
    9.317241379310346e-06,
    9.317241379310346e-06,
    9.658620689655173e-06,
    9.658620689655173e-06,
    1e-05,
    1e-05
  ],
  "samples": 500,
  "sequence_length": 50000,
  "seeds": [
    1617447531,
    1245176431,
    562449570,
    1850109137,
    1449842150,
    919199524,
    21043772,
    2123773276,
    912621571,
    171315909,
    619089015,
    2026762797,
    1170764569,
    391207902,
    266730139,
    795834100,
    584271046,
    1631088091,
    1383106704,
    510942459,
    1368075559,
    535244821,
    1792373667,
    1197853311,
    1529196278,
    1526437265,
    954061557,
    985022495,
    720787048,
    997820935,
    1773461118,
    1194393620,
    1948203613,
    397967867,
    970718278,
    685137929,
    200812443,
    2026710873,
    1147514862,
    1763767457,
    1765194685,
    1267813286,
    1855375075,
    670313367,
    1274449550,
    907001341,
    1388235818,
    137503462,
    2023296390,
    1283642122
  ]
}