{
  "mode": "site",
  "rep": 590,
  "ne": 10000,
  "r": 1e-05,
  "mu": [
    1e-07,
    4.413793103448276e-07,
    7.827586206896552e-07,
    1.1241379310344827e-06,
    1.4655172413793102e-06,
    1.8068965517241377e-06,
    2.1482758620689656e-06,
    2.489655172413793e-06,
    2.8310344827586205e-06,
    3.172413793103448e-06,
    3.5137931034482755e-06,
    3.5137931034482755e-06,
    3.855172413793104e-06,
    3.855172413793104e-06,
    4.196551724137931e-06,
    4.196551724137931e-06,
    4.537931034482759e-06,
    4.537931034482759e-06,
    4.879310344827586e-06,
    4.879310344827586e-06,
    5.220689655172414e-06,
    5.220689655172414e-06,
    5.562068965517241e-06,
    5.562068965517241e-06,
    5.903448275862069e-06,
    5.903448275862069e-06,
    6.244827586206896e-06,
    6.244827586206896e-06,
    6.5862068965517236e-06,
    6.5862068965517236e-06,
    6.927586206896551e-06,
    6.927586206896551e-06,
    7.268965517241379e-06,
    7.268965517241379e-06,
    7.610344827586207e-06,
    7.610344827586207e-06,
    7.951724137931034e-06,
    7.951724137931034e-06,
    8.293103448275863e-06,
    8.293103448275863e-06,
    8.634482758620691e-06,
    8.634482758620691e-06,
    8.975862068965518e-06,
    8.975862068965518e-06,
    9.317241379310346e-06,
    9.317241379310346e-06,
    9.658620689655173e-06,
    9.658620689655173e-06,
    1e-05,
    1e-05
  ],
  "samples": 500,
  "sequence_length": 50000,
  "seeds": [
    1911469600,
    245354670,
    1210238276,
    1036376309,
    1654981577,
    1390507394,
    322032903,
    834727765,
    1957520303,
    446766129,
    1525590683,
    1977095169,
    117821593,
    1612442404,
    257446131,
    83909349,
    805096563,
    1658106774,
    199658338,
    1385373136,
    468024228,
    1594390687,
    1253117291,
    1829220642,
    2045697468,
    328930804,
    545131970,
    1805146378,
    746139614,
    243193027,
    1390358443,
    603842114,
    934974414,
    545201796,
    2069901373,
    1947020424,
    2018278757,
    598120432,
    859473511,
    1954911912,
    1020760784,
    1064527811,
    1520671834,
    1218463153,
    1256574693,
    931153275,
    1036498641,
    2011786774,
    649100250,
    296786101
  ]
}