{
  "mode": "branch",
  "rep": 1160,
  "ne": 10000,
  "r": [
    1e-08,
    1.820689655172414e-07,
    3.541379310344828e-07,
    5.262068965517242e-07,
    6.982758620689656e-07,
    8.70344827586207e-07,
    1.0424137931034483e-06,
    1.2144827586206895e-06,
    1.386551724137931e-06,
    1.5586206896551725e-06,
    1.7306896551724138e-06,
    1.7306896551724138e-06,
    1.9027586206896551e-06,
    1.9027586206896551e-06,
    2.0748275862068966e-06,
    2.0748275862068966e-06,
    2.246896551724138e-06,
    2.246896551724138e-06,
    2.418965517241379e-06,
    2.418965517241379e-06,
    2.5910344827586207e-06,
    2.5910344827586207e-06,
    2.763103448275862e-06,
    2.763103448275862e-06,
    2.9351724137931037e-06,
    2.9351724137931037e-06,
    3.107241379310345e-06,
    3.107241379310345e-06,
    3.2793103448275863e-06,
    3.2793103448275863e-06,
    3.4513793103448278e-06,
    3.4513793103448278e-06,
    3.6234482758620693e-06,
    3.6234482758620693e-06,
    3.7955172413793103e-06,
    3.7955172413793103e-06,
    3.967586206896552e-06,
    3.967586206896552e-06,
    4.139655172413793e-06,
    4.139655172413793e-06,
    4.311724137931034e-06,
    4.311724137931034e-06,
    4.483793103448276e-06,
    4.483793103448276e-06,
    4.655862068965517e-06,
    4.655862068965517e-06,
    4.8279310344827585e-06,
    4.8279310344827585e-06,
    5e-06,
    5e-06
  ],
  "mu": 0,
  "samples": 250,
  "sequence_length": 1000,
  "seeds": [
    1964451008,
    1941560624,
    1724610092,
    451709113,
    1161938453,
    146252784,
    328338011,
    268302692,
    646739733,
    1317792118,
    962305022,
    869331904,
    515115159,
    981876383,
    1402190691,
    961327080,
    1347568117,
    673742713,
    975140399,
    1929605579,
    2042131008,
    1307971823,
    1538123824,
    1261835569,
    998523656,
    496123682,
    589653435,
    2125190674,
    1381500226,
    1370170892,
    234426314,
    644036737,
    1287159602,
    476740706,
    698094008,
    780207577,
    1477482288,
    1836158080,
    1984173332,
    914610868,
    1213671933,
    128458245,
    749250711,
    1081961393,
    1449150977,
    2090077786,
    1581411260,
    901866860,
    1957191305,
    879006071
  ]
}