{
  "mode": "site",
  "rep": 11,
  "ne": 10000,
  "r": 1e-05,
  "mu": [
    1e-07,
    4.413793103448276e-07,
    7.827586206896552e-07,
    1.1241379310344827e-06,
    1.4655172413793102e-06,
    1.8068965517241377e-06,
    2.1482758620689656e-06,
    2.489655172413793e-06,
    2.8310344827586205e-06,
    3.172413793103448e-06,
    3.5137931034482755e-06,
    3.5137931034482755e-06,
    3.855172413793104e-06,
    3.855172413793104e-06,
    4.196551724137931e-06,
    4.196551724137931e-06,
    4.537931034482759e-06,
    4.537931034482759e-06,
    4.879310344827586e-06,
    4.879310344827586e-06,
    5.220689655172414e-06,
    5.220689655172414e-06,
    5.562068965517241e-06,
    5.562068965517241e-06,
    5.903448275862069e-06,
    5.903448275862069e-06,
    6.244827586206896e-06,
    6.244827586206896e-06,
    6.5862068965517236e-06,
    6.5862068965517236e-06,
    6.927586206896551e-06,
    6.927586206896551e-06,
    7.268965517241379e-06,
    7.268965517241379e-06,
    7.610344827586207e-06,
    7.610344827586207e-06,
    7.951724137931034e-06,
    7.951724137931034e-06,
    8.293103448275863e-06,
    8.293103448275863e-06,
    8.634482758620691e-06,
    8.634482758620691e-06,
    8.975862068965518e-06,
    8.975862068965518e-06,
    9.317241379310346e-06,
    9.317241379310346e-06,
    9.658620689655173e-06,
    9.658620689655173e-06,
    1e-05,
    1e-05
  ],
  "samples": 500,
  "sequence_length": 50000,
  "seeds": [
    1457451779,
    738685252,
    1642415452,
    1160235992,
    466838227,
    1944282643,
    1955956887,
    45248370,
    1475967224,
    1462708282,
    918950112,
    1650493226,
    1969927539,
    791263205,
    106924536,
    1919367057,
    1053216495,
    910135932,
    658467451,
    1175326669,
    1449022303,
    332230336,
    92597905,
    1825545442,
    1169996762,
    614939214,
    1982080763,
    1940228386,
    912791143,
    1609419047,
    486460546,
    353609489,
    182939256,
    669416989,
    2056365445,
    1024308674,
    205446030,
    705608740,
    51475251,
    1909128514,
    1335794359,
    320869570,
    928347070,
    1112492121,
    1421140942,
    1705373946,
    631188698,
    129643677,
    387624209,
    261824462
  ]
}