{
  "mode": "branch",
  "rep": 644,
  "ne": 10000,
  "r": [
    1e-08,
    1.820689655172414e-07,
    3.541379310344828e-07,
    5.262068965517242e-07,
    6.982758620689656e-07,
    8.70344827586207e-07,
    1.0424137931034483e-06,
    1.2144827586206895e-06,
    1.386551724137931e-06,
    1.5586206896551725e-06,
    1.7306896551724138e-06,
    1.7306896551724138e-06,
    1.9027586206896551e-06,
    1.9027586206896551e-06,
    2.0748275862068966e-06,
    2.0748275862068966e-06,
    2.246896551724138e-06,
    2.246896551724138e-06,
    2.418965517241379e-06,
    2.418965517241379e-06,
    2.5910344827586207e-06,
    2.5910344827586207e-06,
    2.763103448275862e-06,
    2.763103448275862e-06,
    2.9351724137931037e-06,
    2.9351724137931037e-06,
    3.107241379310345e-06,
    3.107241379310345e-06,
    3.2793103448275863e-06,
    3.2793103448275863e-06,
    3.4513793103448278e-06,
    3.4513793103448278e-06,
    3.6234482758620693e-06,
    3.6234482758620693e-06,
    3.7955172413793103e-06,
    3.7955172413793103e-06,
    3.967586206896552e-06,
    3.967586206896552e-06,
    4.139655172413793e-06,
    4.139655172413793e-06,
    4.311724137931034e-06,
    4.311724137931034e-06,
    4.483793103448276e-06,
    4.483793103448276e-06,
    4.655862068965517e-06,
    4.655862068965517e-06,
    4.8279310344827585e-06,
    4.8279310344827585e-06,
    5e-06,
    5e-06
  ],
  "mu": 0,
  "samples": 250,
  "sequence_length": 1000,
  "seeds": [
    132370154,
    912842695,
    1934748244,
    594348592,
    532860231,
    828016635,
    1057379797,
    232841168,
    1995787480,
    1619429550,
    750530455,
    1597198737,
    8671488,
    1345659829,
    1354912821,
    301328350,
    1599339684,
    73753505,
    34106971,
    1637768130,
    342591482,
    1542179876,
    1670198473,
    435724614,
    1761026682,
    123899452,
    450536643,
    232657727,
    343312579,
    1173544126,
    1173570788,
    1185488253,
    1294577618,
    713000889,
    428410422,
    110234480,
    2008643215,
    801090023,
    1115854472,
    1482575284,
    638795806,
    397604393,
    1182668620,
    1101881115,
    1695834784,
    1261259416,
    1420980286,
    480659370,
    1737277791,
    1360823437
  ]
}