{
  "mode": "site",
  "rep": 253,
  "ne": 10000,
  "r": 1e-05,
  "mu": [
    1e-07,
    1e-07,
    4.413793103448276e-07,
    4.413793103448276e-07,
    7.827586206896552e-07,
    7.827586206896552e-07,
    1.1241379310344827e-06,
    1.1241379310344827e-06,
    1.4655172413793102e-06,
    1.4655172413793102e-06,
    1.8068965517241377e-06,
    1.8068965517241377e-06,
    2.1482758620689656e-06,
    2.1482758620689656e-06,
    2.489655172413793e-06,
    2.489655172413793e-06,
    2.8310344827586205e-06,
    2.8310344827586205e-06,
    3.172413793103448e-06,
    3.172413793103448e-06,
    3.5137931034482755e-06,
    3.855172413793104e-06,
    4.196551724137931e-06,
    4.537931034482759e-06,
    4.879310344827586e-06,
    5.220689655172414e-06,
    5.562068965517241e-06,
    5.903448275862069e-06,
    6.244827586206896e-06,
    6.5862068965517236e-06,
    6.927586206896551e-06,
    6.927586206896551e-06,
    7.268965517241379e-06,
    7.268965517241379e-06,
    7.610344827586207e-06,
    7.610344827586207e-06,
    7.951724137931034e-06,
    7.951724137931034e-06,
    8.293103448275863e-06,
    8.293103448275863e-06,
    8.634482758620691e-06,
    8.634482758620691e-06,
    8.975862068965518e-06,
    8.975862068965518e-06,
    9.317241379310346e-06,
    9.317241379310346e-06,
    9.658620689655173e-06,
    9.658620689655173e-06,
    1e-05,
    1e-05
  ],
  "samples": 500,
  "sequence_length": 10000,
  "seeds": [
    47523157,
    1266502255,
    28060596,
    818502939,
    741637986,
    695413138,
    325063877,
    63581232,
    1515040097,
    1574632835,
    756585681,
    102285591,
    1047573314,
    294200579,
    459226663,
    498643196,
    26744086,
    534068456,
    320873011,
    473063689,
    1341382297,
    344742283,
    165595657,
    714637706,
    145110084,
    2013325636,
    585151144,
    705259957,
    622488540,
    1466989985,
    482683572,
    1168449159,
    710752261,
    2006757056,
    987360098,
    1608274072,
    1073682739,
    691253724,
    1323786036,
    463543446,
    1037835640,
    641939584,
    995606432,
    135322835,
    1841933341,
    31914989,
    978316726,
    1137142035,
    1352897881,
    1647003869
  ]
}