{
  "mode": "branch",
  "rep": 1147,
  "ne": 10000,
  "r": [
    1e-08,
    1e-08,
    1.820689655172414e-07,
    1.820689655172414e-07,
    3.541379310344828e-07,
    3.541379310344828e-07,
    5.262068965517242e-07,
    5.262068965517242e-07,
    6.982758620689656e-07,
    6.982758620689656e-07,
    8.70344827586207e-07,
    8.70344827586207e-07,
    1.0424137931034483e-06,
    1.0424137931034483e-06,
    1.2144827586206895e-06,
    1.2144827586206895e-06,
    1.386551724137931e-06,
    1.386551724137931e-06,
    1.5586206896551725e-06,
    1.5586206896551725e-06,
    1.7306896551724138e-06,
    1.9027586206896551e-06,
    2.0748275862068966e-06,
    2.246896551724138e-06,
    2.418965517241379e-06,
    2.5910344827586207e-06,
    2.763103448275862e-06,
    2.9351724137931037e-06,
    3.107241379310345e-06,
    3.2793103448275863e-06,
    3.4513793103448278e-06,
    3.4513793103448278e-06,
    3.6234482758620693e-06,
    3.6234482758620693e-06,
    3.7955172413793103e-06,
    3.7955172413793103e-06,
    3.967586206896552e-06,
    3.967586206896552e-06,
    4.139655172413793e-06,
    4.139655172413793e-06,
    4.311724137931034e-06,
    4.311724137931034e-06,
    4.483793103448276e-06,
    4.483793103448276e-06,
    4.655862068965517e-06,
    4.655862068965517e-06,
    4.8279310344827585e-06,
    4.8279310344827585e-06,
    5e-06,
    5e-06
  ],
  "mu": 0,
  "samples": 250,
  "sequence_length": 1000,
  "seeds": [
    69903716,
    1775661436,
    1246496966,
    1402686388,
    2106512809,
    2104148377,
    1677505599,
    743233987,
    14369513,
    1227675180,
    1465731775,
    1631698234,
    896922961,
    1969359906,
    2022022928,
    465898934,
    1427083413,
    1273908135,
    1045037651,
    2040184275,
    117429443,
    1854519140,
    1337399554,
    530486858,
    1138410300,
    754196731,
    1200607080,
    2138954567,
    2000277821,
    882949098,
    1609262046,
    946469828,
    602428767,
    1805108481,
    299346287,
    1203707091,
    854134088,
    1488104376,
    2048988635,
    641991340,
    2056618283,
    590709727,
    2057039878,
    212268011,
    2057258929,
    1006473041,
    1597378997,
    1976830235,
    967568613,
    1133204182
  ]
}