{
  "mode": "branch",
  "rep": 1033,
  "ne": 10000,
  "r": [
    1e-08,
    1e-08,
    1.820689655172414e-07,
    1.820689655172414e-07,
    3.541379310344828e-07,
    3.541379310344828e-07,
    5.262068965517242e-07,
    5.262068965517242e-07,
    6.982758620689656e-07,
    6.982758620689656e-07,
    8.70344827586207e-07,
    8.70344827586207e-07,
    1.0424137931034483e-06,
    1.0424137931034483e-06,
    1.2144827586206895e-06,
    1.2144827586206895e-06,
    1.386551724137931e-06,
    1.386551724137931e-06,
    1.5586206896551725e-06,
    1.5586206896551725e-06,
    1.7306896551724138e-06,
    1.9027586206896551e-06,
    2.0748275862068966e-06,
    2.246896551724138e-06,
    2.418965517241379e-06,
    2.5910344827586207e-06,
    2.763103448275862e-06,
    2.9351724137931037e-06,
    3.107241379310345e-06,
    3.2793103448275863e-06,
    3.4513793103448278e-06,
    3.4513793103448278e-06,
    3.6234482758620693e-06,
    3.6234482758620693e-06,
    3.7955172413793103e-06,
    3.7955172413793103e-06,
    3.967586206896552e-06,
    3.967586206896552e-06,
    4.139655172413793e-06,
    4.139655172413793e-06,
    4.311724137931034e-06,
    4.311724137931034e-06,
    4.483793103448276e-06,
    4.483793103448276e-06,
    4.655862068965517e-06,
    4.655862068965517e-06,
    4.8279310344827585e-06,
    4.8279310344827585e-06,
    5e-06,
    5e-06
  ],
  "mu": 0,
  "samples": 250,
  "sequence_length": 1000,
  "seeds": [
    472340982,
    1183964197,
    1159670754,
    12575655,
    1056700569,
    1014942969,
    980410543,
    776329921,
    110438451,
    442369656,
    1154003378,
    613259865,
    450614494,
    419127655,
    209737695,
    976514739,
    1331214497,
    250194010,
    705777792,
    1199540228,
    1538489643,
    153349483,
    974808022,
    1245922578,
    510421258,
    339587272,
    2019322590,
    17302513,
    20032450,
    1671768158,
    2000804980,
    1675597130,
    766617110,
    1456429877,
    785297795,
    1672163713,
    442253078,
    1661280297,
    1290284626,
    995052334,
    232429097,
    233168132,
    839738634,
    287968649,
    1585858942,
    1070877719,
    101932787,
    332162115,
    599585226,
    678292280
  ]
}