{
  "mode": "branch",
  "rep": 910,
  "ne": 10000,
  "r": [
    1e-08,
    1e-08,
    1.820689655172414e-07,
    1.820689655172414e-07,
    3.541379310344828e-07,
    3.541379310344828e-07,
    5.262068965517242e-07,
    5.262068965517242e-07,
    6.982758620689656e-07,
    6.982758620689656e-07,
    8.70344827586207e-07,
    8.70344827586207e-07,
    1.0424137931034483e-06,
    1.0424137931034483e-06,
    1.2144827586206895e-06,
    1.2144827586206895e-06,
    1.386551724137931e-06,
    1.386551724137931e-06,
    1.5586206896551725e-06,
    1.5586206896551725e-06,
    1.7306896551724138e-06,
    1.9027586206896551e-06,
    2.0748275862068966e-06,
    2.246896551724138e-06,
    2.418965517241379e-06,
    2.5910344827586207e-06,
    2.763103448275862e-06,
    2.9351724137931037e-06,
    3.107241379310345e-06,
    3.2793103448275863e-06,
    3.4513793103448278e-06,
    3.4513793103448278e-06,
    3.6234482758620693e-06,
    3.6234482758620693e-06,
    3.7955172413793103e-06,
    3.7955172413793103e-06,
    3.967586206896552e-06,
    3.967586206896552e-06,
    4.139655172413793e-06,
    4.139655172413793e-06,
    4.311724137931034e-06,
    4.311724137931034e-06,
    4.483793103448276e-06,
    4.483793103448276e-06,
    4.655862068965517e-06,
    4.655862068965517e-06,
    4.8279310344827585e-06,
    4.8279310344827585e-06,
    5e-06,
    5e-06
  ],
  "mu": 0,
  "samples": 250,
  "sequence_length": 1000,
  "seeds": [
    1181430351,
    1634155941,
    1007411457,
    549072141,
    1814192340,
    1043216762,
    1152749641,
    1301664721,
    207841698,
    28089736,
    2106659104,
    1262921538,
    1814107247,
    1256354489,
    2082601536,
    1033915873,
    1950991872,
    1128085602,
    1815641347,
    1019549258,
    647333790,
    1719082919,
    1474102864,
    855538229,
    348745839,
    792680824,
    81283549,
    123917071,
    682289003,
    923381920,
    1398052396,
    711824049,
    476227519,
    22334698,
    1877115850,
    672623618,
    175186525,
    851002564,
    1786449791,
    1796914996,
    720052790,
    1717769050,
    638978899,
    1472740721,
    708113308,
    1751595502,
    1729754989,
    1708269724,
    479708324,
    1861815933
  ]
}