{
  "mode": "branch",
  "rep": 1177,
  "ne": 10000,
  "r": [
    1e-08,
    1e-08,
    1.820689655172414e-07,
    1.820689655172414e-07,
    3.541379310344828e-07,
    3.541379310344828e-07,
    5.262068965517242e-07,
    5.262068965517242e-07,
    6.982758620689656e-07,
    6.982758620689656e-07,
    8.70344827586207e-07,
    8.70344827586207e-07,
    1.0424137931034483e-06,
    1.0424137931034483e-06,
    1.2144827586206895e-06,
    1.2144827586206895e-06,
    1.386551724137931e-06,
    1.386551724137931e-06,
    1.5586206896551725e-06,
    1.5586206896551725e-06,
    1.7306896551724138e-06,
    1.9027586206896551e-06,
    2.0748275862068966e-06,
    2.246896551724138e-06,
    2.418965517241379e-06,
    2.5910344827586207e-06,
    2.763103448275862e-06,
    2.9351724137931037e-06,
    3.107241379310345e-06,
    3.2793103448275863e-06,
    3.4513793103448278e-06,
    3.4513793103448278e-06,
    3.6234482758620693e-06,
    3.6234482758620693e-06,
    3.7955172413793103e-06,
    3.7955172413793103e-06,
    3.967586206896552e-06,
    3.967586206896552e-06,
    4.139655172413793e-06,
    4.139655172413793e-06,
    4.311724137931034e-06,
    4.311724137931034e-06,
    4.483793103448276e-06,
    4.483793103448276e-06,
    4.655862068965517e-06,
    4.655862068965517e-06,
    4.8279310344827585e-06,
    4.8279310344827585e-06,
    5e-06,
    5e-06
  ],
  "mu": 0,
  "samples": 250,
  "sequence_length": 1000,
  "seeds": [
    966047701,
    166783698,
    21674436,
    1164453724,
    1142202958,
    868806969,
    1230657851,
    1930252330,
    589017332,
    2116499456,
    477479049,
    1480190254,
    1974876454,
    245106390,
    1142811594,
    263766747,
    1513542817,
    572904172,
    303812087,
    587810171,
    534190,
    145783816,
    503816252,
    1338907938,
    372881236,
    369851451,
    1125831344,
    944409734,
    1620010990,
    1018302186,
    2006713452,
    443881666,
    1008727602,
    110541013,
    1051701146,
    606830974,
    100657033,
    1047673041,
    1843034078,
    1509715271,
    1130750487,
    1556118030,
    308565872,
    1837954306,
    1348107310,
    1098116700,
    7607090,
    436457638,
    584040573,
    1584320250
  ]
}