{
  "mode": "site",
  "rep": 556,
  "ne": 10000,
  "r": 1e-05,
  "mu": [
    1e-07,
    1e-07,
    4.413793103448276e-07,
    4.413793103448276e-07,
    7.827586206896552e-07,
    7.827586206896552e-07,
    1.1241379310344827e-06,
    1.1241379310344827e-06,
    1.4655172413793102e-06,
    1.4655172413793102e-06,
    1.8068965517241377e-06,
    1.8068965517241377e-06,
    2.1482758620689656e-06,
    2.1482758620689656e-06,
    2.489655172413793e-06,
    2.489655172413793e-06,
    2.8310344827586205e-06,
    2.8310344827586205e-06,
    3.172413793103448e-06,
    3.172413793103448e-06,
    3.5137931034482755e-06,
    3.855172413793104e-06,
    4.196551724137931e-06,
    4.537931034482759e-06,
    4.879310344827586e-06,
    5.220689655172414e-06,
    5.562068965517241e-06,
    5.903448275862069e-06,
    6.244827586206896e-06,
    6.5862068965517236e-06,
    6.927586206896551e-06,
    6.927586206896551e-06,
    7.268965517241379e-06,
    7.268965517241379e-06,
    7.610344827586207e-06,
    7.610344827586207e-06,
    7.951724137931034e-06,
    7.951724137931034e-06,
    8.293103448275863e-06,
    8.293103448275863e-06,
    8.634482758620691e-06,
    8.634482758620691e-06,
    8.975862068965518e-06,
    8.975862068965518e-06,
    9.317241379310346e-06,
    9.317241379310346e-06,
    9.658620689655173e-06,
    9.658620689655173e-06,
    1e-05,
    1e-05
  ],
  "samples": 500,
  "sequence_length": 10000,
  "seeds": [
    411310740,
    1630169757,
    1914949223,
    122609823,
    1868119750,
    1522676644,
    510609717,
    435597358,
    962206009,
    1949819641,
    1506485998,
    496733770,
    470621224,
    1739277455,
    1665566216,
    1792339724,
    1258600328,
    1678771097,
    243313062,
    122374476,
    201696673,
    1159965764,
    1266063207,
    1289407377,
    467733239,
    732907321,
    1163214357,
    1863318351,
    69953948,
    740346523,
    402397858,
    1066388767,
    512365261,
    1985710467,
    243517399,
    109279983,
    269024149,
    1529821764,
    839787916,
    1067706031,
    100294643,
    131951465,
    1183862101,
    1381067399,
    709759990,
    1130466587,
    1798782956,
    83689187,
    1579479475,
    1288619511
  ]
}