{
  "mode": "site",
  "rep": 187,
  "ne": 10000,
  "r": 1e-05,
  "mu": [
    1e-07,
    1e-07,
    4.413793103448276e-07,
    4.413793103448276e-07,
    7.827586206896552e-07,
    7.827586206896552e-07,
    1.1241379310344827e-06,
    1.1241379310344827e-06,
    1.4655172413793102e-06,
    1.4655172413793102e-06,
    1.8068965517241377e-06,
    1.8068965517241377e-06,
    2.1482758620689656e-06,
    2.1482758620689656e-06,
    2.489655172413793e-06,
    2.489655172413793e-06,
    2.8310344827586205e-06,
    2.8310344827586205e-06,
    3.172413793103448e-06,
    3.172413793103448e-06,
    3.5137931034482755e-06,
    3.855172413793104e-06,
    4.196551724137931e-06,
    4.537931034482759e-06,
    4.879310344827586e-06,
    5.220689655172414e-06,
    5.562068965517241e-06,
    5.903448275862069e-06,
    6.244827586206896e-06,
    6.5862068965517236e-06,
    6.927586206896551e-06,
    6.927586206896551e-06,
    7.268965517241379e-06,
    7.268965517241379e-06,
    7.610344827586207e-06,
    7.610344827586207e-06,
    7.951724137931034e-06,
    7.951724137931034e-06,
    8.293103448275863e-06,
    8.293103448275863e-06,
    8.634482758620691e-06,
    8.634482758620691e-06,
    8.975862068965518e-06,
    8.975862068965518e-06,
    9.317241379310346e-06,
    9.317241379310346e-06,
    9.658620689655173e-06,
    9.658620689655173e-06,
    1e-05,
    1e-05
  ],
  "samples": 500,
  "sequence_length": 50000,
  "seeds": [
    1742223764,
    1385309133,
    673965613,
    1376594323,
    33539685,
    1883313149,
    620092322,
    458403703,
    1272618737,
    1342860249,
    1459277211,
    213730292,
    721979957,
    1610719937,
    137524531,
    2028189110,
    1887433635,
    61412818,
    1510071643,
    1200147503,
    1567946265,
    1372489779,
    19828782,
    153327949,
    1424711207,
    177889218,
    1745566489,
    1827018655,
    1772895824,
    1116270517,
    1750938414,
    846811661,
    1352372496,
    1593614535,
    1963631247,
    1723237726,
    345189078,
    1269172107,
    1843834271,
    1051504130,
    388532534,
    1834223233,
    458941060,
    1636110911,
    2104883982,
    825474850,
    854305233,
    1705698176,
    259914216,
    816935850
  ]
}