{
  "mode": "branch",
  "rep": 1112,
  "ne": 10000,
  "r": [
    1e-08,
    1.820689655172414e-07,
    3.541379310344828e-07,
    5.262068965517242e-07,
    6.982758620689656e-07,
    8.70344827586207e-07,
    1.0424137931034483e-06,
    1.2144827586206895e-06,
    1.386551724137931e-06,
    1.5586206896551725e-06,
    1.7306896551724138e-06,
    1.7306896551724138e-06,
    1.9027586206896551e-06,
    1.9027586206896551e-06,
    2.0748275862068966e-06,
    2.0748275862068966e-06,
    2.246896551724138e-06,
    2.246896551724138e-06,
    2.418965517241379e-06,
    2.418965517241379e-06,
    2.5910344827586207e-06,
    2.5910344827586207e-06,
    2.763103448275862e-06,
    2.763103448275862e-06,
    2.9351724137931037e-06,
    2.9351724137931037e-06,
    3.107241379310345e-06,
    3.107241379310345e-06,
    3.2793103448275863e-06,
    3.2793103448275863e-06,
    3.4513793103448278e-06,
    3.4513793103448278e-06,
    3.6234482758620693e-06,
    3.6234482758620693e-06,
    3.7955172413793103e-06,
    3.7955172413793103e-06,
    3.967586206896552e-06,
    3.967586206896552e-06,
    4.139655172413793e-06,
    4.139655172413793e-06,
    4.311724137931034e-06,
    4.311724137931034e-06,
    4.483793103448276e-06,
    4.483793103448276e-06,
    4.655862068965517e-06,
    4.655862068965517e-06,
    4.8279310344827585e-06,
    4.8279310344827585e-06,
    5e-06,
    5e-06
  ],
  "mu": 0,
  "samples": 250,
  "sequence_length": 1000,
  "seeds": [
    24220057,
    2077679046,
    1009855946,
    403890392,
    303575684,
    775934194,
    377810281,
    1649981277,
    960806353,
    774056339,
    1034051333,
    1404237098,
    1027077161,
    51140272,
    1030232476,
    1151209422,
    1844472343,
    1377286108,
    99745274,
    227432105,
    1511975021,
    2115590315,
    228031704,
    1517230111,
    1254226369,
    1021395702,
    1719157582,
    390117925,
    970677962,
    408808296,
    1868045598,
    726140725,
    18859260,
    267036130,
    537401067,
    1250640683,
    1147684163,
    797916865,
    1510446888,
    879005259,
    1730506141,
    1272378504,
    17188872,
    1539042590,
    1174145770,
    878074912,
    305539008,
    912184332,
    1583317857,
    685320793
  ]
}