{
  "mode": "site",
  "rep": 100,
  "ne": 10000,
  "r": 1e-05,
  "mu": [
    1e-07,
    1e-07,
    4.413793103448276e-07,
    4.413793103448276e-07,
    7.827586206896552e-07,
    7.827586206896552e-07,
    1.1241379310344827e-06,
    1.1241379310344827e-06,
    1.4655172413793102e-06,
    1.4655172413793102e-06,
    1.8068965517241377e-06,
    1.8068965517241377e-06,
    2.1482758620689656e-06,
    2.1482758620689656e-06,
    2.489655172413793e-06,
    2.489655172413793e-06,
    2.8310344827586205e-06,
    2.8310344827586205e-06,
    3.172413793103448e-06,
    3.172413793103448e-06,
    3.5137931034482755e-06,
    3.855172413793104e-06,
    4.196551724137931e-06,
    4.537931034482759e-06,
    4.879310344827586e-06,
    5.220689655172414e-06,
    5.562068965517241e-06,
    5.903448275862069e-06,
    6.244827586206896e-06,
    6.5862068965517236e-06,
    6.927586206896551e-06,
    6.927586206896551e-06,
    7.268965517241379e-06,
    7.268965517241379e-06,
    7.610344827586207e-06,
    7.610344827586207e-06,
    7.951724137931034e-06,
    7.951724137931034e-06,
    8.293103448275863e-06,
    8.293103448275863e-06,
    8.634482758620691e-06,
    8.634482758620691e-06,
    8.975862068965518e-06,
    8.975862068965518e-06,
    9.317241379310346e-06,
    9.317241379310346e-06,
    9.658620689655173e-06,
    9.658620689655173e-06,
    1e-05,
    1e-05
  ],
  "samples": 500,
  "sequence_length": 10000,
  "seeds": [
    1943397195,
    2048298528,
    668628252,
    1800459250,
    255358594,
    1037753894,
    1630040508,
    1452432425,
    685313086,
    599580381,
    1837525819,
    1073039420,
    2029648519,
    516223870,
    9636513,
    755726122,
    144297864,
    808861135,
    101629426,
    392817113,
    1652240746,
    960705738,
    255332406,
    462476076,
    172589314,
    1235244520,
    918937114,
    166640947,
    1424716232,
    1710450248,
    206474820,
    850994639,
    539435315,
    387542544,
    528900446,
    1279956032,
    1126535994,
    578863657,
    1302815951,
    88455281,
    693719226,
    1105683669,
    419856172,
    515493541,
    910723198,
    1893747364,
    135447010,
    597845439,
    1593826546,
    1472938055
  ]
}