{
  "mode": "site",
  "rep": 532,
  "ne": 10000,
  "r": 1e-05,
  "mu": [
    1e-07,
    1e-07,
    4.413793103448276e-07,
    4.413793103448276e-07,
    7.827586206896552e-07,
    7.827586206896552e-07,
    1.1241379310344827e-06,
    1.1241379310344827e-06,
    1.4655172413793102e-06,
    1.4655172413793102e-06,
    1.8068965517241377e-06,
    1.8068965517241377e-06,
    2.1482758620689656e-06,
    2.1482758620689656e-06,
    2.489655172413793e-06,
    2.489655172413793e-06,
    2.8310344827586205e-06,
    2.8310344827586205e-06,
    3.172413793103448e-06,
    3.172413793103448e-06,
    3.5137931034482755e-06,
    3.855172413793104e-06,
    4.196551724137931e-06,
    4.537931034482759e-06,
    4.879310344827586e-06,
    5.220689655172414e-06,
    5.562068965517241e-06,
    5.903448275862069e-06,
    6.244827586206896e-06,
    6.5862068965517236e-06,
    6.927586206896551e-06,
    6.927586206896551e-06,
    7.268965517241379e-06,
    7.268965517241379e-06,
    7.610344827586207e-06,
    7.610344827586207e-06,
    7.951724137931034e-06,
    7.951724137931034e-06,
    8.293103448275863e-06,
    8.293103448275863e-06,
    8.634482758620691e-06,
    8.634482758620691e-06,
    8.975862068965518e-06,
    8.975862068965518e-06,
    9.317241379310346e-06,
    9.317241379310346e-06,
    9.658620689655173e-06,
    9.658620689655173e-06,
    1e-05,
    1e-05
  ],
  "samples": 500,
  "sequence_length": 50000,
  "seeds": [
    151885944,
    375770510,
    1981631823,
    1917744517,
    81575281,
    28453833,
    1703372282,
    355261429,
    2070773436,
    1176768888,
    1540483704,
    1465752910,
    1783713421,
    549152410,
    646585111,
    1785492158,
    97589711,
    590588352,
    478086770,
    95061340,
    1533101801,
    1017176220,
    25647253,
    1021223124,
    2071286851,
    94321757,
    1276884022,
    1651398303,
    438400947,
    1445957021,
    651767223,
    1422789991,
    677569972,
    1935605776,
    354604850,
    1180495382,
    1198969810,
    1193011401,
    1047407959,
    394430542,
    906784794,
    1695214977,
    1869493213,
    171775149,
    1031131897,
    1257501831,
    1482367508,
    1084371557,
    29763305,
    250544549
  ]
}