{
  "mode": "branch",
  "rep": 1072,
  "ne": 10000,
  "r": [
    1e-08,
    1e-08,
    1.820689655172414e-07,
    1.820689655172414e-07,
    3.541379310344828e-07,
    3.541379310344828e-07,
    5.262068965517242e-07,
    5.262068965517242e-07,
    6.982758620689656e-07,
    6.982758620689656e-07,
    8.70344827586207e-07,
    8.70344827586207e-07,
    1.0424137931034483e-06,
    1.0424137931034483e-06,
    1.2144827586206895e-06,
    1.2144827586206895e-06,
    1.386551724137931e-06,
    1.386551724137931e-06,
    1.5586206896551725e-06,
    1.5586206896551725e-06,
    1.7306896551724138e-06,
    1.9027586206896551e-06,
    2.0748275862068966e-06,
    2.246896551724138e-06,
    2.418965517241379e-06,
    2.5910344827586207e-06,
    2.763103448275862e-06,
    2.9351724137931037e-06,
    3.107241379310345e-06,
    3.2793103448275863e-06,
    3.4513793103448278e-06,
    3.4513793103448278e-06,
    3.6234482758620693e-06,
    3.6234482758620693e-06,
    3.7955172413793103e-06,
    3.7955172413793103e-06,
    3.967586206896552e-06,
    3.967586206896552e-06,
    4.139655172413793e-06,
    4.139655172413793e-06,
    4.311724137931034e-06,
    4.311724137931034e-06,
    4.483793103448276e-06,
    4.483793103448276e-06,
    4.655862068965517e-06,
    4.655862068965517e-06,
    4.8279310344827585e-06,
    4.8279310344827585e-06,
    5e-06,
    5e-06
  ],
  "mu": 0,
  "samples": 250,
  "sequence_length": 1000,
  "seeds": [
    1726651161,
    2103033887,
    661234112,
    122209416,
    1275093797,
    1875387133,
    1931671010,
    869918233,
    314654152,
    2123560073,
    1308308535,
    1395250552,
    1280250241,
    614581471,
    279492526,
    1542458560,
    1902694560,
    1483527711,
    573031043,
    6362565,
    580545752,
    588937307,
    1729702626,
    784531949,
    459016854,
    2147449943,
    106993863,
    606000019,
    592016172,
    1269399141,
    892340669,
    746769344,
    2003407961,
    600584909,
    1055444937,
    1674650985,
    669232019,
    1921799142,
    1786322626,
    2070360040,
    1614332033,
    1211261320,
    977713379,
    390962983,
    1741617939,
    304326809,
    703178092,
    232491330,
    1572184133,
    1673457935
  ]
}