{
  "mode": "branch",
  "rep": 733,
  "ne": 10000,
  "r": [
    1e-08,
    1e-08,
    1.820689655172414e-07,
    1.820689655172414e-07,
    3.541379310344828e-07,
    3.541379310344828e-07,
    5.262068965517242e-07,
    5.262068965517242e-07,
    6.982758620689656e-07,
    6.982758620689656e-07,
    8.70344827586207e-07,
    8.70344827586207e-07,
    1.0424137931034483e-06,
    1.0424137931034483e-06,
    1.2144827586206895e-06,
    1.2144827586206895e-06,
    1.386551724137931e-06,
    1.386551724137931e-06,
    1.5586206896551725e-06,
    1.5586206896551725e-06,
    1.7306896551724138e-06,
    1.9027586206896551e-06,
    2.0748275862068966e-06,
    2.246896551724138e-06,
    2.418965517241379e-06,
    2.5910344827586207e-06,
    2.763103448275862e-06,
    2.9351724137931037e-06,
    3.107241379310345e-06,
    3.2793103448275863e-06,
    3.4513793103448278e-06,
    3.4513793103448278e-06,
    3.6234482758620693e-06,
    3.6234482758620693e-06,
    3.7955172413793103e-06,
    3.7955172413793103e-06,
    3.967586206896552e-06,
    3.967586206896552e-06,
    4.139655172413793e-06,
    4.139655172413793e-06,
    4.311724137931034e-06,
    4.311724137931034e-06,
    4.483793103448276e-06,
    4.483793103448276e-06,
    4.655862068965517e-06,
    4.655862068965517e-06,
    4.8279310344827585e-06,
    4.8279310344827585e-06,
    5e-06,
    5e-06
  ],
  "mu": 0,
  "samples": 250,
  "sequence_length": 1000,
  "seeds": [
    1956342493,
    1120367597,
    940003181,
    1602576348,
    516021245,
    1190508353,
    1631184819,
    123394987,
    908910163,
    545803763,
    1897162832,
    891101912,
    1478258480,
    2049004180,
    1890950216,
    1631084915,
    385348422,
    1856746329,
    1822015150,
    548409864,
    269167304,
    1047714911,
    994549191,
    1768804371,
    1440017538,
    958848252,
    488218353,
    1559700110,
    243063408,
    714786015,
    973332286,
    384381396,
    744105950,
    2073929297,
    567018032,
    986567672,
    2142772341,
    1556927174,
    803361472,
    944239407,
    1648116562,
    1959706615,
    1928540589,
    1558350489,
    46937368,
    632825475,
    1657051195,
    1772445476,
    535356720,
    1262444442
  ]
}