{
  "mode": "site",
  "rep": 152,
  "ne": 10000,
  "r": 1e-05,
  "mu": [
    1e-07,
    4.413793103448276e-07,
    7.827586206896552e-07,
    1.1241379310344827e-06,
    1.4655172413793102e-06,
    1.8068965517241377e-06,
    2.1482758620689656e-06,
    2.489655172413793e-06,
    2.8310344827586205e-06,
    3.172413793103448e-06,
    3.5137931034482755e-06,
    3.5137931034482755e-06,
    3.855172413793104e-06,
    3.855172413793104e-06,
    4.196551724137931e-06,
    4.196551724137931e-06,
    4.537931034482759e-06,
    4.537931034482759e-06,
    4.879310344827586e-06,
    4.879310344827586e-06,
    5.220689655172414e-06,
    5.220689655172414e-06,
    5.562068965517241e-06,
    5.562068965517241e-06,
    5.903448275862069e-06,
    5.903448275862069e-06,
    6.244827586206896e-06,
    6.244827586206896e-06,
    6.5862068965517236e-06,
    6.5862068965517236e-06,
    6.927586206896551e-06,
    6.927586206896551e-06,
    7.268965517241379e-06,
    7.268965517241379e-06,
    7.610344827586207e-06,
    7.610344827586207e-06,
    7.951724137931034e-06,
    7.951724137931034e-06,
    8.293103448275863e-06,
    8.293103448275863e-06,
    8.634482758620691e-06,
    8.634482758620691e-06,
    8.975862068965518e-06,
    8.975862068965518e-06,
    9.317241379310346e-06,
    9.317241379310346e-06,
    9.658620689655173e-06,
    9.658620689655173e-06,
    1e-05,
    1e-05
  ],
  "samples": 500,
  "sequence_length": 50000,
  "seeds": [
    53168765,
    2095347318,
    408811381,
    1886256489,
    1956749,
    649149913,
    1813277333,
    1703621322,
    1166619917,
    1502481554,
    1361526455,
    2070498574,
    615180053,
    850293191,
    1126859951,
    678039345,
    1409101761,
    982304615,
    167209349,
    1069238328,
    1364893032,
    2134436909,
    767517516,
    1830340836,
    1195962185,
    494988052,
    914300019,
    908885089,
    1059917352,
    1437567654,
    794144427,
    1979296009,
    200188185,
    1286219062,
    1355970424,
    665287778,
    687457738,
    9937710,
    752739199,
    1803359884,
    1078813237,
    745054446,
    894947815,
    1958561167,
    916658685,
    171096180,
    785898206,
    1888693082,
    740259907,
    1211241651
  ]
}