{
  "mode": "branch",
  "rep": 1120,
  "ne": 10000,
  "r": [
    1e-08,
    1e-08,
    1.820689655172414e-07,
    1.820689655172414e-07,
    3.541379310344828e-07,
    3.541379310344828e-07,
    5.262068965517242e-07,
    5.262068965517242e-07,
    6.982758620689656e-07,
    6.982758620689656e-07,
    8.70344827586207e-07,
    8.70344827586207e-07,
    1.0424137931034483e-06,
    1.0424137931034483e-06,
    1.2144827586206895e-06,
    1.2144827586206895e-06,
    1.386551724137931e-06,
    1.386551724137931e-06,
    1.5586206896551725e-06,
    1.5586206896551725e-06,
    1.7306896551724138e-06,
    1.9027586206896551e-06,
    2.0748275862068966e-06,
    2.246896551724138e-06,
    2.418965517241379e-06,
    2.5910344827586207e-06,
    2.763103448275862e-06,
    2.9351724137931037e-06,
    3.107241379310345e-06,
    3.2793103448275863e-06,
    3.4513793103448278e-06,
    3.4513793103448278e-06,
    3.6234482758620693e-06,
    3.6234482758620693e-06,
    3.7955172413793103e-06,
    3.7955172413793103e-06,
    3.967586206896552e-06,
    3.967586206896552e-06,
    4.139655172413793e-06,
    4.139655172413793e-06,
    4.311724137931034e-06,
    4.311724137931034e-06,
    4.483793103448276e-06,
    4.483793103448276e-06,
    4.655862068965517e-06,
    4.655862068965517e-06,
    4.8279310344827585e-06,
    4.8279310344827585e-06,
    5e-06,
    5e-06
  ],
  "mu": 0,
  "samples": 250,
  "sequence_length": 1000,
  "seeds": [
    151885944,
    375770510,
    1981631823,
    1917744517,
    81575281,
    28453833,
    1703372282,
    355261429,
    2070773436,
    1176768888,
    1540483704,
    1465752910,
    1783713421,
    549152410,
    646585111,
    1785492158,
    97589711,
    590588352,
    478086770,
    95061340,
    1533101801,
    1017176220,
    25647253,
    1021223124,
    2071286851,
    94321757,
    1276884022,
    1651398303,
    438400947,
    1445957021,
    651767223,
    1422789991,
    677569972,
    1935605776,
    354604850,
    1180495382,
    1198969810,
    1193011401,
    1047407959,
    394430542,
    906784794,
    1695214977,
    1869493213,
    171775149,
    1031131897,
    1257501831,
    1482367508,
    1084371557,
    29763305,
    250544549
  ]
}