{
  "mode": "branch",
  "rep": 1121,
  "ne": 10000,
  "r": [
    1e-08,
    1.820689655172414e-07,
    3.541379310344828e-07,
    5.262068965517242e-07,
    6.982758620689656e-07,
    8.70344827586207e-07,
    1.0424137931034483e-06,
    1.2144827586206895e-06,
    1.386551724137931e-06,
    1.5586206896551725e-06,
    1.7306896551724138e-06,
    1.7306896551724138e-06,
    1.9027586206896551e-06,
    1.9027586206896551e-06,
    2.0748275862068966e-06,
    2.0748275862068966e-06,
    2.246896551724138e-06,
    2.246896551724138e-06,
    2.418965517241379e-06,
    2.418965517241379e-06,
    2.5910344827586207e-06,
    2.5910344827586207e-06,
    2.763103448275862e-06,
    2.763103448275862e-06,
    2.9351724137931037e-06,
    2.9351724137931037e-06,
    3.107241379310345e-06,
    3.107241379310345e-06,
    3.2793103448275863e-06,
    3.2793103448275863e-06,
    3.4513793103448278e-06,
    3.4513793103448278e-06,
    3.6234482758620693e-06,
    3.6234482758620693e-06,
    3.7955172413793103e-06,
    3.7955172413793103e-06,
    3.967586206896552e-06,
    3.967586206896552e-06,
    4.139655172413793e-06,
    4.139655172413793e-06,
    4.311724137931034e-06,
    4.311724137931034e-06,
    4.483793103448276e-06,
    4.483793103448276e-06,
    4.655862068965517e-06,
    4.655862068965517e-06,
    4.8279310344827585e-06,
    4.8279310344827585e-06,
    5e-06,
    5e-06
  ],
  "mu": 0,
  "samples": 250,
  "sequence_length": 1000,
  "seeds": [
    1258594015,
    2146842326,
    488964431,
    483839897,
    597340894,
    2054414140,
    1529544687,
    904937105,
    916355565,
    234636421,
    1114021819,
    800898638,
    1788063306,
    128839837,
    1263745065,
    1852698706,
    1262122159,
    1560490961,
    1249780714,
    1338564812,
    805933964,
    1928512549,
    1739506841,
    794593740,
    1988079851,
    1292770217,
    420264163,
    716692505,
    1323374129,
    1854460806,
    460720196,
    672096320,
    964470394,
    1523156103,
    24507421,
    1615918983,
    1875822280,
    1580387156,
    762506417,
    414307680,
    1636317608,
    1159249560,
    1029809804,
    815861111,
    1572960491,
    617180062,
    310708893,
    1489440972,
    1799489800,
    1142447256
  ]
}