{
  "mode": "site",
  "rep": 522,
  "ne": 10000,
  "r": 1e-05,
  "mu": [
    1e-07,
    1e-07,
    4.413793103448276e-07,
    4.413793103448276e-07,
    7.827586206896552e-07,
    7.827586206896552e-07,
    1.1241379310344827e-06,
    1.1241379310344827e-06,
    1.4655172413793102e-06,
    1.4655172413793102e-06,
    1.8068965517241377e-06,
    1.8068965517241377e-06,
    2.1482758620689656e-06,
    2.1482758620689656e-06,
    2.489655172413793e-06,
    2.489655172413793e-06,
    2.8310344827586205e-06,
    2.8310344827586205e-06,
    3.172413793103448e-06,
    3.172413793103448e-06,
    3.5137931034482755e-06,
    3.5137931034482755e-06,
    3.855172413793104e-06,
    3.855172413793104e-06,
    4.196551724137931e-06,
    4.196551724137931e-06,
    4.537931034482759e-06,
    4.537931034482759e-06,
    4.879310344827586e-06,
    4.879310344827586e-06,
    5.220689655172414e-06,
    5.220689655172414e-06,
    5.562068965517241e-06,
    5.562068965517241e-06,
    5.903448275862069e-06,
    5.903448275862069e-06,
    6.244827586206896e-06,
    6.244827586206896e-06,
    6.5862068965517236e-06,
    6.5862068965517236e-06,
    6.927586206896551e-06,
    7.268965517241379e-06,
    7.610344827586207e-06,
    7.951724137931034e-06,
    8.293103448275863e-06,
    8.634482758620691e-06,
    8.975862068965518e-06,
    9.317241379310346e-06,
    9.658620689655173e-06,
    1e-05
  ],
  "samples": 500,
  "sequence_length": 10000,
  "seeds": [
    1944194280,
    956016427,
    459031923,
    353692746,
    153996559,
    1034859102,
    953917253,
    26335390,
    1399842191,
    308752786,
    1936808589,
    59821795,
    810927871,
    1705178411,
    2095232416,
    527056671,
    1047343426,
    1511410978,
    1628164954,
    795830722,
    1271871556,
    215217392,
    556772246,
    1593578031,
    201303264,
    1123496819,
    431997828,
    376970501,
    1954286102,
    345493662,
    317039909,
    45453426,
    503385124,
    1279641108,
    536658023,
    206789435,
    755937493,
    1534417741,
    1892753941,
    449049724,
    2030146048,
    348387137,
    1094299124,
    983075918,
    116456444,
    1088674415,
    1833263088,
    1969114539,
    1604063636,
    1389404107
  ]
}