{
  "mode": "site",
  "rep": 215,
  "ne": 10000,
  "r": 1e-05,
  "mu": [
    1e-07,
    4.413793103448276e-07,
    7.827586206896552e-07,
    1.1241379310344827e-06,
    1.4655172413793102e-06,
    1.8068965517241377e-06,
    2.1482758620689656e-06,
    2.489655172413793e-06,
    2.8310344827586205e-06,
    3.172413793103448e-06,
    3.5137931034482755e-06,
    3.5137931034482755e-06,
    3.855172413793104e-06,
    3.855172413793104e-06,
    4.196551724137931e-06,
    4.196551724137931e-06,
    4.537931034482759e-06,
    4.537931034482759e-06,
    4.879310344827586e-06,
    4.879310344827586e-06,
    5.220689655172414e-06,
    5.220689655172414e-06,
    5.562068965517241e-06,
    5.562068965517241e-06,
    5.903448275862069e-06,
    5.903448275862069e-06,
    6.244827586206896e-06,
    6.244827586206896e-06,
    6.5862068965517236e-06,
    6.5862068965517236e-06,
    6.927586206896551e-06,
    6.927586206896551e-06,
    7.268965517241379e-06,
    7.268965517241379e-06,
    7.610344827586207e-06,
    7.610344827586207e-06,
    7.951724137931034e-06,
    7.951724137931034e-06,
    8.293103448275863e-06,
    8.293103448275863e-06,
    8.634482758620691e-06,
    8.634482758620691e-06,
    8.975862068965518e-06,
    8.975862068965518e-06,
    9.317241379310346e-06,
    9.317241379310346e-06,
    9.658620689655173e-06,
    9.658620689655173e-06,
    1e-05,
    1e-05
  ],
  "samples": 500,
  "sequence_length": 50000,
  "seeds": [
    1812683298,
    815214077,
    1686515747,
    1517532333,
    1746460838,
    671607740,
    1730237802,
    108084994,
    1144349872,
    965501872,
    750533489,
    56059306,
    111251844,
    437152176,
    1217058948,
    992780159,
    1760381596,
    1921002289,
    1459725590,
    1871065253,
    1943611980,
    244103204,
    959408368,
    736502777,
    837389457,
    1170769671,
    561790762,
    1814375238,
    824959884,
    1956377433,
    1137109476,
    2116943361,
    884319760,
    1528414360,
    7737174,
    1320821100,
    301176843,
    1593988906,
    358353065,
    1549108255,
    1997202535,
    2054146960,
    1954862101,
    1562288023,
    499963648,
    130999723,
    1916086516,
    117621954,
    788432922,
    152453971
  ]
}