{
  "mode": "branch",
  "rep": 1098,
  "ne": 10000,
  "r": [
    1e-08,
    1e-08,
    1.820689655172414e-07,
    1.820689655172414e-07,
    3.541379310344828e-07,
    3.541379310344828e-07,
    5.262068965517242e-07,
    5.262068965517242e-07,
    6.982758620689656e-07,
    6.982758620689656e-07,
    8.70344827586207e-07,
    8.70344827586207e-07,
    1.0424137931034483e-06,
    1.0424137931034483e-06,
    1.2144827586206895e-06,
    1.2144827586206895e-06,
    1.386551724137931e-06,
    1.386551724137931e-06,
    1.5586206896551725e-06,
    1.5586206896551725e-06,
    1.7306896551724138e-06,
    1.7306896551724138e-06,
    1.9027586206896551e-06,
    1.9027586206896551e-06,
    2.0748275862068966e-06,
    2.0748275862068966e-06,
    2.246896551724138e-06,
    2.246896551724138e-06,
    2.418965517241379e-06,
    2.418965517241379e-06,
    2.5910344827586207e-06,
    2.5910344827586207e-06,
    2.763103448275862e-06,
    2.763103448275862e-06,
    2.9351724137931037e-06,
    2.9351724137931037e-06,
    3.107241379310345e-06,
    3.107241379310345e-06,
    3.2793103448275863e-06,
    3.2793103448275863e-06,
    3.4513793103448278e-06,
    3.6234482758620693e-06,
    3.7955172413793103e-06,
    3.967586206896552e-06,
    4.139655172413793e-06,
    4.311724137931034e-06,
    4.483793103448276e-06,
    4.655862068965517e-06,
    4.8279310344827585e-06,
    5e-06
  ],
  "mu": 0,
  "samples": 250,
  "sequence_length": 1000,
  "seeds": [
    1890155888,
    1594003920,
    2081739060,
    1501266245,
    1607863738,
    2111920148,
    196632845,
    365537671,
    1748611168,
    250590519,
    817448919,
    740963811,
    63788089,
    1780372944,
    2137055770,
    1038067380,
    133723810,
    1432068932,
    1921508911,
    1409702204,
    870856738,
    476378095,
    902790579,
    1866318849,
    122478300,
    1137282805,
    14679231,
    749922118,
    246518103,
    143650413,
    878200045,
    506326799,
    707687887,
    534979186,
    813825216,
    1661735025,
    798090852,
    603739113,
    2122039485,
    1292093804,
    182054700,
    1750800488,
    380846156,
    300842516,
    1752440122,
    251332112,
    860235369,
    1778553131,
    1585862060,
    1645842772
  ]
}