{
  "mode": "site",
  "rep": 389,
  "ne": 10000,
  "r": 1e-05,
  "mu": [
    1e-07,
    4.413793103448276e-07,
    7.827586206896552e-07,
    1.1241379310344827e-06,
    1.4655172413793102e-06,
    1.8068965517241377e-06,
    2.1482758620689656e-06,
    2.489655172413793e-06,
    2.8310344827586205e-06,
    3.172413793103448e-06,
    3.5137931034482755e-06,
    3.5137931034482755e-06,
    3.855172413793104e-06,
    3.855172413793104e-06,
    4.196551724137931e-06,
    4.196551724137931e-06,
    4.537931034482759e-06,
    4.537931034482759e-06,
    4.879310344827586e-06,
    4.879310344827586e-06,
    5.220689655172414e-06,
    5.220689655172414e-06,
    5.562068965517241e-06,
    5.562068965517241e-06,
    5.903448275862069e-06,
    5.903448275862069e-06,
    6.244827586206896e-06,
    6.244827586206896e-06,
    6.5862068965517236e-06,
    6.5862068965517236e-06,
    6.927586206896551e-06,
    6.927586206896551e-06,
    7.268965517241379e-06,
    7.268965517241379e-06,
    7.610344827586207e-06,
    7.610344827586207e-06,
    7.951724137931034e-06,
    7.951724137931034e-06,
    8.293103448275863e-06,
    8.293103448275863e-06,
    8.634482758620691e-06,
    8.634482758620691e-06,
    8.975862068965518e-06,
    8.975862068965518e-06,
    9.317241379310346e-06,
    9.317241379310346e-06,
    9.658620689655173e-06,
    9.658620689655173e-06,
    1e-05,
    1e-05
  ],
  "samples": 500,
  "sequence_length": 50000,
  "seeds": [
    1940995356,
    901514060,
    101270423,
    1946575796,
    960908476,
    1115862383,
    867280400,
    836958785,
    472097509,
    170087547,
    1054996370,
    2140066786,
    623351908,
    72273424,
    380714531,
    973204596,
    1164091306,
    1928782782,
    392093517,
    2086612019,
    465668485,
    353663909,
    1396952303,
    351756346,
    473587716,
    1368973500,
    228393004,
    1343218583,
    1510172474,
    1532463270,
    789180743,
    672641651,
    308750111,
    1002859513,
    1408208319,
    1834801931,
    1877392430,
    445013283,
    846974392,
    1491903178,
    848095149,
    68076602,
    474323559,
    1997900074,
    257146606,
    472259854,
    1905755563,
    814985997,
    866265378,
    220281797
  ]
}