{
  "mode": "branch",
  "rep": 806,
  "ne": 10000,
  "r": [
    1e-08,
    1.820689655172414e-07,
    3.541379310344828e-07,
    5.262068965517242e-07,
    6.982758620689656e-07,
    8.70344827586207e-07,
    1.0424137931034483e-06,
    1.2144827586206895e-06,
    1.386551724137931e-06,
    1.5586206896551725e-06,
    1.7306896551724138e-06,
    1.7306896551724138e-06,
    1.9027586206896551e-06,
    1.9027586206896551e-06,
    2.0748275862068966e-06,
    2.0748275862068966e-06,
    2.246896551724138e-06,
    2.246896551724138e-06,
    2.418965517241379e-06,
    2.418965517241379e-06,
    2.5910344827586207e-06,
    2.5910344827586207e-06,
    2.763103448275862e-06,
    2.763103448275862e-06,
    2.9351724137931037e-06,
    2.9351724137931037e-06,
    3.107241379310345e-06,
    3.107241379310345e-06,
    3.2793103448275863e-06,
    3.2793103448275863e-06,
    3.4513793103448278e-06,
    3.4513793103448278e-06,
    3.6234482758620693e-06,
    3.6234482758620693e-06,
    3.7955172413793103e-06,
    3.7955172413793103e-06,
    3.967586206896552e-06,
    3.967586206896552e-06,
    4.139655172413793e-06,
    4.139655172413793e-06,
    4.311724137931034e-06,
    4.311724137931034e-06,
    4.483793103448276e-06,
    4.483793103448276e-06,
    4.655862068965517e-06,
    4.655862068965517e-06,
    4.8279310344827585e-06,
    4.8279310344827585e-06,
    5e-06,
    5e-06
  ],
  "mu": 0,
  "samples": 250,
  "sequence_length": 1000,
  "seeds": [
    692223698,
    1208319678,
    62748227,
    91703244,
    459174079,
    1323622572,
    112769809,
    443680565,
    1730713049,
    1273044253,
    16610741,
    1832320900,
    245880219,
    2140299102,
    1925657749,
    1630049168,
    125701865,
    333457822,
    1939545529,
    164990365,
    572539592,
    552289798,
    181603198,
    1795589154,
    54839308,
    133569958,
    2058414601,
    477824759,
    892306242,
    2081413468,
    14629235,
    1711026628,
    1096032422,
    1178724222,
    1377931439,
    1772229806,
    306346249,
    1470255356,
    405520701,
    1641785398,
    893446873,
    1065799559,
    1127372779,
    445629446,
    564034394,
    1088446296,
    1026135428,
    2025952828,
    2115049771,
    389502414
  ]
}