{
  "mode": "site",
  "rep": 330,
  "ne": 10000,
  "r": 1e-05,
  "mu": [
    1e-07,
    1e-07,
    4.413793103448276e-07,
    4.413793103448276e-07,
    7.827586206896552e-07,
    7.827586206896552e-07,
    1.1241379310344827e-06,
    1.1241379310344827e-06,
    1.4655172413793102e-06,
    1.4655172413793102e-06,
    1.8068965517241377e-06,
    1.8068965517241377e-06,
    2.1482758620689656e-06,
    2.1482758620689656e-06,
    2.489655172413793e-06,
    2.489655172413793e-06,
    2.8310344827586205e-06,
    2.8310344827586205e-06,
    3.172413793103448e-06,
    3.172413793103448e-06,
    3.5137931034482755e-06,
    3.5137931034482755e-06,
    3.855172413793104e-06,
    3.855172413793104e-06,
    4.196551724137931e-06,
    4.196551724137931e-06,
    4.537931034482759e-06,
    4.537931034482759e-06,
    4.879310344827586e-06,
    4.879310344827586e-06,
    5.220689655172414e-06,
    5.220689655172414e-06,
    5.562068965517241e-06,
    5.562068965517241e-06,
    5.903448275862069e-06,
    5.903448275862069e-06,
    6.244827586206896e-06,
    6.244827586206896e-06,
    6.5862068965517236e-06,
    6.5862068965517236e-06,
    6.927586206896551e-06,
    7.268965517241379e-06,
    7.610344827586207e-06,
    7.951724137931034e-06,
    8.293103448275863e-06,
    8.634482758620691e-06,
    8.975862068965518e-06,
    9.317241379310346e-06,
    9.658620689655173e-06,
    1e-05
  ],
  "samples": 500,
  "sequence_length": 10000,
  "seeds": [
    349537928,
    1245799402,
    1565349174,
    1969344450,
    1662151127,
    760842173,
    1870804472,
    231922851,
    394033987,
    1184583123,
    2128846491,
    217406506,
    1060606484,
    1388658973,
    1611622938,
    1730354338,
    1354731003,
    509622575,
    911701869,
    1902513944,
    1767090445,
    1408335593,
    1301992006,
    1431272807,
    1822412843,
    809626820,
    1231573062,
    677625972,
    35941368,
    666493363,
    834646375,
    106442150,
    523644821,
    1187729481,
    1220591201,
    902190638,
    152815582,
    267212370,
    297324753,
    602836899,
    1696947080,
    1147027336,
    1521901809,
    1032567108,
    2122161816,
    1817896426,
    1403534913,
    1253930601,
    386680633,
    192630339
  ]
}