{
  "mode": "site",
  "rep": 541,
  "ne": 10000,
  "r": 1e-05,
  "mu": [
    1e-07,
    1e-07,
    4.413793103448276e-07,
    4.413793103448276e-07,
    7.827586206896552e-07,
    7.827586206896552e-07,
    1.1241379310344827e-06,
    1.1241379310344827e-06,
    1.4655172413793102e-06,
    1.4655172413793102e-06,
    1.8068965517241377e-06,
    1.8068965517241377e-06,
    2.1482758620689656e-06,
    2.1482758620689656e-06,
    2.489655172413793e-06,
    2.489655172413793e-06,
    2.8310344827586205e-06,
    2.8310344827586205e-06,
    3.172413793103448e-06,
    3.172413793103448e-06,
    3.5137931034482755e-06,
    3.855172413793104e-06,
    4.196551724137931e-06,
    4.537931034482759e-06,
    4.879310344827586e-06,
    5.220689655172414e-06,
    5.562068965517241e-06,
    5.903448275862069e-06,
    6.244827586206896e-06,
    6.5862068965517236e-06,
    6.927586206896551e-06,
    6.927586206896551e-06,
    7.268965517241379e-06,
    7.268965517241379e-06,
    7.610344827586207e-06,
    7.610344827586207e-06,
    7.951724137931034e-06,
    7.951724137931034e-06,
    8.293103448275863e-06,
    8.293103448275863e-06,
    8.634482758620691e-06,
    8.634482758620691e-06,
    8.975862068965518e-06,
    8.975862068965518e-06,
    9.317241379310346e-06,
    9.317241379310346e-06,
    9.658620689655173e-06,
    9.658620689655173e-06,
    1e-05,
    1e-05
  ],
  "samples": 500,
  "sequence_length": 50000,
  "seeds": [
    1268292402,
    561440628,
    1278393552,
    620034607,
    172102950,
    726971713,
    1205033058,
    1423754755,
    1561066794,
    1403994895,
    1862389549,
    1951527175,
    571851367,
    6304407,
    777380811,
    1129730775,
    2005441161,
    1838921844,
    503005781,
    1792028822,
    2017590057,
    249125203,
    284483515,
    167822487,
    194019385,
    980796847,
    303774145,
    1572380194,
    456242436,
    390928598,
    640645820,
    1991024530,
    6959262,
    1121452794,
    1106037296,
    1587092638,
    1079260299,
    1258685571,
    1833365826,
    1205199525,
    902296303,
    2116797978,
    52466878,
    1450963495,
    795199131,
    1364475169,
    1684344774,
    898275356,
    1353472986,
    118154672
  ]
}