{
  "mode": "branch",
  "rep": 1080,
  "ne": 10000,
  "r": [
    1e-08,
    1e-08,
    1.820689655172414e-07,
    1.820689655172414e-07,
    3.541379310344828e-07,
    3.541379310344828e-07,
    5.262068965517242e-07,
    5.262068965517242e-07,
    6.982758620689656e-07,
    6.982758620689656e-07,
    8.70344827586207e-07,
    8.70344827586207e-07,
    1.0424137931034483e-06,
    1.0424137931034483e-06,
    1.2144827586206895e-06,
    1.2144827586206895e-06,
    1.386551724137931e-06,
    1.386551724137931e-06,
    1.5586206896551725e-06,
    1.5586206896551725e-06,
    1.7306896551724138e-06,
    1.7306896551724138e-06,
    1.9027586206896551e-06,
    1.9027586206896551e-06,
    2.0748275862068966e-06,
    2.0748275862068966e-06,
    2.246896551724138e-06,
    2.246896551724138e-06,
    2.418965517241379e-06,
    2.418965517241379e-06,
    2.5910344827586207e-06,
    2.5910344827586207e-06,
    2.763103448275862e-06,
    2.763103448275862e-06,
    2.9351724137931037e-06,
    2.9351724137931037e-06,
    3.107241379310345e-06,
    3.107241379310345e-06,
    3.2793103448275863e-06,
    3.2793103448275863e-06,
    3.4513793103448278e-06,
    3.6234482758620693e-06,
    3.7955172413793103e-06,
    3.967586206896552e-06,
    4.139655172413793e-06,
    4.311724137931034e-06,
    4.483793103448276e-06,
    4.655862068965517e-06,
    4.8279310344827585e-06,
    5e-06
  ],
  "mu": 0,
  "samples": 250,
  "sequence_length": 1000,
  "seeds": [
    1273639972,
    1759930463,
    1346091078,
    1211752743,
    101241074,
    561358802,
    1889896544,
    41731680,
    64913107,
    789003129,
    103361491,
    269894261,
    996461000,
    748053171,
    1768369561,
    1205649889,
    97266628,
    1181134190,
    1147123620,
    850898433,
    1861949360,
    72735019,
    689505504,
    642824922,
    1609585993,
    1587540728,
    196626152,
    1543942698,
    837762320,
    1566248068,
    1434791620,
    556510668,
    1664656463,
    1329523429,
    313697911,
    129751250,
    447539597,
    9652984,
    1576327972,
    158444790,
    1349575818,
    220566351,
    399310671,
    1928053923,
    643892383,
    1963213580,
    607733302,
    308001728,
    2008507785,
    930666483
  ]
}