{
  "mode": "branch",
  "rep": 1139,
  "ne": 10000,
  "r": [
    1e-08,
    1.820689655172414e-07,
    3.541379310344828e-07,
    5.262068965517242e-07,
    6.982758620689656e-07,
    8.70344827586207e-07,
    1.0424137931034483e-06,
    1.2144827586206895e-06,
    1.386551724137931e-06,
    1.5586206896551725e-06,
    1.7306896551724138e-06,
    1.7306896551724138e-06,
    1.9027586206896551e-06,
    1.9027586206896551e-06,
    2.0748275862068966e-06,
    2.0748275862068966e-06,
    2.246896551724138e-06,
    2.246896551724138e-06,
    2.418965517241379e-06,
    2.418965517241379e-06,
    2.5910344827586207e-06,
    2.5910344827586207e-06,
    2.763103448275862e-06,
    2.763103448275862e-06,
    2.9351724137931037e-06,
    2.9351724137931037e-06,
    3.107241379310345e-06,
    3.107241379310345e-06,
    3.2793103448275863e-06,
    3.2793103448275863e-06,
    3.4513793103448278e-06,
    3.4513793103448278e-06,
    3.6234482758620693e-06,
    3.6234482758620693e-06,
    3.7955172413793103e-06,
    3.7955172413793103e-06,
    3.967586206896552e-06,
    3.967586206896552e-06,
    4.139655172413793e-06,
    4.139655172413793e-06,
    4.311724137931034e-06,
    4.311724137931034e-06,
    4.483793103448276e-06,
    4.483793103448276e-06,
    4.655862068965517e-06,
    4.655862068965517e-06,
    4.8279310344827585e-06,
    4.8279310344827585e-06,
    5e-06,
    5e-06
  ],
  "mu": 0,
  "samples": 250,
  "sequence_length": 1000,
  "seeds": [
    1365919326,
    147988101,
    465684711,
    840262735,
    360326787,
    1358588924,
    2074672673,
    2047187712,
    1904744163,
    1246137840,
    671996225,
    1463686564,
    964673121,
    1288286042,
    168903686,
    434161020,
    1234438997,
    1979848106,
    1250738738,
    1390159004,
    438207859,
    1337835435,
    382249449,
    1252958853,
    373455046,
    1370810563,
    336633559,
    1479672083,
    1743274410,
    1507363351,
    1964027368,
    1798161171,
    879848825,
    909740492,
    1206413197,
    578396559,
    1541066131,
    1615928113,
    1730059179,
    699279395,
    1673115892,
    1150132572,
    987579090,
    1363867025,
    66471483,
    316620108,
    1034469661,
    1269700218,
    1873883790,
    1430445059
  ]
}