{
  "mode": "site",
  "rep": 339,
  "ne": 10000,
  "r": 1e-05,
  "mu": [
    1e-07,
    1e-07,
    4.413793103448276e-07,
    4.413793103448276e-07,
    7.827586206896552e-07,
    7.827586206896552e-07,
    1.1241379310344827e-06,
    1.1241379310344827e-06,
    1.4655172413793102e-06,
    1.4655172413793102e-06,
    1.8068965517241377e-06,
    1.8068965517241377e-06,
    2.1482758620689656e-06,
    2.1482758620689656e-06,
    2.489655172413793e-06,
    2.489655172413793e-06,
    2.8310344827586205e-06,
    2.8310344827586205e-06,
    3.172413793103448e-06,
    3.172413793103448e-06,
    3.5137931034482755e-06,
    3.5137931034482755e-06,
    3.855172413793104e-06,
    3.855172413793104e-06,
    4.196551724137931e-06,
    4.196551724137931e-06,
    4.537931034482759e-06,
    4.537931034482759e-06,
    4.879310344827586e-06,
    4.879310344827586e-06,
    5.220689655172414e-06,
    5.220689655172414e-06,
    5.562068965517241e-06,
    5.562068965517241e-06,
    5.903448275862069e-06,
    5.903448275862069e-06,
    6.244827586206896e-06,
    6.244827586206896e-06,
    6.5862068965517236e-06,
    6.5862068965517236e-06,
    6.927586206896551e-06,
    7.268965517241379e-06,
    7.610344827586207e-06,
    7.951724137931034e-06,
    8.293103448275863e-06,
    8.634482758620691e-06,
    8.975862068965518e-06,
    9.317241379310346e-06,
    9.658620689655173e-06,
    1e-05
  ],
  "samples": 500,
  "sequence_length": 10000,
  "seeds": [
    157997131,
    799030625,
    528348592,
    1317134352,
    42166526,
    1155295153,
    1021086753,
    1803527132,
    1721712993,
    152601277,
    2147338186,
    1281606163,
    1161388,
    1140885605,
    358378419,
    2126807048,
    1970408995,
    214266755,
    193115774,
    1853944756,
    122072773,
    1979691139,
    761696426,
    903737243,
    166761599,
    214792717,
    341261671,
    1070289376,
    455060451,
    890037571,
    820960682,
    1725690607,
    412734233,
    455446030,
    748065710,
    1525241244,
    139492228,
    63984100,
    741918929,
    1144228970,
    1646396007,
    2043447616,
    1646488224,
    558851110,
    706115309,
    298717765,
    492641273,
    1873415417,
    754570053,
    597292604
  ]
}