{
  "mode": "branch",
  "rep": 832,
  "ne": 10000,
  "r": [
    1e-08,
    1e-08,
    1.820689655172414e-07,
    1.820689655172414e-07,
    3.541379310344828e-07,
    3.541379310344828e-07,
    5.262068965517242e-07,
    5.262068965517242e-07,
    6.982758620689656e-07,
    6.982758620689656e-07,
    8.70344827586207e-07,
    8.70344827586207e-07,
    1.0424137931034483e-06,
    1.0424137931034483e-06,
    1.2144827586206895e-06,
    1.2144827586206895e-06,
    1.386551724137931e-06,
    1.386551724137931e-06,
    1.5586206896551725e-06,
    1.5586206896551725e-06,
    1.7306896551724138e-06,
    1.9027586206896551e-06,
    2.0748275862068966e-06,
    2.246896551724138e-06,
    2.418965517241379e-06,
    2.5910344827586207e-06,
    2.763103448275862e-06,
    2.9351724137931037e-06,
    3.107241379310345e-06,
    3.2793103448275863e-06,
    3.4513793103448278e-06,
    3.4513793103448278e-06,
    3.6234482758620693e-06,
    3.6234482758620693e-06,
    3.7955172413793103e-06,
    3.7955172413793103e-06,
    3.967586206896552e-06,
    3.967586206896552e-06,
    4.139655172413793e-06,
    4.139655172413793e-06,
    4.311724137931034e-06,
    4.311724137931034e-06,
    4.483793103448276e-06,
    4.483793103448276e-06,
    4.655862068965517e-06,
    4.655862068965517e-06,
    4.8279310344827585e-06,
    4.8279310344827585e-06,
    5e-06,
    5e-06
  ],
  "mu": 0,
  "samples": 250,
  "sequence_length": 1000,
  "seeds": [
    1804426334,
    617336908,
    804332333,
    1494706052,
    297724615,
    210376422,
    1371230375,
    448006583,
    116540052,
    945391799,
    1487875653,
    2002805565,
    1148407087,
    1126746155,
    363393209,
    1389543606,
    460325956,
    1423352156,
    1322909280,
    137964334,
    1840641291,
    745449988,
    1617873760,
    1611267259,
    2016627013,
    579101524,
    972365052,
    707782771,
    940651332,
    1938926825,
    19891331,
    1818131067,
    823511122,
    1659388260,
    1293373510,
    1086271286,
    2126973342,
    1837854831,
    1542366315,
    942449248,
    1807990333,
    907186616,
    914168136,
    1480077329,
    124465778,
    1044834256,
    1548241043,
    1524746676,
    1383327416,
    593310632
  ]
}