{
  "mode": "branch",
  "rep": 1113,
  "ne": 10000,
  "r": [
    1e-08,
    1e-08,
    1.820689655172414e-07,
    1.820689655172414e-07,
    3.541379310344828e-07,
    3.541379310344828e-07,
    5.262068965517242e-07,
    5.262068965517242e-07,
    6.982758620689656e-07,
    6.982758620689656e-07,
    8.70344827586207e-07,
    8.70344827586207e-07,
    1.0424137931034483e-06,
    1.0424137931034483e-06,
    1.2144827586206895e-06,
    1.2144827586206895e-06,
    1.386551724137931e-06,
    1.386551724137931e-06,
    1.5586206896551725e-06,
    1.5586206896551725e-06,
    1.7306896551724138e-06,
    1.7306896551724138e-06,
    1.9027586206896551e-06,
    1.9027586206896551e-06,
    2.0748275862068966e-06,
    2.0748275862068966e-06,
    2.246896551724138e-06,
    2.246896551724138e-06,
    2.418965517241379e-06,
    2.418965517241379e-06,
    2.5910344827586207e-06,
    2.5910344827586207e-06,
    2.763103448275862e-06,
    2.763103448275862e-06,
    2.9351724137931037e-06,
    2.9351724137931037e-06,
    3.107241379310345e-06,
    3.107241379310345e-06,
    3.2793103448275863e-06,
    3.2793103448275863e-06,
    3.4513793103448278e-06,
    3.6234482758620693e-06,
    3.7955172413793103e-06,
    3.967586206896552e-06,
    4.139655172413793e-06,
    4.311724137931034e-06,
    4.483793103448276e-06,
    4.655862068965517e-06,
    4.8279310344827585e-06,
    5e-06
  ],
  "mu": 0,
  "samples": 250,
  "sequence_length": 1000,
  "seeds": [
    115166681,
    1293555381,
    1838869934,
    275755384,
    997252692,
    1583987025,
    1477929274,
    806764267,
    133167143,
    1346008579,
    81783095,
    1785221687,
    1368664794,
    559349169,
    914720966,
    1309614403,
    939202604,
    1253852181,
    56613687,
    705627342,
    108869290,
    673441545,
    1738040476,
    1289875124,
    1840290050,
    1276635910,
    1947228903,
    948452077,
    1372160095,
    786925957,
    481951255,
    1128143665,
    1985820595,
    1487671529,
    2120880958,
    1096706751,
    289345489,
    1342125057,
    1893530658,
    466529865,
    392767894,
    1419352137,
    2140971023,
    1984133317,
    769562578,
    2037502585,
    1867221543,
    1943474444,
    1159598857,
    1063094602
  ]
}