{
  "mode": "branch",
  "rep": 604,
  "ne": 10000,
  "r": [
    1e-08,
    1e-08,
    1.820689655172414e-07,
    1.820689655172414e-07,
    3.541379310344828e-07,
    3.541379310344828e-07,
    5.262068965517242e-07,
    5.262068965517242e-07,
    6.982758620689656e-07,
    6.982758620689656e-07,
    8.70344827586207e-07,
    8.70344827586207e-07,
    1.0424137931034483e-06,
    1.0424137931034483e-06,
    1.2144827586206895e-06,
    1.2144827586206895e-06,
    1.386551724137931e-06,
    1.386551724137931e-06,
    1.5586206896551725e-06,
    1.5586206896551725e-06,
    1.7306896551724138e-06,
    1.9027586206896551e-06,
    2.0748275862068966e-06,
    2.246896551724138e-06,
    2.418965517241379e-06,
    2.5910344827586207e-06,
    2.763103448275862e-06,
    2.9351724137931037e-06,
    3.107241379310345e-06,
    3.2793103448275863e-06,
    3.4513793103448278e-06,
    3.4513793103448278e-06,
    3.6234482758620693e-06,
    3.6234482758620693e-06,
    3.7955172413793103e-06,
    3.7955172413793103e-06,
    3.967586206896552e-06,
    3.967586206896552e-06,
    4.139655172413793e-06,
    4.139655172413793e-06,
    4.311724137931034e-06,
    4.311724137931034e-06,
    4.483793103448276e-06,
    4.483793103448276e-06,
    4.655862068965517e-06,
    4.655862068965517e-06,
    4.8279310344827585e-06,
    4.8279310344827585e-06,
    5e-06,
    5e-06
  ],
  "mu": 0,
  "samples": 250,
  "sequence_length": 1000,
  "seeds": [
    1087495069,
    119992825,
    691148083,
    2048555896,
    1592261435,
    1365302495,
    806336037,
    539224069,
    1632959272,
    14483938,
    980251617,
    1030412138,
    1209917203,
    1250126826,
    2039316907,
    467086007,
    1633119856,
    431334349,
    1088155589,
    1741696182,
    546002363,
    1713423520,
    2125372354,
    1867860417,
    313279703,
    2023085029,
    194471593,
    1974851086,
    1596048967,
    698521416,
    129115062,
    1810959356,
    381502222,
    2043412641,
    1351644680,
    1207811377,
    31043962,
    747911150,
    796681594,
    1648015268,
    1607875690,
    557571566,
    804370392,
    1932484553,
    592171824,
    1708451381,
    626739026,
    1148188381,
    785930676,
    974872341
  ]
}