{
  "mode": "site",
  "rep": 230,
  "ne": 10000,
  "r": 1e-05,
  "mu": [
    1e-07,
    4.413793103448276e-07,
    7.827586206896552e-07,
    1.1241379310344827e-06,
    1.4655172413793102e-06,
    1.8068965517241377e-06,
    2.1482758620689656e-06,
    2.489655172413793e-06,
    2.8310344827586205e-06,
    3.172413793103448e-06,
    3.5137931034482755e-06,
    3.5137931034482755e-06,
    3.855172413793104e-06,
    3.855172413793104e-06,
    4.196551724137931e-06,
    4.196551724137931e-06,
    4.537931034482759e-06,
    4.537931034482759e-06,
    4.879310344827586e-06,
    4.879310344827586e-06,
    5.220689655172414e-06,
    5.220689655172414e-06,
    5.562068965517241e-06,
    5.562068965517241e-06,
    5.903448275862069e-06,
    5.903448275862069e-06,
    6.244827586206896e-06,
    6.244827586206896e-06,
    6.5862068965517236e-06,
    6.5862068965517236e-06,
    6.927586206896551e-06,
    6.927586206896551e-06,
    7.268965517241379e-06,
    7.268965517241379e-06,
    7.610344827586207e-06,
    7.610344827586207e-06,
    7.951724137931034e-06,
    7.951724137931034e-06,
    8.293103448275863e-06,
    8.293103448275863e-06,
    8.634482758620691e-06,
    8.634482758620691e-06,
    8.975862068965518e-06,
    8.975862068965518e-06,
    9.317241379310346e-06,
    9.317241379310346e-06,
    9.658620689655173e-06,
    9.658620689655173e-06,
    1e-05,
    1e-05
  ],
  "samples": 500,
  "sequence_length": 50000,
  "seeds": [
    566963037,
    1041286909,
    1504223413,
    194173428,
    547020556,
    1574059338,
    2141406006,
    992503175,
    1135185359,
    1632985941,
    2064371651,
    61194973,
    194656324,
    98019465,
    684203406,
    169186298,
    73482499,
    1884128593,
    1061158576,
    1059266626,
    286103122,
    1106648100,
    1100649998,
    265978072,
    1857926944,
    1231355777,
    1528578341,
    1921721029,
    1481600264,
    1733368135,
    1524275639,
    485143998,
    2052725490,
    670059603,
    484970521,
    1485057313,
    1279966188,
    928895520,
    1975599415,
    400910934,
    765404898,
    1490516830,
    1962365930,
    1619071115,
    582294504,
    464201241,
    391480840,
    1045255960,
    495216995,
    1094896508
  ]
}