{
  "mode": "branch",
  "rep": 888,
  "ne": 10000,
  "r": [
    1e-08,
    1e-08,
    1.820689655172414e-07,
    1.820689655172414e-07,
    3.541379310344828e-07,
    3.541379310344828e-07,
    5.262068965517242e-07,
    5.262068965517242e-07,
    6.982758620689656e-07,
    6.982758620689656e-07,
    8.70344827586207e-07,
    8.70344827586207e-07,
    1.0424137931034483e-06,
    1.0424137931034483e-06,
    1.2144827586206895e-06,
    1.2144827586206895e-06,
    1.386551724137931e-06,
    1.386551724137931e-06,
    1.5586206896551725e-06,
    1.5586206896551725e-06,
    1.7306896551724138e-06,
    1.7306896551724138e-06,
    1.9027586206896551e-06,
    1.9027586206896551e-06,
    2.0748275862068966e-06,
    2.0748275862068966e-06,
    2.246896551724138e-06,
    2.246896551724138e-06,
    2.418965517241379e-06,
    2.418965517241379e-06,
    2.5910344827586207e-06,
    2.5910344827586207e-06,
    2.763103448275862e-06,
    2.763103448275862e-06,
    2.9351724137931037e-06,
    2.9351724137931037e-06,
    3.107241379310345e-06,
    3.107241379310345e-06,
    3.2793103448275863e-06,
    3.2793103448275863e-06,
    3.4513793103448278e-06,
    3.6234482758620693e-06,
    3.7955172413793103e-06,
    3.967586206896552e-06,
    4.139655172413793e-06,
    4.311724137931034e-06,
    4.483793103448276e-06,
    4.655862068965517e-06,
    4.8279310344827585e-06,
    5e-06
  ],
  "mu": 0,
  "samples": 250,
  "sequence_length": 1000,
  "seeds": [
    2044348821,
    2083680901,
    2033880244,
    1343798933,
    291892668,
    874839002,
    1202164822,
    1608623388,
    2074669011,
    817272082,
    68953580,
    724878192,
    1864679216,
    785044347,
    2097524726,
    618958346,
    1359032959,
    1975649314,
    946183718,
    1411057521,
    2108808417,
    1239310361,
    1376184032,
    365196258,
    1894370150,
    337733847,
    1604550721,
    650071126,
    923115123,
    1889892954,
    473257785,
    469847123,
    331152909,
    1161097358,
    774978998,
    197229789,
    1328548340,
    1397488694,
    2001472286,
    1756882114,
    1242010451,
    1544185039,
    1993721874,
    865700574,
    1024105015,
    1729234144,
    413652138,
    679075965,
    433050725,
    1351235545
  ]
}