{
  "mode": "site",
  "rep": 285,
  "ne": 10000,
  "r": 1e-05,
  "mu": [
    1e-07,
    1e-07,
    4.413793103448276e-07,
    4.413793103448276e-07,
    7.827586206896552e-07,
    7.827586206896552e-07,
    1.1241379310344827e-06,
    1.1241379310344827e-06,
    1.4655172413793102e-06,
    1.4655172413793102e-06,
    1.8068965517241377e-06,
    1.8068965517241377e-06,
    2.1482758620689656e-06,
    2.1482758620689656e-06,
    2.489655172413793e-06,
    2.489655172413793e-06,
    2.8310344827586205e-06,
    2.8310344827586205e-06,
    3.172413793103448e-06,
    3.172413793103448e-06,
    3.5137931034482755e-06,
    3.5137931034482755e-06,
    3.855172413793104e-06,
    3.855172413793104e-06,
    4.196551724137931e-06,
    4.196551724137931e-06,
    4.537931034482759e-06,
    4.537931034482759e-06,
    4.879310344827586e-06,
    4.879310344827586e-06,
    5.220689655172414e-06,
    5.220689655172414e-06,
    5.562068965517241e-06,
    5.562068965517241e-06,
    5.903448275862069e-06,
    5.903448275862069e-06,
    6.244827586206896e-06,
    6.244827586206896e-06,
    6.5862068965517236e-06,
    6.5862068965517236e-06,
    6.927586206896551e-06,
    7.268965517241379e-06,
    7.610344827586207e-06,
    7.951724137931034e-06,
    8.293103448275863e-06,
    8.634482758620691e-06,
    8.975862068965518e-06,
    9.317241379310346e-06,
    9.658620689655173e-06,
    1e-05
  ],
  "samples": 500,
  "sequence_length": 10000,
  "seeds": [
    1669201369,
    65402969,
    1316440697,
    2049080343,
    992590901,
    1770056220,
    185814516,
    1104321262,
    878295017,
    1915433848,
    1354849174,
    1537264752,
    714988906,
    902722649,
    1975611718,
    1443849350,
    1229326506,
    211789909,
    1957322737,
    2031733678,
    1832706021,
    1791188108,
    186248509,
    1698379025,
    915334458,
    2035319469,
    512892837,
    1031622475,
    306528418,
    167127955,
    326822935,
    1416893096,
    103199543,
    1125008044,
    52016892,
    540695943,
    20856924,
    1994653938,
    208482102,
    991475377,
    37884097,
    1537314857,
    1019511053,
    1024783629,
    113265604,
    1282641160,
    1014097743,
    116122464,
    49531976,
    916451871
  ]
}