{
  "mode": "site",
  "rep": 235,
  "ne": 10000,
  "r": 1e-05,
  "mu": [
    1e-07,
    1e-07,
    4.413793103448276e-07,
    4.413793103448276e-07,
    7.827586206896552e-07,
    7.827586206896552e-07,
    1.1241379310344827e-06,
    1.1241379310344827e-06,
    1.4655172413793102e-06,
    1.4655172413793102e-06,
    1.8068965517241377e-06,
    1.8068965517241377e-06,
    2.1482758620689656e-06,
    2.1482758620689656e-06,
    2.489655172413793e-06,
    2.489655172413793e-06,
    2.8310344827586205e-06,
    2.8310344827586205e-06,
    3.172413793103448e-06,
    3.172413793103448e-06,
    3.5137931034482755e-06,
    3.855172413793104e-06,
    4.196551724137931e-06,
    4.537931034482759e-06,
    4.879310344827586e-06,
    5.220689655172414e-06,
    5.562068965517241e-06,
    5.903448275862069e-06,
    6.244827586206896e-06,
    6.5862068965517236e-06,
    6.927586206896551e-06,
    6.927586206896551e-06,
    7.268965517241379e-06,
    7.268965517241379e-06,
    7.610344827586207e-06,
    7.610344827586207e-06,
    7.951724137931034e-06,
    7.951724137931034e-06,
    8.293103448275863e-06,
    8.293103448275863e-06,
    8.634482758620691e-06,
    8.634482758620691e-06,
    8.975862068965518e-06,
    8.975862068965518e-06,
    9.317241379310346e-06,
    9.317241379310346e-06,
    9.658620689655173e-06,
    9.658620689655173e-06,
    1e-05,
    1e-05
  ],
  "samples": 500,
  "sequence_length": 50000,
  "seeds": [
    1500451194,
    1218434418,
    1786683966,
    1544349847,
    135005522,
    86109391,
    58682258,
    653123682,
    1138961022,
    120256853,
    655410510,
    1354556914,
    1696026489,
    1166738769,
    2126696912,
    1229868630,
    702602528,
    603026307,
    1933482988,
    2003396962,
    438984303,
    1726742427,
    705266291,
    820347281,
    1283784811,
    558360111,
    1061803441,
    137720529,
    2022761836,
    371734143,
    1753078517,
    1337417315,
    789421763,
    842095215,
    1446934897,
    204723434,
    106799280,
    1397897293,
    1121525233,
    1296431613,
    785640091,
    674363814,
    266389461,
    66735787,
    774785298,
    1064066524,
    1435215637,
    1569675636,
    86937053,
    131505514
  ]
}