{
  "mode": "site",
  "rep": 267,
  "ne": 10000,
  "r": 1e-05,
  "mu": [
    1e-07,
    1e-07,
    4.413793103448276e-07,
    4.413793103448276e-07,
    7.827586206896552e-07,
    7.827586206896552e-07,
    1.1241379310344827e-06,
    1.1241379310344827e-06,
    1.4655172413793102e-06,
    1.4655172413793102e-06,
    1.8068965517241377e-06,
    1.8068965517241377e-06,
    2.1482758620689656e-06,
    2.1482758620689656e-06,
    2.489655172413793e-06,
    2.489655172413793e-06,
    2.8310344827586205e-06,
    2.8310344827586205e-06,
    3.172413793103448e-06,
    3.172413793103448e-06,
    3.5137931034482755e-06,
    3.5137931034482755e-06,
    3.855172413793104e-06,
    3.855172413793104e-06,
    4.196551724137931e-06,
    4.196551724137931e-06,
    4.537931034482759e-06,
    4.537931034482759e-06,
    4.879310344827586e-06,
    4.879310344827586e-06,
    5.220689655172414e-06,
    5.220689655172414e-06,
    5.562068965517241e-06,
    5.562068965517241e-06,
    5.903448275862069e-06,
    5.903448275862069e-06,
    6.244827586206896e-06,
    6.244827586206896e-06,
    6.5862068965517236e-06,
    6.5862068965517236e-06,
    6.927586206896551e-06,
    7.268965517241379e-06,
    7.610344827586207e-06,
    7.951724137931034e-06,
    8.293103448275863e-06,
    8.634482758620691e-06,
    8.975862068965518e-06,
    9.317241379310346e-06,
    9.658620689655173e-06,
    1e-05
  ],
  "samples": 500,
  "sequence_length": 10000,
  "seeds": [
    117916436,
    221416597,
    1822323326,
    915116119,
    708694284,
    1858815445,
    24605789,
    1060168804,
    1183151428,
    2117180220,
    858099236,
    1325294219,
    1424804102,
    1894935401,
    2127442026,
    1402187259,
    364092546,
    1218263874,
    1642981947,
    2030046870,
    927458042,
    2121050396,
    964642649,
    349163998,
    974722250,
    1196175091,
    454745363,
    837823428,
    872638478,
    630037847,
    785765042,
    1211686378,
    1384093720,
    1400289792,
    1029953268,
    1752127997,
    1852060451,
    477453926,
    341327956,
    1220147319,
    1795948072,
    787974457,
    1774115522,
    1620960942,
    1923168184,
    1601109369,
    1631878678,
    295847947,
    1095288377,
    1701684109
  ]
}