{
  "mode": "branch",
  "rep": 637,
  "ne": 10000,
  "r": [
    1e-08,
    1e-08,
    1.820689655172414e-07,
    1.820689655172414e-07,
    3.541379310344828e-07,
    3.541379310344828e-07,
    5.262068965517242e-07,
    5.262068965517242e-07,
    6.982758620689656e-07,
    6.982758620689656e-07,
    8.70344827586207e-07,
    8.70344827586207e-07,
    1.0424137931034483e-06,
    1.0424137931034483e-06,
    1.2144827586206895e-06,
    1.2144827586206895e-06,
    1.386551724137931e-06,
    1.386551724137931e-06,
    1.5586206896551725e-06,
    1.5586206896551725e-06,
    1.7306896551724138e-06,
    1.9027586206896551e-06,
    2.0748275862068966e-06,
    2.246896551724138e-06,
    2.418965517241379e-06,
    2.5910344827586207e-06,
    2.763103448275862e-06,
    2.9351724137931037e-06,
    3.107241379310345e-06,
    3.2793103448275863e-06,
    3.4513793103448278e-06,
    3.4513793103448278e-06,
    3.6234482758620693e-06,
    3.6234482758620693e-06,
    3.7955172413793103e-06,
    3.7955172413793103e-06,
    3.967586206896552e-06,
    3.967586206896552e-06,
    4.139655172413793e-06,
    4.139655172413793e-06,
    4.311724137931034e-06,
    4.311724137931034e-06,
    4.483793103448276e-06,
    4.483793103448276e-06,
    4.655862068965517e-06,
    4.655862068965517e-06,
    4.8279310344827585e-06,
    4.8279310344827585e-06,
    5e-06,
    5e-06
  ],
  "mu": 0,
  "samples": 250,
  "sequence_length": 1000,
  "seeds": [
    1537631392,
    907182055,
    1830706640,
    1453458063,
    1411300994,
    882332445,
    297041029,
    1738345853,
    151757776,
    1707233726,
    864571273,
    1953444879,
    954412049,
    540793899,
    112071774,
    173856853,
    1429638276,
    1540348266,
    1481981460,
    1521253184,
    1304330321,
    1195014539,
    1799603456,
    1136130420,
    1126441314,
    2139025058,
    1277388104,
    2018144887,
    1145366182,
    2081322657,
    342390220,
    227348251,
    1193304676,
    1079667703,
    1356888357,
    2097763275,
    1152041086,
    1284086482,
    1153006047,
    1294299099,
    449094720,
    1772449578,
    1134667716,
    81355992,
    1015690324,
    1618135600,
    1450288840,
    1076374212,
    1391957184,
    710652202
  ]
}