{
  "mode": "site",
  "rep": 560,
  "ne": 10000,
  "r": 1e-05,
  "mu": [
    1e-07,
    4.413793103448276e-07,
    7.827586206896552e-07,
    1.1241379310344827e-06,
    1.4655172413793102e-06,
    1.8068965517241377e-06,
    2.1482758620689656e-06,
    2.489655172413793e-06,
    2.8310344827586205e-06,
    3.172413793103448e-06,
    3.5137931034482755e-06,
    3.5137931034482755e-06,
    3.855172413793104e-06,
    3.855172413793104e-06,
    4.196551724137931e-06,
    4.196551724137931e-06,
    4.537931034482759e-06,
    4.537931034482759e-06,
    4.879310344827586e-06,
    4.879310344827586e-06,
    5.220689655172414e-06,
    5.220689655172414e-06,
    5.562068965517241e-06,
    5.562068965517241e-06,
    5.903448275862069e-06,
    5.903448275862069e-06,
    6.244827586206896e-06,
    6.244827586206896e-06,
    6.5862068965517236e-06,
    6.5862068965517236e-06,
    6.927586206896551e-06,
    6.927586206896551e-06,
    7.268965517241379e-06,
    7.268965517241379e-06,
    7.610344827586207e-06,
    7.610344827586207e-06,
    7.951724137931034e-06,
    7.951724137931034e-06,
    8.293103448275863e-06,
    8.293103448275863e-06,
    8.634482758620691e-06,
    8.634482758620691e-06,
    8.975862068965518e-06,
    8.975862068965518e-06,
    9.317241379310346e-06,
    9.317241379310346e-06,
    9.658620689655173e-06,
    9.658620689655173e-06,
    1e-05,
    1e-05
  ],
  "samples": 500,
  "sequence_length": 50000,
  "seeds": [
    176942004,
    1897170304,
    1364814361,
    1251045788,
    1439877874,
    1815324978,
    2089224271,
    2027821770,
    1012098146,
    679457089,
    913861687,
    1560131298,
    917809020,
    1957932492,
    1842576243,
    1293531827,
    1998751510,
    1633334238,
    617987018,
    799659097,
    225878377,
    435442897,
    1942979895,
    1859180033,
    918799491,
    2073232113,
    321213796,
    1657632486,
    25485618,
    996166459,
    1894892943,
    701804425,
    573663342,
    1093913110,
    862974116,
    2071027240,
    1851928186,
    788770665,
    1008682029,
    1249245450,
    1499841817,
    221064353,
    1469414854,
    830901410,
    1481712970,
    974666723,
    1255613711,
    710547147,
    1456974557,
    1841446502
  ]
}