{
  "mode": "site",
  "rep": 572,
  "ne": 10000,
  "r": 1e-05,
  "mu": [
    1e-07,
    4.413793103448276e-07,
    7.827586206896552e-07,
    1.1241379310344827e-06,
    1.4655172413793102e-06,
    1.8068965517241377e-06,
    2.1482758620689656e-06,
    2.489655172413793e-06,
    2.8310344827586205e-06,
    3.172413793103448e-06,
    3.5137931034482755e-06,
    3.5137931034482755e-06,
    3.855172413793104e-06,
    3.855172413793104e-06,
    4.196551724137931e-06,
    4.196551724137931e-06,
    4.537931034482759e-06,
    4.537931034482759e-06,
    4.879310344827586e-06,
    4.879310344827586e-06,
    5.220689655172414e-06,
    5.220689655172414e-06,
    5.562068965517241e-06,
    5.562068965517241e-06,
    5.903448275862069e-06,
    5.903448275862069e-06,
    6.244827586206896e-06,
    6.244827586206896e-06,
    6.5862068965517236e-06,
    6.5862068965517236e-06,
    6.927586206896551e-06,
    6.927586206896551e-06,
    7.268965517241379e-06,
    7.268965517241379e-06,
    7.610344827586207e-06,
    7.610344827586207e-06,
    7.951724137931034e-06,
    7.951724137931034e-06,
    8.293103448275863e-06,
    8.293103448275863e-06,
    8.634482758620691e-06,
    8.634482758620691e-06,
    8.975862068965518e-06,
    8.975862068965518e-06,
    9.317241379310346e-06,
    9.317241379310346e-06,
    9.658620689655173e-06,
    9.658620689655173e-06,
    1e-05,
    1e-05
  ],
  "samples": 500,
  "sequence_length": 10000,
  "seeds": [
    1964451008,
    1941560624,
    1724610092,
    451709113,
    1161938453,
    146252784,
    328338011,
    268302692,
    646739733,
    1317792118,
    962305022,
    869331904,
    515115159,
    981876383,
    1402190691,
    961327080,
    1347568117,
    673742713,
    975140399,
    1929605579,
    2042131008,
    1307971823,
    1538123824,
    1261835569,
    998523656,
    496123682,
    589653435,
    2125190674,
    1381500226,
    1370170892,
    234426314,
    644036737,
    1287159602,
    476740706,
    698094008,
    780207577,
    1477482288,
    1836158080,
    1984173332,
    914610868,
    1213671933,
    128458245,
    749250711,
    1081961393,
    1449150977,
    2090077786,
    1581411260,
    901866860,
    1957191305,
    879006071
  ]
}