{
  "mode": "branch",
  "rep": 754,
  "ne": 10000,
  "r": [
    1e-08,
    1e-08,
    1.820689655172414e-07,
    1.820689655172414e-07,
    3.541379310344828e-07,
    3.541379310344828e-07,
    5.262068965517242e-07,
    5.262068965517242e-07,
    6.982758620689656e-07,
    6.982758620689656e-07,
    8.70344827586207e-07,
    8.70344827586207e-07,
    1.0424137931034483e-06,
    1.0424137931034483e-06,
    1.2144827586206895e-06,
    1.2144827586206895e-06,
    1.386551724137931e-06,
    1.386551724137931e-06,
    1.5586206896551725e-06,
    1.5586206896551725e-06,
    1.7306896551724138e-06,
    1.9027586206896551e-06,
    2.0748275862068966e-06,
    2.246896551724138e-06,
    2.418965517241379e-06,
    2.5910344827586207e-06,
    2.763103448275862e-06,
    2.9351724137931037e-06,
    3.107241379310345e-06,
    3.2793103448275863e-06,
    3.4513793103448278e-06,
    3.4513793103448278e-06,
    3.6234482758620693e-06,
    3.6234482758620693e-06,
    3.7955172413793103e-06,
    3.7955172413793103e-06,
    3.967586206896552e-06,
    3.967586206896552e-06,
    4.139655172413793e-06,
    4.139655172413793e-06,
    4.311724137931034e-06,
    4.311724137931034e-06,
    4.483793103448276e-06,
    4.483793103448276e-06,
    4.655862068965517e-06,
    4.655862068965517e-06,
    4.8279310344827585e-06,
    4.8279310344827585e-06,
    5e-06,
    5e-06
  ],
  "mu": 0,
  "samples": 250,
  "sequence_length": 1000,
  "seeds": [
    993378820,
    1935906864,
    1072009145,
    1296319939,
    2125567659,
    1242571103,
    656960225,
    1172689074,
    1355388812,
    1807387857,
    845162673,
    89659259,
    636811229,
    357663643,
    479179519,
    1165149828,
    767624195,
    4059843,
    702785208,
    135234825,
    1626477887,
    593353738,
    1767922558,
    121066816,
    1954721390,
    1474647828,
    726902997,
    973985294,
    1564464088,
    287580407,
    1616100430,
    590117502,
    2052737845,
    977575500,
    737811771,
    114330322,
    855682550,
    422813458,
    5434695,
    893978618,
    906980731,
    1104752789,
    385001307,
    749241936,
    1289939472,
    861453734,
    355668446,
    402736540,
    1626616521,
    1087311742
  ]
}