{
  "mode": "branch",
  "rep": 668,
  "ne": 10000,
  "r": [
    1e-08,
    1.820689655172414e-07,
    3.541379310344828e-07,
    5.262068965517242e-07,
    6.982758620689656e-07,
    8.70344827586207e-07,
    1.0424137931034483e-06,
    1.2144827586206895e-06,
    1.386551724137931e-06,
    1.5586206896551725e-06,
    1.7306896551724138e-06,
    1.7306896551724138e-06,
    1.9027586206896551e-06,
    1.9027586206896551e-06,
    2.0748275862068966e-06,
    2.0748275862068966e-06,
    2.246896551724138e-06,
    2.246896551724138e-06,
    2.418965517241379e-06,
    2.418965517241379e-06,
    2.5910344827586207e-06,
    2.5910344827586207e-06,
    2.763103448275862e-06,
    2.763103448275862e-06,
    2.9351724137931037e-06,
    2.9351724137931037e-06,
    3.107241379310345e-06,
    3.107241379310345e-06,
    3.2793103448275863e-06,
    3.2793103448275863e-06,
    3.4513793103448278e-06,
    3.4513793103448278e-06,
    3.6234482758620693e-06,
    3.6234482758620693e-06,
    3.7955172413793103e-06,
    3.7955172413793103e-06,
    3.967586206896552e-06,
    3.967586206896552e-06,
    4.139655172413793e-06,
    4.139655172413793e-06,
    4.311724137931034e-06,
    4.311724137931034e-06,
    4.483793103448276e-06,
    4.483793103448276e-06,
    4.655862068965517e-06,
    4.655862068965517e-06,
    4.8279310344827585e-06,
    4.8279310344827585e-06,
    5e-06,
    5e-06
  ],
  "mu": 0,
  "samples": 250,
  "sequence_length": 1000,
  "seeds": [
    731927237,
    1713314474,
    1181103785,
    961557392,
    1687929588,
    149283592,
    729621055,
    193101546,
    1976153149,
    805074930,
    2108451312,
    2040870480,
    1125746521,
    643182557,
    1958239901,
    1322431393,
    1677449697,
    503971465,
    704572342,
    789685699,
    368985765,
    468266826,
    437683383,
    1749047446,
    443709371,
    1343338794,
    678793918,
    763213856,
    1748984618,
    1152470528,
    1185934455,
    733160742,
    1083946496,
    804181495,
    1079760818,
    265325427,
    245336876,
    1179050246,
    112079084,
    786797297,
    823201092,
    538875678,
    1308698222,
    2003672514,
    916522940,
    1800710509,
    744081664,
    1009441635,
    1666606332,
    2069056305
  ]
}