{
  "mode": "branch",
  "rep": 1154,
  "ne": 10000,
  "r": [
    1e-08,
    1.820689655172414e-07,
    3.541379310344828e-07,
    5.262068965517242e-07,
    6.982758620689656e-07,
    8.70344827586207e-07,
    1.0424137931034483e-06,
    1.2144827586206895e-06,
    1.386551724137931e-06,
    1.5586206896551725e-06,
    1.7306896551724138e-06,
    1.7306896551724138e-06,
    1.9027586206896551e-06,
    1.9027586206896551e-06,
    2.0748275862068966e-06,
    2.0748275862068966e-06,
    2.246896551724138e-06,
    2.246896551724138e-06,
    2.418965517241379e-06,
    2.418965517241379e-06,
    2.5910344827586207e-06,
    2.5910344827586207e-06,
    2.763103448275862e-06,
    2.763103448275862e-06,
    2.9351724137931037e-06,
    2.9351724137931037e-06,
    3.107241379310345e-06,
    3.107241379310345e-06,
    3.2793103448275863e-06,
    3.2793103448275863e-06,
    3.4513793103448278e-06,
    3.4513793103448278e-06,
    3.6234482758620693e-06,
    3.6234482758620693e-06,
    3.7955172413793103e-06,
    3.7955172413793103e-06,
    3.967586206896552e-06,
    3.967586206896552e-06,
    4.139655172413793e-06,
    4.139655172413793e-06,
    4.311724137931034e-06,
    4.311724137931034e-06,
    4.483793103448276e-06,
    4.483793103448276e-06,
    4.655862068965517e-06,
    4.655862068965517e-06,
    4.8279310344827585e-06,
    4.8279310344827585e-06,
    5e-06,
    5e-06
  ],
  "mu": 0,
  "samples": 250,
  "sequence_length": 1000,
  "seeds": [
    494049108,
    223367501,
    1757922384,
    580601999,
    985519361,
    2013558161,
    94892330,
    33016082,
    30861018,
    2052352857,
    816667461,
    1239437935,
    483315153,
    835651423,
    674590652,
    403501283,
    752745625,
    166424412,
    1629343175,
    1693068341,
    2064089996,
    1519208036,
    522437882,
    72376746,
    230256348,
    618380353,
    271042157,
    166076688,
    1879681517,
    730148784,
    383448326,
    1765207168,
    298081402,
    500274687,
    219007771,
    1975643901,
    1030100525,
    1322249712,
    853699747,
    1472841071,
    298677736,
    1341673273,
    1058775,
    497855756,
    1572076591,
    1149182672,
    800965334,
    614563641,
    1206048459,
    509567059
  ]
}