{
  "mode": "site",
  "rep": 301,
  "ne": 10000,
  "r": 1e-05,
  "mu": [
    1e-07,
    1e-07,
    4.413793103448276e-07,
    4.413793103448276e-07,
    7.827586206896552e-07,
    7.827586206896552e-07,
    1.1241379310344827e-06,
    1.1241379310344827e-06,
    1.4655172413793102e-06,
    1.4655172413793102e-06,
    1.8068965517241377e-06,
    1.8068965517241377e-06,
    2.1482758620689656e-06,
    2.1482758620689656e-06,
    2.489655172413793e-06,
    2.489655172413793e-06,
    2.8310344827586205e-06,
    2.8310344827586205e-06,
    3.172413793103448e-06,
    3.172413793103448e-06,
    3.5137931034482755e-06,
    3.855172413793104e-06,
    4.196551724137931e-06,
    4.537931034482759e-06,
    4.879310344827586e-06,
    5.220689655172414e-06,
    5.562068965517241e-06,
    5.903448275862069e-06,
    6.244827586206896e-06,
    6.5862068965517236e-06,
    6.927586206896551e-06,
    6.927586206896551e-06,
    7.268965517241379e-06,
    7.268965517241379e-06,
    7.610344827586207e-06,
    7.610344827586207e-06,
    7.951724137931034e-06,
    7.951724137931034e-06,
    8.293103448275863e-06,
    8.293103448275863e-06,
    8.634482758620691e-06,
    8.634482758620691e-06,
    8.975862068965518e-06,
    8.975862068965518e-06,
    9.317241379310346e-06,
    9.317241379310346e-06,
    9.658620689655173e-06,
    9.658620689655173e-06,
    1e-05,
    1e-05
  ],
  "samples": 500,
  "sequence_length": 50000,
  "seeds": [
    735954983,
    1859350992,
    1305106619,
    2078269112,
    1412063744,
    940910120,
    1417224297,
    769170541,
    1016407238,
    1978453615,
    803857644,
    596488392,
    578018036,
    1395225425,
    266619972,
    694309363,
    1973388984,
    1019383618,
    2048657886,
    1769213762,
    1952472472,
    2008088319,
    1304102794,
    1342917981,
    650181630,
    1455604446,
    398501625,
    763978219,
    1665397977,
    1748469898,
    1957348888,
    1012038850,
    617409849,
    1471837780,
    264944990,
    563263214,
    2085899855,
    431526381,
    2067503256,
    607415110,
    1575456757,
    673276924,
    572522333,
    812764278,
    743966534,
    1301463885,
    1442259497,
    104948774,
    1372505589,
    1477796174
  ]
}