{
  "mode": "site",
  "rep": 320,
  "ne": 10000,
  "r": 1e-05,
  "mu": [
    1e-07,
    4.413793103448276e-07,
    7.827586206896552e-07,
    1.1241379310344827e-06,
    1.4655172413793102e-06,
    1.8068965517241377e-06,
    2.1482758620689656e-06,
    2.489655172413793e-06,
    2.8310344827586205e-06,
    3.172413793103448e-06,
    3.5137931034482755e-06,
    3.5137931034482755e-06,
    3.855172413793104e-06,
    3.855172413793104e-06,
    4.196551724137931e-06,
    4.196551724137931e-06,
    4.537931034482759e-06,
    4.537931034482759e-06,
    4.879310344827586e-06,
    4.879310344827586e-06,
    5.220689655172414e-06,
    5.220689655172414e-06,
    5.562068965517241e-06,
    5.562068965517241e-06,
    5.903448275862069e-06,
    5.903448275862069e-06,
    6.244827586206896e-06,
    6.244827586206896e-06,
    6.5862068965517236e-06,
    6.5862068965517236e-06,
    6.927586206896551e-06,
    6.927586206896551e-06,
    7.268965517241379e-06,
    7.268965517241379e-06,
    7.610344827586207e-06,
    7.610344827586207e-06,
    7.951724137931034e-06,
    7.951724137931034e-06,
    8.293103448275863e-06,
    8.293103448275863e-06,
    8.634482758620691e-06,
    8.634482758620691e-06,
    8.975862068965518e-06,
    8.975862068965518e-06,
    9.317241379310346e-06,
    9.317241379310346e-06,
    9.658620689655173e-06,
    9.658620689655173e-06,
    1e-05,
    1e-05
  ],
  "samples": 500,
  "sequence_length": 50000,
  "seeds": [
    1175526594,
    258809226,
    2022007648,
    916636537,
    941726789,
    1473338783,
    740534262,
    1441840391,
    796298691,
    515873522,
    161778671,
    1247034370,
    1461115304,
    158652973,
    1447331266,
    2084137632,
    927424634,
    566322052,
    1226135358,
    1474828986,
    796767558,
    69851436,
    64570862,
    1923336057,
    1356879708,
    1204505133,
    1894457200,
    557542954,
    1896360801,
    955902524,
    1100951286,
    1357471806,
    920396356,
    580987507,
    1887317936,
    477472028,
    1438752758,
    1065916832,
    793454960,
    31596353,
    1787019812,
    1427056522,
    65556231,
    1344352592,
    1999925632,
    55262242,
    1516557080,
    761442389,
    1314586564,
    1197450064
  ]
}