{
  "mode": "branch",
  "rep": 1014,
  "ne": 10000,
  "r": [
    1e-08,
    1e-08,
    1.820689655172414e-07,
    1.820689655172414e-07,
    3.541379310344828e-07,
    3.541379310344828e-07,
    5.262068965517242e-07,
    5.262068965517242e-07,
    6.982758620689656e-07,
    6.982758620689656e-07,
    8.70344827586207e-07,
    8.70344827586207e-07,
    1.0424137931034483e-06,
    1.0424137931034483e-06,
    1.2144827586206895e-06,
    1.2144827586206895e-06,
    1.386551724137931e-06,
    1.386551724137931e-06,
    1.5586206896551725e-06,
    1.5586206896551725e-06,
    1.7306896551724138e-06,
    1.7306896551724138e-06,
    1.9027586206896551e-06,
    1.9027586206896551e-06,
    2.0748275862068966e-06,
    2.0748275862068966e-06,
    2.246896551724138e-06,
    2.246896551724138e-06,
    2.418965517241379e-06,
    2.418965517241379e-06,
    2.5910344827586207e-06,
    2.5910344827586207e-06,
    2.763103448275862e-06,
    2.763103448275862e-06,
    2.9351724137931037e-06,
    2.9351724137931037e-06,
    3.107241379310345e-06,
    3.107241379310345e-06,
    3.2793103448275863e-06,
    3.2793103448275863e-06,
    3.4513793103448278e-06,
    3.6234482758620693e-06,
    3.7955172413793103e-06,
    3.967586206896552e-06,
    4.139655172413793e-06,
    4.311724137931034e-06,
    4.483793103448276e-06,
    4.655862068965517e-06,
    4.8279310344827585e-06,
    5e-06
  ],
  "mu": 0,
  "samples": 250,
  "sequence_length": 1000,
  "seeds": [
    350507848,
    2046719880,
    609470680,
    1860087576,
    831837,
    26066649,
    813855456,
    371711949,
    637605659,
    1524648456,
    246019338,
    149456520,
    1920685124,
    1307175218,
    251522739,
    1993313584,
    1879553013,
    349428934,
    1696016716,
    716199821,
    1711158466,
    433188838,
    1642777682,
    596448365,
    1898260321,
    1484640438,
    1952055827,
    1058955863,
    850228697,
    1560788516,
    206366374,
    2045013344,
    2117452261,
    1936004954,
    1304873732,
    834946113,
    1068077827,
    1374826925,
    1226966572,
    1174633063,
    413749720,
    1839944282,
    786426785,
    2040167656,
    381974389,
    106243640,
    1051515722,
    2000466675,
    2084725617,
    238964685
  ]
}