{
  "mode": "site",
  "rep": 207,
  "ne": 10000,
  "r": 1e-05,
  "mu": [
    1e-07,
    1e-07,
    4.413793103448276e-07,
    4.413793103448276e-07,
    7.827586206896552e-07,
    7.827586206896552e-07,
    1.1241379310344827e-06,
    1.1241379310344827e-06,
    1.4655172413793102e-06,
    1.4655172413793102e-06,
    1.8068965517241377e-06,
    1.8068965517241377e-06,
    2.1482758620689656e-06,
    2.1482758620689656e-06,
    2.489655172413793e-06,
    2.489655172413793e-06,
    2.8310344827586205e-06,
    2.8310344827586205e-06,
    3.172413793103448e-06,
    3.172413793103448e-06,
    3.5137931034482755e-06,
    3.5137931034482755e-06,
    3.855172413793104e-06,
    3.855172413793104e-06,
    4.196551724137931e-06,
    4.196551724137931e-06,
    4.537931034482759e-06,
    4.537931034482759e-06,
    4.879310344827586e-06,
    4.879310344827586e-06,
    5.220689655172414e-06,
    5.220689655172414e-06,
    5.562068965517241e-06,
    5.562068965517241e-06,
    5.903448275862069e-06,
    5.903448275862069e-06,
    6.244827586206896e-06,
    6.244827586206896e-06,
    6.5862068965517236e-06,
    6.5862068965517236e-06,
    6.927586206896551e-06,
    7.268965517241379e-06,
    7.610344827586207e-06,
    7.951724137931034e-06,
    8.293103448275863e-06,
    8.634482758620691e-06,
    8.975862068965518e-06,
    9.317241379310346e-06,
    9.658620689655173e-06,
    1e-05
  ],
  "samples": 500,
  "sequence_length": 10000,
  "seeds": [
    874485076,
    7758659,
    1637698929,
    1515064507,
    1078144822,
    1498992657,
    1819433077,
    817908072,
    1224772388,
    198909398,
    2106103485,
    1096867779,
    1485942538,
    586995295,
    672797793,
    2042952477,
    877049893,
    992403331,
    410511370,
    67854606,
    1620144221,
    1375973214,
    928664598,
    2022881841,
    727297927,
    1620712205,
    707301793,
    1239268882,
    616319761,
    1702495024,
    1883534597,
    885419305,
    2013263867,
    18151201,
    2028124413,
    124377683,
    1062740079,
    231546137,
    2047844249,
    485957064,
    549298241,
    634620578,
    897184470,
    1953247902,
    371273006,
    2144754458,
    1047279268,
    856926979,
    1092290630,
    2092645776
  ]
}