{
  "mode": "site",
  "rep": 295,
  "ne": 10000,
  "r": 1e-05,
  "mu": [
    1e-07,
    1e-07,
    4.413793103448276e-07,
    4.413793103448276e-07,
    7.827586206896552e-07,
    7.827586206896552e-07,
    1.1241379310344827e-06,
    1.1241379310344827e-06,
    1.4655172413793102e-06,
    1.4655172413793102e-06,
    1.8068965517241377e-06,
    1.8068965517241377e-06,
    2.1482758620689656e-06,
    2.1482758620689656e-06,
    2.489655172413793e-06,
    2.489655172413793e-06,
    2.8310344827586205e-06,
    2.8310344827586205e-06,
    3.172413793103448e-06,
    3.172413793103448e-06,
    3.5137931034482755e-06,
    3.855172413793104e-06,
    4.196551724137931e-06,
    4.537931034482759e-06,
    4.879310344827586e-06,
    5.220689655172414e-06,
    5.562068965517241e-06,
    5.903448275862069e-06,
    6.244827586206896e-06,
    6.5862068965517236e-06,
    6.927586206896551e-06,
    6.927586206896551e-06,
    7.268965517241379e-06,
    7.268965517241379e-06,
    7.610344827586207e-06,
    7.610344827586207e-06,
    7.951724137931034e-06,
    7.951724137931034e-06,
    8.293103448275863e-06,
    8.293103448275863e-06,
    8.634482758620691e-06,
    8.634482758620691e-06,
    8.975862068965518e-06,
    8.975862068965518e-06,
    9.317241379310346e-06,
    9.317241379310346e-06,
    9.658620689655173e-06,
    9.658620689655173e-06,
    1e-05,
    1e-05
  ],
  "samples": 500,
  "sequence_length": 10000,
  "seeds": [
    1408059019,
    1719500821,
    1077633961,
    672713693,
    1304421110,
    334624880,
    1537192693,
    1849110296,
    1147591631,
    914462009,
    2137408740,
    1197515943,
    1004177984,
    1476682583,
    204712884,
    1822955553,
    2124194815,
    29637416,
    345496545,
    2109148164,
    243999279,
    1240351387,
    2031675804,
    1377949959,
    489575462,
    1143292101,
    1023384223,
    882441334,
    1371177161,
    1132440245,
    1861603202,
    1216163583,
    1171384008,
    680121682,
    636283850,
    1998900926,
    1286994869,
    822609446,
    1540835596,
    648764223,
    1276204553,
    1845989791,
    1822760108,
    90873105,
    2135359960,
    107481738,
    177578808,
    1317546484,
    2004463712,
    1003433875
  ]
}