{
  "mode": "site",
  "rep": 492,
  "ne": 10000,
  "r": 1e-05,
  "mu": [
    1e-07,
    1e-07,
    4.413793103448276e-07,
    4.413793103448276e-07,
    7.827586206896552e-07,
    7.827586206896552e-07,
    1.1241379310344827e-06,
    1.1241379310344827e-06,
    1.4655172413793102e-06,
    1.4655172413793102e-06,
    1.8068965517241377e-06,
    1.8068965517241377e-06,
    2.1482758620689656e-06,
    2.1482758620689656e-06,
    2.489655172413793e-06,
    2.489655172413793e-06,
    2.8310344827586205e-06,
    2.8310344827586205e-06,
    3.172413793103448e-06,
    3.172413793103448e-06,
    3.5137931034482755e-06,
    3.5137931034482755e-06,
    3.855172413793104e-06,
    3.855172413793104e-06,
    4.196551724137931e-06,
    4.196551724137931e-06,
    4.537931034482759e-06,
    4.537931034482759e-06,
    4.879310344827586e-06,
    4.879310344827586e-06,
    5.220689655172414e-06,
    5.220689655172414e-06,
    5.562068965517241e-06,
    5.562068965517241e-06,
    5.903448275862069e-06,
    5.903448275862069e-06,
    6.244827586206896e-06,
    6.244827586206896e-06,
    6.5862068965517236e-06,
    6.5862068965517236e-06,
    6.927586206896551e-06,
    7.268965517241379e-06,
    7.610344827586207e-06,
    7.951724137931034e-06,
    8.293103448275863e-06,
    8.634482758620691e-06,
    8.975862068965518e-06,
    9.317241379310346e-06,
    9.658620689655173e-06,
    1e-05
  ],
  "samples": 500,
  "sequence_length": 10000,
  "seeds": [
    1273639972,
    1759930463,
    1346091078,
    1211752743,
    101241074,
    561358802,
    1889896544,
    41731680,
    64913107,
    789003129,
    103361491,
    269894261,
    996461000,
    748053171,
    1768369561,
    1205649889,
    97266628,
    1181134190,
    1147123620,
    850898433,
    1861949360,
    72735019,
    689505504,
    642824922,
    1609585993,
    1587540728,
    196626152,
    1543942698,
    837762320,
    1566248068,
    1434791620,
    556510668,
    1664656463,
    1329523429,
    313697911,
    129751250,
    447539597,
    9652984,
    1576327972,
    158444790,
    1349575818,
    220566351,
    399310671,
    1928053923,
    643892383,
    1963213580,
    607733302,
    308001728,
    2008507785,
    930666483
  ]
}