{
  "mode": "branch",
  "rep": 771,
  "ne": 10000,
  "r": [
    1e-08,
    1e-08,
    1.820689655172414e-07,
    1.820689655172414e-07,
    3.541379310344828e-07,
    3.541379310344828e-07,
    5.262068965517242e-07,
    5.262068965517242e-07,
    6.982758620689656e-07,
    6.982758620689656e-07,
    8.70344827586207e-07,
    8.70344827586207e-07,
    1.0424137931034483e-06,
    1.0424137931034483e-06,
    1.2144827586206895e-06,
    1.2144827586206895e-06,
    1.386551724137931e-06,
    1.386551724137931e-06,
    1.5586206896551725e-06,
    1.5586206896551725e-06,
    1.7306896551724138e-06,
    1.7306896551724138e-06,
    1.9027586206896551e-06,
    1.9027586206896551e-06,
    2.0748275862068966e-06,
    2.0748275862068966e-06,
    2.246896551724138e-06,
    2.246896551724138e-06,
    2.418965517241379e-06,
    2.418965517241379e-06,
    2.5910344827586207e-06,
    2.5910344827586207e-06,
    2.763103448275862e-06,
    2.763103448275862e-06,
    2.9351724137931037e-06,
    2.9351724137931037e-06,
    3.107241379310345e-06,
    3.107241379310345e-06,
    3.2793103448275863e-06,
    3.2793103448275863e-06,
    3.4513793103448278e-06,
    3.6234482758620693e-06,
    3.7955172413793103e-06,
    3.967586206896552e-06,
    4.139655172413793e-06,
    4.311724137931034e-06,
    4.483793103448276e-06,
    4.655862068965517e-06,
    4.8279310344827585e-06,
    5e-06
  ],
  "mu": 0,
  "samples": 250,
  "sequence_length": 1000,
  "seeds": [
    2020126755,
    1537611628,
    2104634838,
    1386181674,
    1027732304,
    1546803007,
    341026946,
    2117266076,
    1951720334,
    218713919,
    1406483531,
    1629770189,
    1058833813,
    361200634,
    2005076813,
    1479209764,
    938288864,
    470658644,
    1056747716,
    639861785,
    1810370974,
    216939403,
    468988975,
    946951744,
    52134748,
    1237505468,
    126119865,
    1672094731,
    1276464126,
    1148591423,
    1128856546,
    536382974,
    1088251060,
    538606896,
    1677531896,
    1450342065,
    1615445322,
    783160907,
    904064551,
    1323620487,
    2080914215,
    309108649,
    765632556,
    6367405,
    893000975,
    593255627,
    896554321,
    1128637385,
    1608388237,
    675247388
  ]
}