{
  "mode": "branch",
  "rep": 1110,
  "ne": 10000,
  "r": [
    1e-08,
    1e-08,
    1.820689655172414e-07,
    1.820689655172414e-07,
    3.541379310344828e-07,
    3.541379310344828e-07,
    5.262068965517242e-07,
    5.262068965517242e-07,
    6.982758620689656e-07,
    6.982758620689656e-07,
    8.70344827586207e-07,
    8.70344827586207e-07,
    1.0424137931034483e-06,
    1.0424137931034483e-06,
    1.2144827586206895e-06,
    1.2144827586206895e-06,
    1.386551724137931e-06,
    1.386551724137931e-06,
    1.5586206896551725e-06,
    1.5586206896551725e-06,
    1.7306896551724138e-06,
    1.7306896551724138e-06,
    1.9027586206896551e-06,
    1.9027586206896551e-06,
    2.0748275862068966e-06,
    2.0748275862068966e-06,
    2.246896551724138e-06,
    2.246896551724138e-06,
    2.418965517241379e-06,
    2.418965517241379e-06,
    2.5910344827586207e-06,
    2.5910344827586207e-06,
    2.763103448275862e-06,
    2.763103448275862e-06,
    2.9351724137931037e-06,
    2.9351724137931037e-06,
    3.107241379310345e-06,
    3.107241379310345e-06,
    3.2793103448275863e-06,
    3.2793103448275863e-06,
    3.4513793103448278e-06,
    3.6234482758620693e-06,
    3.7955172413793103e-06,
    3.967586206896552e-06,
    4.139655172413793e-06,
    4.311724137931034e-06,
    4.483793103448276e-06,
    4.655862068965517e-06,
    4.8279310344827585e-06,
    5e-06
  ],
  "mu": 0,
  "samples": 250,
  "sequence_length": 1000,
  "seeds": [
    1944194280,
    956016427,
    459031923,
    353692746,
    153996559,
    1034859102,
    953917253,
    26335390,
    1399842191,
    308752786,
    1936808589,
    59821795,
    810927871,
    1705178411,
    2095232416,
    527056671,
    1047343426,
    1511410978,
    1628164954,
    795830722,
    1271871556,
    215217392,
    556772246,
    1593578031,
    201303264,
    1123496819,
    431997828,
    376970501,
    1954286102,
    345493662,
    317039909,
    45453426,
    503385124,
    1279641108,
    536658023,
    206789435,
    755937493,
    1534417741,
    1892753941,
    449049724,
    2030146048,
    348387137,
    1094299124,
    983075918,
    116456444,
    1088674415,
    1833263088,
    1969114539,
    1604063636,
    1389404107
  ]
}