{
  "mode": "branch",
  "rep": 1149,
  "ne": 10000,
  "r": [
    1e-08,
    1e-08,
    1.820689655172414e-07,
    1.820689655172414e-07,
    3.541379310344828e-07,
    3.541379310344828e-07,
    5.262068965517242e-07,
    5.262068965517242e-07,
    6.982758620689656e-07,
    6.982758620689656e-07,
    8.70344827586207e-07,
    8.70344827586207e-07,
    1.0424137931034483e-06,
    1.0424137931034483e-06,
    1.2144827586206895e-06,
    1.2144827586206895e-06,
    1.386551724137931e-06,
    1.386551724137931e-06,
    1.5586206896551725e-06,
    1.5586206896551725e-06,
    1.7306896551724138e-06,
    1.7306896551724138e-06,
    1.9027586206896551e-06,
    1.9027586206896551e-06,
    2.0748275862068966e-06,
    2.0748275862068966e-06,
    2.246896551724138e-06,
    2.246896551724138e-06,
    2.418965517241379e-06,
    2.418965517241379e-06,
    2.5910344827586207e-06,
    2.5910344827586207e-06,
    2.763103448275862e-06,
    2.763103448275862e-06,
    2.9351724137931037e-06,
    2.9351724137931037e-06,
    3.107241379310345e-06,
    3.107241379310345e-06,
    3.2793103448275863e-06,
    3.2793103448275863e-06,
    3.4513793103448278e-06,
    3.6234482758620693e-06,
    3.7955172413793103e-06,
    3.967586206896552e-06,
    4.139655172413793e-06,
    4.311724137931034e-06,
    4.483793103448276e-06,
    4.655862068965517e-06,
    4.8279310344827585e-06,
    5e-06
  ],
  "mu": 0,
  "samples": 250,
  "sequence_length": 1000,
  "seeds": [
    939647357,
    160429732,
    2035760620,
    1861970598,
    2140062218,
    540241512,
    591363090,
    332432600,
    1146885206,
    1431011499,
    298389909,
    136520307,
    698390603,
    647242870,
    1344699030,
    980372697,
    1426547386,
    822410289,
    637844102,
    1244683557,
    2021322535,
    674780312,
    292316809,
    96449921,
    342089113,
    2065307451,
    609307631,
    1749864784,
    80669822,
    1869231295,
    1502629661,
    1759771457,
    414389394,
    1349423169,
    34352771,
    925416920,
    1326668441,
    2131460921,
    722495230,
    321372826,
    642027994,
    4597991,
    1888510830,
    1472419613,
    819183416,
    266648034,
    1819326176,
    802157895,
    1190512455,
    2002182321
  ]
}