{
  "mode": "branch",
  "rep": 726,
  "ne": 10000,
  "r": [
    1e-08,
    1e-08,
    1.820689655172414e-07,
    1.820689655172414e-07,
    3.541379310344828e-07,
    3.541379310344828e-07,
    5.262068965517242e-07,
    5.262068965517242e-07,
    6.982758620689656e-07,
    6.982758620689656e-07,
    8.70344827586207e-07,
    8.70344827586207e-07,
    1.0424137931034483e-06,
    1.0424137931034483e-06,
    1.2144827586206895e-06,
    1.2144827586206895e-06,
    1.386551724137931e-06,
    1.386551724137931e-06,
    1.5586206896551725e-06,
    1.5586206896551725e-06,
    1.7306896551724138e-06,
    1.7306896551724138e-06,
    1.9027586206896551e-06,
    1.9027586206896551e-06,
    2.0748275862068966e-06,
    2.0748275862068966e-06,
    2.246896551724138e-06,
    2.246896551724138e-06,
    2.418965517241379e-06,
    2.418965517241379e-06,
    2.5910344827586207e-06,
    2.5910344827586207e-06,
    2.763103448275862e-06,
    2.763103448275862e-06,
    2.9351724137931037e-06,
    2.9351724137931037e-06,
    3.107241379310345e-06,
    3.107241379310345e-06,
    3.2793103448275863e-06,
    3.2793103448275863e-06,
    3.4513793103448278e-06,
    3.6234482758620693e-06,
    3.7955172413793103e-06,
    3.967586206896552e-06,
    4.139655172413793e-06,
    4.311724137931034e-06,
    4.483793103448276e-06,
    4.655862068965517e-06,
    4.8279310344827585e-06,
    5e-06
  ],
  "mu": 0,
  "samples": 250,
  "sequence_length": 1000,
  "seeds": [
    1169132362,
    1287495661,
    1464577841,
    659692193,
    1437833942,
    1475653215,
    1639035135,
    1923362532,
    547066772,
    1736962867,
    1998594867,
    1506062705,
    1164050411,
    1953263907,
    901692458,
    915304825,
    334286463,
    1994937697,
    615484949,
    2127584724,
    607429601,
    88099399,
    1019907144,
    276063760,
    371012965,
    107328432,
    637352903,
    1448210129,
    189144326,
    710204436,
    626321264,
    557808877,
    1503744491,
    467297479,
    1932894635,
    893058113,
    1476515804,
    851153369,
    1573966192,
    1209560903,
    242989682,
    1756114468,
    1419976634,
    1298322960,
    1914170767,
    217833457,
    1062218652,
    2005716404,
    259782542,
    231628153
  ]
}