{
  "mode": "branch",
  "rep": 1057,
  "ne": 10000,
  "r": [
    1e-08,
    1e-08,
    1.820689655172414e-07,
    1.820689655172414e-07,
    3.541379310344828e-07,
    3.541379310344828e-07,
    5.262068965517242e-07,
    5.262068965517242e-07,
    6.982758620689656e-07,
    6.982758620689656e-07,
    8.70344827586207e-07,
    8.70344827586207e-07,
    1.0424137931034483e-06,
    1.0424137931034483e-06,
    1.2144827586206895e-06,
    1.2144827586206895e-06,
    1.386551724137931e-06,
    1.386551724137931e-06,
    1.5586206896551725e-06,
    1.5586206896551725e-06,
    1.7306896551724138e-06,
    1.9027586206896551e-06,
    2.0748275862068966e-06,
    2.246896551724138e-06,
    2.418965517241379e-06,
    2.5910344827586207e-06,
    2.763103448275862e-06,
    2.9351724137931037e-06,
    3.107241379310345e-06,
    3.2793103448275863e-06,
    3.4513793103448278e-06,
    3.4513793103448278e-06,
    3.6234482758620693e-06,
    3.6234482758620693e-06,
    3.7955172413793103e-06,
    3.7955172413793103e-06,
    3.967586206896552e-06,
    3.967586206896552e-06,
    4.139655172413793e-06,
    4.139655172413793e-06,
    4.311724137931034e-06,
    4.311724137931034e-06,
    4.483793103448276e-06,
    4.483793103448276e-06,
    4.655862068965517e-06,
    4.655862068965517e-06,
    4.8279310344827585e-06,
    4.8279310344827585e-06,
    5e-06,
    5e-06
  ],
  "mu": 0,
  "samples": 250,
  "sequence_length": 1000,
  "seeds": [
    123414406,
    1522486801,
    743019813,
    898613424,
    545618794,
    127926492,
    1222220356,
    2136516926,
    1752402545,
    977403108,
    133811974,
    1319574820,
    2134849881,
    1152650569,
    511845688,
    626359727,
    1709869869,
    1147318529,
    266029935,
    175282943,
    725450391,
    319134366,
    851502516,
    1066822481,
    858505413,
    299035034,
    755827005,
    2034562472,
    551793401,
    196276559,
    435344674,
    849031403,
    273670940,
    1067563635,
    545765644,
    1084797307,
    544933616,
    1538860109,
    480389152,
    328385904,
    1088758776,
    583082544,
    1926205137,
    1465620525,
    2081794086,
    395295655,
    1510007360,
    1747988265,
    1980876444,
    1062354815
  ]
}