{
  "mode": "branch",
  "rep": 1066,
  "ne": 10000,
  "r": [
    1e-08,
    1e-08,
    1.820689655172414e-07,
    1.820689655172414e-07,
    3.541379310344828e-07,
    3.541379310344828e-07,
    5.262068965517242e-07,
    5.262068965517242e-07,
    6.982758620689656e-07,
    6.982758620689656e-07,
    8.70344827586207e-07,
    8.70344827586207e-07,
    1.0424137931034483e-06,
    1.0424137931034483e-06,
    1.2144827586206895e-06,
    1.2144827586206895e-06,
    1.386551724137931e-06,
    1.386551724137931e-06,
    1.5586206896551725e-06,
    1.5586206896551725e-06,
    1.7306896551724138e-06,
    1.9027586206896551e-06,
    2.0748275862068966e-06,
    2.246896551724138e-06,
    2.418965517241379e-06,
    2.5910344827586207e-06,
    2.763103448275862e-06,
    2.9351724137931037e-06,
    3.107241379310345e-06,
    3.2793103448275863e-06,
    3.4513793103448278e-06,
    3.4513793103448278e-06,
    3.6234482758620693e-06,
    3.6234482758620693e-06,
    3.7955172413793103e-06,
    3.7955172413793103e-06,
    3.967586206896552e-06,
    3.967586206896552e-06,
    4.139655172413793e-06,
    4.139655172413793e-06,
    4.311724137931034e-06,
    4.311724137931034e-06,
    4.483793103448276e-06,
    4.483793103448276e-06,
    4.655862068965517e-06,
    4.655862068965517e-06,
    4.8279310344827585e-06,
    4.8279310344827585e-06,
    5e-06,
    5e-06
  ],
  "mu": 0,
  "samples": 250,
  "sequence_length": 1000,
  "seeds": [
    1339895234,
    227564663,
    990779019,
    758082356,
    1574478716,
    887716355,
    66462245,
    854329344,
    978719266,
    1949292256,
    287339165,
    340489103,
    1249601338,
    709256443,
    2011342053,
    1177866311,
    1309630930,
    1696564354,
    1915923838,
    354192664,
    530884461,
    1778095047,
    100516199,
    1731398507,
    2142788276,
    1052979010,
    1449533957,
    1996368779,
    84309953,
    1682242972,
    770625110,
    405071562,
    1685287450,
    29282368,
    459852896,
    681460137,
    1713324803,
    1273608835,
    1147636316,
    466168913,
    272018533,
    53457281,
    739430578,
    691005053,
    1005809327,
    756701701,
    1713141586,
    619908975,
    1369382175,
    471764835
  ]
}