{
  "mode": "site",
  "rep": 479,
  "ne": 10000,
  "r": 1e-05,
  "mu": [
    1e-07,
    4.413793103448276e-07,
    7.827586206896552e-07,
    1.1241379310344827e-06,
    1.4655172413793102e-06,
    1.8068965517241377e-06,
    2.1482758620689656e-06,
    2.489655172413793e-06,
    2.8310344827586205e-06,
    3.172413793103448e-06,
    3.5137931034482755e-06,
    3.5137931034482755e-06,
    3.855172413793104e-06,
    3.855172413793104e-06,
    4.196551724137931e-06,
    4.196551724137931e-06,
    4.537931034482759e-06,
    4.537931034482759e-06,
    4.879310344827586e-06,
    4.879310344827586e-06,
    5.220689655172414e-06,
    5.220689655172414e-06,
    5.562068965517241e-06,
    5.562068965517241e-06,
    5.903448275862069e-06,
    5.903448275862069e-06,
    6.244827586206896e-06,
    6.244827586206896e-06,
    6.5862068965517236e-06,
    6.5862068965517236e-06,
    6.927586206896551e-06,
    6.927586206896551e-06,
    7.268965517241379e-06,
    7.268965517241379e-06,
    7.610344827586207e-06,
    7.610344827586207e-06,
    7.951724137931034e-06,
    7.951724137931034e-06,
    8.293103448275863e-06,
    8.293103448275863e-06,
    8.634482758620691e-06,
    8.634482758620691e-06,
    8.975862068965518e-06,
    8.975862068965518e-06,
    9.317241379310346e-06,
    9.317241379310346e-06,
    9.658620689655173e-06,
    9.658620689655173e-06,
    1e-05,
    1e-05
  ],
  "samples": 500,
  "sequence_length": 50000,
  "seeds": [
    214423976,
    425171088,
    555409892,
    173132860,
    2014610549,
    1041668599,
    1034651965,
    921636,
    1762935525,
    1911509381,
    879457068,
    214052193,
    1927223977,
    833404333,
    283566409,
    1683361845,
    532402641,
    1624423076,
    152060836,
    2087938037,
    1596229086,
    1312280423,
    787071,
    2079250915,
    406865089,
    1274093029,
    1339538098,
    471411653,
    199660703,
    1522042104,
    884409200,
    1990551877,
    89982420,
    813809169,
    2100883111,
    1839556158,
    1906359137,
    339774691,
    1070389453,
    1720715368,
    1792970626,
    1454016996,
    1412290362,
    767109630,
    683658777,
    1135366805,
    1566558443,
    1393008782,
    1156617356,
    1047657921
  ]
}