{
  "mode": "site",
  "rep": 241,
  "ne": 10000,
  "r": 1e-05,
  "mu": [
    1e-07,
    1e-07,
    4.413793103448276e-07,
    4.413793103448276e-07,
    7.827586206896552e-07,
    7.827586206896552e-07,
    1.1241379310344827e-06,
    1.1241379310344827e-06,
    1.4655172413793102e-06,
    1.4655172413793102e-06,
    1.8068965517241377e-06,
    1.8068965517241377e-06,
    2.1482758620689656e-06,
    2.1482758620689656e-06,
    2.489655172413793e-06,
    2.489655172413793e-06,
    2.8310344827586205e-06,
    2.8310344827586205e-06,
    3.172413793103448e-06,
    3.172413793103448e-06,
    3.5137931034482755e-06,
    3.855172413793104e-06,
    4.196551724137931e-06,
    4.537931034482759e-06,
    4.879310344827586e-06,
    5.220689655172414e-06,
    5.562068965517241e-06,
    5.903448275862069e-06,
    6.244827586206896e-06,
    6.5862068965517236e-06,
    6.927586206896551e-06,
    6.927586206896551e-06,
    7.268965517241379e-06,
    7.268965517241379e-06,
    7.610344827586207e-06,
    7.610344827586207e-06,
    7.951724137931034e-06,
    7.951724137931034e-06,
    8.293103448275863e-06,
    8.293103448275863e-06,
    8.634482758620691e-06,
    8.634482758620691e-06,
    8.975862068965518e-06,
    8.975862068965518e-06,
    9.317241379310346e-06,
    9.317241379310346e-06,
    9.658620689655173e-06,
    9.658620689655173e-06,
    1e-05,
    1e-05
  ],
  "samples": 500,
  "sequence_length": 10000,
  "seeds": [
    1487343529,
    1835506287,
    1912454890,
    831046515,
    1840691813,
    2003792924,
    1554366611,
    1286637028,
    1460449291,
    1771644178,
    27784866,
    1196684522,
    1697594205,
    335779846,
    417258320,
    1210182241,
    801134571,
    1161074145,
    436657489,
    486965314,
    1647621811,
    352464282,
    1594161310,
    645207661,
    564520290,
    1900135107,
    1255076286,
    1919691469,
    1872367830,
    21573661,
    129096167,
    944060826,
    848395267,
    1809428724,
    1691348059,
    868660507,
    1625399892,
    796273440,
    76618253,
    1307756293,
    420412591,
    1926492886,
    1802291827,
    496830024,
    580904543,
    20354954,
    1401310252,
    454787119,
    1080310909,
    195219595
  ]
}