{
  "mode": "branch",
  "rep": 721,
  "ne": 10000,
  "r": [
    1e-08,
    1e-08,
    1.820689655172414e-07,
    1.820689655172414e-07,
    3.541379310344828e-07,
    3.541379310344828e-07,
    5.262068965517242e-07,
    5.262068965517242e-07,
    6.982758620689656e-07,
    6.982758620689656e-07,
    8.70344827586207e-07,
    8.70344827586207e-07,
    1.0424137931034483e-06,
    1.0424137931034483e-06,
    1.2144827586206895e-06,
    1.2144827586206895e-06,
    1.386551724137931e-06,
    1.386551724137931e-06,
    1.5586206896551725e-06,
    1.5586206896551725e-06,
    1.7306896551724138e-06,
    1.9027586206896551e-06,
    2.0748275862068966e-06,
    2.246896551724138e-06,
    2.418965517241379e-06,
    2.5910344827586207e-06,
    2.763103448275862e-06,
    2.9351724137931037e-06,
    3.107241379310345e-06,
    3.2793103448275863e-06,
    3.4513793103448278e-06,
    3.4513793103448278e-06,
    3.6234482758620693e-06,
    3.6234482758620693e-06,
    3.7955172413793103e-06,
    3.7955172413793103e-06,
    3.967586206896552e-06,
    3.967586206896552e-06,
    4.139655172413793e-06,
    4.139655172413793e-06,
    4.311724137931034e-06,
    4.311724137931034e-06,
    4.483793103448276e-06,
    4.483793103448276e-06,
    4.655862068965517e-06,
    4.655862068965517e-06,
    4.8279310344827585e-06,
    4.8279310344827585e-06,
    5e-06,
    5e-06
  ],
  "mu": 0,
  "samples": 250,
  "sequence_length": 1000,
  "seeds": [
    430329382,
    163717433,
    120125692,
    1801992096,
    2051905543,
    637333532,
    136030911,
    2083824384,
    114620838,
    2116795211,
    921442190,
    1650392675,
    378527148,
    1240075606,
    1404685089,
    109762173,
    1452204312,
    323638784,
    30514271,
    1101064116,
    1061316787,
    15555260,
    705131240,
    1208420934,
    267440667,
    317119227,
    1327236523,
    802159048,
    413659212,
    1360121449,
    864351828,
    104145640,
    708073535,
    1222679404,
    713104843,
    1884715797,
    417847936,
    1639162969,
    2666966,
    2010895056,
    137066004,
    14915267,
    1703340708,
    969634538,
    928075854,
    1404357283,
    243542003,
    651757476,
    2103405614,
    935177437
  ]
}