{
  "mode": "site",
  "rep": 260,
  "ne": 10000,
  "r": 1e-05,
  "mu": [
    1e-07,
    4.413793103448276e-07,
    7.827586206896552e-07,
    1.1241379310344827e-06,
    1.4655172413793102e-06,
    1.8068965517241377e-06,
    2.1482758620689656e-06,
    2.489655172413793e-06,
    2.8310344827586205e-06,
    3.172413793103448e-06,
    3.5137931034482755e-06,
    3.5137931034482755e-06,
    3.855172413793104e-06,
    3.855172413793104e-06,
    4.196551724137931e-06,
    4.196551724137931e-06,
    4.537931034482759e-06,
    4.537931034482759e-06,
    4.879310344827586e-06,
    4.879310344827586e-06,
    5.220689655172414e-06,
    5.220689655172414e-06,
    5.562068965517241e-06,
    5.562068965517241e-06,
    5.903448275862069e-06,
    5.903448275862069e-06,
    6.244827586206896e-06,
    6.244827586206896e-06,
    6.5862068965517236e-06,
    6.5862068965517236e-06,
    6.927586206896551e-06,
    6.927586206896551e-06,
    7.268965517241379e-06,
    7.268965517241379e-06,
    7.610344827586207e-06,
    7.610344827586207e-06,
    7.951724137931034e-06,
    7.951724137931034e-06,
    8.293103448275863e-06,
    8.293103448275863e-06,
    8.634482758620691e-06,
    8.634482758620691e-06,
    8.975862068965518e-06,
    8.975862068965518e-06,
    9.317241379310346e-06,
    9.317241379310346e-06,
    9.658620689655173e-06,
    9.658620689655173e-06,
    1e-05,
    1e-05
  ],
  "samples": 500,
  "sequence_length": 50000,
  "seeds": [
    1500901322,
    1417548656,
    63845796,
    1013702129,
    1921096063,
    585699020,
    667735142,
    1647796659,
    1629774657,
    1939687769,
    878605160,
    1643238006,
    625632212,
    1176991168,
    490063907,
    975748392,
    1565045445,
    1047750798,
    1749893869,
    1787594708,
    2113011065,
    16526867,
    1684475337,
    453130505,
    1372705708,
    1491360511,
    1914877202,
    196008032,
    1390470541,
    1998759347,
    822902618,
    216451005,
    723704535,
    2090425897,
    282599870,
    1115589050,
    659374662,
    1662905817,
    1992816828,
    1924548490,
    990968408,
    2135709242,
    242759378,
    1996186256,
    98690061,
    417176760,
    464945268,
    1384969776,
    1100828466,
    400053907
  ]
}