{
  "mode": "branch",
  "rep": 995,
  "ne": 10000,
  "r": [
    1e-08,
    1.820689655172414e-07,
    3.541379310344828e-07,
    5.262068965517242e-07,
    6.982758620689656e-07,
    8.70344827586207e-07,
    1.0424137931034483e-06,
    1.2144827586206895e-06,
    1.386551724137931e-06,
    1.5586206896551725e-06,
    1.7306896551724138e-06,
    1.7306896551724138e-06,
    1.9027586206896551e-06,
    1.9027586206896551e-06,
    2.0748275862068966e-06,
    2.0748275862068966e-06,
    2.246896551724138e-06,
    2.246896551724138e-06,
    2.418965517241379e-06,
    2.418965517241379e-06,
    2.5910344827586207e-06,
    2.5910344827586207e-06,
    2.763103448275862e-06,
    2.763103448275862e-06,
    2.9351724137931037e-06,
    2.9351724137931037e-06,
    3.107241379310345e-06,
    3.107241379310345e-06,
    3.2793103448275863e-06,
    3.2793103448275863e-06,
    3.4513793103448278e-06,
    3.4513793103448278e-06,
    3.6234482758620693e-06,
    3.6234482758620693e-06,
    3.7955172413793103e-06,
    3.7955172413793103e-06,
    3.967586206896552e-06,
    3.967586206896552e-06,
    4.139655172413793e-06,
    4.139655172413793e-06,
    4.311724137931034e-06,
    4.311724137931034e-06,
    4.483793103448276e-06,
    4.483793103448276e-06,
    4.655862068965517e-06,
    4.655862068965517e-06,
    4.8279310344827585e-06,
    4.8279310344827585e-06,
    5e-06,
    5e-06
  ],
  "mu": 0,
  "samples": 250,
  "sequence_length": 1000,
  "seeds": [
    1923781440,
    1992140428,
    850668085,
    1481316035,
    846786224,
    71027303,
    1929779988,
    1822574948,
    1403054505,
    643326807,
    1369385216,
    1778898225,
    2048100284,
    1191920906,
    805307500,
    2018041217,
    2049263118,
    483811876,
    1254870800,
    1485007775,
    1679075701,
    179576338,
    2024655636,
    8165341,
    116879814,
    327083622,
    834009261,
    326996540,
    1990809175,
    503763501,
    1974343651,
    287875890,
    494637476,
    11054301,
    539547974,
    708608183,
    389583408,
    1389427608,
    1317386354,
    30207250,
    2133992160,
    1769210887,
    630252042,
    1038981907,
    922030467,
    1089972425,
    200508200,
    1381127018,
    2086260845,
    1241412361
  ]
}