{
  "mode": "site",
  "rep": 380,
  "ne": 10000,
  "r": 1e-05,
  "mu": [
    1e-07,
    4.413793103448276e-07,
    7.827586206896552e-07,
    1.1241379310344827e-06,
    1.4655172413793102e-06,
    1.8068965517241377e-06,
    2.1482758620689656e-06,
    2.489655172413793e-06,
    2.8310344827586205e-06,
    3.172413793103448e-06,
    3.5137931034482755e-06,
    3.5137931034482755e-06,
    3.855172413793104e-06,
    3.855172413793104e-06,
    4.196551724137931e-06,
    4.196551724137931e-06,
    4.537931034482759e-06,
    4.537931034482759e-06,
    4.879310344827586e-06,
    4.879310344827586e-06,
    5.220689655172414e-06,
    5.220689655172414e-06,
    5.562068965517241e-06,
    5.562068965517241e-06,
    5.903448275862069e-06,
    5.903448275862069e-06,
    6.244827586206896e-06,
    6.244827586206896e-06,
    6.5862068965517236e-06,
    6.5862068965517236e-06,
    6.927586206896551e-06,
    6.927586206896551e-06,
    7.268965517241379e-06,
    7.268965517241379e-06,
    7.610344827586207e-06,
    7.610344827586207e-06,
    7.951724137931034e-06,
    7.951724137931034e-06,
    8.293103448275863e-06,
    8.293103448275863e-06,
    8.634482758620691e-06,
    8.634482758620691e-06,
    8.975862068965518e-06,
    8.975862068965518e-06,
    9.317241379310346e-06,
    9.317241379310346e-06,
    9.658620689655173e-06,
    9.658620689655173e-06,
    1e-05,
    1e-05
  ],
  "samples": 500,
  "sequence_length": 50000,
  "seeds": [
    893127716,
    1471869172,
    729164163,
    1074219675,
    458308348,
    658134678,
    1639809557,
    430966086,
    1247353881,
    98572894,
    1013875155,
    1958028051,
    1232856704,
    1240526169,
    564744293,
    136004385,
    485602325,
    1834850803,
    1863114514,
    968411771,
    1672688284,
    1586656293,
    179901503,
    717187529,
    727308368,
    640397715,
    1907893081,
    1208311788,
    11012516,
    1283630782,
    2147086423,
    737119231,
    399985711,
    689118999,
    1136482997,
    101542154,
    550113160,
    49767828,
    582394103,
    1393673440,
    27745018,
    311545124,
    516869355,
    2068004413,
    1112553801,
    1800309953,
    1382966995,
    619397990,
    267835610,
    1115296596
  ]
}