{
  "mode": "branch",
  "rep": 1028,
  "ne": 10000,
  "r": [
    1e-08,
    1.820689655172414e-07,
    3.541379310344828e-07,
    5.262068965517242e-07,
    6.982758620689656e-07,
    8.70344827586207e-07,
    1.0424137931034483e-06,
    1.2144827586206895e-06,
    1.386551724137931e-06,
    1.5586206896551725e-06,
    1.7306896551724138e-06,
    1.7306896551724138e-06,
    1.9027586206896551e-06,
    1.9027586206896551e-06,
    2.0748275862068966e-06,
    2.0748275862068966e-06,
    2.246896551724138e-06,
    2.246896551724138e-06,
    2.418965517241379e-06,
    2.418965517241379e-06,
    2.5910344827586207e-06,
    2.5910344827586207e-06,
    2.763103448275862e-06,
    2.763103448275862e-06,
    2.9351724137931037e-06,
    2.9351724137931037e-06,
    3.107241379310345e-06,
    3.107241379310345e-06,
    3.2793103448275863e-06,
    3.2793103448275863e-06,
    3.4513793103448278e-06,
    3.4513793103448278e-06,
    3.6234482758620693e-06,
    3.6234482758620693e-06,
    3.7955172413793103e-06,
    3.7955172413793103e-06,
    3.967586206896552e-06,
    3.967586206896552e-06,
    4.139655172413793e-06,
    4.139655172413793e-06,
    4.311724137931034e-06,
    4.311724137931034e-06,
    4.483793103448276e-06,
    4.483793103448276e-06,
    4.655862068965517e-06,
    4.655862068965517e-06,
    4.8279310344827585e-06,
    4.8279310344827585e-06,
    5e-06,
    5e-06
  ],
  "mu": 0,
  "samples": 250,
  "sequence_length": 1000,
  "seeds": [
    1228352524,
    1637870551,
    278392285,
    281105490,
    708692125,
    71915408,
    394983526,
    54421150,
    430958067,
    1938492125,
    652188910,
    2137807803,
    337552719,
    66518476,
    161307963,
    210966830,
    885540134,
    1879905873,
    265618151,
    469117874,
    1379425210,
    279290437,
    1700951334,
    668310391,
    1279137253,
    1990743729,
    834201192,
    921528958,
    184120193,
    850347564,
    2109147598,
    1049558400,
    1744453828,
    191145443,
    1268059852,
    94227627,
    213207666,
    495134896,
    899956906,
    6331926,
    1925277080,
    1972467410,
    1476019030,
    979437340,
    216184550,
    422490953,
    1640246884,
    1425966016,
    1507297531,
    1879281624
  ]
}