{
  "mode": "site",
  "rep": 527,
  "ne": 10000,
  "r": 1e-05,
  "mu": [
    1e-07,
    4.413793103448276e-07,
    7.827586206896552e-07,
    1.1241379310344827e-06,
    1.4655172413793102e-06,
    1.8068965517241377e-06,
    2.1482758620689656e-06,
    2.489655172413793e-06,
    2.8310344827586205e-06,
    3.172413793103448e-06,
    3.5137931034482755e-06,
    3.5137931034482755e-06,
    3.855172413793104e-06,
    3.855172413793104e-06,
    4.196551724137931e-06,
    4.196551724137931e-06,
    4.537931034482759e-06,
    4.537931034482759e-06,
    4.879310344827586e-06,
    4.879310344827586e-06,
    5.220689655172414e-06,
    5.220689655172414e-06,
    5.562068965517241e-06,
    5.562068965517241e-06,
    5.903448275862069e-06,
    5.903448275862069e-06,
    6.244827586206896e-06,
    6.244827586206896e-06,
    6.5862068965517236e-06,
    6.5862068965517236e-06,
    6.927586206896551e-06,
    6.927586206896551e-06,
    7.268965517241379e-06,
    7.268965517241379e-06,
    7.610344827586207e-06,
    7.610344827586207e-06,
    7.951724137931034e-06,
    7.951724137931034e-06,
    8.293103448275863e-06,
    8.293103448275863e-06,
    8.634482758620691e-06,
    8.634482758620691e-06,
    8.975862068965518e-06,
    8.975862068965518e-06,
    9.317241379310346e-06,
    9.317241379310346e-06,
    9.658620689655173e-06,
    9.658620689655173e-06,
    1e-05,
    1e-05
  ],
  "samples": 500,
  "sequence_length": 50000,
  "seeds": [
    521846,
    700297699,
    372548353,
    443395,
    1179689133,
    1184826545,
    542185843,
    656017016,
    708920326,
    395273976,
    323536144,
    292883053,
    1531218092,
    1982848718,
    1480007051,
    611837241,
    1370378616,
    1137978755,
    907045459,
    1881121937,
    1634539119,
    798133945,
    2115232046,
    1613971045,
    468043339,
    2104487745,
    726925092,
    354878991,
    629417681,
    80440849,
    1876435612,
    1321803246,
    1487615155,
    391639071,
    972353624,
    285984471,
    966306800,
    1394216834,
    640755551,
    2139072643,
    172921795,
    959584946,
    626514994,
    404535314,
    578530275,
    1673305181,
    1940088626,
    1768110040,
    590001411,
    1350292067
  ]
}