{
  "mode": "branch",
  "rep": 966,
  "ne": 10000,
  "r": [
    1e-08,
    1e-08,
    1.820689655172414e-07,
    1.820689655172414e-07,
    3.541379310344828e-07,
    3.541379310344828e-07,
    5.262068965517242e-07,
    5.262068965517242e-07,
    6.982758620689656e-07,
    6.982758620689656e-07,
    8.70344827586207e-07,
    8.70344827586207e-07,
    1.0424137931034483e-06,
    1.0424137931034483e-06,
    1.2144827586206895e-06,
    1.2144827586206895e-06,
    1.386551724137931e-06,
    1.386551724137931e-06,
    1.5586206896551725e-06,
    1.5586206896551725e-06,
    1.7306896551724138e-06,
    1.7306896551724138e-06,
    1.9027586206896551e-06,
    1.9027586206896551e-06,
    2.0748275862068966e-06,
    2.0748275862068966e-06,
    2.246896551724138e-06,
    2.246896551724138e-06,
    2.418965517241379e-06,
    2.418965517241379e-06,
    2.5910344827586207e-06,
    2.5910344827586207e-06,
    2.763103448275862e-06,
    2.763103448275862e-06,
    2.9351724137931037e-06,
    2.9351724137931037e-06,
    3.107241379310345e-06,
    3.107241379310345e-06,
    3.2793103448275863e-06,
    3.2793103448275863e-06,
    3.4513793103448278e-06,
    3.6234482758620693e-06,
    3.7955172413793103e-06,
    3.967586206896552e-06,
    4.139655172413793e-06,
    4.311724137931034e-06,
    4.483793103448276e-06,
    4.655862068965517e-06,
    4.8279310344827585e-06,
    5e-06
  ],
  "mu": 0,
  "samples": 250,
  "sequence_length": 1000,
  "seeds": [
    38866537,
    1165446892,
    129348281,
    1321709433,
    437671380,
    233217244,
    1542034520,
    1639373797,
    1486349728,
    356812613,
    1947458963,
    959548979,
    501921456,
    533188561,
    636884150,
    244331780,
    1913830475,
    1166642123,
    899024306,
    1591772564,
    43114244,
    1998998895,
    125098520,
    780068951,
    607059497,
    1408935900,
    493212555,
    340253665,
    1686789513,
    1786140651,
    753378927,
    2109808784,
    1201570148,
    2053138040,
    2097202894,
    38245056,
    2006435489,
    341433414,
    1271542936,
    2056453128,
    1319397229,
    822678821,
    1679190368,
    1232999083,
    1642999241,
    1271967372,
    913241152,
    140665768,
    161497103,
    500919957
  ]
}