{
  "mode": "branch",
  "rep": 838,
  "ne": 10000,
  "r": [
    1e-08,
    1e-08,
    1.820689655172414e-07,
    1.820689655172414e-07,
    3.541379310344828e-07,
    3.541379310344828e-07,
    5.262068965517242e-07,
    5.262068965517242e-07,
    6.982758620689656e-07,
    6.982758620689656e-07,
    8.70344827586207e-07,
    8.70344827586207e-07,
    1.0424137931034483e-06,
    1.0424137931034483e-06,
    1.2144827586206895e-06,
    1.2144827586206895e-06,
    1.386551724137931e-06,
    1.386551724137931e-06,
    1.5586206896551725e-06,
    1.5586206896551725e-06,
    1.7306896551724138e-06,
    1.9027586206896551e-06,
    2.0748275862068966e-06,
    2.246896551724138e-06,
    2.418965517241379e-06,
    2.5910344827586207e-06,
    2.763103448275862e-06,
    2.9351724137931037e-06,
    3.107241379310345e-06,
    3.2793103448275863e-06,
    3.4513793103448278e-06,
    3.4513793103448278e-06,
    3.6234482758620693e-06,
    3.6234482758620693e-06,
    3.7955172413793103e-06,
    3.7955172413793103e-06,
    3.967586206896552e-06,
    3.967586206896552e-06,
    4.139655172413793e-06,
    4.139655172413793e-06,
    4.311724137931034e-06,
    4.311724137931034e-06,
    4.483793103448276e-06,
    4.483793103448276e-06,
    4.655862068965517e-06,
    4.655862068965517e-06,
    4.8279310344827585e-06,
    4.8279310344827585e-06,
    5e-06,
    5e-06
  ],
  "mu": 0,
  "samples": 250,
  "sequence_length": 1000,
  "seeds": [
    878552570,
    779930251,
    973017156,
    537678098,
    1595488978,
    1131232515,
    84568448,
    2007674468,
    1117850228,
    1581578002,
    1525480519,
    1318136450,
    1054274806,
    140052339,
    700245977,
    1237493466,
    516538460,
    1368225550,
    1558480503,
    1314545117,
    1584749253,
    959558559,
    896158589,
    883111336,
    883210380,
    1277605951,
    42838039,
    121647367,
    1870631645,
    581139697,
    1681302569,
    445234735,
    565218257,
    1195688640,
    428651617,
    1124510318,
    1616605863,
    295695265,
    1858018858,
    1960299756,
    331627436,
    887467200,
    1515709167,
    982848908,
    601043503,
    1423453617,
    710457559,
    426220361,
    429211879,
    1168181265
  ]
}