{
  "mode": "branch",
  "rep": 774,
  "ne": 10000,
  "r": [
    1e-08,
    1e-08,
    1.820689655172414e-07,
    1.820689655172414e-07,
    3.541379310344828e-07,
    3.541379310344828e-07,
    5.262068965517242e-07,
    5.262068965517242e-07,
    6.982758620689656e-07,
    6.982758620689656e-07,
    8.70344827586207e-07,
    8.70344827586207e-07,
    1.0424137931034483e-06,
    1.0424137931034483e-06,
    1.2144827586206895e-06,
    1.2144827586206895e-06,
    1.386551724137931e-06,
    1.386551724137931e-06,
    1.5586206896551725e-06,
    1.5586206896551725e-06,
    1.7306896551724138e-06,
    1.7306896551724138e-06,
    1.9027586206896551e-06,
    1.9027586206896551e-06,
    2.0748275862068966e-06,
    2.0748275862068966e-06,
    2.246896551724138e-06,
    2.246896551724138e-06,
    2.418965517241379e-06,
    2.418965517241379e-06,
    2.5910344827586207e-06,
    2.5910344827586207e-06,
    2.763103448275862e-06,
    2.763103448275862e-06,
    2.9351724137931037e-06,
    2.9351724137931037e-06,
    3.107241379310345e-06,
    3.107241379310345e-06,
    3.2793103448275863e-06,
    3.2793103448275863e-06,
    3.4513793103448278e-06,
    3.6234482758620693e-06,
    3.7955172413793103e-06,
    3.967586206896552e-06,
    4.139655172413793e-06,
    4.311724137931034e-06,
    4.483793103448276e-06,
    4.655862068965517e-06,
    4.8279310344827585e-06,
    5e-06
  ],
  "mu": 0,
  "samples": 250,
  "sequence_length": 1000,
  "seeds": [
    741860976,
    1732147560,
    1916515181,
    481387110,
    1886206218,
    1662111489,
    974056469,
    1297113731,
    1292701398,
    1592801692,
    1653324811,
    221865338,
    1457127951,
    1795499598,
    1492837272,
    1526946398,
    915296993,
    196238600,
    2094246708,
    898156656,
    40912666,
    183555821,
    660027733,
    994441499,
    629565499,
    1211081640,
    1522153026,
    69516679,
    1240723902,
    84653390,
    174861730,
    529001885,
    183761918,
    402088162,
    275551328,
    1743216079,
    1976899298,
    1522202613,
    500185620,
    2144485945,
    1242915250,
    1181331849,
    514297443,
    1009878043,
    1610270980,
    2012902536,
    201772391,
    1893603427,
    1485374698,
    1342424359
  ]
}