{
  "mode": "site",
  "rep": 137,
  "ne": 10000,
  "r": 1e-05,
  "mu": [
    1e-07,
    4.413793103448276e-07,
    7.827586206896552e-07,
    1.1241379310344827e-06,
    1.4655172413793102e-06,
    1.8068965517241377e-06,
    2.1482758620689656e-06,
    2.489655172413793e-06,
    2.8310344827586205e-06,
    3.172413793103448e-06,
    3.5137931034482755e-06,
    3.5137931034482755e-06,
    3.855172413793104e-06,
    3.855172413793104e-06,
    4.196551724137931e-06,
    4.196551724137931e-06,
    4.537931034482759e-06,
    4.537931034482759e-06,
    4.879310344827586e-06,
    4.879310344827586e-06,
    5.220689655172414e-06,
    5.220689655172414e-06,
    5.562068965517241e-06,
    5.562068965517241e-06,
    5.903448275862069e-06,
    5.903448275862069e-06,
    6.244827586206896e-06,
    6.244827586206896e-06,
    6.5862068965517236e-06,
    6.5862068965517236e-06,
    6.927586206896551e-06,
    6.927586206896551e-06,
    7.268965517241379e-06,
    7.268965517241379e-06,
    7.610344827586207e-06,
    7.610344827586207e-06,
    7.951724137931034e-06,
    7.951724137931034e-06,
    8.293103448275863e-06,
    8.293103448275863e-06,
    8.634482758620691e-06,
    8.634482758620691e-06,
    8.975862068965518e-06,
    8.975862068965518e-06,
    9.317241379310346e-06,
    9.317241379310346e-06,
    9.658620689655173e-06,
    9.658620689655173e-06,
    1e-05,
    1e-05
  ],
  "samples": 500,
  "sequence_length": 50000,
  "seeds": [
    550732356,
    509880015,
    1994315893,
    44421491,
    1963295932,
    586410998,
    53777942,
    1131312957,
    282847987,
    1570822747,
    324578988,
    422600280,
    1485398293,
    1795385218,
    466651905,
    2133643018,
    425084162,
    23966605,
    784342108,
    579223524,
    416344484,
    510393960,
    1067614853,
    973933257,
    1566752202,
    1702234801,
    714627467,
    909874969,
    305037558,
    1184402684,
    334958874,
    921242399,
    599682898,
    1500169874,
    1752664972,
    1000075794,
    2070787368,
    1612055673,
    1432133616,
    1573410636,
    392319257,
    648200098,
    775780371,
    2128145698,
    928362635,
    956053532,
    1359105986,
    1048934253,
    609841465,
    904326106
  ]
}