{
  "mode": "branch",
  "rep": 1089,
  "ne": 10000,
  "r": [
    1e-08,
    1e-08,
    1.820689655172414e-07,
    1.820689655172414e-07,
    3.541379310344828e-07,
    3.541379310344828e-07,
    5.262068965517242e-07,
    5.262068965517242e-07,
    6.982758620689656e-07,
    6.982758620689656e-07,
    8.70344827586207e-07,
    8.70344827586207e-07,
    1.0424137931034483e-06,
    1.0424137931034483e-06,
    1.2144827586206895e-06,
    1.2144827586206895e-06,
    1.386551724137931e-06,
    1.386551724137931e-06,
    1.5586206896551725e-06,
    1.5586206896551725e-06,
    1.7306896551724138e-06,
    1.7306896551724138e-06,
    1.9027586206896551e-06,
    1.9027586206896551e-06,
    2.0748275862068966e-06,
    2.0748275862068966e-06,
    2.246896551724138e-06,
    2.246896551724138e-06,
    2.418965517241379e-06,
    2.418965517241379e-06,
    2.5910344827586207e-06,
    2.5910344827586207e-06,
    2.763103448275862e-06,
    2.763103448275862e-06,
    2.9351724137931037e-06,
    2.9351724137931037e-06,
    3.107241379310345e-06,
    3.107241379310345e-06,
    3.2793103448275863e-06,
    3.2793103448275863e-06,
    3.4513793103448278e-06,
    3.6234482758620693e-06,
    3.7955172413793103e-06,
    3.967586206896552e-06,
    4.139655172413793e-06,
    4.311724137931034e-06,
    4.483793103448276e-06,
    4.655862068965517e-06,
    4.8279310344827585e-06,
    5e-06
  ],
  "mu": 0,
  "samples": 250,
  "sequence_length": 1000,
  "seeds": [
    1755701090,
    390228199,
    1872913645,
    1409747688,
    1219861673,
    1142370587,
    800324334,
    2092207365,
    1244184,
    34183304,
    354709084,
    2135116550,
    1475768536,
    593348551,
    391345626,
    1018921815,
    562939756,
    893683942,
    665744541,
    2140060658,
    799141044,
    1401599669,
    58554437,
    1630788719,
    1756500700,
    340042907,
    806868515,
    591513025,
    1646972153,
    941151789,
    2145926403,
    1928821816,
    1612465462,
    1234815495,
    539770036,
    242685384,
    1100366405,
    1880957610,
    555436348,
    1807212692,
    467179463,
    1060479113,
    236378201,
    47795231,
    1683715758,
    2085585302,
    666169831,
    1812530080,
    1395840354,
    497206213
  ]
}