{
  "mode": "branch",
  "rep": 764,
  "ne": 10000,
  "r": [
    1e-08,
    1.820689655172414e-07,
    3.541379310344828e-07,
    5.262068965517242e-07,
    6.982758620689656e-07,
    8.70344827586207e-07,
    1.0424137931034483e-06,
    1.2144827586206895e-06,
    1.386551724137931e-06,
    1.5586206896551725e-06,
    1.7306896551724138e-06,
    1.7306896551724138e-06,
    1.9027586206896551e-06,
    1.9027586206896551e-06,
    2.0748275862068966e-06,
    2.0748275862068966e-06,
    2.246896551724138e-06,
    2.246896551724138e-06,
    2.418965517241379e-06,
    2.418965517241379e-06,
    2.5910344827586207e-06,
    2.5910344827586207e-06,
    2.763103448275862e-06,
    2.763103448275862e-06,
    2.9351724137931037e-06,
    2.9351724137931037e-06,
    3.107241379310345e-06,
    3.107241379310345e-06,
    3.2793103448275863e-06,
    3.2793103448275863e-06,
    3.4513793103448278e-06,
    3.4513793103448278e-06,
    3.6234482758620693e-06,
    3.6234482758620693e-06,
    3.7955172413793103e-06,
    3.7955172413793103e-06,
    3.967586206896552e-06,
    3.967586206896552e-06,
    4.139655172413793e-06,
    4.139655172413793e-06,
    4.311724137931034e-06,
    4.311724137931034e-06,
    4.483793103448276e-06,
    4.483793103448276e-06,
    4.655862068965517e-06,
    4.655862068965517e-06,
    4.8279310344827585e-06,
    4.8279310344827585e-06,
    5e-06,
    5e-06
  ],
  "mu": 0,
  "samples": 250,
  "sequence_length": 1000,
  "seeds": [
    1726184854,
    1627273550,
    237938571,
    531724949,
    2136461159,
    489680130,
    783022567,
    518524373,
    2006044327,
    2137644539,
    1979193654,
    1870403687,
    13728440,
    755379630,
    962899775,
    2051855383,
    1768213069,
    1059460464,
    1255952856,
    710487502,
    194748975,
    407084268,
    1706153278,
    1500929157,
    1923564422,
    1520540333,
    1046757165,
    810362186,
    1580527543,
    486107006,
    220718352,
    1317717654,
    365047356,
    1124566795,
    885302700,
    476972063,
    2013126739,
    1790262442,
    2138448452,
    1967067353,
    753825478,
    869137972,
    1006550955,
    1583313015,
    155783139,
    1202212176,
    2046587875,
    510300645,
    345374422,
    328972280
  ]
}