{
  "mode": "site",
  "rep": 53,
  "ne": 10000,
  "r": 1e-05,
  "mu": [
    1e-07,
    4.413793103448276e-07,
    7.827586206896552e-07,
    1.1241379310344827e-06,
    1.4655172413793102e-06,
    1.8068965517241377e-06,
    2.1482758620689656e-06,
    2.489655172413793e-06,
    2.8310344827586205e-06,
    3.172413793103448e-06,
    3.5137931034482755e-06,
    3.5137931034482755e-06,
    3.855172413793104e-06,
    3.855172413793104e-06,
    4.196551724137931e-06,
    4.196551724137931e-06,
    4.537931034482759e-06,
    4.537931034482759e-06,
    4.879310344827586e-06,
    4.879310344827586e-06,
    5.220689655172414e-06,
    5.220689655172414e-06,
    5.562068965517241e-06,
    5.562068965517241e-06,
    5.903448275862069e-06,
    5.903448275862069e-06,
    6.244827586206896e-06,
    6.244827586206896e-06,
    6.5862068965517236e-06,
    6.5862068965517236e-06,
    6.927586206896551e-06,
    6.927586206896551e-06,
    7.268965517241379e-06,
    7.268965517241379e-06,
    7.610344827586207e-06,
    7.610344827586207e-06,
    7.951724137931034e-06,
    7.951724137931034e-06,
    8.293103448275863e-06,
    8.293103448275863e-06,
    8.634482758620691e-06,
    8.634482758620691e-06,
    8.975862068965518e-06,
    8.975862068965518e-06,
    9.317241379310346e-06,
    9.317241379310346e-06,
    9.658620689655173e-06,
    9.658620689655173e-06,
    1e-05,
    1e-05
  ],
  "samples": 500,
  "sequence_length": 10000,
  "seeds": [
    1432986295,
    183131657,
    1776350995,
    298437067,
    1297279829,
    1436670593,
    1588248848,
    531638164,
    439028380,
    608977503,
    297019980,
    1193228384,
    43476074,
    613631533,
    289721454,
    1430782899,
    1099816712,
    934248522,
    476830098,
    1249196875,
    1122893600,
    407241220,
    346430015,
    718064070,
    1924861722,
    654844038,
    95709003,
    1679123887,
    544850367,
    1111489118,
    1422473283,
    1164912893,
    173411012,
    1099470805,
    1309424817,
    702887765,
    911193152,
    1895015337,
    1597463565,
    885889791,
    1922310390,
    1579553126,
    1847414821,
    1686606531,
    561161091,
    324560074,
    1794128261,
    4935526,
    2044004374,
    267323067
  ]
}