{
  "mode": "branch",
  "rep": 707,
  "ne": 10000,
  "r": [
    1e-08,
    1.820689655172414e-07,
    3.541379310344828e-07,
    5.262068965517242e-07,
    6.982758620689656e-07,
    8.70344827586207e-07,
    1.0424137931034483e-06,
    1.2144827586206895e-06,
    1.386551724137931e-06,
    1.5586206896551725e-06,
    1.7306896551724138e-06,
    1.7306896551724138e-06,
    1.9027586206896551e-06,
    1.9027586206896551e-06,
    2.0748275862068966e-06,
    2.0748275862068966e-06,
    2.246896551724138e-06,
    2.246896551724138e-06,
    2.418965517241379e-06,
    2.418965517241379e-06,
    2.5910344827586207e-06,
    2.5910344827586207e-06,
    2.763103448275862e-06,
    2.763103448275862e-06,
    2.9351724137931037e-06,
    2.9351724137931037e-06,
    3.107241379310345e-06,
    3.107241379310345e-06,
    3.2793103448275863e-06,
    3.2793103448275863e-06,
    3.4513793103448278e-06,
    3.4513793103448278e-06,
    3.6234482758620693e-06,
    3.6234482758620693e-06,
    3.7955172413793103e-06,
    3.7955172413793103e-06,
    3.967586206896552e-06,
    3.967586206896552e-06,
    4.139655172413793e-06,
    4.139655172413793e-06,
    4.311724137931034e-06,
    4.311724137931034e-06,
    4.483793103448276e-06,
    4.483793103448276e-06,
    4.655862068965517e-06,
    4.655862068965517e-06,
    4.8279310344827585e-06,
    4.8279310344827585e-06,
    5e-06,
    5e-06
  ],
  "mu": 0,
  "samples": 250,
  "sequence_length": 1000,
  "seeds": [
    1251978215,
    969597668,
    264879313,
    1325346312,
    1244122832,
    1375171533,
    1370123768,
    481379785,
    1547009179,
    363063363,
    1939441655,
    1657720629,
    1572481557,
    148331073,
    654880338,
    1898750344,
    1719097057,
    581501152,
    59474745,
    63766310,
    1855233588,
    1350682298,
    1558729528,
    296131207,
    1321013392,
    673393364,
    6531236,
    1201256118,
    955162274,
    1727083560,
    1405766414,
    1297549602,
    1130376836,
    1754999039,
    661169938,
    1753605960,
    1392283237,
    352515377,
    2061107191,
    954757509,
    1216076678,
    773977538,
    1225379598,
    1922491710,
    1971302360,
    1408145167,
    910220360,
    1946844057,
    1118652819,
    550751473
  ]
}