{
  "mode": "site",
  "rep": 161,
  "ne": 10000,
  "r": 1e-05,
  "mu": [
    1e-07,
    4.413793103448276e-07,
    7.827586206896552e-07,
    1.1241379310344827e-06,
    1.4655172413793102e-06,
    1.8068965517241377e-06,
    2.1482758620689656e-06,
    2.489655172413793e-06,
    2.8310344827586205e-06,
    3.172413793103448e-06,
    3.5137931034482755e-06,
    3.5137931034482755e-06,
    3.855172413793104e-06,
    3.855172413793104e-06,
    4.196551724137931e-06,
    4.196551724137931e-06,
    4.537931034482759e-06,
    4.537931034482759e-06,
    4.879310344827586e-06,
    4.879310344827586e-06,
    5.220689655172414e-06,
    5.220689655172414e-06,
    5.562068965517241e-06,
    5.562068965517241e-06,
    5.903448275862069e-06,
    5.903448275862069e-06,
    6.244827586206896e-06,
    6.244827586206896e-06,
    6.5862068965517236e-06,
    6.5862068965517236e-06,
    6.927586206896551e-06,
    6.927586206896551e-06,
    7.268965517241379e-06,
    7.268965517241379e-06,
    7.610344827586207e-06,
    7.610344827586207e-06,
    7.951724137931034e-06,
    7.951724137931034e-06,
    8.293103448275863e-06,
    8.293103448275863e-06,
    8.634482758620691e-06,
    8.634482758620691e-06,
    8.975862068965518e-06,
    8.975862068965518e-06,
    9.317241379310346e-06,
    9.317241379310346e-06,
    9.658620689655173e-06,
    9.658620689655173e-06,
    1e-05,
    1e-05
  ],
  "samples": 500,
  "sequence_length": 10000,
  "seeds": [
    1354429071,
    2069878955,
    1634345622,
    71369961,
    1488722257,
    1267585933,
    1226723514,
    1709162647,
    1320585756,
    202291202,
    1767636407,
    165946462,
    1404313557,
    239679794,
    1757614440,
    170375123,
    1767633858,
    281498381,
    1137289298,
    1205724552,
    1221037104,
    1554185297,
    1215814472,
    833625824,
    622043482,
    826918861,
    1460355695,
    1164338785,
    1564117923,
    1057068580,
    183469182,
    1373845795,
    520598192,
    417076893,
    1992660517,
    1516023647,
    1371110105,
    156542454,
    1828192663,
    825233091,
    650757708,
    756974186,
    141673250,
    589831819,
    1184101628,
    982865610,
    397224706,
    1850376519,
    948122049,
    1459812458
  ]
}