{
  "mode": "site",
  "rep": 298,
  "ne": 10000,
  "r": 1e-05,
  "mu": [
    1e-07,
    1e-07,
    4.413793103448276e-07,
    4.413793103448276e-07,
    7.827586206896552e-07,
    7.827586206896552e-07,
    1.1241379310344827e-06,
    1.1241379310344827e-06,
    1.4655172413793102e-06,
    1.4655172413793102e-06,
    1.8068965517241377e-06,
    1.8068965517241377e-06,
    2.1482758620689656e-06,
    2.1482758620689656e-06,
    2.489655172413793e-06,
    2.489655172413793e-06,
    2.8310344827586205e-06,
    2.8310344827586205e-06,
    3.172413793103448e-06,
    3.172413793103448e-06,
    3.5137931034482755e-06,
    3.855172413793104e-06,
    4.196551724137931e-06,
    4.537931034482759e-06,
    4.879310344827586e-06,
    5.220689655172414e-06,
    5.562068965517241e-06,
    5.903448275862069e-06,
    6.244827586206896e-06,
    6.5862068965517236e-06,
    6.927586206896551e-06,
    6.927586206896551e-06,
    7.268965517241379e-06,
    7.268965517241379e-06,
    7.610344827586207e-06,
    7.610344827586207e-06,
    7.951724137931034e-06,
    7.951724137931034e-06,
    8.293103448275863e-06,
    8.293103448275863e-06,
    8.634482758620691e-06,
    8.634482758620691e-06,
    8.975862068965518e-06,
    8.975862068965518e-06,
    9.317241379310346e-06,
    9.317241379310346e-06,
    9.658620689655173e-06,
    9.658620689655173e-06,
    1e-05,
    1e-05
  ],
  "samples": 500,
  "sequence_length": 50000,
  "seeds": [
    1931987204,
    13841321,
    1332329320,
    1272783624,
    2135926270,
    2000072088,
    1856360557,
    1944019983,
    2078705945,
    229455850,
    1046543897,
    841886717,
    1983252952,
    1388900608,
    1707633577,
    765504028,
    1393868447,
    1652346684,
    1354771069,
    621709583,
    1575127802,
    1708809568,
    1472617881,
    180161498,
    1492792852,
    760622746,
    1738220537,
    1662954833,
    1557528775,
    1735924604,
    1321094085,
    1868862598,
    1239672903,
    631994935,
    1459124428,
    752257292,
    1466818475,
    211550509,
    632562390,
    881634403,
    1311628223,
    439280628,
    32467537,
    787907602,
    90623484,
    1431728473,
    1022359805,
    1168270473,
    1155754803,
    1893856323
  ]
}