{
  "mode": "branch",
  "rep": 1176,
  "ne": 10000,
  "r": [
    1e-08,
    1e-08,
    1.820689655172414e-07,
    1.820689655172414e-07,
    3.541379310344828e-07,
    3.541379310344828e-07,
    5.262068965517242e-07,
    5.262068965517242e-07,
    6.982758620689656e-07,
    6.982758620689656e-07,
    8.70344827586207e-07,
    8.70344827586207e-07,
    1.0424137931034483e-06,
    1.0424137931034483e-06,
    1.2144827586206895e-06,
    1.2144827586206895e-06,
    1.386551724137931e-06,
    1.386551724137931e-06,
    1.5586206896551725e-06,
    1.5586206896551725e-06,
    1.7306896551724138e-06,
    1.7306896551724138e-06,
    1.9027586206896551e-06,
    1.9027586206896551e-06,
    2.0748275862068966e-06,
    2.0748275862068966e-06,
    2.246896551724138e-06,
    2.246896551724138e-06,
    2.418965517241379e-06,
    2.418965517241379e-06,
    2.5910344827586207e-06,
    2.5910344827586207e-06,
    2.763103448275862e-06,
    2.763103448275862e-06,
    2.9351724137931037e-06,
    2.9351724137931037e-06,
    3.107241379310345e-06,
    3.107241379310345e-06,
    3.2793103448275863e-06,
    3.2793103448275863e-06,
    3.4513793103448278e-06,
    3.6234482758620693e-06,
    3.7955172413793103e-06,
    3.967586206896552e-06,
    4.139655172413793e-06,
    4.311724137931034e-06,
    4.483793103448276e-06,
    4.655862068965517e-06,
    4.8279310344827585e-06,
    5e-06
  ],
  "mu": 0,
  "samples": 250,
  "sequence_length": 1000,
  "seeds": [
    1001364089,
    2067616851,
    546311643,
    1643254646,
    1451847663,
    593727921,
    1145567145,
    2097789180,
    200271172,
    461568591,
    198526255,
    2080283544,
    1639583974,
    1866859461,
    1953894031,
    339323566,
    1047791055,
    1724234421,
    156300372,
    932245451,
    230212620,
    1937500114,
    1489425851,
    1422744143,
    1960269951,
    1486773221,
    397144893,
    973431082,
    388027711,
    1852757055,
    1372256863,
    1874867542,
    1700168676,
    136748805,
    668528912,
    1484681181,
    1258513322,
    1199113332,
    1366263751,
    272558352,
    1164467452,
    1413543469,
    957438046,
    747074058,
    112526680,
    1856452526,
    1825106139,
    2017385354,
    2122201920,
    1021331994
  ]
}