{
  "mode": "site",
  "rep": 70,
  "ne": 10000,
  "r": 1e-05,
  "mu": [
    1e-07,
    1e-07,
    4.413793103448276e-07,
    4.413793103448276e-07,
    7.827586206896552e-07,
    7.827586206896552e-07,
    1.1241379310344827e-06,
    1.1241379310344827e-06,
    1.4655172413793102e-06,
    1.4655172413793102e-06,
    1.8068965517241377e-06,
    1.8068965517241377e-06,
    2.1482758620689656e-06,
    2.1482758620689656e-06,
    2.489655172413793e-06,
    2.489655172413793e-06,
    2.8310344827586205e-06,
    2.8310344827586205e-06,
    3.172413793103448e-06,
    3.172413793103448e-06,
    3.5137931034482755e-06,
    3.855172413793104e-06,
    4.196551724137931e-06,
    4.537931034482759e-06,
    4.879310344827586e-06,
    5.220689655172414e-06,
    5.562068965517241e-06,
    5.903448275862069e-06,
    6.244827586206896e-06,
    6.5862068965517236e-06,
    6.927586206896551e-06,
    6.927586206896551e-06,
    7.268965517241379e-06,
    7.268965517241379e-06,
    7.610344827586207e-06,
    7.610344827586207e-06,
    7.951724137931034e-06,
    7.951724137931034e-06,
    8.293103448275863e-06,
    8.293103448275863e-06,
    8.634482758620691e-06,
    8.634482758620691e-06,
    8.975862068965518e-06,
    8.975862068965518e-06,
    9.317241379310346e-06,
    9.317241379310346e-06,
    9.658620689655173e-06,
    9.658620689655173e-06,
    1e-05,
    1e-05
  ],
  "samples": 500,
  "sequence_length": 10000,
  "seeds": [
    125305650,
    1629935060,
    248317045,
    1813587859,
    132751508,
    705687220,
    2124143034,
    417158038,
    1204319290,
    1794978833,
    775403492,
    1672375680,
    712516290,
    354942589,
    354643178,
    949109808,
    1873137634,
    2084465904,
    684515397,
    1528363875,
    1418676863,
    283186487,
    1006630265,
    566590396,
    1025193706,
    455447800,
    546138930,
    191425181,
    1029461377,
    767379941,
    1604957718,
    760963021,
    740918432,
    765784637,
    1968853920,
    1664744109,
    791795279,
    1890376144,
    1809443175,
    461630180,
    1346889035,
    406597964,
    680278482,
    1976067503,
    975604738,
    1987026170,
    1936382104,
    714521215,
    62971272,
    751940641
  ]
}