{
  "mode": "branch",
  "rep": 980,
  "ne": 10000,
  "r": [
    1e-08,
    1.820689655172414e-07,
    3.541379310344828e-07,
    5.262068965517242e-07,
    6.982758620689656e-07,
    8.70344827586207e-07,
    1.0424137931034483e-06,
    1.2144827586206895e-06,
    1.386551724137931e-06,
    1.5586206896551725e-06,
    1.7306896551724138e-06,
    1.7306896551724138e-06,
    1.9027586206896551e-06,
    1.9027586206896551e-06,
    2.0748275862068966e-06,
    2.0748275862068966e-06,
    2.246896551724138e-06,
    2.246896551724138e-06,
    2.418965517241379e-06,
    2.418965517241379e-06,
    2.5910344827586207e-06,
    2.5910344827586207e-06,
    2.763103448275862e-06,
    2.763103448275862e-06,
    2.9351724137931037e-06,
    2.9351724137931037e-06,
    3.107241379310345e-06,
    3.107241379310345e-06,
    3.2793103448275863e-06,
    3.2793103448275863e-06,
    3.4513793103448278e-06,
    3.4513793103448278e-06,
    3.6234482758620693e-06,
    3.6234482758620693e-06,
    3.7955172413793103e-06,
    3.7955172413793103e-06,
    3.967586206896552e-06,
    3.967586206896552e-06,
    4.139655172413793e-06,
    4.139655172413793e-06,
    4.311724137931034e-06,
    4.311724137931034e-06,
    4.483793103448276e-06,
    4.483793103448276e-06,
    4.655862068965517e-06,
    4.655862068965517e-06,
    4.8279310344827585e-06,
    4.8279310344827585e-06,
    5e-06,
    5e-06
  ],
  "mu": 0,
  "samples": 250,
  "sequence_length": 1000,
  "seeds": [
    2039171691,
    1816309285,
    1166149261,
    518770433,
    819744659,
    1425879965,
    227173884,
    355152460,
    457809529,
    1371224340,
    604846087,
    277838193,
    978585326,
    1795182125,
    2030701452,
    874702197,
    523460954,
    1893727647,
    1626407749,
    1868501816,
    1384891088,
    1881036760,
    1366335500,
    1507835786,
    1761700018,
    708323919,
    862235010,
    2046545165,
    898010509,
    307926132,
    418856132,
    1171113763,
    1060190459,
    1719223990,
    1625927310,
    691572649,
    1015930865,
    1789423157,
    172487697,
    349197755,
    1411434493,
    499930352,
    1831823048,
    1705951134,
    2047104811,
    1807327990,
    479322653,
    1332232845,
    1430815484,
    1577418899
  ]
}