{
  "mode": "site",
  "rep": 571,
  "ne": 10000,
  "r": 1e-05,
  "mu": [
    1e-07,
    1e-07,
    4.413793103448276e-07,
    4.413793103448276e-07,
    7.827586206896552e-07,
    7.827586206896552e-07,
    1.1241379310344827e-06,
    1.1241379310344827e-06,
    1.4655172413793102e-06,
    1.4655172413793102e-06,
    1.8068965517241377e-06,
    1.8068965517241377e-06,
    2.1482758620689656e-06,
    2.1482758620689656e-06,
    2.489655172413793e-06,
    2.489655172413793e-06,
    2.8310344827586205e-06,
    2.8310344827586205e-06,
    3.172413793103448e-06,
    3.172413793103448e-06,
    3.5137931034482755e-06,
    3.855172413793104e-06,
    4.196551724137931e-06,
    4.537931034482759e-06,
    4.879310344827586e-06,
    5.220689655172414e-06,
    5.562068965517241e-06,
    5.903448275862069e-06,
    6.244827586206896e-06,
    6.5862068965517236e-06,
    6.927586206896551e-06,
    6.927586206896551e-06,
    7.268965517241379e-06,
    7.268965517241379e-06,
    7.610344827586207e-06,
    7.610344827586207e-06,
    7.951724137931034e-06,
    7.951724137931034e-06,
    8.293103448275863e-06,
    8.293103448275863e-06,
    8.634482758620691e-06,
    8.634482758620691e-06,
    8.975862068965518e-06,
    8.975862068965518e-06,
    9.317241379310346e-06,
    9.317241379310346e-06,
    9.658620689655173e-06,
    9.658620689655173e-06,
    1e-05,
    1e-05
  ],
  "samples": 500,
  "sequence_length": 10000,
  "seeds": [
    1387548521,
    258324659,
    174131232,
    769468579,
    1052996297,
    168965628,
    1257949655,
    775902020,
    505179885,
    296674710,
    1804501642,
    1335743409,
    2038514954,
    617212778,
    1388302300,
    1773017313,
    439286828,
    2047544994,
    870778876,
    988413689,
    1643243324,
    1351455449,
    1445506727,
    1385120421,
    2107186546,
    1954796218,
    202751531,
    410768809,
    1997979915,
    762830741,
    896565834,
    1335704814,
    178498021,
    1787207632,
    1851098295,
    1293734274,
    1163544089,
    787538764,
    1993488926,
    1190532692,
    1088761630,
    1387321846,
    1084754614,
    319386075,
    517750962,
    1185753155,
    1581847298,
    1284349974,
    309294516,
    548487043
  ]
}