{
  "mode": "branch",
  "rep": 700,
  "ne": 10000,
  "r": [
    1e-08,
    1e-08,
    1.820689655172414e-07,
    1.820689655172414e-07,
    3.541379310344828e-07,
    3.541379310344828e-07,
    5.262068965517242e-07,
    5.262068965517242e-07,
    6.982758620689656e-07,
    6.982758620689656e-07,
    8.70344827586207e-07,
    8.70344827586207e-07,
    1.0424137931034483e-06,
    1.0424137931034483e-06,
    1.2144827586206895e-06,
    1.2144827586206895e-06,
    1.386551724137931e-06,
    1.386551724137931e-06,
    1.5586206896551725e-06,
    1.5586206896551725e-06,
    1.7306896551724138e-06,
    1.9027586206896551e-06,
    2.0748275862068966e-06,
    2.246896551724138e-06,
    2.418965517241379e-06,
    2.5910344827586207e-06,
    2.763103448275862e-06,
    2.9351724137931037e-06,
    3.107241379310345e-06,
    3.2793103448275863e-06,
    3.4513793103448278e-06,
    3.4513793103448278e-06,
    3.6234482758620693e-06,
    3.6234482758620693e-06,
    3.7955172413793103e-06,
    3.7955172413793103e-06,
    3.967586206896552e-06,
    3.967586206896552e-06,
    4.139655172413793e-06,
    4.139655172413793e-06,
    4.311724137931034e-06,
    4.311724137931034e-06,
    4.483793103448276e-06,
    4.483793103448276e-06,
    4.655862068965517e-06,
    4.655862068965517e-06,
    4.8279310344827585e-06,
    4.8279310344827585e-06,
    5e-06,
    5e-06
  ],
  "mu": 0,
  "samples": 250,
  "sequence_length": 1000,
  "seeds": [
    1641573066,
    629769442,
    594166812,
    210000061,
    707963410,
    2076020634,
    289833474,
    139661449,
    2060475526,
    2040573918,
    292052920,
    1753277096,
    1246889362,
    1286910216,
    1567694104,
    2116767284,
    2073434520,
    1095144157,
    1356813832,
    1831592080,
    755128582,
    1653752558,
    1744274912,
    1952567274,
    1729070650,
    703312817,
    1695563841,
    452944640,
    501571998,
    1880765542,
    1413557476,
    595607263,
    1239234857,
    1251599676,
    1478229204,
    2122246453,
    1589609369,
    1444768195,
    1272793482,
    468081829,
    1677816909,
    1321121988,
    553321150,
    1906219899,
    1963061372,
    127813275,
    2147442470,
    1310345291,
    904642867,
    313860969
  ]
}