{
  "mode": "branch",
  "rep": 1091,
  "ne": 10000,
  "r": [
    1e-08,
    1.820689655172414e-07,
    3.541379310344828e-07,
    5.262068965517242e-07,
    6.982758620689656e-07,
    8.70344827586207e-07,
    1.0424137931034483e-06,
    1.2144827586206895e-06,
    1.386551724137931e-06,
    1.5586206896551725e-06,
    1.7306896551724138e-06,
    1.7306896551724138e-06,
    1.9027586206896551e-06,
    1.9027586206896551e-06,
    2.0748275862068966e-06,
    2.0748275862068966e-06,
    2.246896551724138e-06,
    2.246896551724138e-06,
    2.418965517241379e-06,
    2.418965517241379e-06,
    2.5910344827586207e-06,
    2.5910344827586207e-06,
    2.763103448275862e-06,
    2.763103448275862e-06,
    2.9351724137931037e-06,
    2.9351724137931037e-06,
    3.107241379310345e-06,
    3.107241379310345e-06,
    3.2793103448275863e-06,
    3.2793103448275863e-06,
    3.4513793103448278e-06,
    3.4513793103448278e-06,
    3.6234482758620693e-06,
    3.6234482758620693e-06,
    3.7955172413793103e-06,
    3.7955172413793103e-06,
    3.967586206896552e-06,
    3.967586206896552e-06,
    4.139655172413793e-06,
    4.139655172413793e-06,
    4.311724137931034e-06,
    4.311724137931034e-06,
    4.483793103448276e-06,
    4.483793103448276e-06,
    4.655862068965517e-06,
    4.655862068965517e-06,
    4.8279310344827585e-06,
    4.8279310344827585e-06,
    5e-06,
    5e-06
  ],
  "mu": 0,
  "samples": 250,
  "sequence_length": 1000,
  "seeds": [
    1943025754,
    518626959,
    1508220207,
    654710132,
    1227775810,
    954229875,
    2002862129,
    1898881083,
    1244099051,
    2012877646,
    481411946,
    1022529057,
    837504059,
    1014701423,
    63107074,
    1924315465,
    1501822335,
    1339451058,
    866500317,
    875808986,
    765282751,
    1007064126,
    740711464,
    979640900,
    136217033,
    1390283644,
    80937123,
    839773908,
    1996863005,
    825091432,
    1025134964,
    12383116,
    1109115056,
    1809698444,
    20679721,
    1621452231,
    1603775913,
    356952980,
    996156385,
    2085819066,
    2005730718,
    663115264,
    1803829365,
    346419449,
    1677473669,
    1839088655,
    935549135,
    668267148,
    2038340840,
    1521344569
  ]
}