{
  "mode": "site",
  "rep": 195,
  "ne": 10000,
  "r": 1e-05,
  "mu": [
    1e-07,
    1e-07,
    4.413793103448276e-07,
    4.413793103448276e-07,
    7.827586206896552e-07,
    7.827586206896552e-07,
    1.1241379310344827e-06,
    1.1241379310344827e-06,
    1.4655172413793102e-06,
    1.4655172413793102e-06,
    1.8068965517241377e-06,
    1.8068965517241377e-06,
    2.1482758620689656e-06,
    2.1482758620689656e-06,
    2.489655172413793e-06,
    2.489655172413793e-06,
    2.8310344827586205e-06,
    2.8310344827586205e-06,
    3.172413793103448e-06,
    3.172413793103448e-06,
    3.5137931034482755e-06,
    3.5137931034482755e-06,
    3.855172413793104e-06,
    3.855172413793104e-06,
    4.196551724137931e-06,
    4.196551724137931e-06,
    4.537931034482759e-06,
    4.537931034482759e-06,
    4.879310344827586e-06,
    4.879310344827586e-06,
    5.220689655172414e-06,
    5.220689655172414e-06,
    5.562068965517241e-06,
    5.562068965517241e-06,
    5.903448275862069e-06,
    5.903448275862069e-06,
    6.244827586206896e-06,
    6.244827586206896e-06,
    6.5862068965517236e-06,
    6.5862068965517236e-06,
    6.927586206896551e-06,
    7.268965517241379e-06,
    7.610344827586207e-06,
    7.951724137931034e-06,
    8.293103448275863e-06,
    8.634482758620691e-06,
    8.975862068965518e-06,
    9.317241379310346e-06,
    9.658620689655173e-06,
    1e-05
  ],
  "samples": 500,
  "sequence_length": 10000,
  "seeds": [
    674111056,
    1555684414,
    1784031426,
    1723303499,
    1639779710,
    1052276231,
    1589608812,
    691581810,
    990667305,
    1769057161,
    1123989756,
    50849242,
    389575098,
    922277052,
    1008836884,
    1035974922,
    818186390,
    1281422222,
    591907843,
    346609301,
    1834226388,
    822390994,
    1482655339,
    652031663,
    707641916,
    2137038287,
    2042213592,
    367668542,
    1009308040,
    1366379295,
    913166679,
    1030566460,
    1401748768,
    725389204,
    1031729906,
    1792888714,
    270070929,
    1686143033,
    626170745,
    490207223,
    138466151,
    1600242552,
    990532314,
    1318674749,
    480971807,
    1042323586,
    681648912,
    1945656578,
    261432360,
    2068633642
  ]
}