{
  "mode": "branch",
  "rep": 691,
  "ne": 10000,
  "r": [
    1e-08,
    1e-08,
    1.820689655172414e-07,
    1.820689655172414e-07,
    3.541379310344828e-07,
    3.541379310344828e-07,
    5.262068965517242e-07,
    5.262068965517242e-07,
    6.982758620689656e-07,
    6.982758620689656e-07,
    8.70344827586207e-07,
    8.70344827586207e-07,
    1.0424137931034483e-06,
    1.0424137931034483e-06,
    1.2144827586206895e-06,
    1.2144827586206895e-06,
    1.386551724137931e-06,
    1.386551724137931e-06,
    1.5586206896551725e-06,
    1.5586206896551725e-06,
    1.7306896551724138e-06,
    1.9027586206896551e-06,
    2.0748275862068966e-06,
    2.246896551724138e-06,
    2.418965517241379e-06,
    2.5910344827586207e-06,
    2.763103448275862e-06,
    2.9351724137931037e-06,
    3.107241379310345e-06,
    3.2793103448275863e-06,
    3.4513793103448278e-06,
    3.4513793103448278e-06,
    3.6234482758620693e-06,
    3.6234482758620693e-06,
    3.7955172413793103e-06,
    3.7955172413793103e-06,
    3.967586206896552e-06,
    3.967586206896552e-06,
    4.139655172413793e-06,
    4.139655172413793e-06,
    4.311724137931034e-06,
    4.311724137931034e-06,
    4.483793103448276e-06,
    4.483793103448276e-06,
    4.655862068965517e-06,
    4.655862068965517e-06,
    4.8279310344827585e-06,
    4.8279310344827585e-06,
    5e-06,
    5e-06
  ],
  "mu": 0,
  "samples": 250,
  "sequence_length": 1000,
  "seeds": [
    239155228,
    1123725194,
    1713722816,
    741168030,
    1371294084,
    364778169,
    603040392,
    1596044086,
    1702239072,
    124428671,
    1403585741,
    1769945722,
    948470804,
    1095740602,
    279385919,
    1163540543,
    2049461186,
    636584132,
    847991371,
    806147430,
    1836164100,
    48250834,
    1367231144,
    1748542054,
    1591217650,
    114356484,
    1550554263,
    1318212363,
    1124900032,
    1865862520,
    1321950546,
    1633983851,
    885729277,
    4054812,
    367874467,
    646775771,
    2138949293,
    1377854026,
    512729498,
    364347605,
    880712559,
    204838055,
    1971889377,
    784062737,
    2128991064,
    178870192,
    419246970,
    1619693909,
    359286171,
    496963589
  ]
}