{
  "mode": "site",
  "rep": 16,
  "ne": 10000,
  "r": 1e-05,
  "mu": [
    1e-07,
    1e-07,
    4.413793103448276e-07,
    4.413793103448276e-07,
    7.827586206896552e-07,
    7.827586206896552e-07,
    1.1241379310344827e-06,
    1.1241379310344827e-06,
    1.4655172413793102e-06,
    1.4655172413793102e-06,
    1.8068965517241377e-06,
    1.8068965517241377e-06,
    2.1482758620689656e-06,
    2.1482758620689656e-06,
    2.489655172413793e-06,
    2.489655172413793e-06,
    2.8310344827586205e-06,
    2.8310344827586205e-06,
    3.172413793103448e-06,
    3.172413793103448e-06,
    3.5137931034482755e-06,
    3.855172413793104e-06,
    4.196551724137931e-06,
    4.537931034482759e-06,
    4.879310344827586e-06,
    5.220689655172414e-06,
    5.562068965517241e-06,
    5.903448275862069e-06,
    6.244827586206896e-06,
    6.5862068965517236e-06,
    6.927586206896551e-06,
    6.927586206896551e-06,
    7.268965517241379e-06,
    7.268965517241379e-06,
    7.610344827586207e-06,
    7.610344827586207e-06,
    7.951724137931034e-06,
    7.951724137931034e-06,
    8.293103448275863e-06,
    8.293103448275863e-06,
    8.634482758620691e-06,
    8.634482758620691e-06,
    8.975862068965518e-06,
    8.975862068965518e-06,
    9.317241379310346e-06,
    9.317241379310346e-06,
    9.658620689655173e-06,
    9.658620689655173e-06,
    1e-05,
    1e-05
  ],
  "samples": 500,
  "sequence_length": 50000,
  "seeds": [
    1087495069,
    119992825,
    691148083,
    2048555896,
    1592261435,
    1365302495,
    806336037,
    539224069,
    1632959272,
    14483938,
    980251617,
    1030412138,
    1209917203,
    1250126826,
    2039316907,
    467086007,
    1633119856,
    431334349,
    1088155589,
    1741696182,
    546002363,
    1713423520,
    2125372354,
    1867860417,
    313279703,
    2023085029,
    194471593,
    1974851086,
    1596048967,
    698521416,
    129115062,
    1810959356,
    381502222,
    2043412641,
    1351644680,
    1207811377,
    31043962,
    747911150,
    796681594,
    1648015268,
    1607875690,
    557571566,
    804370392,
    1932484553,
    592171824,
    1708451381,
    626739026,
    1148188381,
    785930676,
    974872341
  ]
}