{
  "mode": "branch",
  "rep": 1196,
  "ne": 10000,
  "r": [
    1e-08,
    1.820689655172414e-07,
    3.541379310344828e-07,
    5.262068965517242e-07,
    6.982758620689656e-07,
    8.70344827586207e-07,
    1.0424137931034483e-06,
    1.2144827586206895e-06,
    1.386551724137931e-06,
    1.5586206896551725e-06,
    1.7306896551724138e-06,
    1.7306896551724138e-06,
    1.9027586206896551e-06,
    1.9027586206896551e-06,
    2.0748275862068966e-06,
    2.0748275862068966e-06,
    2.246896551724138e-06,
    2.246896551724138e-06,
    2.418965517241379e-06,
    2.418965517241379e-06,
    2.5910344827586207e-06,
    2.5910344827586207e-06,
    2.763103448275862e-06,
    2.763103448275862e-06,
    2.9351724137931037e-06,
    2.9351724137931037e-06,
    3.107241379310345e-06,
    3.107241379310345e-06,
    3.2793103448275863e-06,
    3.2793103448275863e-06,
    3.4513793103448278e-06,
    3.4513793103448278e-06,
    3.6234482758620693e-06,
    3.6234482758620693e-06,
    3.7955172413793103e-06,
    3.7955172413793103e-06,
    3.967586206896552e-06,
    3.967586206896552e-06,
    4.139655172413793e-06,
    4.139655172413793e-06,
    4.311724137931034e-06,
    4.311724137931034e-06,
    4.483793103448276e-06,
    4.483793103448276e-06,
    4.655862068965517e-06,
    4.655862068965517e-06,
    4.8279310344827585e-06,
    4.8279310344827585e-06,
    5e-06,
    5e-06
  ],
  "mu": 0,
  "samples": 250,
  "sequence_length": 1000,
  "seeds": [
    1319256716,
    747009982,
    1139051356,
    1358669326,
    805966831,
    831759655,
    1730793594,
    1266419465,
    1925587349,
    278247556,
    688610635,
    744314755,
    941263840,
    1752234679,
    761821321,
    1561375740,
    1785968205,
    861330577,
    593825810,
    145426811,
    1754801921,
    1089546850,
    1837909981,
    2002457133,
    226911720,
    196233389,
    2099239923,
    903519920,
    1660788750,
    51848191,
    1005817765,
    1164976606,
    1184767098,
    932582283,
    1571104043,
    1804188683,
    999034266,
    1473948621,
    583613169,
    703485490,
    2139428596,
    575268459,
    1821267422,
    44063083,
    1446036152,
    884769872,
    1004398558,
    60267681,
    126163530,
    2129855252
  ]
}