{
  "mode": "site",
  "rep": 457,
  "ne": 10000,
  "r": 1e-05,
  "mu": [
    1e-07,
    1e-07,
    4.413793103448276e-07,
    4.413793103448276e-07,
    7.827586206896552e-07,
    7.827586206896552e-07,
    1.1241379310344827e-06,
    1.1241379310344827e-06,
    1.4655172413793102e-06,
    1.4655172413793102e-06,
    1.8068965517241377e-06,
    1.8068965517241377e-06,
    2.1482758620689656e-06,
    2.1482758620689656e-06,
    2.489655172413793e-06,
    2.489655172413793e-06,
    2.8310344827586205e-06,
    2.8310344827586205e-06,
    3.172413793103448e-06,
    3.172413793103448e-06,
    3.5137931034482755e-06,
    3.855172413793104e-06,
    4.196551724137931e-06,
    4.537931034482759e-06,
    4.879310344827586e-06,
    5.220689655172414e-06,
    5.562068965517241e-06,
    5.903448275862069e-06,
    6.244827586206896e-06,
    6.5862068965517236e-06,
    6.927586206896551e-06,
    6.927586206896551e-06,
    7.268965517241379e-06,
    7.268965517241379e-06,
    7.610344827586207e-06,
    7.610344827586207e-06,
    7.951724137931034e-06,
    7.951724137931034e-06,
    8.293103448275863e-06,
    8.293103448275863e-06,
    8.634482758620691e-06,
    8.634482758620691e-06,
    8.975862068965518e-06,
    8.975862068965518e-06,
    9.317241379310346e-06,
    9.317241379310346e-06,
    9.658620689655173e-06,
    9.658620689655173e-06,
    1e-05,
    1e-05
  ],
  "samples": 500,
  "sequence_length": 10000,
  "seeds": [
    1124063452,
    1824558234,
    780751385,
    766662299,
    844431613,
    1966820632,
    2067408770,
    1872489864,
    2023740720,
    1133398691,
    1197258309,
    1903206273,
    810934472,
    1000861318,
    1153366768,
    1896533397,
    694274146,
    93506101,
    34844760,
    1629197695,
    736633257,
    84674722,
    366069267,
    1816764244,
    13438469,
    1932754957,
    427235274,
    681852214,
    2056708646,
    978833171,
    958233745,
    804334002,
    232753285,
    1752439314,
    632153371,
    832109563,
    1456428763,
    666731092,
    2067451132,
    1192734352,
    2001155967,
    1749873095,
    1008793800,
    1513420661,
    509439677,
    68141925,
    1659800437,
    67832353,
    1255488050,
    873197641
  ]
}