{
  "mode": "branch",
  "rep": 972,
  "ne": 10000,
  "r": [
    1e-08,
    1e-08,
    1.820689655172414e-07,
    1.820689655172414e-07,
    3.541379310344828e-07,
    3.541379310344828e-07,
    5.262068965517242e-07,
    5.262068965517242e-07,
    6.982758620689656e-07,
    6.982758620689656e-07,
    8.70344827586207e-07,
    8.70344827586207e-07,
    1.0424137931034483e-06,
    1.0424137931034483e-06,
    1.2144827586206895e-06,
    1.2144827586206895e-06,
    1.386551724137931e-06,
    1.386551724137931e-06,
    1.5586206896551725e-06,
    1.5586206896551725e-06,
    1.7306896551724138e-06,
    1.7306896551724138e-06,
    1.9027586206896551e-06,
    1.9027586206896551e-06,
    2.0748275862068966e-06,
    2.0748275862068966e-06,
    2.246896551724138e-06,
    2.246896551724138e-06,
    2.418965517241379e-06,
    2.418965517241379e-06,
    2.5910344827586207e-06,
    2.5910344827586207e-06,
    2.763103448275862e-06,
    2.763103448275862e-06,
    2.9351724137931037e-06,
    2.9351724137931037e-06,
    3.107241379310345e-06,
    3.107241379310345e-06,
    3.2793103448275863e-06,
    3.2793103448275863e-06,
    3.4513793103448278e-06,
    3.6234482758620693e-06,
    3.7955172413793103e-06,
    3.967586206896552e-06,
    4.139655172413793e-06,
    4.311724137931034e-06,
    4.483793103448276e-06,
    4.655862068965517e-06,
    4.8279310344827585e-06,
    5e-06
  ],
  "mu": 0,
  "samples": 250,
  "sequence_length": 1000,
  "seeds": [
    1675830323,
    1347729874,
    882168588,
    112335759,
    1189902841,
    9484344,
    1918579969,
    1660271941,
    1063392652,
    1547498678,
    1075336393,
    914753398,
    762534201,
    76658530,
    1478968800,
    542471642,
    1859948866,
    1064010876,
    813265323,
    243296262,
    739811229,
    1821904082,
    449840722,
    1962131280,
    1667951355,
    1696936053,
    2144642978,
    1193142437,
    19125738,
    1578435671,
    1504965110,
    149354494,
    2001991164,
    898325564,
    300028628,
    1596813968,
    1086016662,
    600567185,
    292562010,
    1474538324,
    1596504786,
    1019025186,
    808758749,
    795959985,
    850214041,
    1618935845,
    154828220,
    756549522,
    194059189,
    1054055270
  ]
}