{
  "mode": "branch",
  "rep": 897,
  "ne": 10000,
  "r": [
    1e-08,
    1e-08,
    1.820689655172414e-07,
    1.820689655172414e-07,
    3.541379310344828e-07,
    3.541379310344828e-07,
    5.262068965517242e-07,
    5.262068965517242e-07,
    6.982758620689656e-07,
    6.982758620689656e-07,
    8.70344827586207e-07,
    8.70344827586207e-07,
    1.0424137931034483e-06,
    1.0424137931034483e-06,
    1.2144827586206895e-06,
    1.2144827586206895e-06,
    1.386551724137931e-06,
    1.386551724137931e-06,
    1.5586206896551725e-06,
    1.5586206896551725e-06,
    1.7306896551724138e-06,
    1.7306896551724138e-06,
    1.9027586206896551e-06,
    1.9027586206896551e-06,
    2.0748275862068966e-06,
    2.0748275862068966e-06,
    2.246896551724138e-06,
    2.246896551724138e-06,
    2.418965517241379e-06,
    2.418965517241379e-06,
    2.5910344827586207e-06,
    2.5910344827586207e-06,
    2.763103448275862e-06,
    2.763103448275862e-06,
    2.9351724137931037e-06,
    2.9351724137931037e-06,
    3.107241379310345e-06,
    3.107241379310345e-06,
    3.2793103448275863e-06,
    3.2793103448275863e-06,
    3.4513793103448278e-06,
    3.6234482758620693e-06,
    3.7955172413793103e-06,
    3.967586206896552e-06,
    4.139655172413793e-06,
    4.311724137931034e-06,
    4.483793103448276e-06,
    4.655862068965517e-06,
    4.8279310344827585e-06,
    5e-06
  ],
  "mu": 0,
  "samples": 250,
  "sequence_length": 1000,
  "seeds": [
    1672058920,
    613061464,
    709152290,
    472825368,
    79996414,
    1943280916,
    1704415596,
    261804941,
    461740381,
    1354777835,
    2069642006,
    1732175281,
    1138698194,
    475708474,
    1865602654,
    1757685963,
    691174852,
    1635947178,
    186970821,
    1038006706,
    1135530208,
    356769901,
    2024565555,
    674584436,
    1827557394,
    2072988528,
    52119762,
    492880830,
    1370507282,
    1063755616,
    686315936,
    288716955,
    1434652626,
    1984107387,
    295290130,
    1224219856,
    1635775408,
    912977627,
    1207029300,
    193996233,
    1375601338,
    1968487290,
    790673039,
    1007855971,
    164746952,
    757380579,
    608857560,
    1774597900,
    1108436705,
    300847140
  ]
}