{
  "mode": "branch",
  "rep": 648,
  "ne": 10000,
  "r": [
    1e-08,
    1e-08,
    1.820689655172414e-07,
    1.820689655172414e-07,
    3.541379310344828e-07,
    3.541379310344828e-07,
    5.262068965517242e-07,
    5.262068965517242e-07,
    6.982758620689656e-07,
    6.982758620689656e-07,
    8.70344827586207e-07,
    8.70344827586207e-07,
    1.0424137931034483e-06,
    1.0424137931034483e-06,
    1.2144827586206895e-06,
    1.2144827586206895e-06,
    1.386551724137931e-06,
    1.386551724137931e-06,
    1.5586206896551725e-06,
    1.5586206896551725e-06,
    1.7306896551724138e-06,
    1.7306896551724138e-06,
    1.9027586206896551e-06,
    1.9027586206896551e-06,
    2.0748275862068966e-06,
    2.0748275862068966e-06,
    2.246896551724138e-06,
    2.246896551724138e-06,
    2.418965517241379e-06,
    2.418965517241379e-06,
    2.5910344827586207e-06,
    2.5910344827586207e-06,
    2.763103448275862e-06,
    2.763103448275862e-06,
    2.9351724137931037e-06,
    2.9351724137931037e-06,
    3.107241379310345e-06,
    3.107241379310345e-06,
    3.2793103448275863e-06,
    3.2793103448275863e-06,
    3.4513793103448278e-06,
    3.6234482758620693e-06,
    3.7955172413793103e-06,
    3.967586206896552e-06,
    4.139655172413793e-06,
    4.311724137931034e-06,
    4.483793103448276e-06,
    4.655862068965517e-06,
    4.8279310344827585e-06,
    5e-06
  ],
  "mu": 0,
  "samples": 250,
  "sequence_length": 1000,
  "seeds": [
    848395496,
    461513837,
    429036814,
    648817422,
    498671838,
    137106189,
    1118037501,
    852308826,
    1843027859,
    900878735,
    1772091824,
    100931482,
    254173546,
    1859170629,
    1427628374,
    1857576238,
    1912222618,
    584808643,
    2090527296,
    1251815171,
    318329762,
    1191407946,
    122223576,
    790028393,
    1560497119,
    1431323571,
    193633371,
    700887593,
    606870897,
    137015572,
    1933218461,
    1962201218,
    653254531,
    27482778,
    389164969,
    859065575,
    447192578,
    1839668601,
    706353373,
    1793741409,
    1358447476,
    804851496,
    1462958763,
    1969063086,
    775635361,
    242271619,
    2047322822,
    1115880206,
    1404680526,
    252950000
  ]
}