{
  "mode": "site",
  "rep": 101,
  "ne": 10000,
  "r": 1e-05,
  "mu": [
    1e-07,
    4.413793103448276e-07,
    7.827586206896552e-07,
    1.1241379310344827e-06,
    1.4655172413793102e-06,
    1.8068965517241377e-06,
    2.1482758620689656e-06,
    2.489655172413793e-06,
    2.8310344827586205e-06,
    3.172413793103448e-06,
    3.5137931034482755e-06,
    3.5137931034482755e-06,
    3.855172413793104e-06,
    3.855172413793104e-06,
    4.196551724137931e-06,
    4.196551724137931e-06,
    4.537931034482759e-06,
    4.537931034482759e-06,
    4.879310344827586e-06,
    4.879310344827586e-06,
    5.220689655172414e-06,
    5.220689655172414e-06,
    5.562068965517241e-06,
    5.562068965517241e-06,
    5.903448275862069e-06,
    5.903448275862069e-06,
    6.244827586206896e-06,
    6.244827586206896e-06,
    6.5862068965517236e-06,
    6.5862068965517236e-06,
    6.927586206896551e-06,
    6.927586206896551e-06,
    7.268965517241379e-06,
    7.268965517241379e-06,
    7.610344827586207e-06,
    7.610344827586207e-06,
    7.951724137931034e-06,
    7.951724137931034e-06,
    8.293103448275863e-06,
    8.293103448275863e-06,
    8.634482758620691e-06,
    8.634482758620691e-06,
    8.975862068965518e-06,
    8.975862068965518e-06,
    9.317241379310346e-06,
    9.317241379310346e-06,
    9.658620689655173e-06,
    9.658620689655173e-06,
    1e-05,
    1e-05
  ],
  "samples": 500,
  "sequence_length": 10000,
  "seeds": [
    987755707,
    122675407,
    544788602,
    208280547,
    1343907405,
    567776498,
    1554719236,
    1557580331,
    429682136,
    657130380,
    1681249975,
    38999017,
    1398467339,
    483914951,
    2001724652,
    629638203,
    159800900,
    41438060,
    170566039,
    890629514,
    1298115163,
    1256986710,
    1590417516,
    855373957,
    1057024879,
    1331749634,
    65863333,
    509295304,
    122254670,
    1361736278,
    2061763049,
    1320733038,
    869059113,
    844008667,
    1098595485,
    1507836919,
    1820034464,
    168469286,
    1257851974,
    319998960,
    711051435,
    974095811,
    2066406115,
    2027454212,
    1534243792,
    1006293677,
    848926546,
    1281636638,
    654932583,
    1146795602
  ]
}