{
  "mode": "site",
  "rep": 118,
  "ne": 10000,
  "r": 1e-05,
  "mu": [
    1e-07,
    1e-07,
    4.413793103448276e-07,
    4.413793103448276e-07,
    7.827586206896552e-07,
    7.827586206896552e-07,
    1.1241379310344827e-06,
    1.1241379310344827e-06,
    1.4655172413793102e-06,
    1.4655172413793102e-06,
    1.8068965517241377e-06,
    1.8068965517241377e-06,
    2.1482758620689656e-06,
    2.1482758620689656e-06,
    2.489655172413793e-06,
    2.489655172413793e-06,
    2.8310344827586205e-06,
    2.8310344827586205e-06,
    3.172413793103448e-06,
    3.172413793103448e-06,
    3.5137931034482755e-06,
    3.855172413793104e-06,
    4.196551724137931e-06,
    4.537931034482759e-06,
    4.879310344827586e-06,
    5.220689655172414e-06,
    5.562068965517241e-06,
    5.903448275862069e-06,
    6.244827586206896e-06,
    6.5862068965517236e-06,
    6.927586206896551e-06,
    6.927586206896551e-06,
    7.268965517241379e-06,
    7.268965517241379e-06,
    7.610344827586207e-06,
    7.610344827586207e-06,
    7.951724137931034e-06,
    7.951724137931034e-06,
    8.293103448275863e-06,
    8.293103448275863e-06,
    8.634482758620691e-06,
    8.634482758620691e-06,
    8.975862068965518e-06,
    8.975862068965518e-06,
    9.317241379310346e-06,
    9.317241379310346e-06,
    9.658620689655173e-06,
    9.658620689655173e-06,
    1e-05,
    1e-05
  ],
  "samples": 500,
  "sequence_length": 50000,
  "seeds": [
    405298087,
    239275756,
    1343594897,
    1695601748,
    854447134,
    808451565,
    83323889,
    1259477074,
    1792980301,
    64529864,
    1542288102,
    563990280,
    64455383,
    1969383389,
    730135956,
    1634740977,
    705410040,
    3583177,
    845323768,
    510269349,
    5498232,
    572574786,
    639527035,
    1285614444,
    329971758,
    1664668365,
    1865101998,
    1268138312,
    1140525895,
    849293582,
    1969291266,
    1461957788,
    1487563341,
    1226797836,
    44050898,
    186839947,
    826633197,
    1570601910,
    1093194098,
    1950923955,
    1408744955,
    841017431,
    1482491373,
    1193335939,
    858370961,
    468580844,
    170792871,
    1337334077,
    1355234957,
    1146381634
  ]
}