{
  "mode": "site",
  "rep": 468,
  "ne": 10000,
  "r": 1e-05,
  "mu": [
    1e-07,
    1e-07,
    4.413793103448276e-07,
    4.413793103448276e-07,
    7.827586206896552e-07,
    7.827586206896552e-07,
    1.1241379310344827e-06,
    1.1241379310344827e-06,
    1.4655172413793102e-06,
    1.4655172413793102e-06,
    1.8068965517241377e-06,
    1.8068965517241377e-06,
    2.1482758620689656e-06,
    2.1482758620689656e-06,
    2.489655172413793e-06,
    2.489655172413793e-06,
    2.8310344827586205e-06,
    2.8310344827586205e-06,
    3.172413793103448e-06,
    3.172413793103448e-06,
    3.5137931034482755e-06,
    3.5137931034482755e-06,
    3.855172413793104e-06,
    3.855172413793104e-06,
    4.196551724137931e-06,
    4.196551724137931e-06,
    4.537931034482759e-06,
    4.537931034482759e-06,
    4.879310344827586e-06,
    4.879310344827586e-06,
    5.220689655172414e-06,
    5.220689655172414e-06,
    5.562068965517241e-06,
    5.562068965517241e-06,
    5.903448275862069e-06,
    5.903448275862069e-06,
    6.244827586206896e-06,
    6.244827586206896e-06,
    6.5862068965517236e-06,
    6.5862068965517236e-06,
    6.927586206896551e-06,
    7.268965517241379e-06,
    7.610344827586207e-06,
    7.951724137931034e-06,
    8.293103448275863e-06,
    8.634482758620691e-06,
    8.975862068965518e-06,
    9.317241379310346e-06,
    9.658620689655173e-06,
    1e-05
  ],
  "samples": 500,
  "sequence_length": 10000,
  "seeds": [
    589061001,
    1126339398,
    700511821,
    299311313,
    912669720,
    1200104043,
    1753561482,
    2031998097,
    1674465486,
    1062326579,
    177498322,
    426474694,
    1294878132,
    462242379,
    42614422,
    823043136,
    82075145,
    2129980788,
    1955181866,
    1919175783,
    1274367157,
    905247650,
    546707942,
    1835412350,
    918351620,
    108048410,
    1512661520,
    239913969,
    102756619,
    5777894,
    560582787,
    641090805,
    1522864632,
    638203721,
    99720160,
    1543958884,
    2134720916,
    1040356822,
    1279809065,
    1246423099,
    1466441375,
    1057363490,
    1784809804,
    1597547244,
    1805271967,
    497025245,
    402368035,
    1309905587,
    674687613,
    1630442243
  ]
}