{
  "mode": "site",
  "rep": 153,
  "ne": 10000,
  "r": 1e-05,
  "mu": [
    1e-07,
    1e-07,
    4.413793103448276e-07,
    4.413793103448276e-07,
    7.827586206896552e-07,
    7.827586206896552e-07,
    1.1241379310344827e-06,
    1.1241379310344827e-06,
    1.4655172413793102e-06,
    1.4655172413793102e-06,
    1.8068965517241377e-06,
    1.8068965517241377e-06,
    2.1482758620689656e-06,
    2.1482758620689656e-06,
    2.489655172413793e-06,
    2.489655172413793e-06,
    2.8310344827586205e-06,
    2.8310344827586205e-06,
    3.172413793103448e-06,
    3.172413793103448e-06,
    3.5137931034482755e-06,
    3.5137931034482755e-06,
    3.855172413793104e-06,
    3.855172413793104e-06,
    4.196551724137931e-06,
    4.196551724137931e-06,
    4.537931034482759e-06,
    4.537931034482759e-06,
    4.879310344827586e-06,
    4.879310344827586e-06,
    5.220689655172414e-06,
    5.220689655172414e-06,
    5.562068965517241e-06,
    5.562068965517241e-06,
    5.903448275862069e-06,
    5.903448275862069e-06,
    6.244827586206896e-06,
    6.244827586206896e-06,
    6.5862068965517236e-06,
    6.5862068965517236e-06,
    6.927586206896551e-06,
    7.268965517241379e-06,
    7.610344827586207e-06,
    7.951724137931034e-06,
    8.293103448275863e-06,
    8.634482758620691e-06,
    8.975862068965518e-06,
    9.317241379310346e-06,
    9.658620689655173e-06,
    1e-05
  ],
  "samples": 500,
  "sequence_length": 50000,
  "seeds": [
    70306230,
    265765174,
    267660151,
    1759749273,
    1282680292,
    1407380614,
    1017659916,
    765044022,
    748842003,
    1274853082,
    33381336,
    1987811313,
    1157340718,
    1977875753,
    829702970,
    1727998474,
    1932254026,
    914545712,
    176885553,
    1102261740,
    1879707585,
    306074989,
    29203078,
    1982685260,
    446171287,
    143823822,
    1687886205,
    1323513411,
    1640672167,
    915849627,
    1525148885,
    95560962,
    593708213,
    255376591,
    361333485,
    789870097,
    1725762694,
    1784238980,
    1990402011,
    1465447175,
    792371373,
    1889370831,
    1008993654,
    2087583729,
    2011961236,
    649683072,
    635099036,
    978393348,
    1471894784,
    1579609243
  ]
}