{
  "mode": "branch",
  "rep": 877,
  "ne": 10000,
  "r": [
    1e-08,
    1e-08,
    1.820689655172414e-07,
    1.820689655172414e-07,
    3.541379310344828e-07,
    3.541379310344828e-07,
    5.262068965517242e-07,
    5.262068965517242e-07,
    6.982758620689656e-07,
    6.982758620689656e-07,
    8.70344827586207e-07,
    8.70344827586207e-07,
    1.0424137931034483e-06,
    1.0424137931034483e-06,
    1.2144827586206895e-06,
    1.2144827586206895e-06,
    1.386551724137931e-06,
    1.386551724137931e-06,
    1.5586206896551725e-06,
    1.5586206896551725e-06,
    1.7306896551724138e-06,
    1.9027586206896551e-06,
    2.0748275862068966e-06,
    2.246896551724138e-06,
    2.418965517241379e-06,
    2.5910344827586207e-06,
    2.763103448275862e-06,
    2.9351724137931037e-06,
    3.107241379310345e-06,
    3.2793103448275863e-06,
    3.4513793103448278e-06,
    3.4513793103448278e-06,
    3.6234482758620693e-06,
    3.6234482758620693e-06,
    3.7955172413793103e-06,
    3.7955172413793103e-06,
    3.967586206896552e-06,
    3.967586206896552e-06,
    4.139655172413793e-06,
    4.139655172413793e-06,
    4.311724137931034e-06,
    4.311724137931034e-06,
    4.483793103448276e-06,
    4.483793103448276e-06,
    4.655862068965517e-06,
    4.655862068965517e-06,
    4.8279310344827585e-06,
    4.8279310344827585e-06,
    5e-06,
    5e-06
  ],
  "mu": 0,
  "samples": 250,
  "sequence_length": 1000,
  "seeds": [
    2075348511,
    885963753,
    847795917,
    1127170060,
    18387238,
    1265197863,
    266680022,
    1840041687,
    1559611527,
    1449138778,
    1909567226,
    442562514,
    227731031,
    1244601314,
    1209448458,
    1905965219,
    1233714911,
    1168435260,
    933826712,
    1087826982,
    155777608,
    1072689875,
    1620437098,
    957213041,
    1858527612,
    560772119,
    1452557939,
    897163646,
    127573693,
    210359763,
    2134941114,
    276494034,
    39578501,
    1509888166,
    1748983171,
    1340365614,
    530290370,
    118458396,
    1560197087,
    1210188169,
    1465249330,
    874041649,
    618240071,
    732105377,
    1501433417,
    833043747,
    880154488,
    282106664,
    1685340495,
    1259246326
  ]
}