{
  "mode": "branch",
  "rep": 609,
  "ne": 10000,
  "r": [
    1e-08,
    1e-08,
    1.820689655172414e-07,
    1.820689655172414e-07,
    3.541379310344828e-07,
    3.541379310344828e-07,
    5.262068965517242e-07,
    5.262068965517242e-07,
    6.982758620689656e-07,
    6.982758620689656e-07,
    8.70344827586207e-07,
    8.70344827586207e-07,
    1.0424137931034483e-06,
    1.0424137931034483e-06,
    1.2144827586206895e-06,
    1.2144827586206895e-06,
    1.386551724137931e-06,
    1.386551724137931e-06,
    1.5586206896551725e-06,
    1.5586206896551725e-06,
    1.7306896551724138e-06,
    1.7306896551724138e-06,
    1.9027586206896551e-06,
    1.9027586206896551e-06,
    2.0748275862068966e-06,
    2.0748275862068966e-06,
    2.246896551724138e-06,
    2.246896551724138e-06,
    2.418965517241379e-06,
    2.418965517241379e-06,
    2.5910344827586207e-06,
    2.5910344827586207e-06,
    2.763103448275862e-06,
    2.763103448275862e-06,
    2.9351724137931037e-06,
    2.9351724137931037e-06,
    3.107241379310345e-06,
    3.107241379310345e-06,
    3.2793103448275863e-06,
    3.2793103448275863e-06,
    3.4513793103448278e-06,
    3.6234482758620693e-06,
    3.7955172413793103e-06,
    3.967586206896552e-06,
    4.139655172413793e-06,
    4.311724137931034e-06,
    4.483793103448276e-06,
    4.655862068965517e-06,
    4.8279310344827585e-06,
    5e-06
  ],
  "mu": 0,
  "samples": 250,
  "sequence_length": 1000,
  "seeds": [
    2137405327,
    173512509,
    961818518,
    486909385,
    1611371571,
    736428871,
    1536738394,
    2132880238,
    1887025692,
    1003242461,
    838654469,
    1808520432,
    1239407925,
    923858057,
    5028595,
    1161973762,
    155276821,
    476452202,
    2107921938,
    856664208,
    309447760,
    378556513,
    632896704,
    596441939,
    813943426,
    150468002,
    56743950,
    537548950,
    1535425837,
    772204006,
    1527309684,
    878458710,
    2125201316,
    577544581,
    1883333448,
    49687287,
    1633774774,
    470050291,
    52707384,
    346436076,
    530145522,
    10456604,
    1365225141,
    1290771566,
    1839378375,
    1517857606,
    38194375,
    272920478,
    329358480,
    156040731
  ]
}