{
  "mode": "branch",
  "rep": 930,
  "ne": 10000,
  "r": [
    1e-08,
    1e-08,
    1.820689655172414e-07,
    1.820689655172414e-07,
    3.541379310344828e-07,
    3.541379310344828e-07,
    5.262068965517242e-07,
    5.262068965517242e-07,
    6.982758620689656e-07,
    6.982758620689656e-07,
    8.70344827586207e-07,
    8.70344827586207e-07,
    1.0424137931034483e-06,
    1.0424137931034483e-06,
    1.2144827586206895e-06,
    1.2144827586206895e-06,
    1.386551724137931e-06,
    1.386551724137931e-06,
    1.5586206896551725e-06,
    1.5586206896551725e-06,
    1.7306896551724138e-06,
    1.7306896551724138e-06,
    1.9027586206896551e-06,
    1.9027586206896551e-06,
    2.0748275862068966e-06,
    2.0748275862068966e-06,
    2.246896551724138e-06,
    2.246896551724138e-06,
    2.418965517241379e-06,
    2.418965517241379e-06,
    2.5910344827586207e-06,
    2.5910344827586207e-06,
    2.763103448275862e-06,
    2.763103448275862e-06,
    2.9351724137931037e-06,
    2.9351724137931037e-06,
    3.107241379310345e-06,
    3.107241379310345e-06,
    3.2793103448275863e-06,
    3.2793103448275863e-06,
    3.4513793103448278e-06,
    3.6234482758620693e-06,
    3.7955172413793103e-06,
    3.967586206896552e-06,
    4.139655172413793e-06,
    4.311724137931034e-06,
    4.483793103448276e-06,
    4.655862068965517e-06,
    4.8279310344827585e-06,
    5e-06
  ],
  "mu": 0,
  "samples": 250,
  "sequence_length": 1000,
  "seeds": [
    1015977654,
    804640557,
    1280241517,
    913517646,
    132678904,
    873719979,
    1671725248,
    513918937,
    1059755817,
    1355456087,
    76826782,
    1891779228,
    1619359079,
    1789407416,
    1518188686,
    36603643,
    84146296,
    2032392065,
    509113882,
    13391038,
    1039121310,
    1433052434,
    552999739,
    1415381573,
    770558426,
    2147211769,
    201392225,
    1887602514,
    494648180,
    2075320391,
    1328432685,
    627276896,
    1882344044,
    884940472,
    1920291872,
    1245328309,
    887947962,
    137931481,
    147553524,
    2141865659,
    2141779040,
    1224981715,
    231068669,
    1597526445,
    505343902,
    1986009959,
    1700118079,
    164642332,
    1737511686,
    180736450
  ]
}