{
  "mode": "branch",
  "rep": 665,
  "ne": 10000,
  "r": [
    1e-08,
    1.820689655172414e-07,
    3.541379310344828e-07,
    5.262068965517242e-07,
    6.982758620689656e-07,
    8.70344827586207e-07,
    1.0424137931034483e-06,
    1.2144827586206895e-06,
    1.386551724137931e-06,
    1.5586206896551725e-06,
    1.7306896551724138e-06,
    1.7306896551724138e-06,
    1.9027586206896551e-06,
    1.9027586206896551e-06,
    2.0748275862068966e-06,
    2.0748275862068966e-06,
    2.246896551724138e-06,
    2.246896551724138e-06,
    2.418965517241379e-06,
    2.418965517241379e-06,
    2.5910344827586207e-06,
    2.5910344827586207e-06,
    2.763103448275862e-06,
    2.763103448275862e-06,
    2.9351724137931037e-06,
    2.9351724137931037e-06,
    3.107241379310345e-06,
    3.107241379310345e-06,
    3.2793103448275863e-06,
    3.2793103448275863e-06,
    3.4513793103448278e-06,
    3.4513793103448278e-06,
    3.6234482758620693e-06,
    3.6234482758620693e-06,
    3.7955172413793103e-06,
    3.7955172413793103e-06,
    3.967586206896552e-06,
    3.967586206896552e-06,
    4.139655172413793e-06,
    4.139655172413793e-06,
    4.311724137931034e-06,
    4.311724137931034e-06,
    4.483793103448276e-06,
    4.483793103448276e-06,
    4.655862068965517e-06,
    4.655862068965517e-06,
    4.8279310344827585e-06,
    4.8279310344827585e-06,
    5e-06,
    5e-06
  ],
  "mu": 0,
  "samples": 250,
  "sequence_length": 1000,
  "seeds": [
    362472488,
    1958984278,
    1028789173,
    1291395557,
    2007813640,
    1785671187,
    296056851,
    682394170,
    162450025,
    402094328,
    237562312,
    1458482139,
    1764866431,
    1231912578,
    846756008,
    614152692,
    2098098339,
    1569659240,
    1482296007,
    1034348361,
    554967899,
    889111737,
    516892304,
    634289442,
    814071292,
    1592621457,
    2021758889,
    1876014562,
    763340645,
    1062488546,
    1538849410,
    557704488,
    2017294014,
    1348717497,
    1350073152,
    2053941322,
    1705760904,
    775590873,
    1888071763,
    278738565,
    795249543,
    424749515,
    626210466,
    348466768,
    990726603,
    892710896,
    354940872,
    1758320354,
    256276132,
    1930237751
  ]
}