{
  "mode": "site",
  "rep": 115,
  "ne": 10000,
  "r": 1e-05,
  "mu": [
    1e-07,
    1e-07,
    4.413793103448276e-07,
    4.413793103448276e-07,
    7.827586206896552e-07,
    7.827586206896552e-07,
    1.1241379310344827e-06,
    1.1241379310344827e-06,
    1.4655172413793102e-06,
    1.4655172413793102e-06,
    1.8068965517241377e-06,
    1.8068965517241377e-06,
    2.1482758620689656e-06,
    2.1482758620689656e-06,
    2.489655172413793e-06,
    2.489655172413793e-06,
    2.8310344827586205e-06,
    2.8310344827586205e-06,
    3.172413793103448e-06,
    3.172413793103448e-06,
    3.5137931034482755e-06,
    3.855172413793104e-06,
    4.196551724137931e-06,
    4.537931034482759e-06,
    4.879310344827586e-06,
    5.220689655172414e-06,
    5.562068965517241e-06,
    5.903448275862069e-06,
    6.244827586206896e-06,
    6.5862068965517236e-06,
    6.927586206896551e-06,
    6.927586206896551e-06,
    7.268965517241379e-06,
    7.268965517241379e-06,
    7.610344827586207e-06,
    7.610344827586207e-06,
    7.951724137931034e-06,
    7.951724137931034e-06,
    8.293103448275863e-06,
    8.293103448275863e-06,
    8.634482758620691e-06,
    8.634482758620691e-06,
    8.975862068965518e-06,
    8.975862068965518e-06,
    9.317241379310346e-06,
    9.317241379310346e-06,
    9.658620689655173e-06,
    9.658620689655173e-06,
    1e-05,
    1e-05
  ],
  "samples": 500,
  "sequence_length": 10000,
  "seeds": [
    1170525932,
    1186740827,
    286651577,
    126442742,
    1425631046,
    2142805772,
    187929113,
    137579392,
    2146050092,
    1172371882,
    368381044,
    925946846,
    2078369570,
    53787610,
    801285051,
    148597269,
    1662415850,
    1873286733,
    685220939,
    1851704017,
    1598166807,
    1964085769,
    696392269,
    849505639,
    1517691726,
    1053240609,
    183669766,
    2081631523,
    589659152,
    1784532361,
    1467983166,
    2059504876,
    698925470,
    110491443,
    762496322,
    1057658277,
    163734157,
    550872390,
    1227357893,
    1267238425,
    306706002,
    198653221,
    1033221165,
    1360529357,
    33200092,
    751962963,
    735522902,
    273446407,
    205676327,
    644469411
  ]
}