{
  "mode": "site",
  "rep": 444,
  "ne": 10000,
  "r": 1e-05,
  "mu": [
    1e-07,
    1e-07,
    4.413793103448276e-07,
    4.413793103448276e-07,
    7.827586206896552e-07,
    7.827586206896552e-07,
    1.1241379310344827e-06,
    1.1241379310344827e-06,
    1.4655172413793102e-06,
    1.4655172413793102e-06,
    1.8068965517241377e-06,
    1.8068965517241377e-06,
    2.1482758620689656e-06,
    2.1482758620689656e-06,
    2.489655172413793e-06,
    2.489655172413793e-06,
    2.8310344827586205e-06,
    2.8310344827586205e-06,
    3.172413793103448e-06,
    3.172413793103448e-06,
    3.5137931034482755e-06,
    3.5137931034482755e-06,
    3.855172413793104e-06,
    3.855172413793104e-06,
    4.196551724137931e-06,
    4.196551724137931e-06,
    4.537931034482759e-06,
    4.537931034482759e-06,
    4.879310344827586e-06,
    4.879310344827586e-06,
    5.220689655172414e-06,
    5.220689655172414e-06,
    5.562068965517241e-06,
    5.562068965517241e-06,
    5.903448275862069e-06,
    5.903448275862069e-06,
    6.244827586206896e-06,
    6.244827586206896e-06,
    6.5862068965517236e-06,
    6.5862068965517236e-06,
    6.927586206896551e-06,
    7.268965517241379e-06,
    7.610344827586207e-06,
    7.951724137931034e-06,
    8.293103448275863e-06,
    8.634482758620691e-06,
    8.975862068965518e-06,
    9.317241379310346e-06,
    9.658620689655173e-06,
    1e-05
  ],
  "samples": 500,
  "sequence_length": 10000,
  "seeds": [
    405577503,
    12612111,
    1087225998,
    1151412372,
    1241933168,
    1007042456,
    121111714,
    1164700866,
    403651429,
    109789168,
    682340724,
    105536204,
    2069553589,
    241585410,
    940647109,
    546140074,
    160868338,
    1143074663,
    1127218395,
    32973482,
    1365787332,
    874967267,
    1324406519,
    1243237259,
    757656726,
    1786539143,
    289977975,
    420113537,
    1573478435,
    381383054,
    1583945923,
    2037041481,
    586810437,
    1459851175,
    616051389,
    1881751251,
    2039236399,
    1427585970,
    803038879,
    774735158,
    821481134,
    48354624,
    2073906507,
    959903296,
    1749850894,
    2124346597,
    2060051894,
    526900009,
    349891411,
    1275837200
  ]
}