{
  "mode": "branch",
  "rep": 975,
  "ne": 10000,
  "r": [
    1e-08,
    1e-08,
    1.820689655172414e-07,
    1.820689655172414e-07,
    3.541379310344828e-07,
    3.541379310344828e-07,
    5.262068965517242e-07,
    5.262068965517242e-07,
    6.982758620689656e-07,
    6.982758620689656e-07,
    8.70344827586207e-07,
    8.70344827586207e-07,
    1.0424137931034483e-06,
    1.0424137931034483e-06,
    1.2144827586206895e-06,
    1.2144827586206895e-06,
    1.386551724137931e-06,
    1.386551724137931e-06,
    1.5586206896551725e-06,
    1.5586206896551725e-06,
    1.7306896551724138e-06,
    1.7306896551724138e-06,
    1.9027586206896551e-06,
    1.9027586206896551e-06,
    2.0748275862068966e-06,
    2.0748275862068966e-06,
    2.246896551724138e-06,
    2.246896551724138e-06,
    2.418965517241379e-06,
    2.418965517241379e-06,
    2.5910344827586207e-06,
    2.5910344827586207e-06,
    2.763103448275862e-06,
    2.763103448275862e-06,
    2.9351724137931037e-06,
    2.9351724137931037e-06,
    3.107241379310345e-06,
    3.107241379310345e-06,
    3.2793103448275863e-06,
    3.2793103448275863e-06,
    3.4513793103448278e-06,
    3.6234482758620693e-06,
    3.7955172413793103e-06,
    3.967586206896552e-06,
    4.139655172413793e-06,
    4.311724137931034e-06,
    4.483793103448276e-06,
    4.655862068965517e-06,
    4.8279310344827585e-06,
    5e-06
  ],
  "mu": 0,
  "samples": 250,
  "sequence_length": 1000,
  "seeds": [
    1269018983,
    1026395225,
    1913850133,
    1760871299,
    1488465245,
    499382410,
    242282811,
    799158903,
    212819187,
    315015788,
    1092498944,
    1204609270,
    424390659,
    354170029,
    412464893,
    1732376837,
    1734301649,
    2062870125,
    834134557,
    1426819367,
    288795723,
    1439690792,
    1087219093,
    754040120,
    1474163135,
    91284771,
    215875943,
    490400685,
    343111838,
    999665381,
    488517788,
    2050374337,
    1846019946,
    1999022018,
    1422430345,
    34738376,
    128816465,
    1371828043,
    40403406,
    433578369,
    2140262799,
    1199479713,
    819228759,
    1256989000,
    139917764,
    870471770,
    659081627,
    1239847440,
    22967545,
    1812382366
  ]
}