{
  "mode": "site",
  "rep": 227,
  "ne": 10000,
  "r": 1e-05,
  "mu": [
    1e-07,
    4.413793103448276e-07,
    7.827586206896552e-07,
    1.1241379310344827e-06,
    1.4655172413793102e-06,
    1.8068965517241377e-06,
    2.1482758620689656e-06,
    2.489655172413793e-06,
    2.8310344827586205e-06,
    3.172413793103448e-06,
    3.5137931034482755e-06,
    3.5137931034482755e-06,
    3.855172413793104e-06,
    3.855172413793104e-06,
    4.196551724137931e-06,
    4.196551724137931e-06,
    4.537931034482759e-06,
    4.537931034482759e-06,
    4.879310344827586e-06,
    4.879310344827586e-06,
    5.220689655172414e-06,
    5.220689655172414e-06,
    5.562068965517241e-06,
    5.562068965517241e-06,
    5.903448275862069e-06,
    5.903448275862069e-06,
    6.244827586206896e-06,
    6.244827586206896e-06,
    6.5862068965517236e-06,
    6.5862068965517236e-06,
    6.927586206896551e-06,
    6.927586206896551e-06,
    7.268965517241379e-06,
    7.268965517241379e-06,
    7.610344827586207e-06,
    7.610344827586207e-06,
    7.951724137931034e-06,
    7.951724137931034e-06,
    8.293103448275863e-06,
    8.293103448275863e-06,
    8.634482758620691e-06,
    8.634482758620691e-06,
    8.975862068965518e-06,
    8.975862068965518e-06,
    9.317241379310346e-06,
    9.317241379310346e-06,
    9.658620689655173e-06,
    9.658620689655173e-06,
    1e-05,
    1e-05
  ],
  "samples": 500,
  "sequence_length": 10000,
  "seeds": [
    1548301967,
    197216361,
    173450333,
    1088194966,
    54317225,
    784463919,
    1688055784,
    1582548960,
    985573769,
    914171181,
    1441836870,
    1972333419,
    2018258995,
    259225071,
    1704788641,
    721112139,
    699996286,
    685965702,
    1517673342,
    2126613132,
    203060214,
    55384117,
    1300464814,
    114852721,
    558396913,
    1743367934,
    590705178,
    96232787,
    542031258,
    1343837238,
    1444050700,
    36590839,
    796416198,
    1868197528,
    185506227,
    25265786,
    1501803089,
    1121388881,
    793777225,
    581665768,
    354070313,
    883717713,
    1659161767,
    1035701315,
    849184213,
    164465893,
    1352260595,
    416257772,
    1082814468,
    1137185388
  ]
}