{
  "mode": "site",
  "rep": 397,
  "ne": 10000,
  "r": 1e-05,
  "mu": [
    1e-07,
    1e-07,
    4.413793103448276e-07,
    4.413793103448276e-07,
    7.827586206896552e-07,
    7.827586206896552e-07,
    1.1241379310344827e-06,
    1.1241379310344827e-06,
    1.4655172413793102e-06,
    1.4655172413793102e-06,
    1.8068965517241377e-06,
    1.8068965517241377e-06,
    2.1482758620689656e-06,
    2.1482758620689656e-06,
    2.489655172413793e-06,
    2.489655172413793e-06,
    2.8310344827586205e-06,
    2.8310344827586205e-06,
    3.172413793103448e-06,
    3.172413793103448e-06,
    3.5137931034482755e-06,
    3.855172413793104e-06,
    4.196551724137931e-06,
    4.537931034482759e-06,
    4.879310344827586e-06,
    5.220689655172414e-06,
    5.562068965517241e-06,
    5.903448275862069e-06,
    6.244827586206896e-06,
    6.5862068965517236e-06,
    6.927586206896551e-06,
    6.927586206896551e-06,
    7.268965517241379e-06,
    7.268965517241379e-06,
    7.610344827586207e-06,
    7.610344827586207e-06,
    7.951724137931034e-06,
    7.951724137931034e-06,
    8.293103448275863e-06,
    8.293103448275863e-06,
    8.634482758620691e-06,
    8.634482758620691e-06,
    8.975862068965518e-06,
    8.975862068965518e-06,
    9.317241379310346e-06,
    9.317241379310346e-06,
    9.658620689655173e-06,
    9.658620689655173e-06,
    1e-05,
    1e-05
  ],
  "samples": 500,
  "sequence_length": 50000,
  "seeds": [
    1144196228,
    1291895586,
    945738751,
    1948323805,
    1107425297,
    1985709542,
    1099733284,
    1870256125,
    1430392996,
    621636002,
    1778072110,
    943765990,
    101409778,
    2003300168,
    1260535449,
    760342910,
    628339813,
    851292108,
    112338853,
    849004250,
    416437793,
    542465120,
    181117385,
    803276491,
    1195381852,
    1877842931,
    1325359251,
    1177171226,
    774751874,
    1484088028,
    1416182075,
    32444696,
    1641128189,
    2117270315,
    1149413760,
    794565210,
    1432431158,
    1286436936,
    779627451,
    902289021,
    126181707,
    1579197253,
    855904043,
    1792386654,
    1807931573,
    1331144549,
    389927013,
    416900285,
    1665080148,
    2059635369
  ]
}