{
  "mode": "branch",
  "rep": 959,
  "ne": 10000,
  "r": [
    1e-08,
    1.820689655172414e-07,
    3.541379310344828e-07,
    5.262068965517242e-07,
    6.982758620689656e-07,
    8.70344827586207e-07,
    1.0424137931034483e-06,
    1.2144827586206895e-06,
    1.386551724137931e-06,
    1.5586206896551725e-06,
    1.7306896551724138e-06,
    1.7306896551724138e-06,
    1.9027586206896551e-06,
    1.9027586206896551e-06,
    2.0748275862068966e-06,
    2.0748275862068966e-06,
    2.246896551724138e-06,
    2.246896551724138e-06,
    2.418965517241379e-06,
    2.418965517241379e-06,
    2.5910344827586207e-06,
    2.5910344827586207e-06,
    2.763103448275862e-06,
    2.763103448275862e-06,
    2.9351724137931037e-06,
    2.9351724137931037e-06,
    3.107241379310345e-06,
    3.107241379310345e-06,
    3.2793103448275863e-06,
    3.2793103448275863e-06,
    3.4513793103448278e-06,
    3.4513793103448278e-06,
    3.6234482758620693e-06,
    3.6234482758620693e-06,
    3.7955172413793103e-06,
    3.7955172413793103e-06,
    3.967586206896552e-06,
    3.967586206896552e-06,
    4.139655172413793e-06,
    4.139655172413793e-06,
    4.311724137931034e-06,
    4.311724137931034e-06,
    4.483793103448276e-06,
    4.483793103448276e-06,
    4.655862068965517e-06,
    4.655862068965517e-06,
    4.8279310344827585e-06,
    4.8279310344827585e-06,
    5e-06,
    5e-06
  ],
  "mu": 0,
  "samples": 250,
  "sequence_length": 1000,
  "seeds": [
    2143932647,
    1321352175,
    1739882626,
    1603871397,
    118616996,
    1571614844,
    529952065,
    879772259,
    289568633,
    750090563,
    1685428894,
    1215102625,
    599479941,
    990756523,
    1329981916,
    1878337641,
    2075799184,
    978313040,
    819915039,
    1378574331,
    508966256,
    1415965082,
    1554582365,
    1641793130,
    633052758,
    1960808312,
    1159083943,
    500887010,
    1607426529,
    1712095436,
    2013757106,
    1225717998,
    791835434,
    989398603,
    4376683,
    1263298425,
    351651575,
    2039247417,
    1672066469,
    1786164335,
    1366214191,
    1608967666,
    461895390,
    1546117693,
    117193137,
    1442452731,
    1757842517,
    1238271832,
    1280295496,
    2006893319
  ]
}