{
  "mode": "site",
  "rep": 24,
  "ne": 10000,
  "r": 1e-05,
  "mu": [
    1e-07,
    1e-07,
    4.413793103448276e-07,
    4.413793103448276e-07,
    7.827586206896552e-07,
    7.827586206896552e-07,
    1.1241379310344827e-06,
    1.1241379310344827e-06,
    1.4655172413793102e-06,
    1.4655172413793102e-06,
    1.8068965517241377e-06,
    1.8068965517241377e-06,
    2.1482758620689656e-06,
    2.1482758620689656e-06,
    2.489655172413793e-06,
    2.489655172413793e-06,
    2.8310344827586205e-06,
    2.8310344827586205e-06,
    3.172413793103448e-06,
    3.172413793103448e-06,
    3.5137931034482755e-06,
    3.5137931034482755e-06,
    3.855172413793104e-06,
    3.855172413793104e-06,
    4.196551724137931e-06,
    4.196551724137931e-06,
    4.537931034482759e-06,
    4.537931034482759e-06,
    4.879310344827586e-06,
    4.879310344827586e-06,
    5.220689655172414e-06,
    5.220689655172414e-06,
    5.562068965517241e-06,
    5.562068965517241e-06,
    5.903448275862069e-06,
    5.903448275862069e-06,
    6.244827586206896e-06,
    6.244827586206896e-06,
    6.5862068965517236e-06,
    6.5862068965517236e-06,
    6.927586206896551e-06,
    7.268965517241379e-06,
    7.610344827586207e-06,
    7.951724137931034e-06,
    8.293103448275863e-06,
    8.634482758620691e-06,
    8.975862068965518e-06,
    9.317241379310346e-06,
    9.658620689655173e-06,
    1e-05
  ],
  "samples": 500,
  "sequence_length": 50000,
  "seeds": [
    1109688740,
    676490445,
    1738274472,
    1399233962,
    1981578758,
    1394788278,
    990086678,
    155792098,
    785773138,
    2093363594,
    1079561598,
    607964560,
    581367416,
    854732253,
    361654804,
    490568653,
    43200869,
    1541546710,
    1464026274,
    2105881339,
    1427715079,
    1907084962,
    478044115,
    1309663275,
    1878949593,
    1535666407,
    1143940178,
    1951945795,
    1595208151,
    1842780499,
    395705469,
    821483040,
    1478566910,
    1438925755,
    1081570578,
    235220212,
    641602041,
    1352946516,
    810392865,
    1452459420,
    231469055,
    1950442822,
    1181417047,
    340390484,
    813738411,
    1848576986,
    823780237,
    1873530830,
    1533255351,
    1556906121
  ]
}