{
  "mode": "branch",
  "rep": 674,
  "ne": 10000,
  "r": [
    1e-08,
    1.820689655172414e-07,
    3.541379310344828e-07,
    5.262068965517242e-07,
    6.982758620689656e-07,
    8.70344827586207e-07,
    1.0424137931034483e-06,
    1.2144827586206895e-06,
    1.386551724137931e-06,
    1.5586206896551725e-06,
    1.7306896551724138e-06,
    1.7306896551724138e-06,
    1.9027586206896551e-06,
    1.9027586206896551e-06,
    2.0748275862068966e-06,
    2.0748275862068966e-06,
    2.246896551724138e-06,
    2.246896551724138e-06,
    2.418965517241379e-06,
    2.418965517241379e-06,
    2.5910344827586207e-06,
    2.5910344827586207e-06,
    2.763103448275862e-06,
    2.763103448275862e-06,
    2.9351724137931037e-06,
    2.9351724137931037e-06,
    3.107241379310345e-06,
    3.107241379310345e-06,
    3.2793103448275863e-06,
    3.2793103448275863e-06,
    3.4513793103448278e-06,
    3.4513793103448278e-06,
    3.6234482758620693e-06,
    3.6234482758620693e-06,
    3.7955172413793103e-06,
    3.7955172413793103e-06,
    3.967586206896552e-06,
    3.967586206896552e-06,
    4.139655172413793e-06,
    4.139655172413793e-06,
    4.311724137931034e-06,
    4.311724137931034e-06,
    4.483793103448276e-06,
    4.483793103448276e-06,
    4.655862068965517e-06,
    4.655862068965517e-06,
    4.8279310344827585e-06,
    4.8279310344827585e-06,
    5e-06,
    5e-06
  ],
  "mu": 0,
  "samples": 250,
  "sequence_length": 1000,
  "seeds": [
    157271514,
    1952180478,
    990068264,
    1009984397,
    1901387248,
    1674688707,
    7487411,
    511816937,
    1974814018,
    1951766016,
    1469873234,
    2131944849,
    1320436537,
    889794114,
    1025446013,
    1300368716,
    2089556464,
    317988660,
    600108075,
    1466083972,
    168578632,
    1859219485,
    25951713,
    1485735453,
    78403999,
    1013845631,
    1082879044,
    215360277,
    723685512,
    1092075999,
    217888427,
    1578375085,
    1910681337,
    381179467,
    1545308988,
    2093344835,
    1342525620,
    1897816898,
    230487231,
    1479377913,
    833865082,
    536894282,
    926170965,
    1688062363,
    1312311000,
    1254390109,
    780007499,
    311780915,
    842689353,
    249556370
  ]
}