{
  "mode": "site",
  "rep": 564,
  "ne": 10000,
  "r": 1e-05,
  "mu": [
    1e-07,
    1e-07,
    4.413793103448276e-07,
    4.413793103448276e-07,
    7.827586206896552e-07,
    7.827586206896552e-07,
    1.1241379310344827e-06,
    1.1241379310344827e-06,
    1.4655172413793102e-06,
    1.4655172413793102e-06,
    1.8068965517241377e-06,
    1.8068965517241377e-06,
    2.1482758620689656e-06,
    2.1482758620689656e-06,
    2.489655172413793e-06,
    2.489655172413793e-06,
    2.8310344827586205e-06,
    2.8310344827586205e-06,
    3.172413793103448e-06,
    3.172413793103448e-06,
    3.5137931034482755e-06,
    3.5137931034482755e-06,
    3.855172413793104e-06,
    3.855172413793104e-06,
    4.196551724137931e-06,
    4.196551724137931e-06,
    4.537931034482759e-06,
    4.537931034482759e-06,
    4.879310344827586e-06,
    4.879310344827586e-06,
    5.220689655172414e-06,
    5.220689655172414e-06,
    5.562068965517241e-06,
    5.562068965517241e-06,
    5.903448275862069e-06,
    5.903448275862069e-06,
    6.244827586206896e-06,
    6.244827586206896e-06,
    6.5862068965517236e-06,
    6.5862068965517236e-06,
    6.927586206896551e-06,
    7.268965517241379e-06,
    7.610344827586207e-06,
    7.951724137931034e-06,
    8.293103448275863e-06,
    8.634482758620691e-06,
    8.975862068965518e-06,
    9.317241379310346e-06,
    9.658620689655173e-06,
    1e-05
  ],
  "samples": 500,
  "sequence_length": 10000,
  "seeds": [
    1380117298,
    1241455635,
    389171260,
    1699190597,
    392346789,
    294106345,
    454727213,
    48072547,
    276513104,
    1774076794,
    321505013,
    410392122,
    1667756490,
    815205856,
    1926788370,
    723295783,
    1009329234,
    470310760,
    897233659,
    1236230971,
    1242694088,
    1851100787,
    917146669,
    72305915,
    2043195315,
    1641877631,
    205468360,
    692963640,
    1673173408,
    441725056,
    1933942014,
    591179951,
    1252193700,
    650047514,
    1443131834,
    739486487,
    2079402433,
    236775353,
    695581572,
    797509729,
    421607267,
    2031853137,
    1445632333,
    1900651510,
    1949829191,
    1396729840,
    1804493231,
    962865673,
    748236052,
    1824493115
  ]
}