{
  "mode": "site",
  "rep": 252,
  "ne": 10000,
  "r": 1e-05,
  "mu": [
    1e-07,
    1e-07,
    4.413793103448276e-07,
    4.413793103448276e-07,
    7.827586206896552e-07,
    7.827586206896552e-07,
    1.1241379310344827e-06,
    1.1241379310344827e-06,
    1.4655172413793102e-06,
    1.4655172413793102e-06,
    1.8068965517241377e-06,
    1.8068965517241377e-06,
    2.1482758620689656e-06,
    2.1482758620689656e-06,
    2.489655172413793e-06,
    2.489655172413793e-06,
    2.8310344827586205e-06,
    2.8310344827586205e-06,
    3.172413793103448e-06,
    3.172413793103448e-06,
    3.5137931034482755e-06,
    3.5137931034482755e-06,
    3.855172413793104e-06,
    3.855172413793104e-06,
    4.196551724137931e-06,
    4.196551724137931e-06,
    4.537931034482759e-06,
    4.537931034482759e-06,
    4.879310344827586e-06,
    4.879310344827586e-06,
    5.220689655172414e-06,
    5.220689655172414e-06,
    5.562068965517241e-06,
    5.562068965517241e-06,
    5.903448275862069e-06,
    5.903448275862069e-06,
    6.244827586206896e-06,
    6.244827586206896e-06,
    6.5862068965517236e-06,
    6.5862068965517236e-06,
    6.927586206896551e-06,
    7.268965517241379e-06,
    7.610344827586207e-06,
    7.951724137931034e-06,
    8.293103448275863e-06,
    8.634482758620691e-06,
    8.975862068965518e-06,
    9.317241379310346e-06,
    9.658620689655173e-06,
    1e-05
  ],
  "samples": 500,
  "sequence_length": 50000,
  "seeds": [
    1680557012,
    1391521886,
    1191384451,
    530357845,
    415309014,
    2119074084,
    1237837483,
    262046941,
    1410390955,
    138770666,
    650894334,
    1424839171,
    1674852010,
    157112564,
    1237661194,
    998882112,
    709193757,
    1081656625,
    216090634,
    332094505,
    1541160778,
    849752211,
    1271878601,
    5158228,
    1472423043,
    203981507,
    36016755,
    69291232,
    1500542518,
    700680471,
    1395352804,
    1147401918,
    292947658,
    722119093,
    519491456,
    481646683,
    1076697786,
    256492686,
    2042415464,
    2026908283,
    1909694393,
    2005145642,
    1029085385,
    251161114,
    802199079,
    1873037144,
    210276393,
    557272741,
    1159136849,
    2143352871
  ]
}