{
  "mode": "site",
  "rep": 526,
  "ne": 10000,
  "r": 1e-05,
  "mu": [
    1e-07,
    1e-07,
    4.413793103448276e-07,
    4.413793103448276e-07,
    7.827586206896552e-07,
    7.827586206896552e-07,
    1.1241379310344827e-06,
    1.1241379310344827e-06,
    1.4655172413793102e-06,
    1.4655172413793102e-06,
    1.8068965517241377e-06,
    1.8068965517241377e-06,
    2.1482758620689656e-06,
    2.1482758620689656e-06,
    2.489655172413793e-06,
    2.489655172413793e-06,
    2.8310344827586205e-06,
    2.8310344827586205e-06,
    3.172413793103448e-06,
    3.172413793103448e-06,
    3.5137931034482755e-06,
    3.855172413793104e-06,
    4.196551724137931e-06,
    4.537931034482759e-06,
    4.879310344827586e-06,
    5.220689655172414e-06,
    5.562068965517241e-06,
    5.903448275862069e-06,
    6.244827586206896e-06,
    6.5862068965517236e-06,
    6.927586206896551e-06,
    6.927586206896551e-06,
    7.268965517241379e-06,
    7.268965517241379e-06,
    7.610344827586207e-06,
    7.610344827586207e-06,
    7.951724137931034e-06,
    7.951724137931034e-06,
    8.293103448275863e-06,
    8.293103448275863e-06,
    8.634482758620691e-06,
    8.634482758620691e-06,
    8.975862068965518e-06,
    8.975862068965518e-06,
    9.317241379310346e-06,
    9.317241379310346e-06,
    9.658620689655173e-06,
    9.658620689655173e-06,
    1e-05,
    1e-05
  ],
  "samples": 500,
  "sequence_length": 10000,
  "seeds": [
    598171901,
    903381719,
    516866369,
    893812069,
    1595946515,
    479764610,
    1916588174,
    848594058,
    636772492,
    1441208830,
    220620584,
    1556381330,
    476244760,
    133050308,
    492031947,
    1263965076,
    1583935187,
    1494011328,
    1542546477,
    1149532638,
    1198421706,
    581150128,
    503637718,
    35444461,
    1384125051,
    190025581,
    2139349374,
    337244372,
    1026239454,
    2083834467,
    1046649170,
    1008770129,
    1084575270,
    1523364403,
    715278096,
    1835394872,
    276611529,
    2142768866,
    1122939420,
    285028493,
    340312753,
    543365924,
    1251202825,
    2017870024,
    2114733309,
    797248879,
    385272495,
    1086183204,
    1062839003,
    1769037951
  ]
}