{
  "mode": "site",
  "rep": 276,
  "ne": 10000,
  "r": 1e-05,
  "mu": [
    1e-07,
    1e-07,
    4.413793103448276e-07,
    4.413793103448276e-07,
    7.827586206896552e-07,
    7.827586206896552e-07,
    1.1241379310344827e-06,
    1.1241379310344827e-06,
    1.4655172413793102e-06,
    1.4655172413793102e-06,
    1.8068965517241377e-06,
    1.8068965517241377e-06,
    2.1482758620689656e-06,
    2.1482758620689656e-06,
    2.489655172413793e-06,
    2.489655172413793e-06,
    2.8310344827586205e-06,
    2.8310344827586205e-06,
    3.172413793103448e-06,
    3.172413793103448e-06,
    3.5137931034482755e-06,
    3.5137931034482755e-06,
    3.855172413793104e-06,
    3.855172413793104e-06,
    4.196551724137931e-06,
    4.196551724137931e-06,
    4.537931034482759e-06,
    4.537931034482759e-06,
    4.879310344827586e-06,
    4.879310344827586e-06,
    5.220689655172414e-06,
    5.220689655172414e-06,
    5.562068965517241e-06,
    5.562068965517241e-06,
    5.903448275862069e-06,
    5.903448275862069e-06,
    6.244827586206896e-06,
    6.244827586206896e-06,
    6.5862068965517236e-06,
    6.5862068965517236e-06,
    6.927586206896551e-06,
    7.268965517241379e-06,
    7.610344827586207e-06,
    7.951724137931034e-06,
    8.293103448275863e-06,
    8.634482758620691e-06,
    8.975862068965518e-06,
    9.317241379310346e-06,
    9.658620689655173e-06,
    1e-05
  ],
  "samples": 500,
  "sequence_length": 50000,
  "seeds": [
    398903534,
    1076077430,
    1229168892,
    317269862,
    961963564,
    1652950098,
    1339904993,
    1128831704,
    2025661061,
    528955496,
    1421029712,
    1190855242,
    431060722,
    219833652,
    757865570,
    1663503313,
    1333311303,
    1822664195,
    528536505,
    1415116973,
    1612988788,
    347442736,
    501986806,
    1538757918,
    1225009527,
    780561989,
    1881032298,
    784753219,
    1708530819,
    971462803,
    1132645500,
    1640905888,
    1357005609,
    1013355472,
    1267664888,
    1989244820,
    2140210702,
    551145468,
    1791162760,
    1686751277,
    715059885,
    1553816137,
    903772622,
    374078914,
    2020082327,
    1270615904,
    481290488,
    692822638,
    966406433,
    576543901
  ]
}