{
  "mode": "branch",
  "rep": 810,
  "ne": 10000,
  "r": [
    1e-08,
    1e-08,
    1.820689655172414e-07,
    1.820689655172414e-07,
    3.541379310344828e-07,
    3.541379310344828e-07,
    5.262068965517242e-07,
    5.262068965517242e-07,
    6.982758620689656e-07,
    6.982758620689656e-07,
    8.70344827586207e-07,
    8.70344827586207e-07,
    1.0424137931034483e-06,
    1.0424137931034483e-06,
    1.2144827586206895e-06,
    1.2144827586206895e-06,
    1.386551724137931e-06,
    1.386551724137931e-06,
    1.5586206896551725e-06,
    1.5586206896551725e-06,
    1.7306896551724138e-06,
    1.7306896551724138e-06,
    1.9027586206896551e-06,
    1.9027586206896551e-06,
    2.0748275862068966e-06,
    2.0748275862068966e-06,
    2.246896551724138e-06,
    2.246896551724138e-06,
    2.418965517241379e-06,
    2.418965517241379e-06,
    2.5910344827586207e-06,
    2.5910344827586207e-06,
    2.763103448275862e-06,
    2.763103448275862e-06,
    2.9351724137931037e-06,
    2.9351724137931037e-06,
    3.107241379310345e-06,
    3.107241379310345e-06,
    3.2793103448275863e-06,
    3.2793103448275863e-06,
    3.4513793103448278e-06,
    3.6234482758620693e-06,
    3.7955172413793103e-06,
    3.967586206896552e-06,
    4.139655172413793e-06,
    4.311724137931034e-06,
    4.483793103448276e-06,
    4.655862068965517e-06,
    4.8279310344827585e-06,
    5e-06
  ],
  "mu": 0,
  "samples": 250,
  "sequence_length": 1000,
  "seeds": [
    1211665932,
    273235913,
    1020951345,
    221517686,
    1817144750,
    197417247,
    948457054,
    1290691267,
    1813925559,
    1136974526,
    489503171,
    1185227361,
    1052705888,
    2036996842,
    600748789,
    798068091,
    2144286462,
    749696812,
    870815869,
    2077689400,
    1872055362,
    997392472,
    699343101,
    329746707,
    816718243,
    1025720718,
    489460333,
    1666895939,
    599875247,
    904813710,
    734276367,
    1679694704,
    1735189870,
    1068989,
    1047812265,
    974208129,
    1693375195,
    1847839431,
    1456537677,
    2114903419,
    770579199,
    128717190,
    1447974164,
    1149586231,
    1254385601,
    1916306309,
    2122481791,
    1202690278,
    1030810651,
    1815562633
  ]
}