{
  "mode": "branch",
  "rep": 790,
  "ne": 10000,
  "r": [
    1e-08,
    1e-08,
    1.820689655172414e-07,
    1.820689655172414e-07,
    3.541379310344828e-07,
    3.541379310344828e-07,
    5.262068965517242e-07,
    5.262068965517242e-07,
    6.982758620689656e-07,
    6.982758620689656e-07,
    8.70344827586207e-07,
    8.70344827586207e-07,
    1.0424137931034483e-06,
    1.0424137931034483e-06,
    1.2144827586206895e-06,
    1.2144827586206895e-06,
    1.386551724137931e-06,
    1.386551724137931e-06,
    1.5586206896551725e-06,
    1.5586206896551725e-06,
    1.7306896551724138e-06,
    1.9027586206896551e-06,
    2.0748275862068966e-06,
    2.246896551724138e-06,
    2.418965517241379e-06,
    2.5910344827586207e-06,
    2.763103448275862e-06,
    2.9351724137931037e-06,
    3.107241379310345e-06,
    3.2793103448275863e-06,
    3.4513793103448278e-06,
    3.4513793103448278e-06,
    3.6234482758620693e-06,
    3.6234482758620693e-06,
    3.7955172413793103e-06,
    3.7955172413793103e-06,
    3.967586206896552e-06,
    3.967586206896552e-06,
    4.139655172413793e-06,
    4.139655172413793e-06,
    4.311724137931034e-06,
    4.311724137931034e-06,
    4.483793103448276e-06,
    4.483793103448276e-06,
    4.655862068965517e-06,
    4.655862068965517e-06,
    4.8279310344827585e-06,
    4.8279310344827585e-06,
    5e-06,
    5e-06
  ],
  "mu": 0,
  "samples": 250,
  "sequence_length": 1000,
  "seeds": [
    15115467,
    1301705499,
    388424525,
    2030543253,
    1871333973,
    1363184404,
    1443018398,
    1854856185,
    1293375865,
    1536564042,
    1360272753,
    1939844227,
    418598792,
    19279325,
    1105026554,
    495729399,
    884400756,
    1979400339,
    170255903,
    112815831,
    2002013896,
    2016848937,
    1475185390,
    2054536387,
    1788655633,
    1093858547,
    416558557,
    582979729,
    1390851753,
    97764757,
    596307095,
    338015066,
    112637951,
    1338877263,
    691623524,
    256122519,
    1520632189,
    1039324589,
    1384027343,
    1986227359,
    322748923,
    1006613214,
    361962026,
    1999661310,
    1809678105,
    504044977,
    1761908088,
    1013660420,
    1990973412,
    455605914
  ]
}