{
  "mode": "site",
  "rep": 353,
  "ne": 10000,
  "r": 1e-05,
  "mu": [
    1e-07,
    4.413793103448276e-07,
    7.827586206896552e-07,
    1.1241379310344827e-06,
    1.4655172413793102e-06,
    1.8068965517241377e-06,
    2.1482758620689656e-06,
    2.489655172413793e-06,
    2.8310344827586205e-06,
    3.172413793103448e-06,
    3.5137931034482755e-06,
    3.5137931034482755e-06,
    3.855172413793104e-06,
    3.855172413793104e-06,
    4.196551724137931e-06,
    4.196551724137931e-06,
    4.537931034482759e-06,
    4.537931034482759e-06,
    4.879310344827586e-06,
    4.879310344827586e-06,
    5.220689655172414e-06,
    5.220689655172414e-06,
    5.562068965517241e-06,
    5.562068965517241e-06,
    5.903448275862069e-06,
    5.903448275862069e-06,
    6.244827586206896e-06,
    6.244827586206896e-06,
    6.5862068965517236e-06,
    6.5862068965517236e-06,
    6.927586206896551e-06,
    6.927586206896551e-06,
    7.268965517241379e-06,
    7.268965517241379e-06,
    7.610344827586207e-06,
    7.610344827586207e-06,
    7.951724137931034e-06,
    7.951724137931034e-06,
    8.293103448275863e-06,
    8.293103448275863e-06,
    8.634482758620691e-06,
    8.634482758620691e-06,
    8.975862068965518e-06,
    8.975862068965518e-06,
    9.317241379310346e-06,
    9.317241379310346e-06,
    9.658620689655173e-06,
    9.658620689655173e-06,
    1e-05,
    1e-05
  ],
  "samples": 500,
  "sequence_length": 10000,
  "seeds": [
    204403460,
    1771693012,
    764739272,
    1393679533,
    464203516,
    1447677658,
    1253831630,
    1457692632,
    285286920,
    1119989033,
    104498454,
    2035135966,
    65891582,
    2128807164,
    1901078368,
    1055095857,
    791672112,
    1071964815,
    657482256,
    1101674904,
    1473873869,
    698770856,
    1315500460,
    567868170,
    1961837506,
    1954386391,
    1731711866,
    1939366175,
    328492143,
    930089598,
    330669853,
    1232587434,
    1148675743,
    352283196,
    578356394,
    146910165,
    1873231607,
    693951945,
    2057741285,
    1340739721,
    20602526,
    1335663170,
    558051299,
    1793410377,
    1790319926,
    941011017,
    735889708,
    1641027651,
    942424175,
    1799688472
  ]
}