{
  "mode": "branch",
  "rep": 1013,
  "ne": 10000,
  "r": [
    1e-08,
    1.820689655172414e-07,
    3.541379310344828e-07,
    5.262068965517242e-07,
    6.982758620689656e-07,
    8.70344827586207e-07,
    1.0424137931034483e-06,
    1.2144827586206895e-06,
    1.386551724137931e-06,
    1.5586206896551725e-06,
    1.7306896551724138e-06,
    1.7306896551724138e-06,
    1.9027586206896551e-06,
    1.9027586206896551e-06,
    2.0748275862068966e-06,
    2.0748275862068966e-06,
    2.246896551724138e-06,
    2.246896551724138e-06,
    2.418965517241379e-06,
    2.418965517241379e-06,
    2.5910344827586207e-06,
    2.5910344827586207e-06,
    2.763103448275862e-06,
    2.763103448275862e-06,
    2.9351724137931037e-06,
    2.9351724137931037e-06,
    3.107241379310345e-06,
    3.107241379310345e-06,
    3.2793103448275863e-06,
    3.2793103448275863e-06,
    3.4513793103448278e-06,
    3.4513793103448278e-06,
    3.6234482758620693e-06,
    3.6234482758620693e-06,
    3.7955172413793103e-06,
    3.7955172413793103e-06,
    3.967586206896552e-06,
    3.967586206896552e-06,
    4.139655172413793e-06,
    4.139655172413793e-06,
    4.311724137931034e-06,
    4.311724137931034e-06,
    4.483793103448276e-06,
    4.483793103448276e-06,
    4.655862068965517e-06,
    4.655862068965517e-06,
    4.8279310344827585e-06,
    4.8279310344827585e-06,
    5e-06,
    5e-06
  ],
  "mu": 0,
  "samples": 250,
  "sequence_length": 1000,
  "seeds": [
    1150340834,
    1035224431,
    1275203020,
    227386220,
    182870937,
    95623513,
    2092534460,
    2095251972,
    659288344,
    1501089188,
    1491999429,
    109441426,
    1488927375,
    2058160502,
    1692719703,
    1687073319,
    710142226,
    896639734,
    1636662861,
    1031530239,
    1343674114,
    1251964137,
    471398517,
    1090325334,
    1696908313,
    1139069250,
    1178915794,
    1115685049,
    1847954508,
    830740114,
    187953600,
    279087143,
    1327373499,
    1063131562,
    464220909,
    530482609,
    856840349,
    750459323,
    405867648,
    799241850,
    136454477,
    491485913,
    1430245729,
    981300723,
    15752632,
    734238307,
    475692693,
    1951180074,
    952214197,
    1975966986
  ]
}