{
  "mode": "site",
  "rep": 474,
  "ne": 10000,
  "r": 1e-05,
  "mu": [
    1e-07,
    1e-07,
    4.413793103448276e-07,
    4.413793103448276e-07,
    7.827586206896552e-07,
    7.827586206896552e-07,
    1.1241379310344827e-06,
    1.1241379310344827e-06,
    1.4655172413793102e-06,
    1.4655172413793102e-06,
    1.8068965517241377e-06,
    1.8068965517241377e-06,
    2.1482758620689656e-06,
    2.1482758620689656e-06,
    2.489655172413793e-06,
    2.489655172413793e-06,
    2.8310344827586205e-06,
    2.8310344827586205e-06,
    3.172413793103448e-06,
    3.172413793103448e-06,
    3.5137931034482755e-06,
    3.5137931034482755e-06,
    3.855172413793104e-06,
    3.855172413793104e-06,
    4.196551724137931e-06,
    4.196551724137931e-06,
    4.537931034482759e-06,
    4.537931034482759e-06,
    4.879310344827586e-06,
    4.879310344827586e-06,
    5.220689655172414e-06,
    5.220689655172414e-06,
    5.562068965517241e-06,
    5.562068965517241e-06,
    5.903448275862069e-06,
    5.903448275862069e-06,
    6.244827586206896e-06,
    6.244827586206896e-06,
    6.5862068965517236e-06,
    6.5862068965517236e-06,
    6.927586206896551e-06,
    7.268965517241379e-06,
    7.610344827586207e-06,
    7.951724137931034e-06,
    8.293103448275863e-06,
    8.634482758620691e-06,
    8.975862068965518e-06,
    9.317241379310346e-06,
    9.658620689655173e-06,
    1e-05
  ],
  "samples": 500,
  "sequence_length": 50000,
  "seeds": [
    632612380,
    232320588,
    2096577952,
    1618123840,
    680897212,
    1041157533,
    151942572,
    238473295,
    1556195965,
    387509927,
    190324965,
    1420442120,
    1784424992,
    12017153,
    49691496,
    984117148,
    1596340346,
    2135271092,
    1610068766,
    1550725806,
    1426148301,
    396334841,
    238058185,
    74879599,
    2113750721,
    1490081019,
    1904594730,
    1451563902,
    1375374287,
    779520134,
    527747062,
    1027446853,
    1696975099,
    1832874898,
    943894898,
    122594809,
    1297228738,
    812006335,
    1986865823,
    1503791840,
    400840005,
    2060178033,
    1438956682,
    1826567212,
    1662430830,
    384940217,
    753182405,
    494426076,
    492737066,
    1141079286
  ]
}