{
  "mode": "site",
  "rep": 471,
  "ne": 10000,
  "r": 1e-05,
  "mu": [
    1e-07,
    1e-07,
    4.413793103448276e-07,
    4.413793103448276e-07,
    7.827586206896552e-07,
    7.827586206896552e-07,
    1.1241379310344827e-06,
    1.1241379310344827e-06,
    1.4655172413793102e-06,
    1.4655172413793102e-06,
    1.8068965517241377e-06,
    1.8068965517241377e-06,
    2.1482758620689656e-06,
    2.1482758620689656e-06,
    2.489655172413793e-06,
    2.489655172413793e-06,
    2.8310344827586205e-06,
    2.8310344827586205e-06,
    3.172413793103448e-06,
    3.172413793103448e-06,
    3.5137931034482755e-06,
    3.5137931034482755e-06,
    3.855172413793104e-06,
    3.855172413793104e-06,
    4.196551724137931e-06,
    4.196551724137931e-06,
    4.537931034482759e-06,
    4.537931034482759e-06,
    4.879310344827586e-06,
    4.879310344827586e-06,
    5.220689655172414e-06,
    5.220689655172414e-06,
    5.562068965517241e-06,
    5.562068965517241e-06,
    5.903448275862069e-06,
    5.903448275862069e-06,
    6.244827586206896e-06,
    6.244827586206896e-06,
    6.5862068965517236e-06,
    6.5862068965517236e-06,
    6.927586206896551e-06,
    7.268965517241379e-06,
    7.610344827586207e-06,
    7.951724137931034e-06,
    8.293103448275863e-06,
    8.634482758620691e-06,
    8.975862068965518e-06,
    9.317241379310346e-06,
    9.658620689655173e-06,
    1e-05
  ],
  "samples": 500,
  "sequence_length": 50000,
  "seeds": [
    602177736,
    987994809,
    1170972044,
    1209184058,
    1832241772,
    1846618092,
    878662969,
    380653363,
    1500067142,
    48659762,
    1412595537,
    1440335703,
    1121619662,
    480907842,
    1170096272,
    278358182,
    1884225582,
    855436052,
    161551671,
    1600352210,
    784161174,
    581533635,
    2096782836,
    82998788,
    1907240275,
    994138167,
    1047030922,
    489018542,
    498902990,
    1004124558,
    2061129494,
    1579437253,
    544390366,
    1164244793,
    1787116409,
    697445330,
    1043356624,
    1248478201,
    222671210,
    1580370820,
    1186676161,
    1467002935,
    1623628251,
    821531825,
    474316133,
    1603000950,
    1967414175,
    2123846515,
    556157326,
    1587670667
  ]
}