{
  "mode": "site",
  "rep": 535,
  "ne": 10000,
  "r": 1e-05,
  "mu": [
    1e-07,
    1e-07,
    4.413793103448276e-07,
    4.413793103448276e-07,
    7.827586206896552e-07,
    7.827586206896552e-07,
    1.1241379310344827e-06,
    1.1241379310344827e-06,
    1.4655172413793102e-06,
    1.4655172413793102e-06,
    1.8068965517241377e-06,
    1.8068965517241377e-06,
    2.1482758620689656e-06,
    2.1482758620689656e-06,
    2.489655172413793e-06,
    2.489655172413793e-06,
    2.8310344827586205e-06,
    2.8310344827586205e-06,
    3.172413793103448e-06,
    3.172413793103448e-06,
    3.5137931034482755e-06,
    3.855172413793104e-06,
    4.196551724137931e-06,
    4.537931034482759e-06,
    4.879310344827586e-06,
    5.220689655172414e-06,
    5.562068965517241e-06,
    5.903448275862069e-06,
    6.244827586206896e-06,
    6.5862068965517236e-06,
    6.927586206896551e-06,
    6.927586206896551e-06,
    7.268965517241379e-06,
    7.268965517241379e-06,
    7.610344827586207e-06,
    7.610344827586207e-06,
    7.951724137931034e-06,
    7.951724137931034e-06,
    8.293103448275863e-06,
    8.293103448275863e-06,
    8.634482758620691e-06,
    8.634482758620691e-06,
    8.975862068965518e-06,
    8.975862068965518e-06,
    9.317241379310346e-06,
    9.317241379310346e-06,
    9.658620689655173e-06,
    9.658620689655173e-06,
    1e-05,
    1e-05
  ],
  "samples": 500,
  "sequence_length": 10000,
  "seeds": [
    103847916,
    1680614416,
    1991379127,
    69615880,
    1250062850,
    698388199,
    65995456,
    1385990697,
    713280909,
    1427174102,
    232517669,
    881246418,
    803470586,
    553827881,
    1557567037,
    1937353438,
    551973061,
    1347321811,
    992632298,
    1000401818,
    320187216,
    1594547959,
    1026589599,
    158265502,
    1409618433,
    1076668224,
    1631670943,
    580782945,
    203436580,
    1393432213,
    80328162,
    985634012,
    1232150383,
    1154629396,
    196160494,
    85186816,
    901901116,
    1898825536,
    555506874,
    1800268911,
    1333205103,
    448351754,
    292862523,
    1008217367,
    1999119339,
    307309855,
    488367460,
    819433509,
    634032471,
    1305299985
  ]
}