{
  "mode": "branch",
  "rep": 1157,
  "ne": 10000,
  "r": [
    1e-08,
    1.820689655172414e-07,
    3.541379310344828e-07,
    5.262068965517242e-07,
    6.982758620689656e-07,
    8.70344827586207e-07,
    1.0424137931034483e-06,
    1.2144827586206895e-06,
    1.386551724137931e-06,
    1.5586206896551725e-06,
    1.7306896551724138e-06,
    1.7306896551724138e-06,
    1.9027586206896551e-06,
    1.9027586206896551e-06,
    2.0748275862068966e-06,
    2.0748275862068966e-06,
    2.246896551724138e-06,
    2.246896551724138e-06,
    2.418965517241379e-06,
    2.418965517241379e-06,
    2.5910344827586207e-06,
    2.5910344827586207e-06,
    2.763103448275862e-06,
    2.763103448275862e-06,
    2.9351724137931037e-06,
    2.9351724137931037e-06,
    3.107241379310345e-06,
    3.107241379310345e-06,
    3.2793103448275863e-06,
    3.2793103448275863e-06,
    3.4513793103448278e-06,
    3.4513793103448278e-06,
    3.6234482758620693e-06,
    3.6234482758620693e-06,
    3.7955172413793103e-06,
    3.7955172413793103e-06,
    3.967586206896552e-06,
    3.967586206896552e-06,
    4.139655172413793e-06,
    4.139655172413793e-06,
    4.311724137931034e-06,
    4.311724137931034e-06,
    4.483793103448276e-06,
    4.483793103448276e-06,
    4.655862068965517e-06,
    4.655862068965517e-06,
    4.8279310344827585e-06,
    4.8279310344827585e-06,
    5e-06,
    5e-06
  ],
  "mu": 0,
  "samples": 250,
  "sequence_length": 1000,
  "seeds": [
    2035385020,
    1291110333,
    656335055,
    1887848391,
    1880560480,
    1128186506,
    88284666,
    754545834,
    1681491970,
    568452409,
    278096855,
    1444855923,
    816761940,
    1395718400,
    1485656724,
    1091810275,
    1342155765,
    1053121449,
    90626664,
    1148212938,
    136349442,
    1976677033,
    438946527,
    2022847851,
    1057768960,
    1158197846,
    1762112718,
    1370983036,
    966149682,
    438805563,
    1162672869,
    529942263,
    1898056962,
    1921634045,
    332296211,
    2118963967,
    757794160,
    1896654580,
    376048879,
    1341530858,
    1085507785,
    1743792360,
    1997859886,
    820683565,
    1777679035,
    1724100334,
    614869374,
    1630544579,
    1479943292,
    1280860880
  ]
}