{
  "mode": "site",
  "rep": 66,
  "ne": 10000,
  "r": 1e-05,
  "mu": [
    1e-07,
    1e-07,
    4.413793103448276e-07,
    4.413793103448276e-07,
    7.827586206896552e-07,
    7.827586206896552e-07,
    1.1241379310344827e-06,
    1.1241379310344827e-06,
    1.4655172413793102e-06,
    1.4655172413793102e-06,
    1.8068965517241377e-06,
    1.8068965517241377e-06,
    2.1482758620689656e-06,
    2.1482758620689656e-06,
    2.489655172413793e-06,
    2.489655172413793e-06,
    2.8310344827586205e-06,
    2.8310344827586205e-06,
    3.172413793103448e-06,
    3.172413793103448e-06,
    3.5137931034482755e-06,
    3.5137931034482755e-06,
    3.855172413793104e-06,
    3.855172413793104e-06,
    4.196551724137931e-06,
    4.196551724137931e-06,
    4.537931034482759e-06,
    4.537931034482759e-06,
    4.879310344827586e-06,
    4.879310344827586e-06,
    5.220689655172414e-06,
    5.220689655172414e-06,
    5.562068965517241e-06,
    5.562068965517241e-06,
    5.903448275862069e-06,
    5.903448275862069e-06,
    6.244827586206896e-06,
    6.244827586206896e-06,
    6.5862068965517236e-06,
    6.5862068965517236e-06,
    6.927586206896551e-06,
    7.268965517241379e-06,
    7.610344827586207e-06,
    7.951724137931034e-06,
    8.293103448275863e-06,
    8.634482758620691e-06,
    8.975862068965518e-06,
    9.317241379310346e-06,
    9.658620689655173e-06,
    1e-05
  ],
  "samples": 500,
  "sequence_length": 10000,
  "seeds": [
    1800607907,
    1222511264,
    82706019,
    1206790556,
    160554540,
    1649894691,
    996651474,
    1958132610,
    169607409,
    1907813393,
    803821993,
    309497619,
    1409919247,
    1608353403,
    2063651611,
    1885456317,
    952225666,
    1323177220,
    694346921,
    280526650,
    108122555,
    1715456548,
    1014479016,
    1189353139,
    1128068829,
    736533782,
    1309255760,
    109111234,
    1232065850,
    2114390138,
    1048536768,
    777413352,
    1718585841,
    144779792,
    835113009,
    179104113,
    1173373397,
    1204640743,
    627886924,
    886587521,
    1620628612,
    1376890978,
    1163140397,
    115509859,
    1644194142,
    1914223629,
    80541467,
    383248594,
    731779023,
    1162140585
  ]
}