{
  "mode": "branch",
  "rep": 631,
  "ne": 10000,
  "r": [
    1e-08,
    1e-08,
    1.820689655172414e-07,
    1.820689655172414e-07,
    3.541379310344828e-07,
    3.541379310344828e-07,
    5.262068965517242e-07,
    5.262068965517242e-07,
    6.982758620689656e-07,
    6.982758620689656e-07,
    8.70344827586207e-07,
    8.70344827586207e-07,
    1.0424137931034483e-06,
    1.0424137931034483e-06,
    1.2144827586206895e-06,
    1.2144827586206895e-06,
    1.386551724137931e-06,
    1.386551724137931e-06,
    1.5586206896551725e-06,
    1.5586206896551725e-06,
    1.7306896551724138e-06,
    1.9027586206896551e-06,
    2.0748275862068966e-06,
    2.246896551724138e-06,
    2.418965517241379e-06,
    2.5910344827586207e-06,
    2.763103448275862e-06,
    2.9351724137931037e-06,
    3.107241379310345e-06,
    3.2793103448275863e-06,
    3.4513793103448278e-06,
    3.4513793103448278e-06,
    3.6234482758620693e-06,
    3.6234482758620693e-06,
    3.7955172413793103e-06,
    3.7955172413793103e-06,
    3.967586206896552e-06,
    3.967586206896552e-06,
    4.139655172413793e-06,
    4.139655172413793e-06,
    4.311724137931034e-06,
    4.311724137931034e-06,
    4.483793103448276e-06,
    4.483793103448276e-06,
    4.655862068965517e-06,
    4.655862068965517e-06,
    4.8279310344827585e-06,
    4.8279310344827585e-06,
    5e-06,
    5e-06
  ],
  "mu": 0,
  "samples": 250,
  "sequence_length": 1000,
  "seeds": [
    34262286,
    1550025338,
    16567967,
    129502742,
    778199911,
    2114397319,
    929467101,
    1657755970,
    192959428,
    1653961095,
    930053928,
    1307370919,
    1297700690,
    818298365,
    1840372498,
    507268769,
    1952657160,
    1729906959,
    685500532,
    1475280364,
    1357711280,
    1522462046,
    841195617,
    1671435676,
    2022189425,
    2146748529,
    1890296300,
    1275227588,
    337535805,
    1110010999,
    309714166,
    1578648079,
    309724085,
    554247160,
    614096759,
    216642344,
    119301796,
    2001131762,
    336950182,
    762159672,
    403667006,
    218972829,
    367510179,
    1026821238,
    1646933938,
    900968821,
    2085749284,
    1554917734,
    735835541,
    1263108672
  ]
}