{
  "mode": "branch",
  "rep": 934,
  "ne": 10000,
  "r": [
    1e-08,
    1e-08,
    1.820689655172414e-07,
    1.820689655172414e-07,
    3.541379310344828e-07,
    3.541379310344828e-07,
    5.262068965517242e-07,
    5.262068965517242e-07,
    6.982758620689656e-07,
    6.982758620689656e-07,
    8.70344827586207e-07,
    8.70344827586207e-07,
    1.0424137931034483e-06,
    1.0424137931034483e-06,
    1.2144827586206895e-06,
    1.2144827586206895e-06,
    1.386551724137931e-06,
    1.386551724137931e-06,
    1.5586206896551725e-06,
    1.5586206896551725e-06,
    1.7306896551724138e-06,
    1.9027586206896551e-06,
    2.0748275862068966e-06,
    2.246896551724138e-06,
    2.418965517241379e-06,
    2.5910344827586207e-06,
    2.763103448275862e-06,
    2.9351724137931037e-06,
    3.107241379310345e-06,
    3.2793103448275863e-06,
    3.4513793103448278e-06,
    3.4513793103448278e-06,
    3.6234482758620693e-06,
    3.6234482758620693e-06,
    3.7955172413793103e-06,
    3.7955172413793103e-06,
    3.967586206896552e-06,
    3.967586206896552e-06,
    4.139655172413793e-06,
    4.139655172413793e-06,
    4.311724137931034e-06,
    4.311724137931034e-06,
    4.483793103448276e-06,
    4.483793103448276e-06,
    4.655862068965517e-06,
    4.655862068965517e-06,
    4.8279310344827585e-06,
    4.8279310344827585e-06,
    5e-06,
    5e-06
  ],
  "mu": 0,
  "samples": 250,
  "sequence_length": 1000,
  "seeds": [
    732367349,
    205572398,
    598894505,
    998892793,
    1566950811,
    119173907,
    643735804,
    1023180230,
    1253365691,
    562234478,
    1979682790,
    1924918942,
    1342453242,
    1058091815,
    508705515,
    1615991328,
    446911224,
    367003194,
    1416069141,
    787209360,
    1495403661,
    1414447528,
    244325884,
    939784812,
    1967717116,
    1526178309,
    1887138808,
    1166608414,
    841132039,
    291251254,
    1893573786,
    1523302587,
    1804794679,
    1570437154,
    1441447532,
    465287475,
    1150607975,
    1932213204,
    1881586778,
    1855453159,
    166716848,
    2054734035,
    879210864,
    20216557,
    508073992,
    1351508774,
    110575571,
    423794996,
    275406845,
    308706326
  ]
}