{
  "mode": "site",
  "rep": 381,
  "ne": 10000,
  "r": 1e-05,
  "mu": [
    1e-07,
    1e-07,
    4.413793103448276e-07,
    4.413793103448276e-07,
    7.827586206896552e-07,
    7.827586206896552e-07,
    1.1241379310344827e-06,
    1.1241379310344827e-06,
    1.4655172413793102e-06,
    1.4655172413793102e-06,
    1.8068965517241377e-06,
    1.8068965517241377e-06,
    2.1482758620689656e-06,
    2.1482758620689656e-06,
    2.489655172413793e-06,
    2.489655172413793e-06,
    2.8310344827586205e-06,
    2.8310344827586205e-06,
    3.172413793103448e-06,
    3.172413793103448e-06,
    3.5137931034482755e-06,
    3.5137931034482755e-06,
    3.855172413793104e-06,
    3.855172413793104e-06,
    4.196551724137931e-06,
    4.196551724137931e-06,
    4.537931034482759e-06,
    4.537931034482759e-06,
    4.879310344827586e-06,
    4.879310344827586e-06,
    5.220689655172414e-06,
    5.220689655172414e-06,
    5.562068965517241e-06,
    5.562068965517241e-06,
    5.903448275862069e-06,
    5.903448275862069e-06,
    6.244827586206896e-06,
    6.244827586206896e-06,
    6.5862068965517236e-06,
    6.5862068965517236e-06,
    6.927586206896551e-06,
    7.268965517241379e-06,
    7.610344827586207e-06,
    7.951724137931034e-06,
    8.293103448275863e-06,
    8.634482758620691e-06,
    8.975862068965518e-06,
    9.317241379310346e-06,
    9.658620689655173e-06,
    1e-05
  ],
  "samples": 500,
  "sequence_length": 50000,
  "seeds": [
    480789719,
    1993904085,
    1632051749,
    579960807,
    1959852899,
    490901400,
    338580328,
    158596452,
    2114653151,
    738960807,
    156302461,
    402204280,
    1315441211,
    1282225781,
    1864155089,
    457097456,
    1321515597,
    1105176786,
    1338698253,
    746165993,
    1028330277,
    1735974954,
    885107282,
    971942428,
    1998742140,
    223561948,
    73873401,
    899245137,
    1558204002,
    504188570,
    1147725323,
    275861773,
    1572820837,
    170592444,
    1774932978,
    731976869,
    30547111,
    147153124,
    1123007897,
    1589730827,
    1924252380,
    1730922957,
    1496666687,
    974334673,
    523704378,
    1806375630,
    1488044149,
    868450006,
    1620774773,
    208493729
  ]
}