{
  "mode": "site",
  "rep": 424,
  "ne": 10000,
  "r": 1e-05,
  "mu": [
    1e-07,
    1e-07,
    4.413793103448276e-07,
    4.413793103448276e-07,
    7.827586206896552e-07,
    7.827586206896552e-07,
    1.1241379310344827e-06,
    1.1241379310344827e-06,
    1.4655172413793102e-06,
    1.4655172413793102e-06,
    1.8068965517241377e-06,
    1.8068965517241377e-06,
    2.1482758620689656e-06,
    2.1482758620689656e-06,
    2.489655172413793e-06,
    2.489655172413793e-06,
    2.8310344827586205e-06,
    2.8310344827586205e-06,
    3.172413793103448e-06,
    3.172413793103448e-06,
    3.5137931034482755e-06,
    3.855172413793104e-06,
    4.196551724137931e-06,
    4.537931034482759e-06,
    4.879310344827586e-06,
    5.220689655172414e-06,
    5.562068965517241e-06,
    5.903448275862069e-06,
    6.244827586206896e-06,
    6.5862068965517236e-06,
    6.927586206896551e-06,
    6.927586206896551e-06,
    7.268965517241379e-06,
    7.268965517241379e-06,
    7.610344827586207e-06,
    7.610344827586207e-06,
    7.951724137931034e-06,
    7.951724137931034e-06,
    8.293103448275863e-06,
    8.293103448275863e-06,
    8.634482758620691e-06,
    8.634482758620691e-06,
    8.975862068965518e-06,
    8.975862068965518e-06,
    9.317241379310346e-06,
    9.317241379310346e-06,
    9.658620689655173e-06,
    9.658620689655173e-06,
    1e-05,
    1e-05
  ],
  "samples": 500,
  "sequence_length": 50000,
  "seeds": [
    430731520,
    332356638,
    1921465105,
    364518162,
    1698138821,
    1275902073,
    2134146277,
    621263345,
    847392402,
    410201719,
    310554551,
    125169998,
    811196379,
    1395636276,
    1457854814,
    1629875086,
    1726870871,
    1781984975,
    726703045,
    1470261091,
    2002297708,
    619719069,
    1363297782,
    22495254,
    28276707,
    1523327627,
    1671808944,
    1727799940,
    1654014802,
    20562434,
    2027823617,
    1058488058,
    1269458558,
    401918645,
    1367518177,
    1307071331,
    762742534,
    462856197,
    324836890,
    1736649006,
    1987561668,
    1034994582,
    1993261429,
    58973838,
    846469390,
    955283032,
    611858975,
    37445504,
    1133082755,
    1169671993
  ]
}