{
  "mode": "site",
  "rep": 529,
  "ne": 10000,
  "r": 1e-05,
  "mu": [
    1e-07,
    1e-07,
    4.413793103448276e-07,
    4.413793103448276e-07,
    7.827586206896552e-07,
    7.827586206896552e-07,
    1.1241379310344827e-06,
    1.1241379310344827e-06,
    1.4655172413793102e-06,
    1.4655172413793102e-06,
    1.8068965517241377e-06,
    1.8068965517241377e-06,
    2.1482758620689656e-06,
    2.1482758620689656e-06,
    2.489655172413793e-06,
    2.489655172413793e-06,
    2.8310344827586205e-06,
    2.8310344827586205e-06,
    3.172413793103448e-06,
    3.172413793103448e-06,
    3.5137931034482755e-06,
    3.855172413793104e-06,
    4.196551724137931e-06,
    4.537931034482759e-06,
    4.879310344827586e-06,
    5.220689655172414e-06,
    5.562068965517241e-06,
    5.903448275862069e-06,
    6.244827586206896e-06,
    6.5862068965517236e-06,
    6.927586206896551e-06,
    6.927586206896551e-06,
    7.268965517241379e-06,
    7.268965517241379e-06,
    7.610344827586207e-06,
    7.610344827586207e-06,
    7.951724137931034e-06,
    7.951724137931034e-06,
    8.293103448275863e-06,
    8.293103448275863e-06,
    8.634482758620691e-06,
    8.634482758620691e-06,
    8.975862068965518e-06,
    8.975862068965518e-06,
    9.317241379310346e-06,
    9.317241379310346e-06,
    9.658620689655173e-06,
    9.658620689655173e-06,
    1e-05,
    1e-05
  ],
  "samples": 500,
  "sequence_length": 50000,
  "seeds": [
    619249777,
    853141774,
    1410331087,
    1309790755,
    1355910661,
    1092805335,
    1963272524,
    1186413665,
    1842362112,
    519191146,
    804168260,
    1602258483,
    1781213024,
    1014349102,
    1541606765,
    1915946106,
    964150331,
    475420790,
    990548107,
    93576404,
    1027518981,
    1322463377,
    1202375582,
    315236663,
    1710800710,
    2109300646,
    1371128751,
    826133026,
    1802693798,
    744262367,
    524207467,
    1906731095,
    1420873030,
    208449980,
    230323562,
    843816291,
    576744033,
    922244766,
    1614651409,
    1879974027,
    736188138,
    661992676,
    821181007,
    1307414826,
    385193957,
    1598566188,
    1960270218,
    1720339815,
    1562269448,
    824924691
  ]
}