{
  "mode": "branch",
  "rep": 1073,
  "ne": 10000,
  "r": [
    1e-08,
    1.820689655172414e-07,
    3.541379310344828e-07,
    5.262068965517242e-07,
    6.982758620689656e-07,
    8.70344827586207e-07,
    1.0424137931034483e-06,
    1.2144827586206895e-06,
    1.386551724137931e-06,
    1.5586206896551725e-06,
    1.7306896551724138e-06,
    1.7306896551724138e-06,
    1.9027586206896551e-06,
    1.9027586206896551e-06,
    2.0748275862068966e-06,
    2.0748275862068966e-06,
    2.246896551724138e-06,
    2.246896551724138e-06,
    2.418965517241379e-06,
    2.418965517241379e-06,
    2.5910344827586207e-06,
    2.5910344827586207e-06,
    2.763103448275862e-06,
    2.763103448275862e-06,
    2.9351724137931037e-06,
    2.9351724137931037e-06,
    3.107241379310345e-06,
    3.107241379310345e-06,
    3.2793103448275863e-06,
    3.2793103448275863e-06,
    3.4513793103448278e-06,
    3.4513793103448278e-06,
    3.6234482758620693e-06,
    3.6234482758620693e-06,
    3.7955172413793103e-06,
    3.7955172413793103e-06,
    3.967586206896552e-06,
    3.967586206896552e-06,
    4.139655172413793e-06,
    4.139655172413793e-06,
    4.311724137931034e-06,
    4.311724137931034e-06,
    4.483793103448276e-06,
    4.483793103448276e-06,
    4.655862068965517e-06,
    4.655862068965517e-06,
    4.8279310344827585e-06,
    4.8279310344827585e-06,
    5e-06,
    5e-06
  ],
  "mu": 0,
  "samples": 250,
  "sequence_length": 1000,
  "seeds": [
    773609655,
    1677486255,
    2058331960,
    1754472649,
    761414465,
    1816652074,
    270110056,
    344402823,
    959728747,
    1949892460,
    1980326427,
    74074580,
    1181026889,
    1232108195,
    1711834947,
    1924897182,
    1712790117,
    227833553,
    1658382202,
    1773120960,
    1187296117,
    1333340907,
    1825772863,
    1085801236,
    427366453,
    2106231756,
    1149894367,
    915393109,
    574601317,
    50565778,
    1555928532,
    666335591,
    1301115736,
    1031795680,
    386971414,
    1785352681,
    760924316,
    667790940,
    1642367041,
    1073090457,
    547657692,
    2102749999,
    1112939264,
    878222420,
    1803262348,
    935514638,
    263807010,
    1315839940,
    1495639307,
    1355076849
  ]
}