{
  "mode": "branch",
  "rep": 639,
  "ne": 10000,
  "r": [
    1e-08,
    1e-08,
    1.820689655172414e-07,
    1.820689655172414e-07,
    3.541379310344828e-07,
    3.541379310344828e-07,
    5.262068965517242e-07,
    5.262068965517242e-07,
    6.982758620689656e-07,
    6.982758620689656e-07,
    8.70344827586207e-07,
    8.70344827586207e-07,
    1.0424137931034483e-06,
    1.0424137931034483e-06,
    1.2144827586206895e-06,
    1.2144827586206895e-06,
    1.386551724137931e-06,
    1.386551724137931e-06,
    1.5586206896551725e-06,
    1.5586206896551725e-06,
    1.7306896551724138e-06,
    1.7306896551724138e-06,
    1.9027586206896551e-06,
    1.9027586206896551e-06,
    2.0748275862068966e-06,
    2.0748275862068966e-06,
    2.246896551724138e-06,
    2.246896551724138e-06,
    2.418965517241379e-06,
    2.418965517241379e-06,
    2.5910344827586207e-06,
    2.5910344827586207e-06,
    2.763103448275862e-06,
    2.763103448275862e-06,
    2.9351724137931037e-06,
    2.9351724137931037e-06,
    3.107241379310345e-06,
    3.107241379310345e-06,
    3.2793103448275863e-06,
    3.2793103448275863e-06,
    3.4513793103448278e-06,
    3.6234482758620693e-06,
    3.7955172413793103e-06,
    3.967586206896552e-06,
    4.139655172413793e-06,
    4.311724137931034e-06,
    4.483793103448276e-06,
    4.655862068965517e-06,
    4.8279310344827585e-06,
    5e-06
  ],
  "mu": 0,
  "samples": 250,
  "sequence_length": 1000,
  "seeds": [
    48323420,
    384830351,
    119769828,
    346057988,
    868465257,
    1062863087,
    175908478,
    2054540552,
    2026118550,
    1213304620,
    1323806063,
    1498404979,
    2143585067,
    644902258,
    260201034,
    1897809538,
    380719176,
    570866392,
    940203596,
    513464910,
    1176680914,
    1148088697,
    562150242,
    411505625,
    1346125000,
    1583501922,
    728091674,
    1668906470,
    1190773191,
    1781681483,
    87679698,
    733775564,
    1578753465,
    1111022575,
    579733735,
    1729225901,
    997351092,
    976853926,
    1464706072,
    767933851,
    1604726286,
    652236838,
    452453130,
    90200150,
    1844725398,
    1941378234,
    1241579407,
    548625927,
    1294290908,
    1683521033
  ]
}