{
  "mode": "site",
  "rep": 250,
  "ne": 10000,
  "r": 1e-05,
  "mu": [
    1e-07,
    1e-07,
    4.413793103448276e-07,
    4.413793103448276e-07,
    7.827586206896552e-07,
    7.827586206896552e-07,
    1.1241379310344827e-06,
    1.1241379310344827e-06,
    1.4655172413793102e-06,
    1.4655172413793102e-06,
    1.8068965517241377e-06,
    1.8068965517241377e-06,
    2.1482758620689656e-06,
    2.1482758620689656e-06,
    2.489655172413793e-06,
    2.489655172413793e-06,
    2.8310344827586205e-06,
    2.8310344827586205e-06,
    3.172413793103448e-06,
    3.172413793103448e-06,
    3.5137931034482755e-06,
    3.855172413793104e-06,
    4.196551724137931e-06,
    4.537931034482759e-06,
    4.879310344827586e-06,
    5.220689655172414e-06,
    5.562068965517241e-06,
    5.903448275862069e-06,
    6.244827586206896e-06,
    6.5862068965517236e-06,
    6.927586206896551e-06,
    6.927586206896551e-06,
    7.268965517241379e-06,
    7.268965517241379e-06,
    7.610344827586207e-06,
    7.610344827586207e-06,
    7.951724137931034e-06,
    7.951724137931034e-06,
    8.293103448275863e-06,
    8.293103448275863e-06,
    8.634482758620691e-06,
    8.634482758620691e-06,
    8.975862068965518e-06,
    8.975862068965518e-06,
    9.317241379310346e-06,
    9.317241379310346e-06,
    9.658620689655173e-06,
    9.658620689655173e-06,
    1e-05,
    1e-05
  ],
  "samples": 500,
  "sequence_length": 10000,
  "seeds": [
    878552570,
    779930251,
    973017156,
    537678098,
    1595488978,
    1131232515,
    84568448,
    2007674468,
    1117850228,
    1581578002,
    1525480519,
    1318136450,
    1054274806,
    140052339,
    700245977,
    1237493466,
    516538460,
    1368225550,
    1558480503,
    1314545117,
    1584749253,
    959558559,
    896158589,
    883111336,
    883210380,
    1277605951,
    42838039,
    121647367,
    1870631645,
    581139697,
    1681302569,
    445234735,
    565218257,
    1195688640,
    428651617,
    1124510318,
    1616605863,
    295695265,
    1858018858,
    1960299756,
    331627436,
    887467200,
    1515709167,
    982848908,
    601043503,
    1423453617,
    710457559,
    426220361,
    429211879,
    1168181265
  ]
}