{
  "mode": "branch",
  "rep": 1009,
  "ne": 10000,
  "r": [
    1e-08,
    1e-08,
    1.820689655172414e-07,
    1.820689655172414e-07,
    3.541379310344828e-07,
    3.541379310344828e-07,
    5.262068965517242e-07,
    5.262068965517242e-07,
    6.982758620689656e-07,
    6.982758620689656e-07,
    8.70344827586207e-07,
    8.70344827586207e-07,
    1.0424137931034483e-06,
    1.0424137931034483e-06,
    1.2144827586206895e-06,
    1.2144827586206895e-06,
    1.386551724137931e-06,
    1.386551724137931e-06,
    1.5586206896551725e-06,
    1.5586206896551725e-06,
    1.7306896551724138e-06,
    1.9027586206896551e-06,
    2.0748275862068966e-06,
    2.246896551724138e-06,
    2.418965517241379e-06,
    2.5910344827586207e-06,
    2.763103448275862e-06,
    2.9351724137931037e-06,
    3.107241379310345e-06,
    3.2793103448275863e-06,
    3.4513793103448278e-06,
    3.4513793103448278e-06,
    3.6234482758620693e-06,
    3.6234482758620693e-06,
    3.7955172413793103e-06,
    3.7955172413793103e-06,
    3.967586206896552e-06,
    3.967586206896552e-06,
    4.139655172413793e-06,
    4.139655172413793e-06,
    4.311724137931034e-06,
    4.311724137931034e-06,
    4.483793103448276e-06,
    4.483793103448276e-06,
    4.655862068965517e-06,
    4.655862068965517e-06,
    4.8279310344827585e-06,
    4.8279310344827585e-06,
    5e-06,
    5e-06
  ],
  "mu": 0,
  "samples": 250,
  "sequence_length": 1000,
  "seeds": [
    1638384956,
    422614233,
    1102707325,
    1009757021,
    1954469958,
    1083026761,
    1647359907,
    56492679,
    1284656923,
    1765694363,
    1794587229,
    87812920,
    341041273,
    248948581,
    1243202455,
    1201319310,
    1350033240,
    1893349829,
    1748964767,
    186380931,
    1960931622,
    12756972,
    716786917,
    453510684,
    1361446977,
    169093796,
    1351140319,
    701169413,
    1946447030,
    1905772762,
    1274049094,
    1975090276,
    802091277,
    42033612,
    181534465,
    622819624,
    1867857674,
    1456314472,
    1162520970,
    1849451566,
    971478637,
    1294838852,
    1127344440,
    673291009,
    504557446,
    1044719007,
    158016854,
    1726613512,
    886016464,
    2063006592
  ]
}