{
  "mode": "site",
  "rep": 99,
  "ne": 10000,
  "r": 1e-05,
  "mu": [
    1e-07,
    1e-07,
    4.413793103448276e-07,
    4.413793103448276e-07,
    7.827586206896552e-07,
    7.827586206896552e-07,
    1.1241379310344827e-06,
    1.1241379310344827e-06,
    1.4655172413793102e-06,
    1.4655172413793102e-06,
    1.8068965517241377e-06,
    1.8068965517241377e-06,
    2.1482758620689656e-06,
    2.1482758620689656e-06,
    2.489655172413793e-06,
    2.489655172413793e-06,
    2.8310344827586205e-06,
    2.8310344827586205e-06,
    3.172413793103448e-06,
    3.172413793103448e-06,
    3.5137931034482755e-06,
    3.5137931034482755e-06,
    3.855172413793104e-06,
    3.855172413793104e-06,
    4.196551724137931e-06,
    4.196551724137931e-06,
    4.537931034482759e-06,
    4.537931034482759e-06,
    4.879310344827586e-06,
    4.879310344827586e-06,
    5.220689655172414e-06,
    5.220689655172414e-06,
    5.562068965517241e-06,
    5.562068965517241e-06,
    5.903448275862069e-06,
    5.903448275862069e-06,
    6.244827586206896e-06,
    6.244827586206896e-06,
    6.5862068965517236e-06,
    6.5862068965517236e-06,
    6.927586206896551e-06,
    7.268965517241379e-06,
    7.610344827586207e-06,
    7.951724137931034e-06,
    8.293103448275863e-06,
    8.634482758620691e-06,
    8.975862068965518e-06,
    9.317241379310346e-06,
    9.658620689655173e-06,
    1e-05
  ],
  "samples": 500,
  "sequence_length": 50000,
  "seeds": [
    1855393867,
    1488031301,
    550432179,
    1951402030,
    2038782825,
    1581346203,
    76326119,
    376253916,
    676446890,
    1385191056,
    479838516,
    531559877,
    54702122,
    377400375,
    1554823989,
    339075029,
    831357562,
    561646194,
    1793995689,
    751385281,
    978549159,
    1963404583,
    216301175,
    1193627666,
    1424463887,
    2132274883,
    1435371275,
    955724417,
    1013671421,
    172735857,
    765834594,
    801726837,
    489708533,
    222040476,
    1231187680,
    2105781043,
    169807185,
    1359542054,
    1538441186,
    1101176539,
    170879842,
    1420468237,
    1928971710,
    1873549398,
    311497109,
    947785018,
    36433801,
    1538481993,
    228857677,
    1027754114
  ]
}