{
  "mode": "site",
  "rep": 586,
  "ne": 10000,
  "r": 1e-05,
  "mu": [
    1e-07,
    1e-07,
    4.413793103448276e-07,
    4.413793103448276e-07,
    7.827586206896552e-07,
    7.827586206896552e-07,
    1.1241379310344827e-06,
    1.1241379310344827e-06,
    1.4655172413793102e-06,
    1.4655172413793102e-06,
    1.8068965517241377e-06,
    1.8068965517241377e-06,
    2.1482758620689656e-06,
    2.1482758620689656e-06,
    2.489655172413793e-06,
    2.489655172413793e-06,
    2.8310344827586205e-06,
    2.8310344827586205e-06,
    3.172413793103448e-06,
    3.172413793103448e-06,
    3.5137931034482755e-06,
    3.855172413793104e-06,
    4.196551724137931e-06,
    4.537931034482759e-06,
    4.879310344827586e-06,
    5.220689655172414e-06,
    5.562068965517241e-06,
    5.903448275862069e-06,
    6.244827586206896e-06,
    6.5862068965517236e-06,
    6.927586206896551e-06,
    6.927586206896551e-06,
    7.268965517241379e-06,
    7.268965517241379e-06,
    7.610344827586207e-06,
    7.610344827586207e-06,
    7.951724137931034e-06,
    7.951724137931034e-06,
    8.293103448275863e-06,
    8.293103448275863e-06,
    8.634482758620691e-06,
    8.634482758620691e-06,
    8.975862068965518e-06,
    8.975862068965518e-06,
    9.317241379310346e-06,
    9.317241379310346e-06,
    9.658620689655173e-06,
    9.658620689655173e-06,
    1e-05,
    1e-05
  ],
  "samples": 500,
  "sequence_length": 10000,
  "seeds": [
    2032064203,
    2027920786,
    10425124,
    603733752,
    1416692200,
    1550626940,
    1181827613,
    1439729479,
    795341467,
    853858839,
    1403258741,
    244270322,
    335269238,
    1055203809,
    443900850,
    1498008072,
    766518455,
    1035833396,
    297516727,
    760240175,
    1441011902,
    1043670976,
    65825013,
    226668709,
    1691874281,
    1465066119,
    291439964,
    288566389,
    1996693094,
    183831164,
    1554109711,
    827971172,
    1920069104,
    1364370246,
    1086940172,
    557792233,
    948397611,
    89480582,
    157934927,
    110681579,
    206235570,
    1210960922,
    1824320917,
    1871588943,
    563636078,
    1861179217,
    752591150,
    527554831,
    1198029254,
    582341909
  ]
}