{
  "mode": "branch",
  "rep": 1146,
  "ne": 10000,
  "r": [
    1e-08,
    1e-08,
    1.820689655172414e-07,
    1.820689655172414e-07,
    3.541379310344828e-07,
    3.541379310344828e-07,
    5.262068965517242e-07,
    5.262068965517242e-07,
    6.982758620689656e-07,
    6.982758620689656e-07,
    8.70344827586207e-07,
    8.70344827586207e-07,
    1.0424137931034483e-06,
    1.0424137931034483e-06,
    1.2144827586206895e-06,
    1.2144827586206895e-06,
    1.386551724137931e-06,
    1.386551724137931e-06,
    1.5586206896551725e-06,
    1.5586206896551725e-06,
    1.7306896551724138e-06,
    1.7306896551724138e-06,
    1.9027586206896551e-06,
    1.9027586206896551e-06,
    2.0748275862068966e-06,
    2.0748275862068966e-06,
    2.246896551724138e-06,
    2.246896551724138e-06,
    2.418965517241379e-06,
    2.418965517241379e-06,
    2.5910344827586207e-06,
    2.5910344827586207e-06,
    2.763103448275862e-06,
    2.763103448275862e-06,
    2.9351724137931037e-06,
    2.9351724137931037e-06,
    3.107241379310345e-06,
    3.107241379310345e-06,
    3.2793103448275863e-06,
    3.2793103448275863e-06,
    3.4513793103448278e-06,
    3.6234482758620693e-06,
    3.7955172413793103e-06,
    3.967586206896552e-06,
    4.139655172413793e-06,
    4.311724137931034e-06,
    4.483793103448276e-06,
    4.655862068965517e-06,
    4.8279310344827585e-06,
    5e-06
  ],
  "mu": 0,
  "samples": 250,
  "sequence_length": 1000,
  "seeds": [
    1108143006,
    768071195,
    1690546219,
    1450115012,
    1503482290,
    904365091,
    1050593957,
    364200223,
    1260533532,
    634180342,
    1919557559,
    2022363230,
    1995624125,
    236083897,
    1284290717,
    820477484,
    1274693465,
    296202884,
    1905307925,
    1328005466,
    743407337,
    1794303076,
    160872112,
    155179280,
    2109012966,
    2112024592,
    1242352235,
    897868690,
    2061715717,
    1225138097,
    318919731,
    1451729071,
    1603757000,
    1525254264,
    858105783,
    308969532,
    1576515218,
    626630405,
    575558159,
    1045528415,
    30851004,
    814247668,
    976812590,
    407185787,
    1351190495,
    666723830,
    644887984,
    644620373,
    302245346,
    1166252185
  ]
}