{
  "mode": "branch",
  "rep": 789,
  "ne": 10000,
  "r": [
    1e-08,
    1e-08,
    1.820689655172414e-07,
    1.820689655172414e-07,
    3.541379310344828e-07,
    3.541379310344828e-07,
    5.262068965517242e-07,
    5.262068965517242e-07,
    6.982758620689656e-07,
    6.982758620689656e-07,
    8.70344827586207e-07,
    8.70344827586207e-07,
    1.0424137931034483e-06,
    1.0424137931034483e-06,
    1.2144827586206895e-06,
    1.2144827586206895e-06,
    1.386551724137931e-06,
    1.386551724137931e-06,
    1.5586206896551725e-06,
    1.5586206896551725e-06,
    1.7306896551724138e-06,
    1.7306896551724138e-06,
    1.9027586206896551e-06,
    1.9027586206896551e-06,
    2.0748275862068966e-06,
    2.0748275862068966e-06,
    2.246896551724138e-06,
    2.246896551724138e-06,
    2.418965517241379e-06,
    2.418965517241379e-06,
    2.5910344827586207e-06,
    2.5910344827586207e-06,
    2.763103448275862e-06,
    2.763103448275862e-06,
    2.9351724137931037e-06,
    2.9351724137931037e-06,
    3.107241379310345e-06,
    3.107241379310345e-06,
    3.2793103448275863e-06,
    3.2793103448275863e-06,
    3.4513793103448278e-06,
    3.6234482758620693e-06,
    3.7955172413793103e-06,
    3.967586206896552e-06,
    4.139655172413793e-06,
    4.311724137931034e-06,
    4.483793103448276e-06,
    4.655862068965517e-06,
    4.8279310344827585e-06,
    5e-06
  ],
  "mu": 0,
  "samples": 250,
  "sequence_length": 1000,
  "seeds": [
    1434095285,
    1183014665,
    955434054,
    1115673778,
    1675456757,
    1052402625,
    504537544,
    1102585325,
    1893912304,
    1866964962,
    433951006,
    1925579854,
    955941181,
    14198909,
    714963703,
    1778460163,
    2126393275,
    1323211212,
    1148937539,
    1612340322,
    2006841237,
    1033239748,
    1481075595,
    237269154,
    696143641,
    304870746,
    228404877,
    167310776,
    1899836904,
    107613155,
    230260578,
    1853574397,
    1967456131,
    345227960,
    1841139072,
    1410410744,
    962184548,
    1079389531,
    1411846347,
    1047177956,
    94611566,
    199714731,
    1756232290,
    1350853114,
    853219935,
    1521965033,
    1603160766,
    1107491428,
    2122335986,
    1509984708
  ]
}