{
  "mode": "branch",
  "rep": 626,
  "ne": 10000,
  "r": [
    1e-08,
    1.820689655172414e-07,
    3.541379310344828e-07,
    5.262068965517242e-07,
    6.982758620689656e-07,
    8.70344827586207e-07,
    1.0424137931034483e-06,
    1.2144827586206895e-06,
    1.386551724137931e-06,
    1.5586206896551725e-06,
    1.7306896551724138e-06,
    1.7306896551724138e-06,
    1.9027586206896551e-06,
    1.9027586206896551e-06,
    2.0748275862068966e-06,
    2.0748275862068966e-06,
    2.246896551724138e-06,
    2.246896551724138e-06,
    2.418965517241379e-06,
    2.418965517241379e-06,
    2.5910344827586207e-06,
    2.5910344827586207e-06,
    2.763103448275862e-06,
    2.763103448275862e-06,
    2.9351724137931037e-06,
    2.9351724137931037e-06,
    3.107241379310345e-06,
    3.107241379310345e-06,
    3.2793103448275863e-06,
    3.2793103448275863e-06,
    3.4513793103448278e-06,
    3.4513793103448278e-06,
    3.6234482758620693e-06,
    3.6234482758620693e-06,
    3.7955172413793103e-06,
    3.7955172413793103e-06,
    3.967586206896552e-06,
    3.967586206896552e-06,
    4.139655172413793e-06,
    4.139655172413793e-06,
    4.311724137931034e-06,
    4.311724137931034e-06,
    4.483793103448276e-06,
    4.483793103448276e-06,
    4.655862068965517e-06,
    4.655862068965517e-06,
    4.8279310344827585e-06,
    4.8279310344827585e-06,
    5e-06,
    5e-06
  ],
  "mu": 0,
  "samples": 250,
  "sequence_length": 1000,
  "seeds": [
    384068695,
    896355934,
    366639007,
    1183998165,
    931389166,
    1468793145,
    442944139,
    204207368,
    2087406994,
    1054556377,
    292921637,
    1977183349,
    589178306,
    86404389,
    1592006684,
    1392231996,
    1942596157,
    503286747,
    1822050802,
    1771406190,
    1057808968,
    2057609170,
    584513327,
    2122285560,
    924506849,
    208641665,
    411470324,
    904983416,
    1645924524,
    168653071,
    284860091,
    987158708,
    992190984,
    589949196,
    154091649,
    842739035,
    2088872005,
    889122488,
    1785691185,
    1073330434,
    1313486584,
    234315878,
    1128493184,
    50276664,
    911436080,
    1159980039,
    1012070804,
    1378237069,
    1252859813,
    596586749
  ]
}