{
  "mode": "site",
  "rep": 175,
  "ne": 10000,
  "r": 1e-05,
  "mu": [
    1e-07,
    1e-07,
    4.413793103448276e-07,
    4.413793103448276e-07,
    7.827586206896552e-07,
    7.827586206896552e-07,
    1.1241379310344827e-06,
    1.1241379310344827e-06,
    1.4655172413793102e-06,
    1.4655172413793102e-06,
    1.8068965517241377e-06,
    1.8068965517241377e-06,
    2.1482758620689656e-06,
    2.1482758620689656e-06,
    2.489655172413793e-06,
    2.489655172413793e-06,
    2.8310344827586205e-06,
    2.8310344827586205e-06,
    3.172413793103448e-06,
    3.172413793103448e-06,
    3.5137931034482755e-06,
    3.855172413793104e-06,
    4.196551724137931e-06,
    4.537931034482759e-06,
    4.879310344827586e-06,
    5.220689655172414e-06,
    5.562068965517241e-06,
    5.903448275862069e-06,
    6.244827586206896e-06,
    6.5862068965517236e-06,
    6.927586206896551e-06,
    6.927586206896551e-06,
    7.268965517241379e-06,
    7.268965517241379e-06,
    7.610344827586207e-06,
    7.610344827586207e-06,
    7.951724137931034e-06,
    7.951724137931034e-06,
    8.293103448275863e-06,
    8.293103448275863e-06,
    8.634482758620691e-06,
    8.634482758620691e-06,
    8.975862068965518e-06,
    8.975862068965518e-06,
    9.317241379310346e-06,
    9.317241379310346e-06,
    9.658620689655173e-06,
    9.658620689655173e-06,
    1e-05,
    1e-05
  ],
  "samples": 500,
  "sequence_length": 10000,
  "seeds": [
    1903346997,
    295477394,
    1993900503,
    252482725,
    106175546,
    762503697,
    1510995646,
    830738186,
    376048276,
    2066631792,
    1812129370,
    1002356953,
    221219850,
    424659803,
    1870265206,
    203734239,
    663488274,
    2045581621,
    1443011187,
    640381026,
    1697554493,
    1146349703,
    1417346109,
    1287567580,
    130544021,
    107777691,
    1579916342,
    1839007743,
    1429501323,
    904731502,
    1069252834,
    1505522792,
    1575309348,
    116972441,
    695366209,
    1734647151,
    915237241,
    494011864,
    1810343538,
    1987933085,
    896356688,
    705009283,
    809144234,
    2023001547,
    1052670922,
    1272443262,
    1215838520,
    1629923870,
    1856529110,
    27576203
  ]
}