{
  "mode": "branch",
  "rep": 1021,
  "ne": 10000,
  "r": [
    1e-08,
    1e-08,
    1.820689655172414e-07,
    1.820689655172414e-07,
    3.541379310344828e-07,
    3.541379310344828e-07,
    5.262068965517242e-07,
    5.262068965517242e-07,
    6.982758620689656e-07,
    6.982758620689656e-07,
    8.70344827586207e-07,
    8.70344827586207e-07,
    1.0424137931034483e-06,
    1.0424137931034483e-06,
    1.2144827586206895e-06,
    1.2144827586206895e-06,
    1.386551724137931e-06,
    1.386551724137931e-06,
    1.5586206896551725e-06,
    1.5586206896551725e-06,
    1.7306896551724138e-06,
    1.9027586206896551e-06,
    2.0748275862068966e-06,
    2.246896551724138e-06,
    2.418965517241379e-06,
    2.5910344827586207e-06,
    2.763103448275862e-06,
    2.9351724137931037e-06,
    3.107241379310345e-06,
    3.2793103448275863e-06,
    3.4513793103448278e-06,
    3.4513793103448278e-06,
    3.6234482758620693e-06,
    3.6234482758620693e-06,
    3.7955172413793103e-06,
    3.7955172413793103e-06,
    3.967586206896552e-06,
    3.967586206896552e-06,
    4.139655172413793e-06,
    4.139655172413793e-06,
    4.311724137931034e-06,
    4.311724137931034e-06,
    4.483793103448276e-06,
    4.483793103448276e-06,
    4.655862068965517e-06,
    4.655862068965517e-06,
    4.8279310344827585e-06,
    4.8279310344827585e-06,
    5e-06,
    5e-06
  ],
  "mu": 0,
  "samples": 250,
  "sequence_length": 1000,
  "seeds": [
    1394313075,
    573016621,
    1960946598,
    1468031434,
    1561696090,
    1905756086,
    1922069245,
    1700520972,
    288483419,
    1045311503,
    1714400499,
    1056264653,
    1419104308,
    1925864479,
    1657568132,
    518954908,
    2009824222,
    1725704029,
    1857580709,
    808741675,
    567691092,
    1083195906,
    874267519,
    1008519156,
    1298694215,
    542953390,
    1471568063,
    1407448120,
    1738107591,
    1881044697,
    1004371483,
    210180754,
    2022192388,
    34516604,
    2024683689,
    871280963,
    1605485709,
    1748688592,
    1212089862,
    660405250,
    358533997,
    262867424,
    1198183773,
    1391696627,
    1224148378,
    252345092,
    925286941,
    1774096039,
    588998450,
    610842266
  ]
}