{
  "mode": "site",
  "rep": 185,
  "ne": 10000,
  "r": 1e-05,
  "mu": [
    1e-07,
    4.413793103448276e-07,
    7.827586206896552e-07,
    1.1241379310344827e-06,
    1.4655172413793102e-06,
    1.8068965517241377e-06,
    2.1482758620689656e-06,
    2.489655172413793e-06,
    2.8310344827586205e-06,
    3.172413793103448e-06,
    3.5137931034482755e-06,
    3.5137931034482755e-06,
    3.855172413793104e-06,
    3.855172413793104e-06,
    4.196551724137931e-06,
    4.196551724137931e-06,
    4.537931034482759e-06,
    4.537931034482759e-06,
    4.879310344827586e-06,
    4.879310344827586e-06,
    5.220689655172414e-06,
    5.220689655172414e-06,
    5.562068965517241e-06,
    5.562068965517241e-06,
    5.903448275862069e-06,
    5.903448275862069e-06,
    6.244827586206896e-06,
    6.244827586206896e-06,
    6.5862068965517236e-06,
    6.5862068965517236e-06,
    6.927586206896551e-06,
    6.927586206896551e-06,
    7.268965517241379e-06,
    7.268965517241379e-06,
    7.610344827586207e-06,
    7.610344827586207e-06,
    7.951724137931034e-06,
    7.951724137931034e-06,
    8.293103448275863e-06,
    8.293103448275863e-06,
    8.634482758620691e-06,
    8.634482758620691e-06,
    8.975862068965518e-06,
    8.975862068965518e-06,
    9.317241379310346e-06,
    9.317241379310346e-06,
    9.658620689655173e-06,
    9.658620689655173e-06,
    1e-05,
    1e-05
  ],
  "samples": 500,
  "sequence_length": 10000,
  "seeds": [
    988105915,
    91259388,
    812885394,
    1951639759,
    1002063215,
    173207215,
    639655679,
    952240861,
    1307913562,
    1206035368,
    1462276565,
    1988199984,
    878502092,
    1347867790,
    1833035576,
    1436023246,
    1511767041,
    967537865,
    1082789558,
    1683034905,
    1355352683,
    733532694,
    1954423421,
    39025559,
    1723668975,
    1589321803,
    1698953808,
    689044650,
    646469049,
    274553334,
    741345609,
    2139666268,
    462967940,
    222471668,
    242331791,
    1388303788,
    1094648660,
    1477596987,
    557153073,
    2121835191,
    30488005,
    2084380840,
    1663364195,
    1858168748,
    677193084,
    1300509019,
    1525815789,
    1639118972,
    830547524,
    1395466769
  ]
}