{
  "mode": "branch",
  "rep": 619,
  "ne": 10000,
  "r": [
    1e-08,
    1e-08,
    1.820689655172414e-07,
    1.820689655172414e-07,
    3.541379310344828e-07,
    3.541379310344828e-07,
    5.262068965517242e-07,
    5.262068965517242e-07,
    6.982758620689656e-07,
    6.982758620689656e-07,
    8.70344827586207e-07,
    8.70344827586207e-07,
    1.0424137931034483e-06,
    1.0424137931034483e-06,
    1.2144827586206895e-06,
    1.2144827586206895e-06,
    1.386551724137931e-06,
    1.386551724137931e-06,
    1.5586206896551725e-06,
    1.5586206896551725e-06,
    1.7306896551724138e-06,
    1.9027586206896551e-06,
    2.0748275862068966e-06,
    2.246896551724138e-06,
    2.418965517241379e-06,
    2.5910344827586207e-06,
    2.763103448275862e-06,
    2.9351724137931037e-06,
    3.107241379310345e-06,
    3.2793103448275863e-06,
    3.4513793103448278e-06,
    3.4513793103448278e-06,
    3.6234482758620693e-06,
    3.6234482758620693e-06,
    3.7955172413793103e-06,
    3.7955172413793103e-06,
    3.967586206896552e-06,
    3.967586206896552e-06,
    4.139655172413793e-06,
    4.139655172413793e-06,
    4.311724137931034e-06,
    4.311724137931034e-06,
    4.483793103448276e-06,
    4.483793103448276e-06,
    4.655862068965517e-06,
    4.655862068965517e-06,
    4.8279310344827585e-06,
    4.8279310344827585e-06,
    5e-06,
    5e-06
  ],
  "mu": 0,
  "samples": 250,
  "sequence_length": 1000,
  "seeds": [
    1136998297,
    618580122,
    1007049495,
    1808066655,
    468564509,
    699530201,
    1291173311,
    1395416133,
    1416927933,
    1205551748,
    557569155,
    1985558718,
    538890561,
    414564022,
    228382729,
    1262400582,
    2065866181,
    2074193008,
    577305406,
    846714315,
    27480864,
    284736864,
    902970173,
    1321220909,
    657642290,
    432574460,
    1391852854,
    164215764,
    1829234187,
    2046339685,
    627389122,
    911012230,
    1143250067,
    917769017,
    1391488859,
    1889835591,
    1563916257,
    1466656634,
    822115174,
    531943584,
    655084484,
    1136077073,
    954855495,
    253430738,
    925682571,
    142082518,
    674688759,
    2046965754,
    1811043839,
    1056599206
  ]
}