{
  "mode": "branch",
  "rep": 921,
  "ne": 10000,
  "r": [
    1e-08,
    1e-08,
    1.820689655172414e-07,
    1.820689655172414e-07,
    3.541379310344828e-07,
    3.541379310344828e-07,
    5.262068965517242e-07,
    5.262068965517242e-07,
    6.982758620689656e-07,
    6.982758620689656e-07,
    8.70344827586207e-07,
    8.70344827586207e-07,
    1.0424137931034483e-06,
    1.0424137931034483e-06,
    1.2144827586206895e-06,
    1.2144827586206895e-06,
    1.386551724137931e-06,
    1.386551724137931e-06,
    1.5586206896551725e-06,
    1.5586206896551725e-06,
    1.7306896551724138e-06,
    1.7306896551724138e-06,
    1.9027586206896551e-06,
    1.9027586206896551e-06,
    2.0748275862068966e-06,
    2.0748275862068966e-06,
    2.246896551724138e-06,
    2.246896551724138e-06,
    2.418965517241379e-06,
    2.418965517241379e-06,
    2.5910344827586207e-06,
    2.5910344827586207e-06,
    2.763103448275862e-06,
    2.763103448275862e-06,
    2.9351724137931037e-06,
    2.9351724137931037e-06,
    3.107241379310345e-06,
    3.107241379310345e-06,
    3.2793103448275863e-06,
    3.2793103448275863e-06,
    3.4513793103448278e-06,
    3.6234482758620693e-06,
    3.7955172413793103e-06,
    3.967586206896552e-06,
    4.139655172413793e-06,
    4.311724137931034e-06,
    4.483793103448276e-06,
    4.655862068965517e-06,
    4.8279310344827585e-06,
    5e-06
  ],
  "mu": 0,
  "samples": 250,
  "sequence_length": 1000,
  "seeds": [
    936556000,
    164483676,
    411805449,
    189006595,
    1835803589,
    1319640388,
    68055315,
    1268046383,
    1735625218,
    1560262084,
    177866383,
    980426401,
    1630981907,
    950061853,
    2057424819,
    436337734,
    68672612,
    1880147507,
    429173913,
    157294438,
    70099398,
    1728978779,
    724329480,
    324461541,
    1005486605,
    1785549974,
    1716739576,
    568934914,
    911211558,
    870729559,
    283839790,
    258750528,
    1265208932,
    1905041097,
    1752159892,
    82647983,
    992719893,
    1574340117,
    1145029018,
    1893933469,
    1327678744,
    883447229,
    1460417510,
    695090415,
    444834428,
    869748345,
    2043014920,
    1818764320,
    466006180,
    1606481922
  ]
}