{
  "mode": "site",
  "rep": 485,
  "ne": 10000,
  "r": 1e-05,
  "mu": [
    1e-07,
    4.413793103448276e-07,
    7.827586206896552e-07,
    1.1241379310344827e-06,
    1.4655172413793102e-06,
    1.8068965517241377e-06,
    2.1482758620689656e-06,
    2.489655172413793e-06,
    2.8310344827586205e-06,
    3.172413793103448e-06,
    3.5137931034482755e-06,
    3.5137931034482755e-06,
    3.855172413793104e-06,
    3.855172413793104e-06,
    4.196551724137931e-06,
    4.196551724137931e-06,
    4.537931034482759e-06,
    4.537931034482759e-06,
    4.879310344827586e-06,
    4.879310344827586e-06,
    5.220689655172414e-06,
    5.220689655172414e-06,
    5.562068965517241e-06,
    5.562068965517241e-06,
    5.903448275862069e-06,
    5.903448275862069e-06,
    6.244827586206896e-06,
    6.244827586206896e-06,
    6.5862068965517236e-06,
    6.5862068965517236e-06,
    6.927586206896551e-06,
    6.927586206896551e-06,
    7.268965517241379e-06,
    7.268965517241379e-06,
    7.610344827586207e-06,
    7.610344827586207e-06,
    7.951724137931034e-06,
    7.951724137931034e-06,
    8.293103448275863e-06,
    8.293103448275863e-06,
    8.634482758620691e-06,
    8.634482758620691e-06,
    8.975862068965518e-06,
    8.975862068965518e-06,
    9.317241379310346e-06,
    9.317241379310346e-06,
    9.658620689655173e-06,
    9.658620689655173e-06,
    1e-05,
    1e-05
  ],
  "samples": 500,
  "sequence_length": 50000,
  "seeds": [
    773609655,
    1677486255,
    2058331960,
    1754472649,
    761414465,
    1816652074,
    270110056,
    344402823,
    959728747,
    1949892460,
    1980326427,
    74074580,
    1181026889,
    1232108195,
    1711834947,
    1924897182,
    1712790117,
    227833553,
    1658382202,
    1773120960,
    1187296117,
    1333340907,
    1825772863,
    1085801236,
    427366453,
    2106231756,
    1149894367,
    915393109,
    574601317,
    50565778,
    1555928532,
    666335591,
    1301115736,
    1031795680,
    386971414,
    1785352681,
    760924316,
    667790940,
    1642367041,
    1073090457,
    547657692,
    2102749999,
    1112939264,
    878222420,
    1803262348,
    935514638,
    263807010,
    1315839940,
    1495639307,
    1355076849
  ]
}