{
  "mode": "branch",
  "rep": 821,
  "ne": 10000,
  "r": [
    1e-08,
    1.820689655172414e-07,
    3.541379310344828e-07,
    5.262068965517242e-07,
    6.982758620689656e-07,
    8.70344827586207e-07,
    1.0424137931034483e-06,
    1.2144827586206895e-06,
    1.386551724137931e-06,
    1.5586206896551725e-06,
    1.7306896551724138e-06,
    1.7306896551724138e-06,
    1.9027586206896551e-06,
    1.9027586206896551e-06,
    2.0748275862068966e-06,
    2.0748275862068966e-06,
    2.246896551724138e-06,
    2.246896551724138e-06,
    2.418965517241379e-06,
    2.418965517241379e-06,
    2.5910344827586207e-06,
    2.5910344827586207e-06,
    2.763103448275862e-06,
    2.763103448275862e-06,
    2.9351724137931037e-06,
    2.9351724137931037e-06,
    3.107241379310345e-06,
    3.107241379310345e-06,
    3.2793103448275863e-06,
    3.2793103448275863e-06,
    3.4513793103448278e-06,
    3.4513793103448278e-06,
    3.6234482758620693e-06,
    3.6234482758620693e-06,
    3.7955172413793103e-06,
    3.7955172413793103e-06,
    3.967586206896552e-06,
    3.967586206896552e-06,
    4.139655172413793e-06,
    4.139655172413793e-06,
    4.311724137931034e-06,
    4.311724137931034e-06,
    4.483793103448276e-06,
    4.483793103448276e-06,
    4.655862068965517e-06,
    4.655862068965517e-06,
    4.8279310344827585e-06,
    4.8279310344827585e-06,
    5e-06,
    5e-06
  ],
  "mu": 0,
  "samples": 250,
  "sequence_length": 1000,
  "seeds": [
    1418894299,
    91106066,
    2086911248,
    423773783,
    1016415704,
    284784865,
    1754709709,
    2108685593,
    2028778838,
    2139575774,
    1089692770,
    256901219,
    2019309645,
    483609116,
    2015201304,
    561962518,
    1212085227,
    1714225512,
    646951951,
    2124899269,
    669267834,
    1080902556,
    470062115,
    705466710,
    535349116,
    1953706188,
    692250297,
    1448989104,
    189078457,
    130188737,
    685347256,
    982334003,
    1300764982,
    139984018,
    2129323523,
    902887595,
    241803722,
    1999901289,
    633825558,
    1016173088,
    1362655627,
    692403099,
    950670795,
    770931997,
    1340832872,
    1847589355,
    1462678993,
    16893846,
    950968342,
    1829365277
  ]
}