{
  "mode": "site",
  "rep": 234,
  "ne": 10000,
  "r": 1e-05,
  "mu": [
    1e-07,
    1e-07,
    4.413793103448276e-07,
    4.413793103448276e-07,
    7.827586206896552e-07,
    7.827586206896552e-07,
    1.1241379310344827e-06,
    1.1241379310344827e-06,
    1.4655172413793102e-06,
    1.4655172413793102e-06,
    1.8068965517241377e-06,
    1.8068965517241377e-06,
    2.1482758620689656e-06,
    2.1482758620689656e-06,
    2.489655172413793e-06,
    2.489655172413793e-06,
    2.8310344827586205e-06,
    2.8310344827586205e-06,
    3.172413793103448e-06,
    3.172413793103448e-06,
    3.5137931034482755e-06,
    3.5137931034482755e-06,
    3.855172413793104e-06,
    3.855172413793104e-06,
    4.196551724137931e-06,
    4.196551724137931e-06,
    4.537931034482759e-06,
    4.537931034482759e-06,
    4.879310344827586e-06,
    4.879310344827586e-06,
    5.220689655172414e-06,
    5.220689655172414e-06,
    5.562068965517241e-06,
    5.562068965517241e-06,
    5.903448275862069e-06,
    5.903448275862069e-06,
    6.244827586206896e-06,
    6.244827586206896e-06,
    6.5862068965517236e-06,
    6.5862068965517236e-06,
    6.927586206896551e-06,
    7.268965517241379e-06,
    7.610344827586207e-06,
    7.951724137931034e-06,
    8.293103448275863e-06,
    8.634482758620691e-06,
    8.975862068965518e-06,
    9.317241379310346e-06,
    9.658620689655173e-06,
    1e-05
  ],
  "samples": 500,
  "sequence_length": 50000,
  "seeds": [
    717328051,
    844374553,
    1398234122,
    761066757,
    46820016,
    475484730,
    1574521440,
    1995508596,
    664249141,
    859437870,
    1551834027,
    442040687,
    1309674502,
    1131096908,
    1988924983,
    721735100,
    1360836557,
    508499917,
    313802066,
    731430874,
    1339607383,
    1721734440,
    567278971,
    362083329,
    1899099113,
    1136338680,
    2034547921,
    50955572,
    1182903536,
    1748923496,
    1875271956,
    925482112,
    956514396,
    1585451313,
    1783797885,
    642280783,
    1637587128,
    209746859,
    900721881,
    129949262,
    2105929174,
    1210399742,
    194234929,
    673013127,
    756430212,
    93881797,
    833186968,
    208089799,
    608400934,
    384456140
  ]
}