{
  "mode": "branch",
  "rep": 977,
  "ne": 10000,
  "r": [
    1e-08,
    1.820689655172414e-07,
    3.541379310344828e-07,
    5.262068965517242e-07,
    6.982758620689656e-07,
    8.70344827586207e-07,
    1.0424137931034483e-06,
    1.2144827586206895e-06,
    1.386551724137931e-06,
    1.5586206896551725e-06,
    1.7306896551724138e-06,
    1.7306896551724138e-06,
    1.9027586206896551e-06,
    1.9027586206896551e-06,
    2.0748275862068966e-06,
    2.0748275862068966e-06,
    2.246896551724138e-06,
    2.246896551724138e-06,
    2.418965517241379e-06,
    2.418965517241379e-06,
    2.5910344827586207e-06,
    2.5910344827586207e-06,
    2.763103448275862e-06,
    2.763103448275862e-06,
    2.9351724137931037e-06,
    2.9351724137931037e-06,
    3.107241379310345e-06,
    3.107241379310345e-06,
    3.2793103448275863e-06,
    3.2793103448275863e-06,
    3.4513793103448278e-06,
    3.4513793103448278e-06,
    3.6234482758620693e-06,
    3.6234482758620693e-06,
    3.7955172413793103e-06,
    3.7955172413793103e-06,
    3.967586206896552e-06,
    3.967586206896552e-06,
    4.139655172413793e-06,
    4.139655172413793e-06,
    4.311724137931034e-06,
    4.311724137931034e-06,
    4.483793103448276e-06,
    4.483793103448276e-06,
    4.655862068965517e-06,
    4.655862068965517e-06,
    4.8279310344827585e-06,
    4.8279310344827585e-06,
    5e-06,
    5e-06
  ],
  "mu": 0,
  "samples": 250,
  "sequence_length": 1000,
  "seeds": [
    1940995356,
    901514060,
    101270423,
    1946575796,
    960908476,
    1115862383,
    867280400,
    836958785,
    472097509,
    170087547,
    1054996370,
    2140066786,
    623351908,
    72273424,
    380714531,
    973204596,
    1164091306,
    1928782782,
    392093517,
    2086612019,
    465668485,
    353663909,
    1396952303,
    351756346,
    473587716,
    1368973500,
    228393004,
    1343218583,
    1510172474,
    1532463270,
    789180743,
    672641651,
    308750111,
    1002859513,
    1408208319,
    1834801931,
    1877392430,
    445013283,
    846974392,
    1491903178,
    848095149,
    68076602,
    474323559,
    1997900074,
    257146606,
    472259854,
    1905755563,
    814985997,
    866265378,
    220281797
  ]
}