{
  "mode": "branch",
  "rep": 1010,
  "ne": 10000,
  "r": [
    1e-08,
    1.820689655172414e-07,
    3.541379310344828e-07,
    5.262068965517242e-07,
    6.982758620689656e-07,
    8.70344827586207e-07,
    1.0424137931034483e-06,
    1.2144827586206895e-06,
    1.386551724137931e-06,
    1.5586206896551725e-06,
    1.7306896551724138e-06,
    1.7306896551724138e-06,
    1.9027586206896551e-06,
    1.9027586206896551e-06,
    2.0748275862068966e-06,
    2.0748275862068966e-06,
    2.246896551724138e-06,
    2.246896551724138e-06,
    2.418965517241379e-06,
    2.418965517241379e-06,
    2.5910344827586207e-06,
    2.5910344827586207e-06,
    2.763103448275862e-06,
    2.763103448275862e-06,
    2.9351724137931037e-06,
    2.9351724137931037e-06,
    3.107241379310345e-06,
    3.107241379310345e-06,
    3.2793103448275863e-06,
    3.2793103448275863e-06,
    3.4513793103448278e-06,
    3.4513793103448278e-06,
    3.6234482758620693e-06,
    3.6234482758620693e-06,
    3.7955172413793103e-06,
    3.7955172413793103e-06,
    3.967586206896552e-06,
    3.967586206896552e-06,
    4.139655172413793e-06,
    4.139655172413793e-06,
    4.311724137931034e-06,
    4.311724137931034e-06,
    4.483793103448276e-06,
    4.483793103448276e-06,
    4.655862068965517e-06,
    4.655862068965517e-06,
    4.8279310344827585e-06,
    4.8279310344827585e-06,
    5e-06,
    5e-06
  ],
  "mu": 0,
  "samples": 250,
  "sequence_length": 1000,
  "seeds": [
    1979148558,
    645944669,
    56574939,
    793697540,
    561972962,
    828713739,
    1657502249,
    1991667128,
    1970033614,
    8146838,
    1484962781,
    2065970275,
    1363324014,
    96993758,
    219354287,
    1049212155,
    2022013532,
    1979535177,
    2095344947,
    2139788475,
    1396456411,
    582525680,
    1488035955,
    808577738,
    501018968,
    142398928,
    496057380,
    1979237783,
    283389164,
    1224589847,
    987144368,
    197784600,
    1836834212,
    769309458,
    882354545,
    195020194,
    79926143,
    1724027764,
    1683644542,
    1669557123,
    1501942664,
    1966152047,
    916998899,
    712274007,
    851922959,
    1018248885,
    442564768,
    1189036658,
    1282139897,
    1407965117
  ]
}