{
  "mode": "site",
  "rep": 182,
  "ne": 10000,
  "r": 1e-05,
  "mu": [
    1e-07,
    4.413793103448276e-07,
    7.827586206896552e-07,
    1.1241379310344827e-06,
    1.4655172413793102e-06,
    1.8068965517241377e-06,
    2.1482758620689656e-06,
    2.489655172413793e-06,
    2.8310344827586205e-06,
    3.172413793103448e-06,
    3.5137931034482755e-06,
    3.5137931034482755e-06,
    3.855172413793104e-06,
    3.855172413793104e-06,
    4.196551724137931e-06,
    4.196551724137931e-06,
    4.537931034482759e-06,
    4.537931034482759e-06,
    4.879310344827586e-06,
    4.879310344827586e-06,
    5.220689655172414e-06,
    5.220689655172414e-06,
    5.562068965517241e-06,
    5.562068965517241e-06,
    5.903448275862069e-06,
    5.903448275862069e-06,
    6.244827586206896e-06,
    6.244827586206896e-06,
    6.5862068965517236e-06,
    6.5862068965517236e-06,
    6.927586206896551e-06,
    6.927586206896551e-06,
    7.268965517241379e-06,
    7.268965517241379e-06,
    7.610344827586207e-06,
    7.610344827586207e-06,
    7.951724137931034e-06,
    7.951724137931034e-06,
    8.293103448275863e-06,
    8.293103448275863e-06,
    8.634482758620691e-06,
    8.634482758620691e-06,
    8.975862068965518e-06,
    8.975862068965518e-06,
    9.317241379310346e-06,
    9.317241379310346e-06,
    9.658620689655173e-06,
    9.658620689655173e-06,
    1e-05,
    1e-05
  ],
  "samples": 500,
  "sequence_length": 10000,
  "seeds": [
    1151212393,
    1827246655,
    1782955197,
    128952233,
    1087538723,
    910912435,
    2084977161,
    897238237,
    347549913,
    1553249129,
    1073017856,
    775881236,
    477076147,
    1767675725,
    1175698949,
    1611670884,
    1201167233,
    1542325159,
    675295404,
    788466373,
    154670883,
    708871378,
    611605244,
    517460902,
    1788349700,
    1770890503,
    659695659,
    1110143002,
    1923511898,
    585312941,
    2140388503,
    857847777,
    2013118894,
    1537866997,
    446706139,
    1103430177,
    1221197849,
    1603387834,
    1721731709,
    382719617,
    150309615,
    1431613921,
    1015742213,
    1970680649,
    2033846864,
    1655858702,
    1428196089,
    2112347864,
    1725694689,
    2120997307
  ]
}