{
  "mode": "branch",
  "rep": 872,
  "ne": 10000,
  "r": [
    1e-08,
    1.820689655172414e-07,
    3.541379310344828e-07,
    5.262068965517242e-07,
    6.982758620689656e-07,
    8.70344827586207e-07,
    1.0424137931034483e-06,
    1.2144827586206895e-06,
    1.386551724137931e-06,
    1.5586206896551725e-06,
    1.7306896551724138e-06,
    1.7306896551724138e-06,
    1.9027586206896551e-06,
    1.9027586206896551e-06,
    2.0748275862068966e-06,
    2.0748275862068966e-06,
    2.246896551724138e-06,
    2.246896551724138e-06,
    2.418965517241379e-06,
    2.418965517241379e-06,
    2.5910344827586207e-06,
    2.5910344827586207e-06,
    2.763103448275862e-06,
    2.763103448275862e-06,
    2.9351724137931037e-06,
    2.9351724137931037e-06,
    3.107241379310345e-06,
    3.107241379310345e-06,
    3.2793103448275863e-06,
    3.2793103448275863e-06,
    3.4513793103448278e-06,
    3.4513793103448278e-06,
    3.6234482758620693e-06,
    3.6234482758620693e-06,
    3.7955172413793103e-06,
    3.7955172413793103e-06,
    3.967586206896552e-06,
    3.967586206896552e-06,
    4.139655172413793e-06,
    4.139655172413793e-06,
    4.311724137931034e-06,
    4.311724137931034e-06,
    4.483793103448276e-06,
    4.483793103448276e-06,
    4.655862068965517e-06,
    4.655862068965517e-06,
    4.8279310344827585e-06,
    4.8279310344827585e-06,
    5e-06,
    5e-06
  ],
  "mu": 0,
  "samples": 250,
  "sequence_length": 1000,
  "seeds": [
    183912319,
    1379209559,
    163230241,
    1859106003,
    826613827,
    418489119,
    2057594229,
    1531660097,
    1543493319,
    990269676,
    1796347547,
    1697163151,
    1049759614,
    1373216362,
    528678848,
    1580184527,
    1170206770,
    828571798,
    1654702203,
    1045226232,
    950007094,
    1069622375,
    468931006,
    1344683203,
    1365190911,
    1142168984,
    1420290606,
    2034668613,
    823916412,
    597594986,
    669909965,
    1995590365,
    1729955836,
    607911021,
    1139596778,
    179269279,
    1115833616,
    1393783232,
    1066511870,
    1004330988,
    54272915,
    1715562038,
    1795572800,
    830859491,
    947284063,
    972252406,
    1794668303,
    1110422961,
    2137082586,
    1395174872
  ]
}