{
  "mode": "site",
  "rep": 372,
  "ne": 10000,
  "r": 1e-05,
  "mu": [
    1e-07,
    1e-07,
    4.413793103448276e-07,
    4.413793103448276e-07,
    7.827586206896552e-07,
    7.827586206896552e-07,
    1.1241379310344827e-06,
    1.1241379310344827e-06,
    1.4655172413793102e-06,
    1.4655172413793102e-06,
    1.8068965517241377e-06,
    1.8068965517241377e-06,
    2.1482758620689656e-06,
    2.1482758620689656e-06,
    2.489655172413793e-06,
    2.489655172413793e-06,
    2.8310344827586205e-06,
    2.8310344827586205e-06,
    3.172413793103448e-06,
    3.172413793103448e-06,
    3.5137931034482755e-06,
    3.5137931034482755e-06,
    3.855172413793104e-06,
    3.855172413793104e-06,
    4.196551724137931e-06,
    4.196551724137931e-06,
    4.537931034482759e-06,
    4.537931034482759e-06,
    4.879310344827586e-06,
    4.879310344827586e-06,
    5.220689655172414e-06,
    5.220689655172414e-06,
    5.562068965517241e-06,
    5.562068965517241e-06,
    5.903448275862069e-06,
    5.903448275862069e-06,
    6.244827586206896e-06,
    6.244827586206896e-06,
    6.5862068965517236e-06,
    6.5862068965517236e-06,
    6.927586206896551e-06,
    7.268965517241379e-06,
    7.610344827586207e-06,
    7.951724137931034e-06,
    8.293103448275863e-06,
    8.634482758620691e-06,
    8.975862068965518e-06,
    9.317241379310346e-06,
    9.658620689655173e-06,
    1e-05
  ],
  "samples": 500,
  "sequence_length": 10000,
  "seeds": [
    536266264,
    1689258795,
    2083532234,
    945537383,
    988640678,
    1556729178,
    829277906,
    686305582,
    763466552,
    999772174,
    725597836,
    1137891825,
    1133907314,
    1787588512,
    492017809,
    1361539375,
    1482582403,
    1558784983,
    479192242,
    1556997598,
    1499570770,
    1177847219,
    601398072,
    1567752846,
    1581431378,
    1970673918,
    684911782,
    1148175705,
    313251290,
    24270448,
    1945729486,
    741530776,
    1209244227,
    741155188,
    216588806,
    1348123848,
    149073540,
    1046794938,
    1897245569,
    23399928,
    1915895469,
    1695090888,
    714241991,
    1720812841,
    729771871,
    767160569,
    1308575439,
    1467145888,
    1357616537,
    1731086583
  ]
}