{
  "mode": "branch",
  "rep": 736,
  "ne": 10000,
  "r": [
    1e-08,
    1e-08,
    1.820689655172414e-07,
    1.820689655172414e-07,
    3.541379310344828e-07,
    3.541379310344828e-07,
    5.262068965517242e-07,
    5.262068965517242e-07,
    6.982758620689656e-07,
    6.982758620689656e-07,
    8.70344827586207e-07,
    8.70344827586207e-07,
    1.0424137931034483e-06,
    1.0424137931034483e-06,
    1.2144827586206895e-06,
    1.2144827586206895e-06,
    1.386551724137931e-06,
    1.386551724137931e-06,
    1.5586206896551725e-06,
    1.5586206896551725e-06,
    1.7306896551724138e-06,
    1.9027586206896551e-06,
    2.0748275862068966e-06,
    2.246896551724138e-06,
    2.418965517241379e-06,
    2.5910344827586207e-06,
    2.763103448275862e-06,
    2.9351724137931037e-06,
    3.107241379310345e-06,
    3.2793103448275863e-06,
    3.4513793103448278e-06,
    3.4513793103448278e-06,
    3.6234482758620693e-06,
    3.6234482758620693e-06,
    3.7955172413793103e-06,
    3.7955172413793103e-06,
    3.967586206896552e-06,
    3.967586206896552e-06,
    4.139655172413793e-06,
    4.139655172413793e-06,
    4.311724137931034e-06,
    4.311724137931034e-06,
    4.483793103448276e-06,
    4.483793103448276e-06,
    4.655862068965517e-06,
    4.655862068965517e-06,
    4.8279310344827585e-06,
    4.8279310344827585e-06,
    5e-06,
    5e-06
  ],
  "mu": 0,
  "samples": 250,
  "sequence_length": 1000,
  "seeds": [
    830701611,
    32798758,
    766782121,
    490500529,
    746120884,
    420136087,
    1210174613,
    1891802863,
    104697990,
    1679026943,
    1821192915,
    905727304,
    1527570560,
    564439395,
    1305390457,
    378302348,
    341144113,
    204724543,
    1123361416,
    1725588145,
    813937952,
    600975869,
    612165218,
    1117115432,
    2094490240,
    192016899,
    711220961,
    99783154,
    1299500505,
    446046205,
    1797674111,
    1487554511,
    1673579598,
    974046573,
    647292443,
    1813474784,
    1041747079,
    1061016443,
    313796285,
    846244127,
    520683836,
    1137409217,
    1606089652,
    194343916,
    629674293,
    1966491498,
    661858029,
    1746995153,
    1385891678,
    1110550581
  ]
}