{
  "mode": "branch",
  "rep": 1102,
  "ne": 10000,
  "r": [
    1e-08,
    1e-08,
    1.820689655172414e-07,
    1.820689655172414e-07,
    3.541379310344828e-07,
    3.541379310344828e-07,
    5.262068965517242e-07,
    5.262068965517242e-07,
    6.982758620689656e-07,
    6.982758620689656e-07,
    8.70344827586207e-07,
    8.70344827586207e-07,
    1.0424137931034483e-06,
    1.0424137931034483e-06,
    1.2144827586206895e-06,
    1.2144827586206895e-06,
    1.386551724137931e-06,
    1.386551724137931e-06,
    1.5586206896551725e-06,
    1.5586206896551725e-06,
    1.7306896551724138e-06,
    1.9027586206896551e-06,
    2.0748275862068966e-06,
    2.246896551724138e-06,
    2.418965517241379e-06,
    2.5910344827586207e-06,
    2.763103448275862e-06,
    2.9351724137931037e-06,
    3.107241379310345e-06,
    3.2793103448275863e-06,
    3.4513793103448278e-06,
    3.4513793103448278e-06,
    3.6234482758620693e-06,
    3.6234482758620693e-06,
    3.7955172413793103e-06,
    3.7955172413793103e-06,
    3.967586206896552e-06,
    3.967586206896552e-06,
    4.139655172413793e-06,
    4.139655172413793e-06,
    4.311724137931034e-06,
    4.311724137931034e-06,
    4.483793103448276e-06,
    4.483793103448276e-06,
    4.655862068965517e-06,
    4.655862068965517e-06,
    4.8279310344827585e-06,
    4.8279310344827585e-06,
    5e-06,
    5e-06
  ],
  "mu": 0,
  "samples": 250,
  "sequence_length": 1000,
  "seeds": [
    1900695398,
    139445751,
    2138187306,
    1664984004,
    99434607,
    643264787,
    358400465,
    1176014734,
    295855443,
    2021245547,
    1881081716,
    1181573543,
    1002368793,
    347725713,
    1643056855,
    1232931329,
    1474220629,
    232060086,
    1290328850,
    475829973,
    88771020,
    1134168786,
    2011043150,
    916184630,
    1923956563,
    2059851935,
    1756451158,
    743943648,
    2056990704,
    193030886,
    991634700,
    1159979021,
    609916078,
    80179854,
    1613762503,
    692141892,
    403286015,
    551557767,
    1525173881,
    562862041,
    158704109,
    89496683,
    1462399827,
    540873890,
    9932214,
    927393679,
    1870731303,
    2109840589,
    756944625,
    1291674196
  ]
}