{
  "mode": "site",
  "rep": 496,
  "ne": 10000,
  "r": 1e-05,
  "mu": [
    1e-07,
    1e-07,
    4.413793103448276e-07,
    4.413793103448276e-07,
    7.827586206896552e-07,
    7.827586206896552e-07,
    1.1241379310344827e-06,
    1.1241379310344827e-06,
    1.4655172413793102e-06,
    1.4655172413793102e-06,
    1.8068965517241377e-06,
    1.8068965517241377e-06,
    2.1482758620689656e-06,
    2.1482758620689656e-06,
    2.489655172413793e-06,
    2.489655172413793e-06,
    2.8310344827586205e-06,
    2.8310344827586205e-06,
    3.172413793103448e-06,
    3.172413793103448e-06,
    3.5137931034482755e-06,
    3.855172413793104e-06,
    4.196551724137931e-06,
    4.537931034482759e-06,
    4.879310344827586e-06,
    5.220689655172414e-06,
    5.562068965517241e-06,
    5.903448275862069e-06,
    6.244827586206896e-06,
    6.5862068965517236e-06,
    6.927586206896551e-06,
    6.927586206896551e-06,
    7.268965517241379e-06,
    7.268965517241379e-06,
    7.610344827586207e-06,
    7.610344827586207e-06,
    7.951724137931034e-06,
    7.951724137931034e-06,
    8.293103448275863e-06,
    8.293103448275863e-06,
    8.634482758620691e-06,
    8.634482758620691e-06,
    8.975862068965518e-06,
    8.975862068965518e-06,
    9.317241379310346e-06,
    9.317241379310346e-06,
    9.658620689655173e-06,
    9.658620689655173e-06,
    1e-05,
    1e-05
  ],
  "samples": 500,
  "sequence_length": 50000,
  "seeds": [
    2118347435,
    794335865,
    1545806828,
    1823135058,
    1760053963,
    853601884,
    1793562578,
    1407965383,
    1460984756,
    594014987,
    6078261,
    294212383,
    1095315996,
    1616955086,
    2048763676,
    1293307203,
    1293789703,
    573425273,
    1966945110,
    239436090,
    947760527,
    1953600313,
    997490173,
    994211894,
    1413177158,
    1623210410,
    1867040707,
    1979394742,
    591472561,
    1459660128,
    1997129557,
    1319683820,
    504381912,
    323991113,
    16612194,
    310524486,
    1343274951,
    976489687,
    472099282,
    348366093,
    1132533814,
    1704393570,
    584660816,
    815459752,
    718892614,
    1797106026,
    928583510,
    957814006,
    2106444674,
    440795432
  ]
}