{
  "mode": "site",
  "rep": 9,
  "ne": 10000,
  "r": 1e-05,
  "mu": [
    1e-07,
    1e-07,
    4.413793103448276e-07,
    4.413793103448276e-07,
    7.827586206896552e-07,
    7.827586206896552e-07,
    1.1241379310344827e-06,
    1.1241379310344827e-06,
    1.4655172413793102e-06,
    1.4655172413793102e-06,
    1.8068965517241377e-06,
    1.8068965517241377e-06,
    2.1482758620689656e-06,
    2.1482758620689656e-06,
    2.489655172413793e-06,
    2.489655172413793e-06,
    2.8310344827586205e-06,
    2.8310344827586205e-06,
    3.172413793103448e-06,
    3.172413793103448e-06,
    3.5137931034482755e-06,
    3.5137931034482755e-06,
    3.855172413793104e-06,
    3.855172413793104e-06,
    4.196551724137931e-06,
    4.196551724137931e-06,
    4.537931034482759e-06,
    4.537931034482759e-06,
    4.879310344827586e-06,
    4.879310344827586e-06,
    5.220689655172414e-06,
    5.220689655172414e-06,
    5.562068965517241e-06,
    5.562068965517241e-06,
    5.903448275862069e-06,
    5.903448275862069e-06,
    6.244827586206896e-06,
    6.244827586206896e-06,
    6.5862068965517236e-06,
    6.5862068965517236e-06,
    6.927586206896551e-06,
    7.268965517241379e-06,
    7.610344827586207e-06,
    7.951724137931034e-06,
    8.293103448275863e-06,
    8.634482758620691e-06,
    8.975862068965518e-06,
    9.317241379310346e-06,
    9.658620689655173e-06,
    1e-05
  ],
  "samples": 500,
  "sequence_length": 10000,
  "seeds": [
    1602133409,
    1858755584,
    1763732457,
    1061658208,
    790958254,
    1097472009,
    400197804,
    1926258466,
    246355665,
    716093618,
    2047976484,
    1740694124,
    1270116960,
    1022859308,
    1688605472,
    920184634,
    1369230810,
    922620957,
    1692266913,
    613634844,
    1678581106,
    224629556,
    129389154,
    1179776701,
    1717178381,
    386561336,
    1250289107,
    97950661,
    2064641653,
    1876718624,
    1170827065,
    1747244686,
    1341934595,
    472058254,
    2038911852,
    1975852637,
    1299172267,
    2113046534,
    1392100034,
    410664780,
    1659848420,
    850332163,
    1844869984,
    856022711,
    13222653,
    1266132802,
    511087100,
    366740138,
    594486251,
    310572483
  ]
}