{
  "mode": "branch",
  "rep": 990,
  "ne": 10000,
  "r": [
    1e-08,
    1e-08,
    1.820689655172414e-07,
    1.820689655172414e-07,
    3.541379310344828e-07,
    3.541379310344828e-07,
    5.262068965517242e-07,
    5.262068965517242e-07,
    6.982758620689656e-07,
    6.982758620689656e-07,
    8.70344827586207e-07,
    8.70344827586207e-07,
    1.0424137931034483e-06,
    1.0424137931034483e-06,
    1.2144827586206895e-06,
    1.2144827586206895e-06,
    1.386551724137931e-06,
    1.386551724137931e-06,
    1.5586206896551725e-06,
    1.5586206896551725e-06,
    1.7306896551724138e-06,
    1.7306896551724138e-06,
    1.9027586206896551e-06,
    1.9027586206896551e-06,
    2.0748275862068966e-06,
    2.0748275862068966e-06,
    2.246896551724138e-06,
    2.246896551724138e-06,
    2.418965517241379e-06,
    2.418965517241379e-06,
    2.5910344827586207e-06,
    2.5910344827586207e-06,
    2.763103448275862e-06,
    2.763103448275862e-06,
    2.9351724137931037e-06,
    2.9351724137931037e-06,
    3.107241379310345e-06,
    3.107241379310345e-06,
    3.2793103448275863e-06,
    3.2793103448275863e-06,
    3.4513793103448278e-06,
    3.6234482758620693e-06,
    3.7955172413793103e-06,
    3.967586206896552e-06,
    4.139655172413793e-06,
    4.311724137931034e-06,
    4.483793103448276e-06,
    4.655862068965517e-06,
    4.8279310344827585e-06,
    5e-06
  ],
  "mu": 0,
  "samples": 250,
  "sequence_length": 1000,
  "seeds": [
    678664613,
    167633769,
    1424520716,
    1484302706,
    1423888480,
    2020132443,
    689310792,
    2008697190,
    2003593690,
    834114064,
    789870380,
    874458509,
    1115572201,
    2068588026,
    945703783,
    1756523579,
    1825302017,
    1074075456,
    1814517391,
    1184066082,
    748799262,
    1337697039,
    1409039625,
    1010586181,
    1394428274,
    1932622400,
    803348017,
    1897229454,
    987417943,
    1098091359,
    1238177842,
    1724701160,
    702309092,
    813910668,
    2044403969,
    1399607010,
    670067447,
    1090003290,
    131406380,
    207312633,
    1119543661,
    1000157588,
    717697122,
    625928204,
    22559652,
    75837586,
    1031721414,
    2067149256,
    190298368,
    138524010
  ]
}