{
  "mode": "site",
  "rep": 574,
  "ne": 10000,
  "r": 1e-05,
  "mu": [
    1e-07,
    1e-07,
    4.413793103448276e-07,
    4.413793103448276e-07,
    7.827586206896552e-07,
    7.827586206896552e-07,
    1.1241379310344827e-06,
    1.1241379310344827e-06,
    1.4655172413793102e-06,
    1.4655172413793102e-06,
    1.8068965517241377e-06,
    1.8068965517241377e-06,
    2.1482758620689656e-06,
    2.1482758620689656e-06,
    2.489655172413793e-06,
    2.489655172413793e-06,
    2.8310344827586205e-06,
    2.8310344827586205e-06,
    3.172413793103448e-06,
    3.172413793103448e-06,
    3.5137931034482755e-06,
    3.855172413793104e-06,
    4.196551724137931e-06,
    4.537931034482759e-06,
    4.879310344827586e-06,
    5.220689655172414e-06,
    5.562068965517241e-06,
    5.903448275862069e-06,
    6.244827586206896e-06,
    6.5862068965517236e-06,
    6.927586206896551e-06,
    6.927586206896551e-06,
    7.268965517241379e-06,
    7.268965517241379e-06,
    7.610344827586207e-06,
    7.610344827586207e-06,
    7.951724137931034e-06,
    7.951724137931034e-06,
    8.293103448275863e-06,
    8.293103448275863e-06,
    8.634482758620691e-06,
    8.634482758620691e-06,
    8.975862068965518e-06,
    8.975862068965518e-06,
    9.317241379310346e-06,
    9.317241379310346e-06,
    9.658620689655173e-06,
    9.658620689655173e-06,
    1e-05,
    1e-05
  ],
  "samples": 500,
  "sequence_length": 50000,
  "seeds": [
    1770205569,
    1452820670,
    255786603,
    1162754603,
    988146011,
    1852491729,
    1726275048,
    1247333986,
    899728509,
    1588277765,
    1574569942,
    306215470,
    543883872,
    1629710922,
    1975561852,
    404775065,
    2008450192,
    640288816,
    1025787743,
    1818680529,
    932331753,
    1783380129,
    56378674,
    12550359,
    869619782,
    1788000061,
    2023414890,
    259383362,
    1798435581,
    1967020299,
    529831226,
    1081689421,
    844584071,
    1428991084,
    134422365,
    1379435626,
    1577941386,
    342086187,
    529932155,
    1650006645,
    1102085142,
    1339551124,
    1874312333,
    2139601710,
    456749583,
    1628515595,
    1149627751,
    1452918802,
    1310421006,
    47707060
  ]
}