{
  "mode": "branch",
  "rep": 811,
  "ne": 10000,
  "r": [
    1e-08,
    1e-08,
    1.820689655172414e-07,
    1.820689655172414e-07,
    3.541379310344828e-07,
    3.541379310344828e-07,
    5.262068965517242e-07,
    5.262068965517242e-07,
    6.982758620689656e-07,
    6.982758620689656e-07,
    8.70344827586207e-07,
    8.70344827586207e-07,
    1.0424137931034483e-06,
    1.0424137931034483e-06,
    1.2144827586206895e-06,
    1.2144827586206895e-06,
    1.386551724137931e-06,
    1.386551724137931e-06,
    1.5586206896551725e-06,
    1.5586206896551725e-06,
    1.7306896551724138e-06,
    1.9027586206896551e-06,
    2.0748275862068966e-06,
    2.246896551724138e-06,
    2.418965517241379e-06,
    2.5910344827586207e-06,
    2.763103448275862e-06,
    2.9351724137931037e-06,
    3.107241379310345e-06,
    3.2793103448275863e-06,
    3.4513793103448278e-06,
    3.4513793103448278e-06,
    3.6234482758620693e-06,
    3.6234482758620693e-06,
    3.7955172413793103e-06,
    3.7955172413793103e-06,
    3.967586206896552e-06,
    3.967586206896552e-06,
    4.139655172413793e-06,
    4.139655172413793e-06,
    4.311724137931034e-06,
    4.311724137931034e-06,
    4.483793103448276e-06,
    4.483793103448276e-06,
    4.655862068965517e-06,
    4.655862068965517e-06,
    4.8279310344827585e-06,
    4.8279310344827585e-06,
    5e-06,
    5e-06
  ],
  "mu": 0,
  "samples": 250,
  "sequence_length": 1000,
  "seeds": [
    8250619,
    1646191642,
    1512836578,
    353226179,
    1002655126,
    278204633,
    231120535,
    481269422,
    1966522057,
    327166736,
    1436525788,
    1338710517,
    234690659,
    1660495954,
    1193916316,
    2042404499,
    2145767299,
    1103205572,
    577554712,
    1198481287,
    1298889592,
    148164968,
    279225795,
    2142668151,
    1993819497,
    1926149467,
    1124491896,
    672102590,
    2038299575,
    475247045,
    1465454420,
    439535443,
    214209242,
    1894235183,
    2051339857,
    510630545,
    1971992026,
    1218297643,
    1706281225,
    933441746,
    763566867,
    2050115227,
    925424676,
    446719016,
    806349962,
    366648563,
    11295590,
    1318104176,
    333146167,
    1287292490
  ]
}