{
  "mode": "branch",
  "rep": 1044,
  "ne": 10000,
  "r": [
    1e-08,
    1e-08,
    1.820689655172414e-07,
    1.820689655172414e-07,
    3.541379310344828e-07,
    3.541379310344828e-07,
    5.262068965517242e-07,
    5.262068965517242e-07,
    6.982758620689656e-07,
    6.982758620689656e-07,
    8.70344827586207e-07,
    8.70344827586207e-07,
    1.0424137931034483e-06,
    1.0424137931034483e-06,
    1.2144827586206895e-06,
    1.2144827586206895e-06,
    1.386551724137931e-06,
    1.386551724137931e-06,
    1.5586206896551725e-06,
    1.5586206896551725e-06,
    1.7306896551724138e-06,
    1.7306896551724138e-06,
    1.9027586206896551e-06,
    1.9027586206896551e-06,
    2.0748275862068966e-06,
    2.0748275862068966e-06,
    2.246896551724138e-06,
    2.246896551724138e-06,
    2.418965517241379e-06,
    2.418965517241379e-06,
    2.5910344827586207e-06,
    2.5910344827586207e-06,
    2.763103448275862e-06,
    2.763103448275862e-06,
    2.9351724137931037e-06,
    2.9351724137931037e-06,
    3.107241379310345e-06,
    3.107241379310345e-06,
    3.2793103448275863e-06,
    3.2793103448275863e-06,
    3.4513793103448278e-06,
    3.6234482758620693e-06,
    3.7955172413793103e-06,
    3.967586206896552e-06,
    4.139655172413793e-06,
    4.311724137931034e-06,
    4.483793103448276e-06,
    4.655862068965517e-06,
    4.8279310344827585e-06,
    5e-06
  ],
  "mu": 0,
  "samples": 250,
  "sequence_length": 1000,
  "seeds": [
    474863701,
    1615834357,
    1323228567,
    1517051695,
    1424577878,
    1246786904,
    1214002412,
    1840737243,
    755734558,
    1219897600,
    90198084,
    1982249581,
    714181332,
    1029131027,
    2092828364,
    942972599,
    826709630,
    1711132451,
    1244223746,
    1859325941,
    401715274,
    1267484830,
    304661826,
    223419031,
    758507196,
    679471173,
    1315571566,
    1739274046,
    2087533343,
    894835647,
    362525593,
    349166411,
    1965852439,
    1657283475,
    865122617,
    1827089697,
    836998675,
    2088543109,
    1574472676,
    2123693812,
    1996846909,
    1802723724,
    1801765091,
    582976276,
    1773049836,
    1845610876,
    1157405098,
    1929266524,
    788502346,
    975091173
  ]
}