{
  "mode": "branch",
  "rep": 720,
  "ne": 10000,
  "r": [
    1e-08,
    1e-08,
    1.820689655172414e-07,
    1.820689655172414e-07,
    3.541379310344828e-07,
    3.541379310344828e-07,
    5.262068965517242e-07,
    5.262068965517242e-07,
    6.982758620689656e-07,
    6.982758620689656e-07,
    8.70344827586207e-07,
    8.70344827586207e-07,
    1.0424137931034483e-06,
    1.0424137931034483e-06,
    1.2144827586206895e-06,
    1.2144827586206895e-06,
    1.386551724137931e-06,
    1.386551724137931e-06,
    1.5586206896551725e-06,
    1.5586206896551725e-06,
    1.7306896551724138e-06,
    1.7306896551724138e-06,
    1.9027586206896551e-06,
    1.9027586206896551e-06,
    2.0748275862068966e-06,
    2.0748275862068966e-06,
    2.246896551724138e-06,
    2.246896551724138e-06,
    2.418965517241379e-06,
    2.418965517241379e-06,
    2.5910344827586207e-06,
    2.5910344827586207e-06,
    2.763103448275862e-06,
    2.763103448275862e-06,
    2.9351724137931037e-06,
    2.9351724137931037e-06,
    3.107241379310345e-06,
    3.107241379310345e-06,
    3.2793103448275863e-06,
    3.2793103448275863e-06,
    3.4513793103448278e-06,
    3.6234482758620693e-06,
    3.7955172413793103e-06,
    3.967586206896552e-06,
    4.139655172413793e-06,
    4.311724137931034e-06,
    4.483793103448276e-06,
    4.655862068965517e-06,
    4.8279310344827585e-06,
    5e-06
  ],
  "mu": 0,
  "samples": 250,
  "sequence_length": 1000,
  "seeds": [
    1194966904,
    1684974153,
    1903997837,
    1270602774,
    151720992,
    1146498557,
    352842209,
    1939891222,
    1871769480,
    1711002442,
    1943693075,
    1358467408,
    1966398120,
    623452960,
    388313856,
    156928136,
    1360637738,
    1693276444,
    269112580,
    705736996,
    1037132338,
    1935578192,
    1721022783,
    1874811770,
    283028823,
    1432661684,
    519265980,
    747527022,
    678714764,
    1057985307,
    761906494,
    1361364252,
    2090004981,
    137654195,
    1383343656,
    1060343714,
    1369372600,
    878160711,
    1281152934,
    1288576267,
    1250424826,
    259467015,
    1967924224,
    544135757,
    1830462538,
    1390792398,
    694115471,
    2071207798,
    205247681,
    1019300281
  ]
}