{
  "mode": "site",
  "rep": 548,
  "ne": 10000,
  "r": 1e-05,
  "mu": [
    1e-07,
    4.413793103448276e-07,
    7.827586206896552e-07,
    1.1241379310344827e-06,
    1.4655172413793102e-06,
    1.8068965517241377e-06,
    2.1482758620689656e-06,
    2.489655172413793e-06,
    2.8310344827586205e-06,
    3.172413793103448e-06,
    3.5137931034482755e-06,
    3.5137931034482755e-06,
    3.855172413793104e-06,
    3.855172413793104e-06,
    4.196551724137931e-06,
    4.196551724137931e-06,
    4.537931034482759e-06,
    4.537931034482759e-06,
    4.879310344827586e-06,
    4.879310344827586e-06,
    5.220689655172414e-06,
    5.220689655172414e-06,
    5.562068965517241e-06,
    5.562068965517241e-06,
    5.903448275862069e-06,
    5.903448275862069e-06,
    6.244827586206896e-06,
    6.244827586206896e-06,
    6.5862068965517236e-06,
    6.5862068965517236e-06,
    6.927586206896551e-06,
    6.927586206896551e-06,
    7.268965517241379e-06,
    7.268965517241379e-06,
    7.610344827586207e-06,
    7.610344827586207e-06,
    7.951724137931034e-06,
    7.951724137931034e-06,
    8.293103448275863e-06,
    8.293103448275863e-06,
    8.634482758620691e-06,
    8.634482758620691e-06,
    8.975862068965518e-06,
    8.975862068965518e-06,
    9.317241379310346e-06,
    9.317241379310346e-06,
    9.658620689655173e-06,
    9.658620689655173e-06,
    1e-05,
    1e-05
  ],
  "samples": 500,
  "sequence_length": 50000,
  "seeds": [
    990271397,
    2109170578,
    794940718,
    1852343720,
    626347919,
    875546632,
    732908788,
    1964455081,
    1770181296,
    866153741,
    1260972598,
    1391045626,
    928362606,
    932964688,
    351337794,
    1739513458,
    2088849090,
    535755171,
    668774688,
    616155284,
    1014154769,
    2143637089,
    496343208,
    173997780,
    2006200974,
    720006400,
    551583991,
    871160271,
    1436757749,
    1264060302,
    1281791406,
    2100528530,
    130909590,
    567282176,
    1347866877,
    2132659001,
    2000080244,
    208138877,
    252290011,
    1907131682,
    1920727700,
    394629724,
    1589324076,
    101951225,
    1274172821,
    2004719082,
    690754812,
    1890216941,
    156669612,
    1575975129
  ]
}