{
  "mode": "branch",
  "rep": 894,
  "ne": 10000,
  "r": [
    1e-08,
    1e-08,
    1.820689655172414e-07,
    1.820689655172414e-07,
    3.541379310344828e-07,
    3.541379310344828e-07,
    5.262068965517242e-07,
    5.262068965517242e-07,
    6.982758620689656e-07,
    6.982758620689656e-07,
    8.70344827586207e-07,
    8.70344827586207e-07,
    1.0424137931034483e-06,
    1.0424137931034483e-06,
    1.2144827586206895e-06,
    1.2144827586206895e-06,
    1.386551724137931e-06,
    1.386551724137931e-06,
    1.5586206896551725e-06,
    1.5586206896551725e-06,
    1.7306896551724138e-06,
    1.7306896551724138e-06,
    1.9027586206896551e-06,
    1.9027586206896551e-06,
    2.0748275862068966e-06,
    2.0748275862068966e-06,
    2.246896551724138e-06,
    2.246896551724138e-06,
    2.418965517241379e-06,
    2.418965517241379e-06,
    2.5910344827586207e-06,
    2.5910344827586207e-06,
    2.763103448275862e-06,
    2.763103448275862e-06,
    2.9351724137931037e-06,
    2.9351724137931037e-06,
    3.107241379310345e-06,
    3.107241379310345e-06,
    3.2793103448275863e-06,
    3.2793103448275863e-06,
    3.4513793103448278e-06,
    3.6234482758620693e-06,
    3.7955172413793103e-06,
    3.967586206896552e-06,
    4.139655172413793e-06,
    4.311724137931034e-06,
    4.483793103448276e-06,
    4.655862068965517e-06,
    4.8279310344827585e-06,
    5e-06
  ],
  "mu": 0,
  "samples": 250,
  "sequence_length": 1000,
  "seeds": [
    1752434804,
    1060520940,
    52323292,
    1472511944,
    183260422,
    1295504073,
    1318017789,
    990831816,
    2146122876,
    1722974770,
    17427783,
    1048086276,
    1278371476,
    121212960,
    341270459,
    523417832,
    465528084,
    1464959579,
    332556122,
    542226921,
    64718784,
    678068236,
    440337427,
    1156729256,
    551139083,
    1662434478,
    1311117045,
    774876621,
    1916736736,
    1865168961,
    1571044294,
    2066513738,
    2070890063,
    1487618763,
    883071480,
    1089064694,
    858818714,
    1259200465,
    1008390843,
    1591768935,
    722857008,
    602207298,
    1324154585,
    16836127,
    615840297,
    424984919,
    1840698995,
    989997557,
    2046527739,
    923735980
  ]
}