{
  "mode": "branch",
  "rep": 801,
  "ne": 10000,
  "r": [
    1e-08,
    1e-08,
    1.820689655172414e-07,
    1.820689655172414e-07,
    3.541379310344828e-07,
    3.541379310344828e-07,
    5.262068965517242e-07,
    5.262068965517242e-07,
    6.982758620689656e-07,
    6.982758620689656e-07,
    8.70344827586207e-07,
    8.70344827586207e-07,
    1.0424137931034483e-06,
    1.0424137931034483e-06,
    1.2144827586206895e-06,
    1.2144827586206895e-06,
    1.386551724137931e-06,
    1.386551724137931e-06,
    1.5586206896551725e-06,
    1.5586206896551725e-06,
    1.7306896551724138e-06,
    1.7306896551724138e-06,
    1.9027586206896551e-06,
    1.9027586206896551e-06,
    2.0748275862068966e-06,
    2.0748275862068966e-06,
    2.246896551724138e-06,
    2.246896551724138e-06,
    2.418965517241379e-06,
    2.418965517241379e-06,
    2.5910344827586207e-06,
    2.5910344827586207e-06,
    2.763103448275862e-06,
    2.763103448275862e-06,
    2.9351724137931037e-06,
    2.9351724137931037e-06,
    3.107241379310345e-06,
    3.107241379310345e-06,
    3.2793103448275863e-06,
    3.2793103448275863e-06,
    3.4513793103448278e-06,
    3.6234482758620693e-06,
    3.7955172413793103e-06,
    3.967586206896552e-06,
    4.139655172413793e-06,
    4.311724137931034e-06,
    4.483793103448276e-06,
    4.655862068965517e-06,
    4.8279310344827585e-06,
    5e-06
  ],
  "mu": 0,
  "samples": 250,
  "sequence_length": 1000,
  "seeds": [
    1987910381,
    1801808028,
    1193619456,
    818751185,
    829531529,
    1503751107,
    2003468651,
    67054176,
    965845999,
    23607359,
    1980743566,
    621841811,
    788271678,
    971337532,
    1569427956,
    863052896,
    1924041197,
    857463330,
    388428865,
    99016500,
    1005846641,
    2126991571,
    23874951,
    174759858,
    1419989129,
    918554402,
    358861267,
    774249718,
    1415368494,
    303837992,
    61588705,
    2002304226,
    935359604,
    1207413428,
    811447742,
    1025626130,
    375508287,
    1063820139,
    1903759192,
    481765143,
    1632395522,
    1474451724,
    1105782552,
    57070648,
    49949073,
    1624322183,
    1183788859,
    1100042689,
    396948533,
    520007463
  ]
}