{
  "mode": "branch",
  "rep": 914,
  "ne": 10000,
  "r": [
    1e-08,
    1.820689655172414e-07,
    3.541379310344828e-07,
    5.262068965517242e-07,
    6.982758620689656e-07,
    8.70344827586207e-07,
    1.0424137931034483e-06,
    1.2144827586206895e-06,
    1.386551724137931e-06,
    1.5586206896551725e-06,
    1.7306896551724138e-06,
    1.7306896551724138e-06,
    1.9027586206896551e-06,
    1.9027586206896551e-06,
    2.0748275862068966e-06,
    2.0748275862068966e-06,
    2.246896551724138e-06,
    2.246896551724138e-06,
    2.418965517241379e-06,
    2.418965517241379e-06,
    2.5910344827586207e-06,
    2.5910344827586207e-06,
    2.763103448275862e-06,
    2.763103448275862e-06,
    2.9351724137931037e-06,
    2.9351724137931037e-06,
    3.107241379310345e-06,
    3.107241379310345e-06,
    3.2793103448275863e-06,
    3.2793103448275863e-06,
    3.4513793103448278e-06,
    3.4513793103448278e-06,
    3.6234482758620693e-06,
    3.6234482758620693e-06,
    3.7955172413793103e-06,
    3.7955172413793103e-06,
    3.967586206896552e-06,
    3.967586206896552e-06,
    4.139655172413793e-06,
    4.139655172413793e-06,
    4.311724137931034e-06,
    4.311724137931034e-06,
    4.483793103448276e-06,
    4.483793103448276e-06,
    4.655862068965517e-06,
    4.655862068965517e-06,
    4.8279310344827585e-06,
    4.8279310344827585e-06,
    5e-06,
    5e-06
  ],
  "mu": 0,
  "samples": 250,
  "sequence_length": 1000,
  "seeds": [
    1880738419,
    1048439029,
    1335963672,
    688136853,
    2000724826,
    886713721,
    364215147,
    644381321,
    91648688,
    480146437,
    1306942974,
    1621111728,
    571834785,
    1519546421,
    917958136,
    447319501,
    892369259,
    254370648,
    767501123,
    1909251319,
    1259772432,
    1181078465,
    934842717,
    2019014654,
    1786982932,
    804112078,
    1290522513,
    1728181528,
    2047477796,
    1756220269,
    386302900,
    1670814964,
    1744410979,
    1154597025,
    1945268577,
    750330686,
    1187899374,
    8192054,
    657226212,
    1858923057,
    1175898295,
    554635881,
    858132120,
    588344955,
    2082932636,
    368430464,
    26802667,
    1881366322,
    1875308637,
    43342621
  ]
}