{
  "mode": "branch",
  "rep": 670,
  "ne": 10000,
  "r": [
    1e-08,
    1e-08,
    1.820689655172414e-07,
    1.820689655172414e-07,
    3.541379310344828e-07,
    3.541379310344828e-07,
    5.262068965517242e-07,
    5.262068965517242e-07,
    6.982758620689656e-07,
    6.982758620689656e-07,
    8.70344827586207e-07,
    8.70344827586207e-07,
    1.0424137931034483e-06,
    1.0424137931034483e-06,
    1.2144827586206895e-06,
    1.2144827586206895e-06,
    1.386551724137931e-06,
    1.386551724137931e-06,
    1.5586206896551725e-06,
    1.5586206896551725e-06,
    1.7306896551724138e-06,
    1.9027586206896551e-06,
    2.0748275862068966e-06,
    2.246896551724138e-06,
    2.418965517241379e-06,
    2.5910344827586207e-06,
    2.763103448275862e-06,
    2.9351724137931037e-06,
    3.107241379310345e-06,
    3.2793103448275863e-06,
    3.4513793103448278e-06,
    3.4513793103448278e-06,
    3.6234482758620693e-06,
    3.6234482758620693e-06,
    3.7955172413793103e-06,
    3.7955172413793103e-06,
    3.967586206896552e-06,
    3.967586206896552e-06,
    4.139655172413793e-06,
    4.139655172413793e-06,
    4.311724137931034e-06,
    4.311724137931034e-06,
    4.483793103448276e-06,
    4.483793103448276e-06,
    4.655862068965517e-06,
    4.655862068965517e-06,
    4.8279310344827585e-06,
    4.8279310344827585e-06,
    5e-06,
    5e-06
  ],
  "mu": 0,
  "samples": 250,
  "sequence_length": 1000,
  "seeds": [
    904043770,
    348961748,
    1568624345,
    1514954729,
    1936054745,
    1234920522,
    1765508490,
    237170487,
    1698077806,
    706219932,
    1446693998,
    1948449749,
    648365509,
    740958248,
    2087140622,
    1143984407,
    207786769,
    1324073924,
    283643497,
    1377163371,
    2144529236,
    965859377,
    439238683,
    627906092,
    1066451324,
    366897008,
    507426609,
    222507995,
    1888203959,
    488658100,
    558883424,
    923280586,
    128774391,
    2041693422,
    219680781,
    608137310,
    262126465,
    1493726050,
    1176779206,
    2074670535,
    30309691,
    386718902,
    283110227,
    1006952870,
    1650407567,
    527063517,
    713828255,
    458207533,
    444535015,
    1948764216
  ]
}