{
  "mode": "branch",
  "rep": 1100,
  "ne": 10000,
  "r": [
    1e-08,
    1.820689655172414e-07,
    3.541379310344828e-07,
    5.262068965517242e-07,
    6.982758620689656e-07,
    8.70344827586207e-07,
    1.0424137931034483e-06,
    1.2144827586206895e-06,
    1.386551724137931e-06,
    1.5586206896551725e-06,
    1.7306896551724138e-06,
    1.7306896551724138e-06,
    1.9027586206896551e-06,
    1.9027586206896551e-06,
    2.0748275862068966e-06,
    2.0748275862068966e-06,
    2.246896551724138e-06,
    2.246896551724138e-06,
    2.418965517241379e-06,
    2.418965517241379e-06,
    2.5910344827586207e-06,
    2.5910344827586207e-06,
    2.763103448275862e-06,
    2.763103448275862e-06,
    2.9351724137931037e-06,
    2.9351724137931037e-06,
    3.107241379310345e-06,
    3.107241379310345e-06,
    3.2793103448275863e-06,
    3.2793103448275863e-06,
    3.4513793103448278e-06,
    3.4513793103448278e-06,
    3.6234482758620693e-06,
    3.6234482758620693e-06,
    3.7955172413793103e-06,
    3.7955172413793103e-06,
    3.967586206896552e-06,
    3.967586206896552e-06,
    4.139655172413793e-06,
    4.139655172413793e-06,
    4.311724137931034e-06,
    4.311724137931034e-06,
    4.483793103448276e-06,
    4.483793103448276e-06,
    4.655862068965517e-06,
    4.655862068965517e-06,
    4.8279310344827585e-06,
    4.8279310344827585e-06,
    5e-06,
    5e-06
  ],
  "mu": 0,
  "samples": 250,
  "sequence_length": 1000,
  "seeds": [
    2048937941,
    1745292137,
    574010270,
    70941090,
    1361499620,
    959073128,
    55810269,
    1211653414,
    1141531091,
    1319413322,
    562794589,
    2097380832,
    1176417658,
    1435459017,
    617505419,
    1016100432,
    874521601,
    1607969003,
    929652570,
    899589006,
    653001857,
    961990824,
    444612425,
    1413849206,
    1943186171,
    638274633,
    895740097,
    506488196,
    1328218091,
    1895774341,
    1447710791,
    614453629,
    1868131391,
    1259584326,
    1812792150,
    1495538664,
    731380985,
    1028895138,
    2001483829,
    1520275622,
    1527631158,
    1330659598,
    550499457,
    2134588874,
    935640640,
    703952461,
    681199153,
    1711946433,
    1481112801,
    1967770500
  ]
}