{
  "mode": "branch",
  "rep": 842,
  "ne": 10000,
  "r": [
    1e-08,
    1.820689655172414e-07,
    3.541379310344828e-07,
    5.262068965517242e-07,
    6.982758620689656e-07,
    8.70344827586207e-07,
    1.0424137931034483e-06,
    1.2144827586206895e-06,
    1.386551724137931e-06,
    1.5586206896551725e-06,
    1.7306896551724138e-06,
    1.7306896551724138e-06,
    1.9027586206896551e-06,
    1.9027586206896551e-06,
    2.0748275862068966e-06,
    2.0748275862068966e-06,
    2.246896551724138e-06,
    2.246896551724138e-06,
    2.418965517241379e-06,
    2.418965517241379e-06,
    2.5910344827586207e-06,
    2.5910344827586207e-06,
    2.763103448275862e-06,
    2.763103448275862e-06,
    2.9351724137931037e-06,
    2.9351724137931037e-06,
    3.107241379310345e-06,
    3.107241379310345e-06,
    3.2793103448275863e-06,
    3.2793103448275863e-06,
    3.4513793103448278e-06,
    3.4513793103448278e-06,
    3.6234482758620693e-06,
    3.6234482758620693e-06,
    3.7955172413793103e-06,
    3.7955172413793103e-06,
    3.967586206896552e-06,
    3.967586206896552e-06,
    4.139655172413793e-06,
    4.139655172413793e-06,
    4.311724137931034e-06,
    4.311724137931034e-06,
    4.483793103448276e-06,
    4.483793103448276e-06,
    4.655862068965517e-06,
    4.655862068965517e-06,
    4.8279310344827585e-06,
    4.8279310344827585e-06,
    5e-06,
    5e-06
  ],
  "mu": 0,
  "samples": 250,
  "sequence_length": 1000,
  "seeds": [
    1423065316,
    1014550724,
    1181523548,
    720500501,
    856617547,
    1520266255,
    1811253615,
    1598689352,
    622459956,
    396169189,
    1487019330,
    5686487,
    1457366006,
    66215945,
    1554393766,
    725395634,
    1452526637,
    468972002,
    1422339060,
    635991392,
    191955151,
    1056299863,
    326681834,
    359765426,
    1393562484,
    853697956,
    1274867114,
    834740196,
    1887027465,
    348988947,
    452541611,
    117007638,
    1835536780,
    4642713,
    438178255,
    889607437,
    1707424563,
    1695325256,
    824456472,
    1455672056,
    1313704850,
    341137782,
    1115827417,
    1574988862,
    2091208932,
    1720678120,
    896551973,
    1002688017,
    1786143652,
    975314341
  ]
}