{
  "mode": "branch",
  "rep": 889,
  "ne": 10000,
  "r": [
    1e-08,
    1e-08,
    1.820689655172414e-07,
    1.820689655172414e-07,
    3.541379310344828e-07,
    3.541379310344828e-07,
    5.262068965517242e-07,
    5.262068965517242e-07,
    6.982758620689656e-07,
    6.982758620689656e-07,
    8.70344827586207e-07,
    8.70344827586207e-07,
    1.0424137931034483e-06,
    1.0424137931034483e-06,
    1.2144827586206895e-06,
    1.2144827586206895e-06,
    1.386551724137931e-06,
    1.386551724137931e-06,
    1.5586206896551725e-06,
    1.5586206896551725e-06,
    1.7306896551724138e-06,
    1.9027586206896551e-06,
    2.0748275862068966e-06,
    2.246896551724138e-06,
    2.418965517241379e-06,
    2.5910344827586207e-06,
    2.763103448275862e-06,
    2.9351724137931037e-06,
    3.107241379310345e-06,
    3.2793103448275863e-06,
    3.4513793103448278e-06,
    3.4513793103448278e-06,
    3.6234482758620693e-06,
    3.6234482758620693e-06,
    3.7955172413793103e-06,
    3.7955172413793103e-06,
    3.967586206896552e-06,
    3.967586206896552e-06,
    4.139655172413793e-06,
    4.139655172413793e-06,
    4.311724137931034e-06,
    4.311724137931034e-06,
    4.483793103448276e-06,
    4.483793103448276e-06,
    4.655862068965517e-06,
    4.655862068965517e-06,
    4.8279310344827585e-06,
    4.8279310344827585e-06,
    5e-06,
    5e-06
  ],
  "mu": 0,
  "samples": 250,
  "sequence_length": 1000,
  "seeds": [
    735954983,
    1859350992,
    1305106619,
    2078269112,
    1412063744,
    940910120,
    1417224297,
    769170541,
    1016407238,
    1978453615,
    803857644,
    596488392,
    578018036,
    1395225425,
    266619972,
    694309363,
    1973388984,
    1019383618,
    2048657886,
    1769213762,
    1952472472,
    2008088319,
    1304102794,
    1342917981,
    650181630,
    1455604446,
    398501625,
    763978219,
    1665397977,
    1748469898,
    1957348888,
    1012038850,
    617409849,
    1471837780,
    264944990,
    563263214,
    2085899855,
    431526381,
    2067503256,
    607415110,
    1575456757,
    673276924,
    572522333,
    812764278,
    743966534,
    1301463885,
    1442259497,
    104948774,
    1372505589,
    1477796174
  ]
}