{
  "mode": "site",
  "rep": 151,
  "ne": 10000,
  "r": 1e-05,
  "mu": [
    1e-07,
    1e-07,
    4.413793103448276e-07,
    4.413793103448276e-07,
    7.827586206896552e-07,
    7.827586206896552e-07,
    1.1241379310344827e-06,
    1.1241379310344827e-06,
    1.4655172413793102e-06,
    1.4655172413793102e-06,
    1.8068965517241377e-06,
    1.8068965517241377e-06,
    2.1482758620689656e-06,
    2.1482758620689656e-06,
    2.489655172413793e-06,
    2.489655172413793e-06,
    2.8310344827586205e-06,
    2.8310344827586205e-06,
    3.172413793103448e-06,
    3.172413793103448e-06,
    3.5137931034482755e-06,
    3.855172413793104e-06,
    4.196551724137931e-06,
    4.537931034482759e-06,
    4.879310344827586e-06,
    5.220689655172414e-06,
    5.562068965517241e-06,
    5.903448275862069e-06,
    6.244827586206896e-06,
    6.5862068965517236e-06,
    6.927586206896551e-06,
    6.927586206896551e-06,
    7.268965517241379e-06,
    7.268965517241379e-06,
    7.610344827586207e-06,
    7.610344827586207e-06,
    7.951724137931034e-06,
    7.951724137931034e-06,
    8.293103448275863e-06,
    8.293103448275863e-06,
    8.634482758620691e-06,
    8.634482758620691e-06,
    8.975862068965518e-06,
    8.975862068965518e-06,
    9.317241379310346e-06,
    9.317241379310346e-06,
    9.658620689655173e-06,
    9.658620689655173e-06,
    1e-05,
    1e-05
  ],
  "samples": 500,
  "sequence_length": 50000,
  "seeds": [
    2004833652,
    1677731415,
    1125016647,
    963319562,
    841961678,
    1536367939,
    485291898,
    299025215,
    481212783,
    318467917,
    322919354,
    789728624,
    370350115,
    63828302,
    836586235,
    1902018625,
    204607002,
    1892310052,
    1772226120,
    799602286,
    394528900,
    1261460123,
    571551524,
    846543547,
    785555140,
    1269186242,
    766564824,
    1477066965,
    409247466,
    1876418969,
    418174936,
    977294002,
    1844115445,
    1341391930,
    1690111191,
    1620283710,
    57674543,
    225275374,
    1036978544,
    75836775,
    1068875857,
    1280716827,
    1082520093,
    2126799268,
    2120300238,
    196668356,
    985773713,
    301315707,
    94347999,
    118592405
  ]
}