{
  "mode": "branch",
  "rep": 817,
  "ne": 10000,
  "r": [
    1e-08,
    1e-08,
    1.820689655172414e-07,
    1.820689655172414e-07,
    3.541379310344828e-07,
    3.541379310344828e-07,
    5.262068965517242e-07,
    5.262068965517242e-07,
    6.982758620689656e-07,
    6.982758620689656e-07,
    8.70344827586207e-07,
    8.70344827586207e-07,
    1.0424137931034483e-06,
    1.0424137931034483e-06,
    1.2144827586206895e-06,
    1.2144827586206895e-06,
    1.386551724137931e-06,
    1.386551724137931e-06,
    1.5586206896551725e-06,
    1.5586206896551725e-06,
    1.7306896551724138e-06,
    1.9027586206896551e-06,
    2.0748275862068966e-06,
    2.246896551724138e-06,
    2.418965517241379e-06,
    2.5910344827586207e-06,
    2.763103448275862e-06,
    2.9351724137931037e-06,
    3.107241379310345e-06,
    3.2793103448275863e-06,
    3.4513793103448278e-06,
    3.4513793103448278e-06,
    3.6234482758620693e-06,
    3.6234482758620693e-06,
    3.7955172413793103e-06,
    3.7955172413793103e-06,
    3.967586206896552e-06,
    3.967586206896552e-06,
    4.139655172413793e-06,
    4.139655172413793e-06,
    4.311724137931034e-06,
    4.311724137931034e-06,
    4.483793103448276e-06,
    4.483793103448276e-06,
    4.655862068965517e-06,
    4.655862068965517e-06,
    4.8279310344827585e-06,
    4.8279310344827585e-06,
    5e-06,
    5e-06
  ],
  "mu": 0,
  "samples": 250,
  "sequence_length": 1000,
  "seeds": [
    1425708003,
    468177293,
    351849170,
    858954060,
    356267557,
    2009196302,
    1801477956,
    2001077811,
    1937371655,
    339045042,
    858227769,
    995601447,
    1468915321,
    350356570,
    1452490987,
    286840918,
    827113090,
    1996160129,
    743861348,
    2140990251,
    575843942,
    408049217,
    598385501,
    468554744,
    1831815529,
    627398383,
    1513594007,
    1004660179,
    1381394192,
    1690323997,
    407872169,
    65497973,
    227588933,
    541745241,
    1324419088,
    270692565,
    35414836,
    364183251,
    441282580,
    805263649,
    898965048,
    729933955,
    1094880861,
    759237866,
    770321507,
    818188182,
    884183820,
    771025150,
    1670434872,
    970623724
  ]
}