{
  "mode": "site",
  "rep": 37,
  "ne": 10000,
  "r": 1e-05,
  "mu": [
    1e-07,
    1e-07,
    4.413793103448276e-07,
    4.413793103448276e-07,
    7.827586206896552e-07,
    7.827586206896552e-07,
    1.1241379310344827e-06,
    1.1241379310344827e-06,
    1.4655172413793102e-06,
    1.4655172413793102e-06,
    1.8068965517241377e-06,
    1.8068965517241377e-06,
    2.1482758620689656e-06,
    2.1482758620689656e-06,
    2.489655172413793e-06,
    2.489655172413793e-06,
    2.8310344827586205e-06,
    2.8310344827586205e-06,
    3.172413793103448e-06,
    3.172413793103448e-06,
    3.5137931034482755e-06,
    3.855172413793104e-06,
    4.196551724137931e-06,
    4.537931034482759e-06,
    4.879310344827586e-06,
    5.220689655172414e-06,
    5.562068965517241e-06,
    5.903448275862069e-06,
    6.244827586206896e-06,
    6.5862068965517236e-06,
    6.927586206896551e-06,
    6.927586206896551e-06,
    7.268965517241379e-06,
    7.268965517241379e-06,
    7.610344827586207e-06,
    7.610344827586207e-06,
    7.951724137931034e-06,
    7.951724137931034e-06,
    8.293103448275863e-06,
    8.293103448275863e-06,
    8.634482758620691e-06,
    8.634482758620691e-06,
    8.975862068965518e-06,
    8.975862068965518e-06,
    9.317241379310346e-06,
    9.317241379310346e-06,
    9.658620689655173e-06,
    9.658620689655173e-06,
    1e-05,
    1e-05
  ],
  "samples": 500,
  "sequence_length": 10000,
  "seeds": [
    148813670,
    451392801,
    1432437159,
    433359799,
    1677801546,
    462880217,
    1171687651,
    2021450612,
    741217772,
    1933189925,
    125150378,
    767953812,
    337825493,
    647365934,
    1186233125,
    636600517,
    1982936648,
    457324327,
    1455788156,
    100570646,
    36931479,
    1551752656,
    1790857227,
    2094162167,
    842750623,
    1274093685,
    816054536,
    1660862376,
    1038218052,
    671737742,
    1350504561,
    594974757,
    1552378176,
    226837808,
    1298169490,
    1380777066,
    919207863,
    1322721733,
    1351392724,
    850181048,
    1860567717,
    1621341745,
    43512647,
    1728223283,
    951942200,
    2051800629,
    571538567,
    176170438,
    279981230,
    1894775511
  ]
}