{
  "mode": "site",
  "rep": 223,
  "ne": 10000,
  "r": 1e-05,
  "mu": [
    1e-07,
    1e-07,
    4.413793103448276e-07,
    4.413793103448276e-07,
    7.827586206896552e-07,
    7.827586206896552e-07,
    1.1241379310344827e-06,
    1.1241379310344827e-06,
    1.4655172413793102e-06,
    1.4655172413793102e-06,
    1.8068965517241377e-06,
    1.8068965517241377e-06,
    2.1482758620689656e-06,
    2.1482758620689656e-06,
    2.489655172413793e-06,
    2.489655172413793e-06,
    2.8310344827586205e-06,
    2.8310344827586205e-06,
    3.172413793103448e-06,
    3.172413793103448e-06,
    3.5137931034482755e-06,
    3.855172413793104e-06,
    4.196551724137931e-06,
    4.537931034482759e-06,
    4.879310344827586e-06,
    5.220689655172414e-06,
    5.562068965517241e-06,
    5.903448275862069e-06,
    6.244827586206896e-06,
    6.5862068965517236e-06,
    6.927586206896551e-06,
    6.927586206896551e-06,
    7.268965517241379e-06,
    7.268965517241379e-06,
    7.610344827586207e-06,
    7.610344827586207e-06,
    7.951724137931034e-06,
    7.951724137931034e-06,
    8.293103448275863e-06,
    8.293103448275863e-06,
    8.634482758620691e-06,
    8.634482758620691e-06,
    8.975862068965518e-06,
    8.975862068965518e-06,
    9.317241379310346e-06,
    9.317241379310346e-06,
    9.658620689655173e-06,
    9.658620689655173e-06,
    1e-05,
    1e-05
  ],
  "samples": 500,
  "sequence_length": 10000,
  "seeds": [
    8250619,
    1646191642,
    1512836578,
    353226179,
    1002655126,
    278204633,
    231120535,
    481269422,
    1966522057,
    327166736,
    1436525788,
    1338710517,
    234690659,
    1660495954,
    1193916316,
    2042404499,
    2145767299,
    1103205572,
    577554712,
    1198481287,
    1298889592,
    148164968,
    279225795,
    2142668151,
    1993819497,
    1926149467,
    1124491896,
    672102590,
    2038299575,
    475247045,
    1465454420,
    439535443,
    214209242,
    1894235183,
    2051339857,
    510630545,
    1971992026,
    1218297643,
    1706281225,
    933441746,
    763566867,
    2050115227,
    925424676,
    446719016,
    806349962,
    366648563,
    11295590,
    1318104176,
    333146167,
    1287292490
  ]
}