{
  "mode": "branch",
  "rep": 1046,
  "ne": 10000,
  "r": [
    1e-08,
    1.820689655172414e-07,
    3.541379310344828e-07,
    5.262068965517242e-07,
    6.982758620689656e-07,
    8.70344827586207e-07,
    1.0424137931034483e-06,
    1.2144827586206895e-06,
    1.386551724137931e-06,
    1.5586206896551725e-06,
    1.7306896551724138e-06,
    1.7306896551724138e-06,
    1.9027586206896551e-06,
    1.9027586206896551e-06,
    2.0748275862068966e-06,
    2.0748275862068966e-06,
    2.246896551724138e-06,
    2.246896551724138e-06,
    2.418965517241379e-06,
    2.418965517241379e-06,
    2.5910344827586207e-06,
    2.5910344827586207e-06,
    2.763103448275862e-06,
    2.763103448275862e-06,
    2.9351724137931037e-06,
    2.9351724137931037e-06,
    3.107241379310345e-06,
    3.107241379310345e-06,
    3.2793103448275863e-06,
    3.2793103448275863e-06,
    3.4513793103448278e-06,
    3.4513793103448278e-06,
    3.6234482758620693e-06,
    3.6234482758620693e-06,
    3.7955172413793103e-06,
    3.7955172413793103e-06,
    3.967586206896552e-06,
    3.967586206896552e-06,
    4.139655172413793e-06,
    4.139655172413793e-06,
    4.311724137931034e-06,
    4.311724137931034e-06,
    4.483793103448276e-06,
    4.483793103448276e-06,
    4.655862068965517e-06,
    4.655862068965517e-06,
    4.8279310344827585e-06,
    4.8279310344827585e-06,
    5e-06,
    5e-06
  ],
  "mu": 0,
  "samples": 250,
  "sequence_length": 1000,
  "seeds": [
    1135438050,
    777154610,
    328102984,
    1297815984,
    1580669339,
    638663931,
    1416664205,
    1784622064,
    1465893021,
    1095260627,
    881047249,
    1775407674,
    993703117,
    1019349569,
    1882788192,
    399635448,
    1186233319,
    129221379,
    1212894039,
    494733581,
    1608110939,
    165771458,
    1141359821,
    316929971,
    1023752726,
    1474054065,
    568770282,
    668822809,
    87868709,
    539883719,
    1565896745,
    1476778699,
    1018937170,
    383763171,
    870062166,
    1304688489,
    2072606922,
    752863363,
    1335583025,
    1640596783,
    69777774,
    2123557849,
    1236995882,
    1811601620,
    1630059852,
    637398191,
    389148637,
    169514309,
    32434451,
    1362544594
  ]
}