{
  "mode": "branch",
  "rep": 1118,
  "ne": 10000,
  "r": [
    1e-08,
    1.820689655172414e-07,
    3.541379310344828e-07,
    5.262068965517242e-07,
    6.982758620689656e-07,
    8.70344827586207e-07,
    1.0424137931034483e-06,
    1.2144827586206895e-06,
    1.386551724137931e-06,
    1.5586206896551725e-06,
    1.7306896551724138e-06,
    1.7306896551724138e-06,
    1.9027586206896551e-06,
    1.9027586206896551e-06,
    2.0748275862068966e-06,
    2.0748275862068966e-06,
    2.246896551724138e-06,
    2.246896551724138e-06,
    2.418965517241379e-06,
    2.418965517241379e-06,
    2.5910344827586207e-06,
    2.5910344827586207e-06,
    2.763103448275862e-06,
    2.763103448275862e-06,
    2.9351724137931037e-06,
    2.9351724137931037e-06,
    3.107241379310345e-06,
    3.107241379310345e-06,
    3.2793103448275863e-06,
    3.2793103448275863e-06,
    3.4513793103448278e-06,
    3.4513793103448278e-06,
    3.6234482758620693e-06,
    3.6234482758620693e-06,
    3.7955172413793103e-06,
    3.7955172413793103e-06,
    3.967586206896552e-06,
    3.967586206896552e-06,
    4.139655172413793e-06,
    4.139655172413793e-06,
    4.311724137931034e-06,
    4.311724137931034e-06,
    4.483793103448276e-06,
    4.483793103448276e-06,
    4.655862068965517e-06,
    4.655862068965517e-06,
    4.8279310344827585e-06,
    4.8279310344827585e-06,
    5e-06,
    5e-06
  ],
  "mu": 0,
  "samples": 250,
  "sequence_length": 1000,
  "seeds": [
    1462885815,
    1293483075,
    1286225171,
    1594728924,
    2124171592,
    1582500203,
    817926496,
    1688340734,
    301199898,
    2112948291,
    577302019,
    363671207,
    1366328176,
    75858597,
    1417133936,
    594935174,
    1126565319,
    322280292,
    271988149,
    138932710,
    2116943554,
    1777292692,
    1606459722,
    1911388057,
    416134524,
    1760193718,
    1371940025,
    626160083,
    1734186242,
    1948938247,
    333531315,
    1819376040,
    1338444067,
    442435406,
    434924700,
    1338898463,
    1599786729,
    580692448,
    1500894858,
    618793073,
    1724046300,
    413447586,
    359104504,
    1334869018,
    868346879,
    675258083,
    1934512470,
    1900248368,
    1447071747,
    1664913620
  ]
}