{
  "mode": "site",
  "rep": 598,
  "ne": 10000,
  "r": 1e-05,
  "mu": [
    1e-07,
    1e-07,
    4.413793103448276e-07,
    4.413793103448276e-07,
    7.827586206896552e-07,
    7.827586206896552e-07,
    1.1241379310344827e-06,
    1.1241379310344827e-06,
    1.4655172413793102e-06,
    1.4655172413793102e-06,
    1.8068965517241377e-06,
    1.8068965517241377e-06,
    2.1482758620689656e-06,
    2.1482758620689656e-06,
    2.489655172413793e-06,
    2.489655172413793e-06,
    2.8310344827586205e-06,
    2.8310344827586205e-06,
    3.172413793103448e-06,
    3.172413793103448e-06,
    3.5137931034482755e-06,
    3.855172413793104e-06,
    4.196551724137931e-06,
    4.537931034482759e-06,
    4.879310344827586e-06,
    5.220689655172414e-06,
    5.562068965517241e-06,
    5.903448275862069e-06,
    6.244827586206896e-06,
    6.5862068965517236e-06,
    6.927586206896551e-06,
    6.927586206896551e-06,
    7.268965517241379e-06,
    7.268965517241379e-06,
    7.610344827586207e-06,
    7.610344827586207e-06,
    7.951724137931034e-06,
    7.951724137931034e-06,
    8.293103448275863e-06,
    8.293103448275863e-06,
    8.634482758620691e-06,
    8.634482758620691e-06,
    8.975862068965518e-06,
    8.975862068965518e-06,
    9.317241379310346e-06,
    9.317241379310346e-06,
    9.658620689655173e-06,
    9.658620689655173e-06,
    1e-05,
    1e-05
  ],
  "samples": 500,
  "sequence_length": 50000,
  "seeds": [
    218772997,
    931605639,
    846405367,
    638798207,
    462587049,
    1459768686,
    703575779,
    479791859,
    67335979,
    562557250,
    1548881454,
    27664880,
    1487142620,
    567715613,
    261879239,
    545878416,
    1011998118,
    99964738,
    2091161806,
    785936618,
    1475752972,
    1751975303,
    751032886,
    1924430623,
    1860711611,
    1819980315,
    1944624526,
    1826963631,
    1086136178,
    829867711,
    1701803954,
    410812748,
    489848425,
    988626706,
    1847921637,
    1449859670,
    1433993677,
    2081662366,
    166292913,
    331316803,
    1068198027,
    1375572878,
    536053219,
    1204934442,
    894762231,
    1491319980,
    1590434805,
    2139811303,
    407339912,
    1387807995
  ]
}