{
  "mode": "branch",
  "rep": 901,
  "ne": 10000,
  "r": [
    1e-08,
    1e-08,
    1.820689655172414e-07,
    1.820689655172414e-07,
    3.541379310344828e-07,
    3.541379310344828e-07,
    5.262068965517242e-07,
    5.262068965517242e-07,
    6.982758620689656e-07,
    6.982758620689656e-07,
    8.70344827586207e-07,
    8.70344827586207e-07,
    1.0424137931034483e-06,
    1.0424137931034483e-06,
    1.2144827586206895e-06,
    1.2144827586206895e-06,
    1.386551724137931e-06,
    1.386551724137931e-06,
    1.5586206896551725e-06,
    1.5586206896551725e-06,
    1.7306896551724138e-06,
    1.9027586206896551e-06,
    2.0748275862068966e-06,
    2.246896551724138e-06,
    2.418965517241379e-06,
    2.5910344827586207e-06,
    2.763103448275862e-06,
    2.9351724137931037e-06,
    3.107241379310345e-06,
    3.2793103448275863e-06,
    3.4513793103448278e-06,
    3.4513793103448278e-06,
    3.6234482758620693e-06,
    3.6234482758620693e-06,
    3.7955172413793103e-06,
    3.7955172413793103e-06,
    3.967586206896552e-06,
    3.967586206896552e-06,
    4.139655172413793e-06,
    4.139655172413793e-06,
    4.311724137931034e-06,
    4.311724137931034e-06,
    4.483793103448276e-06,
    4.483793103448276e-06,
    4.655862068965517e-06,
    4.655862068965517e-06,
    4.8279310344827585e-06,
    4.8279310344827585e-06,
    5e-06,
    5e-06
  ],
  "mu": 0,
  "samples": 250,
  "sequence_length": 1000,
  "seeds": [
    248377826,
    2024168179,
    590363764,
    1126144452,
    1440183178,
    1985745806,
    1090563965,
    589220171,
    407874087,
    577087268,
    706560244,
    161815441,
    1316465139,
    1591203350,
    273569199,
    304838951,
    1413943657,
    545706771,
    1676905114,
    657677819,
    346937369,
    1206588101,
    614491702,
    1784104735,
    524870601,
    624952916,
    603702849,
    84514486,
    1214112187,
    1118500457,
    54092695,
    1823756818,
    1645159856,
    1842488828,
    719911564,
    55930784,
    1722252152,
    996115714,
    2046456350,
    1200537390,
    378008311,
    1886428833,
    317492360,
    2028772731,
    607033036,
    2132298873,
    1369157319,
    468688554,
    1401152299,
    1895542251
  ]
}