{
  "mode": "site",
  "rep": 313,
  "ne": 10000,
  "r": 1e-05,
  "mu": [
    1e-07,
    1e-07,
    4.413793103448276e-07,
    4.413793103448276e-07,
    7.827586206896552e-07,
    7.827586206896552e-07,
    1.1241379310344827e-06,
    1.1241379310344827e-06,
    1.4655172413793102e-06,
    1.4655172413793102e-06,
    1.8068965517241377e-06,
    1.8068965517241377e-06,
    2.1482758620689656e-06,
    2.1482758620689656e-06,
    2.489655172413793e-06,
    2.489655172413793e-06,
    2.8310344827586205e-06,
    2.8310344827586205e-06,
    3.172413793103448e-06,
    3.172413793103448e-06,
    3.5137931034482755e-06,
    3.855172413793104e-06,
    4.196551724137931e-06,
    4.537931034482759e-06,
    4.879310344827586e-06,
    5.220689655172414e-06,
    5.562068965517241e-06,
    5.903448275862069e-06,
    6.244827586206896e-06,
    6.5862068965517236e-06,
    6.927586206896551e-06,
    6.927586206896551e-06,
    7.268965517241379e-06,
    7.268965517241379e-06,
    7.610344827586207e-06,
    7.610344827586207e-06,
    7.951724137931034e-06,
    7.951724137931034e-06,
    8.293103448275863e-06,
    8.293103448275863e-06,
    8.634482758620691e-06,
    8.634482758620691e-06,
    8.975862068965518e-06,
    8.975862068965518e-06,
    9.317241379310346e-06,
    9.317241379310346e-06,
    9.658620689655173e-06,
    9.658620689655173e-06,
    1e-05,
    1e-05
  ],
  "samples": 500,
  "sequence_length": 10000,
  "seeds": [
    248377826,
    2024168179,
    590363764,
    1126144452,
    1440183178,
    1985745806,
    1090563965,
    589220171,
    407874087,
    577087268,
    706560244,
    161815441,
    1316465139,
    1591203350,
    273569199,
    304838951,
    1413943657,
    545706771,
    1676905114,
    657677819,
    346937369,
    1206588101,
    614491702,
    1784104735,
    524870601,
    624952916,
    603702849,
    84514486,
    1214112187,
    1118500457,
    54092695,
    1823756818,
    1645159856,
    1842488828,
    719911564,
    55930784,
    1722252152,
    996115714,
    2046456350,
    1200537390,
    378008311,
    1886428833,
    317492360,
    2028772731,
    607033036,
    2132298873,
    1369157319,
    468688554,
    1401152299,
    1895542251
  ]
}