{
  "mode": "site",
  "rep": 82,
  "ne": 10000,
  "r": 1e-05,
  "mu": [
    1e-07,
    1e-07,
    4.413793103448276e-07,
    4.413793103448276e-07,
    7.827586206896552e-07,
    7.827586206896552e-07,
    1.1241379310344827e-06,
    1.1241379310344827e-06,
    1.4655172413793102e-06,
    1.4655172413793102e-06,
    1.8068965517241377e-06,
    1.8068965517241377e-06,
    2.1482758620689656e-06,
    2.1482758620689656e-06,
    2.489655172413793e-06,
    2.489655172413793e-06,
    2.8310344827586205e-06,
    2.8310344827586205e-06,
    3.172413793103448e-06,
    3.172413793103448e-06,
    3.5137931034482755e-06,
    3.855172413793104e-06,
    4.196551724137931e-06,
    4.537931034482759e-06,
    4.879310344827586e-06,
    5.220689655172414e-06,
    5.562068965517241e-06,
    5.903448275862069e-06,
    6.244827586206896e-06,
    6.5862068965517236e-06,
    6.927586206896551e-06,
    6.927586206896551e-06,
    7.268965517241379e-06,
    7.268965517241379e-06,
    7.610344827586207e-06,
    7.610344827586207e-06,
    7.951724137931034e-06,
    7.951724137931034e-06,
    8.293103448275863e-06,
    8.293103448275863e-06,
    8.634482758620691e-06,
    8.634482758620691e-06,
    8.975862068965518e-06,
    8.975862068965518e-06,
    9.317241379310346e-06,
    9.317241379310346e-06,
    9.658620689655173e-06,
    9.658620689655173e-06,
    1e-05,
    1e-05
  ],
  "samples": 500,
  "sequence_length": 10000,
  "seeds": [
    904043770,
    348961748,
    1568624345,
    1514954729,
    1936054745,
    1234920522,
    1765508490,
    237170487,
    1698077806,
    706219932,
    1446693998,
    1948449749,
    648365509,
    740958248,
    2087140622,
    1143984407,
    207786769,
    1324073924,
    283643497,
    1377163371,
    2144529236,
    965859377,
    439238683,
    627906092,
    1066451324,
    366897008,
    507426609,
    222507995,
    1888203959,
    488658100,
    558883424,
    923280586,
    128774391,
    2041693422,
    219680781,
    608137310,
    262126465,
    1493726050,
    1176779206,
    2074670535,
    30309691,
    386718902,
    283110227,
    1006952870,
    1650407567,
    527063517,
    713828255,
    458207533,
    444535015,
    1948764216
  ]
}