{
  "mode": "site",
  "rep": 467,
  "ne": 10000,
  "r": 1e-05,
  "mu": [
    1e-07,
    4.413793103448276e-07,
    7.827586206896552e-07,
    1.1241379310344827e-06,
    1.4655172413793102e-06,
    1.8068965517241377e-06,
    2.1482758620689656e-06,
    2.489655172413793e-06,
    2.8310344827586205e-06,
    3.172413793103448e-06,
    3.5137931034482755e-06,
    3.5137931034482755e-06,
    3.855172413793104e-06,
    3.855172413793104e-06,
    4.196551724137931e-06,
    4.196551724137931e-06,
    4.537931034482759e-06,
    4.537931034482759e-06,
    4.879310344827586e-06,
    4.879310344827586e-06,
    5.220689655172414e-06,
    5.220689655172414e-06,
    5.562068965517241e-06,
    5.562068965517241e-06,
    5.903448275862069e-06,
    5.903448275862069e-06,
    6.244827586206896e-06,
    6.244827586206896e-06,
    6.5862068965517236e-06,
    6.5862068965517236e-06,
    6.927586206896551e-06,
    6.927586206896551e-06,
    7.268965517241379e-06,
    7.268965517241379e-06,
    7.610344827586207e-06,
    7.610344827586207e-06,
    7.951724137931034e-06,
    7.951724137931034e-06,
    8.293103448275863e-06,
    8.293103448275863e-06,
    8.634482758620691e-06,
    8.634482758620691e-06,
    8.975862068965518e-06,
    8.975862068965518e-06,
    9.317241379310346e-06,
    9.317241379310346e-06,
    9.658620689655173e-06,
    9.658620689655173e-06,
    1e-05,
    1e-05
  ],
  "samples": 500,
  "sequence_length": 50000,
  "seeds": [
    1222845668,
    2052565037,
    894270239,
    970650888,
    1324336631,
    227476312,
    28842725,
    909326422,
    820958854,
    248884698,
    1636119820,
    358404580,
    349800326,
    638126245,
    1716187309,
    1889397765,
    108390029,
    228223782,
    1936781883,
    1071385348,
    1859162298,
    909875634,
    864316221,
    1019394019,
    1415353706,
    1520412017,
    2065955097,
    1203525170,
    424958647,
    574164609,
    2022219171,
    2023047814,
    505445505,
    1119192156,
    1453416554,
    639831104,
    51109224,
    1554424159,
    1459132017,
    1667863033,
    561092254,
    1190203957,
    54259524,
    966829082,
    1822973555,
    339691314,
    843331732,
    764894872,
    646007001,
    893997313
  ]
}