{
  "mode": "branch",
  "rep": 728,
  "ne": 10000,
  "r": [
    1e-08,
    1.820689655172414e-07,
    3.541379310344828e-07,
    5.262068965517242e-07,
    6.982758620689656e-07,
    8.70344827586207e-07,
    1.0424137931034483e-06,
    1.2144827586206895e-06,
    1.386551724137931e-06,
    1.5586206896551725e-06,
    1.7306896551724138e-06,
    1.7306896551724138e-06,
    1.9027586206896551e-06,
    1.9027586206896551e-06,
    2.0748275862068966e-06,
    2.0748275862068966e-06,
    2.246896551724138e-06,
    2.246896551724138e-06,
    2.418965517241379e-06,
    2.418965517241379e-06,
    2.5910344827586207e-06,
    2.5910344827586207e-06,
    2.763103448275862e-06,
    2.763103448275862e-06,
    2.9351724137931037e-06,
    2.9351724137931037e-06,
    3.107241379310345e-06,
    3.107241379310345e-06,
    3.2793103448275863e-06,
    3.2793103448275863e-06,
    3.4513793103448278e-06,
    3.4513793103448278e-06,
    3.6234482758620693e-06,
    3.6234482758620693e-06,
    3.7955172413793103e-06,
    3.7955172413793103e-06,
    3.967586206896552e-06,
    3.967586206896552e-06,
    4.139655172413793e-06,
    4.139655172413793e-06,
    4.311724137931034e-06,
    4.311724137931034e-06,
    4.483793103448276e-06,
    4.483793103448276e-06,
    4.655862068965517e-06,
    4.655862068965517e-06,
    4.8279310344827585e-06,
    4.8279310344827585e-06,
    5e-06,
    5e-06
  ],
  "mu": 0,
  "samples": 250,
  "sequence_length": 1000,
  "seeds": [
    668508298,
    1417787021,
    1735558886,
    297038644,
    1046263368,
    43140045,
    247313465,
    360907490,
    663544150,
    1107951982,
    263582059,
    1081780536,
    542335890,
    1698482262,
    1412332140,
    2146680351,
    496974520,
    1490000107,
    905166232,
    2098022774,
    224657347,
    1353771508,
    989338920,
    839209693,
    797980403,
    1116823213,
    852328244,
    1328018349,
    859502940,
    2060156697,
    605341349,
    1553721537,
    1398047141,
    2026081748,
    1082085719,
    461025764,
    1708573635,
    125157972,
    775598510,
    1092987483,
    1893575299,
    265573957,
    1479824964,
    1266775282,
    1798407713,
    2013740627,
    1320814985,
    438463378,
    1201468302,
    556344152
  ]
}