{
  "mode": "site",
  "rep": 261,
  "ne": 10000,
  "r": 1e-05,
  "mu": [
    1e-07,
    1e-07,
    4.413793103448276e-07,
    4.413793103448276e-07,
    7.827586206896552e-07,
    7.827586206896552e-07,
    1.1241379310344827e-06,
    1.1241379310344827e-06,
    1.4655172413793102e-06,
    1.4655172413793102e-06,
    1.8068965517241377e-06,
    1.8068965517241377e-06,
    2.1482758620689656e-06,
    2.1482758620689656e-06,
    2.489655172413793e-06,
    2.489655172413793e-06,
    2.8310344827586205e-06,
    2.8310344827586205e-06,
    3.172413793103448e-06,
    3.172413793103448e-06,
    3.5137931034482755e-06,
    3.5137931034482755e-06,
    3.855172413793104e-06,
    3.855172413793104e-06,
    4.196551724137931e-06,
    4.196551724137931e-06,
    4.537931034482759e-06,
    4.537931034482759e-06,
    4.879310344827586e-06,
    4.879310344827586e-06,
    5.220689655172414e-06,
    5.220689655172414e-06,
    5.562068965517241e-06,
    5.562068965517241e-06,
    5.903448275862069e-06,
    5.903448275862069e-06,
    6.244827586206896e-06,
    6.244827586206896e-06,
    6.5862068965517236e-06,
    6.5862068965517236e-06,
    6.927586206896551e-06,
    7.268965517241379e-06,
    7.610344827586207e-06,
    7.951724137931034e-06,
    8.293103448275863e-06,
    8.634482758620691e-06,
    8.975862068965518e-06,
    9.317241379310346e-06,
    9.658620689655173e-06,
    1e-05
  ],
  "samples": 500,
  "sequence_length": 10000,
  "seeds": [
    1876944984,
    1204920972,
    371727858,
    1732760168,
    1968720862,
    2136809645,
    1559144298,
    1671534855,
    1479020131,
    1411778786,
    1324314984,
    1699977143,
    1344321905,
    2083619137,
    1323205283,
    109271806,
    1305841551,
    417705367,
    313018051,
    1549862504,
    178344520,
    1468673413,
    1985548452,
    1811774437,
    1258863683,
    1544325369,
    1738773187,
    521058779,
    737395866,
    482980176,
    432094883,
    459557953,
    503695597,
    1217999089,
    2044916971,
    1581885251,
    746557408,
    622068988,
    108271868,
    1411200600,
    1487488572,
    1545502777,
    1189799186,
    1124203488,
    1978750046,
    191459378,
    1629165702,
    199088927,
    662402511,
    1531456944
  ]
}