{
  "mode": "branch",
  "rep": 825,
  "ne": 10000,
  "r": [
    1e-08,
    1e-08,
    1.820689655172414e-07,
    1.820689655172414e-07,
    3.541379310344828e-07,
    3.541379310344828e-07,
    5.262068965517242e-07,
    5.262068965517242e-07,
    6.982758620689656e-07,
    6.982758620689656e-07,
    8.70344827586207e-07,
    8.70344827586207e-07,
    1.0424137931034483e-06,
    1.0424137931034483e-06,
    1.2144827586206895e-06,
    1.2144827586206895e-06,
    1.386551724137931e-06,
    1.386551724137931e-06,
    1.5586206896551725e-06,
    1.5586206896551725e-06,
    1.7306896551724138e-06,
    1.7306896551724138e-06,
    1.9027586206896551e-06,
    1.9027586206896551e-06,
    2.0748275862068966e-06,
    2.0748275862068966e-06,
    2.246896551724138e-06,
    2.246896551724138e-06,
    2.418965517241379e-06,
    2.418965517241379e-06,
    2.5910344827586207e-06,
    2.5910344827586207e-06,
    2.763103448275862e-06,
    2.763103448275862e-06,
    2.9351724137931037e-06,
    2.9351724137931037e-06,
    3.107241379310345e-06,
    3.107241379310345e-06,
    3.2793103448275863e-06,
    3.2793103448275863e-06,
    3.4513793103448278e-06,
    3.6234482758620693e-06,
    3.7955172413793103e-06,
    3.967586206896552e-06,
    4.139655172413793e-06,
    4.311724137931034e-06,
    4.483793103448276e-06,
    4.655862068965517e-06,
    4.8279310344827585e-06,
    5e-06
  ],
  "mu": 0,
  "samples": 250,
  "sequence_length": 1000,
  "seeds": [
    742242661,
    1248717207,
    958049613,
    1357945096,
    1667238262,
    1571597588,
    1481867617,
    1312804375,
    1270992736,
    1342764698,
    1072616479,
    1400599872,
    1443408916,
    2132352382,
    2142391040,
    280207268,
    1991214843,
    1488203960,
    591173457,
    281412149,
    1087619653,
    681694295,
    625949437,
    1154652612,
    1071766816,
    1610629226,
    121180506,
    569705218,
    428952636,
    474714254,
    489771339,
    1726998757,
    185724501,
    21002622,
    1168404540,
    1982214354,
    48257158,
    1380407490,
    1328121257,
    398971947,
    183601205,
    1956996808,
    1733098674,
    1927916579,
    1014850359,
    1778036655,
    1079403069,
    445381304,
    1751040891,
    1495002508
  ]
}