{
  "mode": "site",
  "rep": 130,
  "ne": 10000,
  "r": 1e-05,
  "mu": [
    1e-07,
    1e-07,
    4.413793103448276e-07,
    4.413793103448276e-07,
    7.827586206896552e-07,
    7.827586206896552e-07,
    1.1241379310344827e-06,
    1.1241379310344827e-06,
    1.4655172413793102e-06,
    1.4655172413793102e-06,
    1.8068965517241377e-06,
    1.8068965517241377e-06,
    2.1482758620689656e-06,
    2.1482758620689656e-06,
    2.489655172413793e-06,
    2.489655172413793e-06,
    2.8310344827586205e-06,
    2.8310344827586205e-06,
    3.172413793103448e-06,
    3.172413793103448e-06,
    3.5137931034482755e-06,
    3.855172413793104e-06,
    4.196551724137931e-06,
    4.537931034482759e-06,
    4.879310344827586e-06,
    5.220689655172414e-06,
    5.562068965517241e-06,
    5.903448275862069e-06,
    6.244827586206896e-06,
    6.5862068965517236e-06,
    6.927586206896551e-06,
    6.927586206896551e-06,
    7.268965517241379e-06,
    7.268965517241379e-06,
    7.610344827586207e-06,
    7.610344827586207e-06,
    7.951724137931034e-06,
    7.951724137931034e-06,
    8.293103448275863e-06,
    8.293103448275863e-06,
    8.634482758620691e-06,
    8.634482758620691e-06,
    8.975862068965518e-06,
    8.975862068965518e-06,
    9.317241379310346e-06,
    9.317241379310346e-06,
    9.658620689655173e-06,
    9.658620689655173e-06,
    1e-05,
    1e-05
  ],
  "samples": 500,
  "sequence_length": 10000,
  "seeds": [
    528425476,
    1687269024,
    896329255,
    2053163491,
    738683964,
    1032190748,
    1446630662,
    1571978334,
    159094021,
    1113385425,
    1497563840,
    1629997797,
    892905687,
    839267841,
    2044982089,
    493769798,
    1008764014,
    1027600293,
    1646596546,
    1505057465,
    1230039501,
    799510391,
    972485983,
    713391151,
    8303190,
    689488066,
    138518832,
    1177620360,
    1634211462,
    1707149136,
    1472806583,
    13844494,
    558809023,
    99758200,
    124944690,
    1361524374,
    1593529204,
    324651036,
    2056386795,
    520497329,
    1562250114,
    1149931096,
    1750882246,
    436753397,
    1060103287,
    1298234596,
    222401938,
    624517884,
    459877683,
    2120639987
  ]
}