{
  "mode": "site",
  "rep": 517,
  "ne": 10000,
  "r": 1e-05,
  "mu": [
    1e-07,
    1e-07,
    4.413793103448276e-07,
    4.413793103448276e-07,
    7.827586206896552e-07,
    7.827586206896552e-07,
    1.1241379310344827e-06,
    1.1241379310344827e-06,
    1.4655172413793102e-06,
    1.4655172413793102e-06,
    1.8068965517241377e-06,
    1.8068965517241377e-06,
    2.1482758620689656e-06,
    2.1482758620689656e-06,
    2.489655172413793e-06,
    2.489655172413793e-06,
    2.8310344827586205e-06,
    2.8310344827586205e-06,
    3.172413793103448e-06,
    3.172413793103448e-06,
    3.5137931034482755e-06,
    3.855172413793104e-06,
    4.196551724137931e-06,
    4.537931034482759e-06,
    4.879310344827586e-06,
    5.220689655172414e-06,
    5.562068965517241e-06,
    5.903448275862069e-06,
    6.244827586206896e-06,
    6.5862068965517236e-06,
    6.927586206896551e-06,
    6.927586206896551e-06,
    7.268965517241379e-06,
    7.268965517241379e-06,
    7.610344827586207e-06,
    7.610344827586207e-06,
    7.951724137931034e-06,
    7.951724137931034e-06,
    8.293103448275863e-06,
    8.293103448275863e-06,
    8.634482758620691e-06,
    8.634482758620691e-06,
    8.975862068965518e-06,
    8.975862068965518e-06,
    9.317241379310346e-06,
    9.317241379310346e-06,
    9.658620689655173e-06,
    9.658620689655173e-06,
    1e-05,
    1e-05
  ],
  "samples": 500,
  "sequence_length": 10000,
  "seeds": [
    1818863589,
    384498038,
    1495450916,
    161163196,
    26654325,
    2010681971,
    1019913015,
    259704270,
    2079958943,
    801367718,
    1325945705,
    905383744,
    568619300,
    753195601,
    2023373297,
    179221344,
    599047431,
    2088762616,
    1052722460,
    2036089906,
    1104903418,
    1379015899,
    904179803,
    1515532899,
    763067689,
    1771578358,
    1082582892,
    254040491,
    124719516,
    916765387,
    169163761,
    190237834,
    1389400195,
    749667485,
    1974191537,
    2105613909,
    1679145761,
    808924987,
    2070092064,
    1800895457,
    75180843,
    453908427,
    938422006,
    1741001241,
    879315929,
    429477065,
    574491062,
    521156203,
    438151835,
    1887024055
  ]
}