{
  "mode": "branch",
  "rep": 800,
  "ne": 10000,
  "r": [
    1e-08,
    1.820689655172414e-07,
    3.541379310344828e-07,
    5.262068965517242e-07,
    6.982758620689656e-07,
    8.70344827586207e-07,
    1.0424137931034483e-06,
    1.2144827586206895e-06,
    1.386551724137931e-06,
    1.5586206896551725e-06,
    1.7306896551724138e-06,
    1.7306896551724138e-06,
    1.9027586206896551e-06,
    1.9027586206896551e-06,
    2.0748275862068966e-06,
    2.0748275862068966e-06,
    2.246896551724138e-06,
    2.246896551724138e-06,
    2.418965517241379e-06,
    2.418965517241379e-06,
    2.5910344827586207e-06,
    2.5910344827586207e-06,
    2.763103448275862e-06,
    2.763103448275862e-06,
    2.9351724137931037e-06,
    2.9351724137931037e-06,
    3.107241379310345e-06,
    3.107241379310345e-06,
    3.2793103448275863e-06,
    3.2793103448275863e-06,
    3.4513793103448278e-06,
    3.4513793103448278e-06,
    3.6234482758620693e-06,
    3.6234482758620693e-06,
    3.7955172413793103e-06,
    3.7955172413793103e-06,
    3.967586206896552e-06,
    3.967586206896552e-06,
    4.139655172413793e-06,
    4.139655172413793e-06,
    4.311724137931034e-06,
    4.311724137931034e-06,
    4.483793103448276e-06,
    4.483793103448276e-06,
    4.655862068965517e-06,
    4.655862068965517e-06,
    4.8279310344827585e-06,
    4.8279310344827585e-06,
    5e-06,
    5e-06
  ],
  "mu": 0,
  "samples": 250,
  "sequence_length": 1000,
  "seeds": [
    647502903,
    1339665082,
    2020549622,
    979879494,
    1857815234,
    1319318781,
    1275301147,
    1973175551,
    2051735784,
    2113307500,
    1801694801,
    1836148952,
    900492447,
    1461595775,
    112842239,
    481458111,
    2260121,
    1094963426,
    1474770077,
    1438655106,
    77522797,
    1688596981,
    1283813878,
    1429646513,
    1714333469,
    1290160273,
    938649360,
    1351973766,
    959714009,
    150705498,
    741060560,
    113216653,
    65234108,
    955540600,
    1100381515,
    1351209640,
    641987437,
    1768799250,
    1940996409,
    653630315,
    843675608,
    1033865541,
    906614633,
    1782353075,
    1689554398,
    106021210,
    951856249,
    225094167,
    791760212,
    267163844
  ]
}