{
  "mode": "branch",
  "rep": 1056,
  "ne": 10000,
  "r": [
    1e-08,
    1e-08,
    1.820689655172414e-07,
    1.820689655172414e-07,
    3.541379310344828e-07,
    3.541379310344828e-07,
    5.262068965517242e-07,
    5.262068965517242e-07,
    6.982758620689656e-07,
    6.982758620689656e-07,
    8.70344827586207e-07,
    8.70344827586207e-07,
    1.0424137931034483e-06,
    1.0424137931034483e-06,
    1.2144827586206895e-06,
    1.2144827586206895e-06,
    1.386551724137931e-06,
    1.386551724137931e-06,
    1.5586206896551725e-06,
    1.5586206896551725e-06,
    1.7306896551724138e-06,
    1.7306896551724138e-06,
    1.9027586206896551e-06,
    1.9027586206896551e-06,
    2.0748275862068966e-06,
    2.0748275862068966e-06,
    2.246896551724138e-06,
    2.246896551724138e-06,
    2.418965517241379e-06,
    2.418965517241379e-06,
    2.5910344827586207e-06,
    2.5910344827586207e-06,
    2.763103448275862e-06,
    2.763103448275862e-06,
    2.9351724137931037e-06,
    2.9351724137931037e-06,
    3.107241379310345e-06,
    3.107241379310345e-06,
    3.2793103448275863e-06,
    3.2793103448275863e-06,
    3.4513793103448278e-06,
    3.6234482758620693e-06,
    3.7955172413793103e-06,
    3.967586206896552e-06,
    4.139655172413793e-06,
    4.311724137931034e-06,
    4.483793103448276e-06,
    4.655862068965517e-06,
    4.8279310344827585e-06,
    5e-06
  ],
  "mu": 0,
  "samples": 250,
  "sequence_length": 1000,
  "seeds": [
    589061001,
    1126339398,
    700511821,
    299311313,
    912669720,
    1200104043,
    1753561482,
    2031998097,
    1674465486,
    1062326579,
    177498322,
    426474694,
    1294878132,
    462242379,
    42614422,
    823043136,
    82075145,
    2129980788,
    1955181866,
    1919175783,
    1274367157,
    905247650,
    546707942,
    1835412350,
    918351620,
    108048410,
    1512661520,
    239913969,
    102756619,
    5777894,
    560582787,
    641090805,
    1522864632,
    638203721,
    99720160,
    1543958884,
    2134720916,
    1040356822,
    1279809065,
    1246423099,
    1466441375,
    1057363490,
    1784809804,
    1597547244,
    1805271967,
    497025245,
    402368035,
    1309905587,
    674687613,
    1630442243
  ]
}