{
  "mode": "branch",
  "rep": 740,
  "ne": 10000,
  "r": [
    1e-08,
    1.820689655172414e-07,
    3.541379310344828e-07,
    5.262068965517242e-07,
    6.982758620689656e-07,
    8.70344827586207e-07,
    1.0424137931034483e-06,
    1.2144827586206895e-06,
    1.386551724137931e-06,
    1.5586206896551725e-06,
    1.7306896551724138e-06,
    1.7306896551724138e-06,
    1.9027586206896551e-06,
    1.9027586206896551e-06,
    2.0748275862068966e-06,
    2.0748275862068966e-06,
    2.246896551724138e-06,
    2.246896551724138e-06,
    2.418965517241379e-06,
    2.418965517241379e-06,
    2.5910344827586207e-06,
    2.5910344827586207e-06,
    2.763103448275862e-06,
    2.763103448275862e-06,
    2.9351724137931037e-06,
    2.9351724137931037e-06,
    3.107241379310345e-06,
    3.107241379310345e-06,
    3.2793103448275863e-06,
    3.2793103448275863e-06,
    3.4513793103448278e-06,
    3.4513793103448278e-06,
    3.6234482758620693e-06,
    3.6234482758620693e-06,
    3.7955172413793103e-06,
    3.7955172413793103e-06,
    3.967586206896552e-06,
    3.967586206896552e-06,
    4.139655172413793e-06,
    4.139655172413793e-06,
    4.311724137931034e-06,
    4.311724137931034e-06,
    4.483793103448276e-06,
    4.483793103448276e-06,
    4.655862068965517e-06,
    4.655862068965517e-06,
    4.8279310344827585e-06,
    4.8279310344827585e-06,
    5e-06,
    5e-06
  ],
  "mu": 0,
  "samples": 250,
  "sequence_length": 1000,
  "seeds": [
    53168765,
    2095347318,
    408811381,
    1886256489,
    1956749,
    649149913,
    1813277333,
    1703621322,
    1166619917,
    1502481554,
    1361526455,
    2070498574,
    615180053,
    850293191,
    1126859951,
    678039345,
    1409101761,
    982304615,
    167209349,
    1069238328,
    1364893032,
    2134436909,
    767517516,
    1830340836,
    1195962185,
    494988052,
    914300019,
    908885089,
    1059917352,
    1437567654,
    794144427,
    1979296009,
    200188185,
    1286219062,
    1355970424,
    665287778,
    687457738,
    9937710,
    752739199,
    1803359884,
    1078813237,
    745054446,
    894947815,
    1958561167,
    916658685,
    171096180,
    785898206,
    1888693082,
    740259907,
    1211241651
  ]
}