{
  "mode": "site",
  "rep": 145,
  "ne": 10000,
  "r": 1e-05,
  "mu": [
    1e-07,
    1e-07,
    4.413793103448276e-07,
    4.413793103448276e-07,
    7.827586206896552e-07,
    7.827586206896552e-07,
    1.1241379310344827e-06,
    1.1241379310344827e-06,
    1.4655172413793102e-06,
    1.4655172413793102e-06,
    1.8068965517241377e-06,
    1.8068965517241377e-06,
    2.1482758620689656e-06,
    2.1482758620689656e-06,
    2.489655172413793e-06,
    2.489655172413793e-06,
    2.8310344827586205e-06,
    2.8310344827586205e-06,
    3.172413793103448e-06,
    3.172413793103448e-06,
    3.5137931034482755e-06,
    3.855172413793104e-06,
    4.196551724137931e-06,
    4.537931034482759e-06,
    4.879310344827586e-06,
    5.220689655172414e-06,
    5.562068965517241e-06,
    5.903448275862069e-06,
    6.244827586206896e-06,
    6.5862068965517236e-06,
    6.927586206896551e-06,
    6.927586206896551e-06,
    7.268965517241379e-06,
    7.268965517241379e-06,
    7.610344827586207e-06,
    7.610344827586207e-06,
    7.951724137931034e-06,
    7.951724137931034e-06,
    8.293103448275863e-06,
    8.293103448275863e-06,
    8.634482758620691e-06,
    8.634482758620691e-06,
    8.975862068965518e-06,
    8.975862068965518e-06,
    9.317241379310346e-06,
    9.317241379310346e-06,
    9.658620689655173e-06,
    9.658620689655173e-06,
    1e-05,
    1e-05
  ],
  "samples": 500,
  "sequence_length": 50000,
  "seeds": [
    1956342493,
    1120367597,
    940003181,
    1602576348,
    516021245,
    1190508353,
    1631184819,
    123394987,
    908910163,
    545803763,
    1897162832,
    891101912,
    1478258480,
    2049004180,
    1890950216,
    1631084915,
    385348422,
    1856746329,
    1822015150,
    548409864,
    269167304,
    1047714911,
    994549191,
    1768804371,
    1440017538,
    958848252,
    488218353,
    1559700110,
    243063408,
    714786015,
    973332286,
    384381396,
    744105950,
    2073929297,
    567018032,
    986567672,
    2142772341,
    1556927174,
    803361472,
    944239407,
    1648116562,
    1959706615,
    1928540589,
    1558350489,
    46937368,
    632825475,
    1657051195,
    1772445476,
    535356720,
    1262444442
  ]
}