{
  "mode": "site",
  "rep": 309,
  "ne": 10000,
  "r": 1e-05,
  "mu": [
    1e-07,
    1e-07,
    4.413793103448276e-07,
    4.413793103448276e-07,
    7.827586206896552e-07,
    7.827586206896552e-07,
    1.1241379310344827e-06,
    1.1241379310344827e-06,
    1.4655172413793102e-06,
    1.4655172413793102e-06,
    1.8068965517241377e-06,
    1.8068965517241377e-06,
    2.1482758620689656e-06,
    2.1482758620689656e-06,
    2.489655172413793e-06,
    2.489655172413793e-06,
    2.8310344827586205e-06,
    2.8310344827586205e-06,
    3.172413793103448e-06,
    3.172413793103448e-06,
    3.5137931034482755e-06,
    3.5137931034482755e-06,
    3.855172413793104e-06,
    3.855172413793104e-06,
    4.196551724137931e-06,
    4.196551724137931e-06,
    4.537931034482759e-06,
    4.537931034482759e-06,
    4.879310344827586e-06,
    4.879310344827586e-06,
    5.220689655172414e-06,
    5.220689655172414e-06,
    5.562068965517241e-06,
    5.562068965517241e-06,
    5.903448275862069e-06,
    5.903448275862069e-06,
    6.244827586206896e-06,
    6.244827586206896e-06,
    6.5862068965517236e-06,
    6.5862068965517236e-06,
    6.927586206896551e-06,
    7.268965517241379e-06,
    7.610344827586207e-06,
    7.951724137931034e-06,
    8.293103448275863e-06,
    8.634482758620691e-06,
    8.975862068965518e-06,
    9.317241379310346e-06,
    9.658620689655173e-06,
    1e-05
  ],
  "samples": 500,
  "sequence_length": 50000,
  "seeds": [
    1672058920,
    613061464,
    709152290,
    472825368,
    79996414,
    1943280916,
    1704415596,
    261804941,
    461740381,
    1354777835,
    2069642006,
    1732175281,
    1138698194,
    475708474,
    1865602654,
    1757685963,
    691174852,
    1635947178,
    186970821,
    1038006706,
    1135530208,
    356769901,
    2024565555,
    674584436,
    1827557394,
    2072988528,
    52119762,
    492880830,
    1370507282,
    1063755616,
    686315936,
    288716955,
    1434652626,
    1984107387,
    295290130,
    1224219856,
    1635775408,
    912977627,
    1207029300,
    193996233,
    1375601338,
    1968487290,
    790673039,
    1007855971,
    164746952,
    757380579,
    608857560,
    1774597900,
    1108436705,
    300847140
  ]
}