{
  "mode": "branch",
  "rep": 845,
  "ne": 10000,
  "r": [
    1e-08,
    1.820689655172414e-07,
    3.541379310344828e-07,
    5.262068965517242e-07,
    6.982758620689656e-07,
    8.70344827586207e-07,
    1.0424137931034483e-06,
    1.2144827586206895e-06,
    1.386551724137931e-06,
    1.5586206896551725e-06,
    1.7306896551724138e-06,
    1.7306896551724138e-06,
    1.9027586206896551e-06,
    1.9027586206896551e-06,
    2.0748275862068966e-06,
    2.0748275862068966e-06,
    2.246896551724138e-06,
    2.246896551724138e-06,
    2.418965517241379e-06,
    2.418965517241379e-06,
    2.5910344827586207e-06,
    2.5910344827586207e-06,
    2.763103448275862e-06,
    2.763103448275862e-06,
    2.9351724137931037e-06,
    2.9351724137931037e-06,
    3.107241379310345e-06,
    3.107241379310345e-06,
    3.2793103448275863e-06,
    3.2793103448275863e-06,
    3.4513793103448278e-06,
    3.4513793103448278e-06,
    3.6234482758620693e-06,
    3.6234482758620693e-06,
    3.7955172413793103e-06,
    3.7955172413793103e-06,
    3.967586206896552e-06,
    3.967586206896552e-06,
    4.139655172413793e-06,
    4.139655172413793e-06,
    4.311724137931034e-06,
    4.311724137931034e-06,
    4.483793103448276e-06,
    4.483793103448276e-06,
    4.655862068965517e-06,
    4.655862068965517e-06,
    4.8279310344827585e-06,
    4.8279310344827585e-06,
    5e-06,
    5e-06
  ],
  "mu": 0,
  "samples": 250,
  "sequence_length": 1000,
  "seeds": [
    1540185744,
    680563766,
    2059486847,
    338843092,
    445059713,
    1590657233,
    780255339,
    1278784168,
    1030084281,
    134440908,
    1438885834,
    1108504584,
    840693139,
    945158082,
    1605796460,
    549351756,
    1367418530,
    722582869,
    793792436,
    1489967912,
    2071268727,
    1326014406,
    1241821064,
    357189465,
    58335893,
    649585541,
    1283598501,
    1623619187,
    437198124,
    801052260,
    981802996,
    440275737,
    1106730355,
    1826314289,
    79764380,
    838979340,
    862421724,
    1757520754,
    2105457480,
    1886963238,
    691263040,
    1956421364,
    1381228060,
    620240777,
    1559641433,
    807676618,
    1828079890,
    1751788292,
    1519399985,
    943167156
  ]
}