{
  "mode": "branch",
  "rep": 676,
  "ne": 10000,
  "r": [
    1e-08,
    1e-08,
    1.820689655172414e-07,
    1.820689655172414e-07,
    3.541379310344828e-07,
    3.541379310344828e-07,
    5.262068965517242e-07,
    5.262068965517242e-07,
    6.982758620689656e-07,
    6.982758620689656e-07,
    8.70344827586207e-07,
    8.70344827586207e-07,
    1.0424137931034483e-06,
    1.0424137931034483e-06,
    1.2144827586206895e-06,
    1.2144827586206895e-06,
    1.386551724137931e-06,
    1.386551724137931e-06,
    1.5586206896551725e-06,
    1.5586206896551725e-06,
    1.7306896551724138e-06,
    1.9027586206896551e-06,
    2.0748275862068966e-06,
    2.246896551724138e-06,
    2.418965517241379e-06,
    2.5910344827586207e-06,
    2.763103448275862e-06,
    2.9351724137931037e-06,
    3.107241379310345e-06,
    3.2793103448275863e-06,
    3.4513793103448278e-06,
    3.4513793103448278e-06,
    3.6234482758620693e-06,
    3.6234482758620693e-06,
    3.7955172413793103e-06,
    3.7955172413793103e-06,
    3.967586206896552e-06,
    3.967586206896552e-06,
    4.139655172413793e-06,
    4.139655172413793e-06,
    4.311724137931034e-06,
    4.311724137931034e-06,
    4.483793103448276e-06,
    4.483793103448276e-06,
    4.655862068965517e-06,
    4.655862068965517e-06,
    4.8279310344827585e-06,
    4.8279310344827585e-06,
    5e-06,
    5e-06
  ],
  "mu": 0,
  "samples": 250,
  "sequence_length": 1000,
  "seeds": [
    1085789647,
    274281321,
    981573820,
    1107291596,
    388692934,
    593704129,
    1924280446,
    1769844340,
    112950135,
    1010250642,
    466533743,
    1213316165,
    647656717,
    1188724075,
    575479313,
    1520398664,
    995692551,
    1542090195,
    1747640099,
    1168852236,
    1520919080,
    1751535257,
    1096702546,
    329959193,
    1702028106,
    700106402,
    1524792209,
    1667621937,
    436271472,
    1643921473,
    1759082073,
    1811585437,
    12554267,
    1030440180,
    1016365947,
    201530909,
    856560477,
    934943631,
    901559068,
    1907077341,
    1042817949,
    2006258604,
    1509836569,
    577724472,
    399246102,
    1467416127,
    483961556,
    1571279511,
    1949995436,
    877397566
  ]
}