{
  "mode": "site",
  "rep": 379,
  "ne": 10000,
  "r": 1e-05,
  "mu": [
    1e-07,
    1e-07,
    4.413793103448276e-07,
    4.413793103448276e-07,
    7.827586206896552e-07,
    7.827586206896552e-07,
    1.1241379310344827e-06,
    1.1241379310344827e-06,
    1.4655172413793102e-06,
    1.4655172413793102e-06,
    1.8068965517241377e-06,
    1.8068965517241377e-06,
    2.1482758620689656e-06,
    2.1482758620689656e-06,
    2.489655172413793e-06,
    2.489655172413793e-06,
    2.8310344827586205e-06,
    2.8310344827586205e-06,
    3.172413793103448e-06,
    3.172413793103448e-06,
    3.5137931034482755e-06,
    3.855172413793104e-06,
    4.196551724137931e-06,
    4.537931034482759e-06,
    4.879310344827586e-06,
    5.220689655172414e-06,
    5.562068965517241e-06,
    5.903448275862069e-06,
    6.244827586206896e-06,
    6.5862068965517236e-06,
    6.927586206896551e-06,
    6.927586206896551e-06,
    7.268965517241379e-06,
    7.268965517241379e-06,
    7.610344827586207e-06,
    7.610344827586207e-06,
    7.951724137931034e-06,
    7.951724137931034e-06,
    8.293103448275863e-06,
    8.293103448275863e-06,
    8.634482758620691e-06,
    8.634482758620691e-06,
    8.975862068965518e-06,
    8.975862068965518e-06,
    9.317241379310346e-06,
    9.317241379310346e-06,
    9.658620689655173e-06,
    9.658620689655173e-06,
    1e-05,
    1e-05
  ],
  "samples": 500,
  "sequence_length": 10000,
  "seeds": [
    1449488344,
    632349928,
    1360355553,
    1552680336,
    963969537,
    311140761,
    1325565956,
    831050112,
    2140150752,
    952924592,
    541496768,
    1958842372,
    1559581946,
    2130797966,
    1397995950,
    615827430,
    2041275125,
    535154019,
    583109023,
    1163040436,
    1438153946,
    1048531648,
    614230281,
    819544184,
    947850259,
    338629321,
    160059730,
    1671445629,
    539316322,
    1384603909,
    774043341,
    439065478,
    411677173,
    563117640,
    530997076,
    1485713407,
    763623776,
    1140576102,
    992196123,
    32884761,
    400119514,
    809304186,
    593113346,
    29966900,
    530405620,
    286959323,
    230730103,
    393994110,
    1226052443,
    71766782
  ]
}