{
  "mode": "branch",
  "rep": 805,
  "ne": 10000,
  "r": [
    1e-08,
    1e-08,
    1.820689655172414e-07,
    1.820689655172414e-07,
    3.541379310344828e-07,
    3.541379310344828e-07,
    5.262068965517242e-07,
    5.262068965517242e-07,
    6.982758620689656e-07,
    6.982758620689656e-07,
    8.70344827586207e-07,
    8.70344827586207e-07,
    1.0424137931034483e-06,
    1.0424137931034483e-06,
    1.2144827586206895e-06,
    1.2144827586206895e-06,
    1.386551724137931e-06,
    1.386551724137931e-06,
    1.5586206896551725e-06,
    1.5586206896551725e-06,
    1.7306896551724138e-06,
    1.9027586206896551e-06,
    2.0748275862068966e-06,
    2.246896551724138e-06,
    2.418965517241379e-06,
    2.5910344827586207e-06,
    2.763103448275862e-06,
    2.9351724137931037e-06,
    3.107241379310345e-06,
    3.2793103448275863e-06,
    3.4513793103448278e-06,
    3.4513793103448278e-06,
    3.6234482758620693e-06,
    3.6234482758620693e-06,
    3.7955172413793103e-06,
    3.7955172413793103e-06,
    3.967586206896552e-06,
    3.967586206896552e-06,
    4.139655172413793e-06,
    4.139655172413793e-06,
    4.311724137931034e-06,
    4.311724137931034e-06,
    4.483793103448276e-06,
    4.483793103448276e-06,
    4.655862068965517e-06,
    4.655862068965517e-06,
    4.8279310344827585e-06,
    4.8279310344827585e-06,
    5e-06,
    5e-06
  ],
  "mu": 0,
  "samples": 250,
  "sequence_length": 1000,
  "seeds": [
    1212199719,
    1767654500,
    812959938,
    1559060845,
    1549795329,
    277461974,
    1757516923,
    914028308,
    198048710,
    433621205,
    529214295,
    845673326,
    1167053020,
    1380585028,
    1664286102,
    335237344,
    642094529,
    817124128,
    403537605,
    703771794,
    264511015,
    1819728930,
    1075113766,
    492139579,
    537125496,
    1992249897,
    287442980,
    96930442,
    1940185579,
    784034433,
    330775519,
    313614436,
    170252755,
    143878861,
    2055575212,
    2100668431,
    492935247,
    1913358934,
    1009977898,
    1920032540,
    1664816719,
    118769267,
    110258965,
    2127220827,
    1341967539,
    1079739180,
    1802688458,
    308130588,
    530460718,
    1103131978
  ]
}