{
  "mode": "branch",
  "rep": 655,
  "ne": 10000,
  "r": [
    1e-08,
    1e-08,
    1.820689655172414e-07,
    1.820689655172414e-07,
    3.541379310344828e-07,
    3.541379310344828e-07,
    5.262068965517242e-07,
    5.262068965517242e-07,
    6.982758620689656e-07,
    6.982758620689656e-07,
    8.70344827586207e-07,
    8.70344827586207e-07,
    1.0424137931034483e-06,
    1.0424137931034483e-06,
    1.2144827586206895e-06,
    1.2144827586206895e-06,
    1.386551724137931e-06,
    1.386551724137931e-06,
    1.5586206896551725e-06,
    1.5586206896551725e-06,
    1.7306896551724138e-06,
    1.9027586206896551e-06,
    2.0748275862068966e-06,
    2.246896551724138e-06,
    2.418965517241379e-06,
    2.5910344827586207e-06,
    2.763103448275862e-06,
    2.9351724137931037e-06,
    3.107241379310345e-06,
    3.2793103448275863e-06,
    3.4513793103448278e-06,
    3.4513793103448278e-06,
    3.6234482758620693e-06,
    3.6234482758620693e-06,
    3.7955172413793103e-06,
    3.7955172413793103e-06,
    3.967586206896552e-06,
    3.967586206896552e-06,
    4.139655172413793e-06,
    4.139655172413793e-06,
    4.311724137931034e-06,
    4.311724137931034e-06,
    4.483793103448276e-06,
    4.483793103448276e-06,
    4.655862068965517e-06,
    4.655862068965517e-06,
    4.8279310344827585e-06,
    4.8279310344827585e-06,
    5e-06,
    5e-06
  ],
  "mu": 0,
  "samples": 250,
  "sequence_length": 1000,
  "seeds": [
    547842499,
    83857731,
    1561149285,
    1511885500,
    1336982730,
    318492047,
    1789079742,
    896895954,
    1718919125,
    1270189790,
    20015352,
    345790570,
    1561308609,
    1521498232,
    2066966310,
    467734507,
    26338509,
    1091423677,
    306030970,
    1841152107,
    1353357779,
    713778546,
    1249875229,
    650192333,
    1595559557,
    1045364406,
    106742904,
    1900104110,
    451077994,
    1594933244,
    472943126,
    267374404,
    3510,
    1754843051,
    1872833926,
    568989622,
    1690813756,
    1289508358,
    1009138113,
    354915490,
    1372737502,
    130626617,
    1643841923,
    1047440484,
    1599932676,
    1424095825,
    2030144901,
    787990550,
    1596108304,
    918793009
  ]
}