{
  "mode": "branch",
  "rep": 1092,
  "ne": 10000,
  "r": [
    1e-08,
    1e-08,
    1.820689655172414e-07,
    1.820689655172414e-07,
    3.541379310344828e-07,
    3.541379310344828e-07,
    5.262068965517242e-07,
    5.262068965517242e-07,
    6.982758620689656e-07,
    6.982758620689656e-07,
    8.70344827586207e-07,
    8.70344827586207e-07,
    1.0424137931034483e-06,
    1.0424137931034483e-06,
    1.2144827586206895e-06,
    1.2144827586206895e-06,
    1.386551724137931e-06,
    1.386551724137931e-06,
    1.5586206896551725e-06,
    1.5586206896551725e-06,
    1.7306896551724138e-06,
    1.7306896551724138e-06,
    1.9027586206896551e-06,
    1.9027586206896551e-06,
    2.0748275862068966e-06,
    2.0748275862068966e-06,
    2.246896551724138e-06,
    2.246896551724138e-06,
    2.418965517241379e-06,
    2.418965517241379e-06,
    2.5910344827586207e-06,
    2.5910344827586207e-06,
    2.763103448275862e-06,
    2.763103448275862e-06,
    2.9351724137931037e-06,
    2.9351724137931037e-06,
    3.107241379310345e-06,
    3.107241379310345e-06,
    3.2793103448275863e-06,
    3.2793103448275863e-06,
    3.4513793103448278e-06,
    3.6234482758620693e-06,
    3.7955172413793103e-06,
    3.967586206896552e-06,
    4.139655172413793e-06,
    4.311724137931034e-06,
    4.483793103448276e-06,
    4.655862068965517e-06,
    4.8279310344827585e-06,
    5e-06
  ],
  "mu": 0,
  "samples": 250,
  "sequence_length": 1000,
  "seeds": [
    1207514109,
    430161232,
    777876910,
    1112734536,
    1922725284,
    802651161,
    346490763,
    1477230525,
    229971515,
    814606205,
    1067759122,
    129425800,
    247740599,
    753774714,
    667195921,
    360554524,
    1058637133,
    1918114931,
    1059775172,
    791376721,
    635881744,
    348514249,
    1056357223,
    1611107765,
    499018208,
    653899432,
    2077040725,
    466717779,
    1726008635,
    1743214012,
    835071594,
    170389686,
    297018277,
    854918852,
    860105678,
    1408585369,
    526280768,
    1147030484,
    624111351,
    688091195,
    129130245,
    1434888118,
    675516856,
    1804497970,
    1367154033,
    436404188,
    808735542,
    967343100,
    863412352,
    805436582
  ]
}