{
  "mode": "site",
  "rep": 144,
  "ne": 10000,
  "r": 1e-05,
  "mu": [
    1e-07,
    1e-07,
    4.413793103448276e-07,
    4.413793103448276e-07,
    7.827586206896552e-07,
    7.827586206896552e-07,
    1.1241379310344827e-06,
    1.1241379310344827e-06,
    1.4655172413793102e-06,
    1.4655172413793102e-06,
    1.8068965517241377e-06,
    1.8068965517241377e-06,
    2.1482758620689656e-06,
    2.1482758620689656e-06,
    2.489655172413793e-06,
    2.489655172413793e-06,
    2.8310344827586205e-06,
    2.8310344827586205e-06,
    3.172413793103448e-06,
    3.172413793103448e-06,
    3.5137931034482755e-06,
    3.5137931034482755e-06,
    3.855172413793104e-06,
    3.855172413793104e-06,
    4.196551724137931e-06,
    4.196551724137931e-06,
    4.537931034482759e-06,
    4.537931034482759e-06,
    4.879310344827586e-06,
    4.879310344827586e-06,
    5.220689655172414e-06,
    5.220689655172414e-06,
    5.562068965517241e-06,
    5.562068965517241e-06,
    5.903448275862069e-06,
    5.903448275862069e-06,
    6.244827586206896e-06,
    6.244827586206896e-06,
    6.5862068965517236e-06,
    6.5862068965517236e-06,
    6.927586206896551e-06,
    7.268965517241379e-06,
    7.610344827586207e-06,
    7.951724137931034e-06,
    8.293103448275863e-06,
    8.634482758620691e-06,
    8.975862068965518e-06,
    9.317241379310346e-06,
    9.658620689655173e-06,
    1e-05
  ],
  "samples": 500,
  "sequence_length": 10000,
  "seeds": [
    103861250,
    28126986,
    1097812336,
    924379060,
    1215095277,
    1643192200,
    22410498,
    2056393280,
    417156504,
    1235861143,
    1085346409,
    1745308573,
    2094823323,
    2002250256,
    1948244709,
    1361034499,
    429855163,
    1283067754,
    1520514322,
    1690684712,
    1021368612,
    978002196,
    1619183327,
    1022119928,
    1827823899,
    2087544977,
    878635326,
    1516225744,
    2064165723,
    677476146,
    1355593499,
    1801651377,
    18312896,
    2121021880,
    63641996,
    1304507899,
    293705190,
    1802116679,
    1230625368,
    715973978,
    1690666355,
    439673957,
    690440946,
    417532228,
    1449729607,
    1493029466,
    2040531165,
    253822700,
    1707553939,
    752681125
  ]
}