{
  "mode": "branch",
  "rep": 717,
  "ne": 10000,
  "r": [
    1e-08,
    1e-08,
    1.820689655172414e-07,
    1.820689655172414e-07,
    3.541379310344828e-07,
    3.541379310344828e-07,
    5.262068965517242e-07,
    5.262068965517242e-07,
    6.982758620689656e-07,
    6.982758620689656e-07,
    8.70344827586207e-07,
    8.70344827586207e-07,
    1.0424137931034483e-06,
    1.0424137931034483e-06,
    1.2144827586206895e-06,
    1.2144827586206895e-06,
    1.386551724137931e-06,
    1.386551724137931e-06,
    1.5586206896551725e-06,
    1.5586206896551725e-06,
    1.7306896551724138e-06,
    1.7306896551724138e-06,
    1.9027586206896551e-06,
    1.9027586206896551e-06,
    2.0748275862068966e-06,
    2.0748275862068966e-06,
    2.246896551724138e-06,
    2.246896551724138e-06,
    2.418965517241379e-06,
    2.418965517241379e-06,
    2.5910344827586207e-06,
    2.5910344827586207e-06,
    2.763103448275862e-06,
    2.763103448275862e-06,
    2.9351724137931037e-06,
    2.9351724137931037e-06,
    3.107241379310345e-06,
    3.107241379310345e-06,
    3.2793103448275863e-06,
    3.2793103448275863e-06,
    3.4513793103448278e-06,
    3.6234482758620693e-06,
    3.7955172413793103e-06,
    3.967586206896552e-06,
    4.139655172413793e-06,
    4.311724137931034e-06,
    4.483793103448276e-06,
    4.655862068965517e-06,
    4.8279310344827585e-06,
    5e-06
  ],
  "mu": 0,
  "samples": 250,
  "sequence_length": 1000,
  "seeds": [
    1159271735,
    1049445394,
    1620561464,
    887295435,
    1186616253,
    678625900,
    111499896,
    1162189114,
    620882067,
    1744105380,
    1363849876,
    2042494352,
    1892510689,
    1076083395,
    506268208,
    9251481,
    1007243720,
    1577572570,
    1868883327,
    1984884092,
    125929668,
    246294145,
    1607482363,
    1499877255,
    1109320270,
    470934410,
    693432645,
    1014043329,
    1533097616,
    245858648,
    1561549318,
    1227153842,
    1597778076,
    706634321,
    303395793,
    321289031,
    1229798295,
    231591358,
    4839169,
    1069870466,
    539041178,
    1667640689,
    552866108,
    227202766,
    1423174141,
    1228717222,
    518326017,
    390236144,
    997817595,
    509036859
  ]
}