{
  "mode": "branch",
  "rep": 1018,
  "ne": 10000,
  "r": [
    1e-08,
    1e-08,
    1.820689655172414e-07,
    1.820689655172414e-07,
    3.541379310344828e-07,
    3.541379310344828e-07,
    5.262068965517242e-07,
    5.262068965517242e-07,
    6.982758620689656e-07,
    6.982758620689656e-07,
    8.70344827586207e-07,
    8.70344827586207e-07,
    1.0424137931034483e-06,
    1.0424137931034483e-06,
    1.2144827586206895e-06,
    1.2144827586206895e-06,
    1.386551724137931e-06,
    1.386551724137931e-06,
    1.5586206896551725e-06,
    1.5586206896551725e-06,
    1.7306896551724138e-06,
    1.9027586206896551e-06,
    2.0748275862068966e-06,
    2.246896551724138e-06,
    2.418965517241379e-06,
    2.5910344827586207e-06,
    2.763103448275862e-06,
    2.9351724137931037e-06,
    3.107241379310345e-06,
    3.2793103448275863e-06,
    3.4513793103448278e-06,
    3.4513793103448278e-06,
    3.6234482758620693e-06,
    3.6234482758620693e-06,
    3.7955172413793103e-06,
    3.7955172413793103e-06,
    3.967586206896552e-06,
    3.967586206896552e-06,
    4.139655172413793e-06,
    4.139655172413793e-06,
    4.311724137931034e-06,
    4.311724137931034e-06,
    4.483793103448276e-06,
    4.483793103448276e-06,
    4.655862068965517e-06,
    4.655862068965517e-06,
    4.8279310344827585e-06,
    4.8279310344827585e-06,
    5e-06,
    5e-06
  ],
  "mu": 0,
  "samples": 250,
  "sequence_length": 1000,
  "seeds": [
    676813996,
    1434187328,
    1318466812,
    1295384272,
    425255728,
    1049813707,
    489056870,
    120766779,
    1889752280,
    1571898443,
    1009158655,
    1639135750,
    1429439272,
    476170813,
    1064298271,
    23173377,
    1363544457,
    1792845138,
    976466310,
    951081519,
    378210046,
    670192851,
    1111141264,
    1583051196,
    2056544550,
    2023183380,
    1412219224,
    1379525986,
    198917935,
    2087399060,
    918222317,
    1695624914,
    676976208,
    370695967,
    60393919,
    1963128838,
    39770481,
    125505085,
    1620379962,
    595281156,
    1534947279,
    143268741,
    540283569,
    148036860,
    961760809,
    6845648,
    1596056156,
    996598824,
    1628016419,
    890225416
  ]
}