{
  "mode": "branch",
  "rep": 1127,
  "ne": 10000,
  "r": [
    1e-08,
    1.820689655172414e-07,
    3.541379310344828e-07,
    5.262068965517242e-07,
    6.982758620689656e-07,
    8.70344827586207e-07,
    1.0424137931034483e-06,
    1.2144827586206895e-06,
    1.386551724137931e-06,
    1.5586206896551725e-06,
    1.7306896551724138e-06,
    1.7306896551724138e-06,
    1.9027586206896551e-06,
    1.9027586206896551e-06,
    2.0748275862068966e-06,
    2.0748275862068966e-06,
    2.246896551724138e-06,
    2.246896551724138e-06,
    2.418965517241379e-06,
    2.418965517241379e-06,
    2.5910344827586207e-06,
    2.5910344827586207e-06,
    2.763103448275862e-06,
    2.763103448275862e-06,
    2.9351724137931037e-06,
    2.9351724137931037e-06,
    3.107241379310345e-06,
    3.107241379310345e-06,
    3.2793103448275863e-06,
    3.2793103448275863e-06,
    3.4513793103448278e-06,
    3.4513793103448278e-06,
    3.6234482758620693e-06,
    3.6234482758620693e-06,
    3.7955172413793103e-06,
    3.7955172413793103e-06,
    3.967586206896552e-06,
    3.967586206896552e-06,
    4.139655172413793e-06,
    4.139655172413793e-06,
    4.311724137931034e-06,
    4.311724137931034e-06,
    4.483793103448276e-06,
    4.483793103448276e-06,
    4.655862068965517e-06,
    4.655862068965517e-06,
    4.8279310344827585e-06,
    4.8279310344827585e-06,
    5e-06,
    5e-06
  ],
  "mu": 0,
  "samples": 250,
  "sequence_length": 1000,
  "seeds": [
    2028136674,
    1294496144,
    1811558748,
    1378036851,
    381179547,
    207712514,
    105765267,
    1735995626,
    1330061165,
    344704628,
    1508463995,
    1717682904,
    755909444,
    1378462478,
    2016899420,
    291748130,
    1711017803,
    124036850,
    1605873238,
    294348799,
    210757820,
    2140171689,
    1997129933,
    791973315,
    1202693944,
    32581885,
    712328468,
    548102041,
    1378427789,
    1749818228,
    312134266,
    144564365,
    402277883,
    1305072082,
    1957690806,
    1548714883,
    368472784,
    800377334,
    512348234,
    866761830,
    2625617,
    1395398369,
    791580939,
    1893215193,
    740456296,
    2049867766,
    1144614732,
    958695444,
    1800482606,
    1692125079
  ]
}