{
  "mode": "site",
  "rep": 534,
  "ne": 10000,
  "r": 1e-05,
  "mu": [
    1e-07,
    1e-07,
    4.413793103448276e-07,
    4.413793103448276e-07,
    7.827586206896552e-07,
    7.827586206896552e-07,
    1.1241379310344827e-06,
    1.1241379310344827e-06,
    1.4655172413793102e-06,
    1.4655172413793102e-06,
    1.8068965517241377e-06,
    1.8068965517241377e-06,
    2.1482758620689656e-06,
    2.1482758620689656e-06,
    2.489655172413793e-06,
    2.489655172413793e-06,
    2.8310344827586205e-06,
    2.8310344827586205e-06,
    3.172413793103448e-06,
    3.172413793103448e-06,
    3.5137931034482755e-06,
    3.5137931034482755e-06,
    3.855172413793104e-06,
    3.855172413793104e-06,
    4.196551724137931e-06,
    4.196551724137931e-06,
    4.537931034482759e-06,
    4.537931034482759e-06,
    4.879310344827586e-06,
    4.879310344827586e-06,
    5.220689655172414e-06,
    5.220689655172414e-06,
    5.562068965517241e-06,
    5.562068965517241e-06,
    5.903448275862069e-06,
    5.903448275862069e-06,
    6.244827586206896e-06,
    6.244827586206896e-06,
    6.5862068965517236e-06,
    6.5862068965517236e-06,
    6.927586206896551e-06,
    7.268965517241379e-06,
    7.610344827586207e-06,
    7.951724137931034e-06,
    8.293103448275863e-06,
    8.634482758620691e-06,
    8.975862068965518e-06,
    9.317241379310346e-06,
    9.658620689655173e-06,
    1e-05
  ],
  "samples": 500,
  "sequence_length": 50000,
  "seeds": [
    90903975,
    829969483,
    1587280350,
    11201038,
    1457992104,
    267446181,
    1371911949,
    1443789529,
    1150883622,
    723910765,
    1501939693,
    1931400325,
    984894820,
    1454227625,
    545965465,
    474673478,
    70164822,
    1704872200,
    677423378,
    1350021695,
    1480540302,
    1932357652,
    334795566,
    1492868942,
    1129895321,
    1461114975,
    1879947925,
    1636587260,
    1102526780,
    448559592,
    726448575,
    881260076,
    1602164461,
    1912329073,
    42382015,
    1451957875,
    743284678,
    1406316288,
    624220844,
    1000855423,
    1294857245,
    1545342009,
    1250015037,
    316693927,
    505397838,
    1324053286,
    1015172886,
    1424878121,
    518147391,
    84015431
  ]
}