{
  "mode": "site",
  "rep": 386,
  "ne": 10000,
  "r": 1e-05,
  "mu": [
    1e-07,
    4.413793103448276e-07,
    7.827586206896552e-07,
    1.1241379310344827e-06,
    1.4655172413793102e-06,
    1.8068965517241377e-06,
    2.1482758620689656e-06,
    2.489655172413793e-06,
    2.8310344827586205e-06,
    3.172413793103448e-06,
    3.5137931034482755e-06,
    3.5137931034482755e-06,
    3.855172413793104e-06,
    3.855172413793104e-06,
    4.196551724137931e-06,
    4.196551724137931e-06,
    4.537931034482759e-06,
    4.537931034482759e-06,
    4.879310344827586e-06,
    4.879310344827586e-06,
    5.220689655172414e-06,
    5.220689655172414e-06,
    5.562068965517241e-06,
    5.562068965517241e-06,
    5.903448275862069e-06,
    5.903448275862069e-06,
    6.244827586206896e-06,
    6.244827586206896e-06,
    6.5862068965517236e-06,
    6.5862068965517236e-06,
    6.927586206896551e-06,
    6.927586206896551e-06,
    7.268965517241379e-06,
    7.268965517241379e-06,
    7.610344827586207e-06,
    7.610344827586207e-06,
    7.951724137931034e-06,
    7.951724137931034e-06,
    8.293103448275863e-06,
    8.293103448275863e-06,
    8.634482758620691e-06,
    8.634482758620691e-06,
    8.975862068965518e-06,
    8.975862068965518e-06,
    9.317241379310346e-06,
    9.317241379310346e-06,
    9.658620689655173e-06,
    9.658620689655173e-06,
    1e-05,
    1e-05
  ],
  "samples": 500,
  "sequence_length": 10000,
  "seeds": [
    1547161534,
    144470735,
    543477289,
    964032052,
    525917682,
    1107560139,
    872342973,
    653875487,
    646703689,
    832569389,
    530862897,
    951855191,
    283239609,
    1827425045,
    862179932,
    1648657965,
    780090148,
    105718609,
    1339472325,
    721933625,
    632203949,
    935957800,
    1581107670,
    198926320,
    1270832189,
    548821841,
    735416559,
    2086708087,
    213303083,
    1510676718,
    1775717554,
    1939744892,
    1324436267,
    1909743811,
    776571827,
    1287060252,
    765089363,
    951767618,
    51274827,
    1181513424,
    939621136,
    376608485,
    2011932006,
    707143655,
    417026813,
    1107254612,
    743488373,
    259979191,
    1448707447,
    1764940331
  ]
}