{
  "mode": "site",
  "rep": 48,
  "ne": 10000,
  "r": 1e-05,
  "mu": [
    1e-07,
    1e-07,
    4.413793103448276e-07,
    4.413793103448276e-07,
    7.827586206896552e-07,
    7.827586206896552e-07,
    1.1241379310344827e-06,
    1.1241379310344827e-06,
    1.4655172413793102e-06,
    1.4655172413793102e-06,
    1.8068965517241377e-06,
    1.8068965517241377e-06,
    2.1482758620689656e-06,
    2.1482758620689656e-06,
    2.489655172413793e-06,
    2.489655172413793e-06,
    2.8310344827586205e-06,
    2.8310344827586205e-06,
    3.172413793103448e-06,
    3.172413793103448e-06,
    3.5137931034482755e-06,
    3.5137931034482755e-06,
    3.855172413793104e-06,
    3.855172413793104e-06,
    4.196551724137931e-06,
    4.196551724137931e-06,
    4.537931034482759e-06,
    4.537931034482759e-06,
    4.879310344827586e-06,
    4.879310344827586e-06,
    5.220689655172414e-06,
    5.220689655172414e-06,
    5.562068965517241e-06,
    5.562068965517241e-06,
    5.903448275862069e-06,
    5.903448275862069e-06,
    6.244827586206896e-06,
    6.244827586206896e-06,
    6.5862068965517236e-06,
    6.5862068965517236e-06,
    6.927586206896551e-06,
    7.268965517241379e-06,
    7.610344827586207e-06,
    7.951724137931034e-06,
    8.293103448275863e-06,
    8.634482758620691e-06,
    8.975862068965518e-06,
    9.317241379310346e-06,
    9.658620689655173e-06,
    1e-05
  ],
  "samples": 500,
  "sequence_length": 50000,
  "seeds": [
    355034408,
    1947066463,
    1672192127,
    696440513,
    1811267455,
    1667184409,
    1010515361,
    1113516233,
    1494643409,
    350154653,
    306898267,
    612668565,
    1515378072,
    1393689614,
    1809700021,
    1928582435,
    1822174127,
    1819093473,
    1476322630,
    1706599139,
    1623241771,
    1603892956,
    2146684017,
    1194679433,
    598511863,
    734969479,
    1128072400,
    1546662081,
    474746932,
    1398712363,
    752318202,
    1307193940,
    236277965,
    824572813,
    137017663,
    893234034,
    1436905173,
    1423081029,
    2070517587,
    929126784,
    1652160886,
    645068044,
    452417620,
    735500315,
    1148141393,
    825737113,
    1128813009,
    996692148,
    1912215170,
    16895852
  ]
}