{
  "mode": "site",
  "rep": 537,
  "ne": 10000,
  "r": 1e-05,
  "mu": [
    1e-07,
    1e-07,
    4.413793103448276e-07,
    4.413793103448276e-07,
    7.827586206896552e-07,
    7.827586206896552e-07,
    1.1241379310344827e-06,
    1.1241379310344827e-06,
    1.4655172413793102e-06,
    1.4655172413793102e-06,
    1.8068965517241377e-06,
    1.8068965517241377e-06,
    2.1482758620689656e-06,
    2.1482758620689656e-06,
    2.489655172413793e-06,
    2.489655172413793e-06,
    2.8310344827586205e-06,
    2.8310344827586205e-06,
    3.172413793103448e-06,
    3.172413793103448e-06,
    3.5137931034482755e-06,
    3.5137931034482755e-06,
    3.855172413793104e-06,
    3.855172413793104e-06,
    4.196551724137931e-06,
    4.196551724137931e-06,
    4.537931034482759e-06,
    4.537931034482759e-06,
    4.879310344827586e-06,
    4.879310344827586e-06,
    5.220689655172414e-06,
    5.220689655172414e-06,
    5.562068965517241e-06,
    5.562068965517241e-06,
    5.903448275862069e-06,
    5.903448275862069e-06,
    6.244827586206896e-06,
    6.244827586206896e-06,
    6.5862068965517236e-06,
    6.5862068965517236e-06,
    6.927586206896551e-06,
    7.268965517241379e-06,
    7.610344827586207e-06,
    7.951724137931034e-06,
    8.293103448275863e-06,
    8.634482758620691e-06,
    8.975862068965518e-06,
    9.317241379310346e-06,
    9.658620689655173e-06,
    1e-05
  ],
  "samples": 500,
  "sequence_length": 10000,
  "seeds": [
    787895275,
    150083702,
    1736949347,
    239092304,
    607055157,
    582771587,
    1076809682,
    753350734,
    649346166,
    1004341818,
    2111780024,
    963620921,
    1863500080,
    1400282355,
    496190619,
    346683150,
    555143577,
    1276826527,
    1667649880,
    263288563,
    1543691685,
    620819992,
    1028236695,
    552167042,
    1648669166,
    1054560907,
    116278620,
    997858832,
    1812930696,
    1009139418,
    1546964760,
    1609708650,
    100131037,
    1836643188,
    1853411438,
    1097553488,
    442083223,
    973416977,
    353577415,
    1767674970,
    1720176460,
    1885766486,
    1111394476,
    199124934,
    171402709,
    1102926568,
    1608673989,
    1937714794,
    954003431,
    1297170464
  ]
}