{
  "mode": "site",
  "rep": 280,
  "ne": 10000,
  "r": 1e-05,
  "mu": [
    1e-07,
    1e-07,
    4.413793103448276e-07,
    4.413793103448276e-07,
    7.827586206896552e-07,
    7.827586206896552e-07,
    1.1241379310344827e-06,
    1.1241379310344827e-06,
    1.4655172413793102e-06,
    1.4655172413793102e-06,
    1.8068965517241377e-06,
    1.8068965517241377e-06,
    2.1482758620689656e-06,
    2.1482758620689656e-06,
    2.489655172413793e-06,
    2.489655172413793e-06,
    2.8310344827586205e-06,
    2.8310344827586205e-06,
    3.172413793103448e-06,
    3.172413793103448e-06,
    3.5137931034482755e-06,
    3.855172413793104e-06,
    4.196551724137931e-06,
    4.537931034482759e-06,
    4.879310344827586e-06,
    5.220689655172414e-06,
    5.562068965517241e-06,
    5.903448275862069e-06,
    6.244827586206896e-06,
    6.5862068965517236e-06,
    6.927586206896551e-06,
    6.927586206896551e-06,
    7.268965517241379e-06,
    7.268965517241379e-06,
    7.610344827586207e-06,
    7.610344827586207e-06,
    7.951724137931034e-06,
    7.951724137931034e-06,
    8.293103448275863e-06,
    8.293103448275863e-06,
    8.634482758620691e-06,
    8.634482758620691e-06,
    8.975862068965518e-06,
    8.975862068965518e-06,
    9.317241379310346e-06,
    9.317241379310346e-06,
    9.658620689655173e-06,
    9.658620689655173e-06,
    1e-05,
    1e-05
  ],
  "samples": 500,
  "sequence_length": 50000,
  "seeds": [
    186773083,
    1307152151,
    1629823446,
    407621361,
    882699232,
    162974509,
    1238978729,
    155201762,
    818694155,
    1778577820,
    1821518886,
    1896416220,
    772342977,
    631426356,
    926035291,
    1932913170,
    870881150,
    229693769,
    1486336099,
    732447738,
    1007091899,
    240317914,
    112015599,
    2026297109,
    984432517,
    1794369329,
    2023223930,
    615853607,
    191198727,
    705326741,
    454575436,
    300134346,
    1740500736,
    1246941691,
    117704396,
    1374109566,
    500278500,
    1754754876,
    1304038610,
    994130921,
    1972302906,
    749110074,
    1842136543,
    4542594,
    303614335,
    644394949,
    749003714,
    1919012843,
    1750978707,
    1860873316
  ]
}