{
  "mode": "branch",
  "rep": 875,
  "ne": 10000,
  "r": [
    1e-08,
    1.820689655172414e-07,
    3.541379310344828e-07,
    5.262068965517242e-07,
    6.982758620689656e-07,
    8.70344827586207e-07,
    1.0424137931034483e-06,
    1.2144827586206895e-06,
    1.386551724137931e-06,
    1.5586206896551725e-06,
    1.7306896551724138e-06,
    1.7306896551724138e-06,
    1.9027586206896551e-06,
    1.9027586206896551e-06,
    2.0748275862068966e-06,
    2.0748275862068966e-06,
    2.246896551724138e-06,
    2.246896551724138e-06,
    2.418965517241379e-06,
    2.418965517241379e-06,
    2.5910344827586207e-06,
    2.5910344827586207e-06,
    2.763103448275862e-06,
    2.763103448275862e-06,
    2.9351724137931037e-06,
    2.9351724137931037e-06,
    3.107241379310345e-06,
    3.107241379310345e-06,
    3.2793103448275863e-06,
    3.2793103448275863e-06,
    3.4513793103448278e-06,
    3.4513793103448278e-06,
    3.6234482758620693e-06,
    3.6234482758620693e-06,
    3.7955172413793103e-06,
    3.7955172413793103e-06,
    3.967586206896552e-06,
    3.967586206896552e-06,
    4.139655172413793e-06,
    4.139655172413793e-06,
    4.311724137931034e-06,
    4.311724137931034e-06,
    4.483793103448276e-06,
    4.483793103448276e-06,
    4.655862068965517e-06,
    4.655862068965517e-06,
    4.8279310344827585e-06,
    4.8279310344827585e-06,
    5e-06,
    5e-06
  ],
  "mu": 0,
  "samples": 250,
  "sequence_length": 1000,
  "seeds": [
    1815503610,
    1255840864,
    1256222189,
    374048549,
    1142670571,
    1253215730,
    762388174,
    207354147,
    1974535963,
    1736888709,
    1431007640,
    480383771,
    1180867578,
    974505874,
    1551816869,
    487307169,
    1666020393,
    774408261,
    1272856913,
    1469291743,
    158903966,
    526572574,
    899886311,
    1967869320,
    732911828,
    2113689769,
    894856717,
    1208757705,
    1000993334,
    1429177259,
    190353202,
    1354569696,
    1851690491,
    369502639,
    1332078326,
    1852037548,
    1083417898,
    1810208456,
    992414715,
    1271999555,
    969522372,
    15271581,
    146700961,
    875458271,
    107896866,
    1501659702,
    801108886,
    656898008,
    149574633,
    2057700897
  ]
}