{
  "mode": "branch",
  "rep": 714,
  "ne": 10000,
  "r": [
    1e-08,
    1e-08,
    1.820689655172414e-07,
    1.820689655172414e-07,
    3.541379310344828e-07,
    3.541379310344828e-07,
    5.262068965517242e-07,
    5.262068965517242e-07,
    6.982758620689656e-07,
    6.982758620689656e-07,
    8.70344827586207e-07,
    8.70344827586207e-07,
    1.0424137931034483e-06,
    1.0424137931034483e-06,
    1.2144827586206895e-06,
    1.2144827586206895e-06,
    1.386551724137931e-06,
    1.386551724137931e-06,
    1.5586206896551725e-06,
    1.5586206896551725e-06,
    1.7306896551724138e-06,
    1.7306896551724138e-06,
    1.9027586206896551e-06,
    1.9027586206896551e-06,
    2.0748275862068966e-06,
    2.0748275862068966e-06,
    2.246896551724138e-06,
    2.246896551724138e-06,
    2.418965517241379e-06,
    2.418965517241379e-06,
    2.5910344827586207e-06,
    2.5910344827586207e-06,
    2.763103448275862e-06,
    2.763103448275862e-06,
    2.9351724137931037e-06,
    2.9351724137931037e-06,
    3.107241379310345e-06,
    3.107241379310345e-06,
    3.2793103448275863e-06,
    3.2793103448275863e-06,
    3.4513793103448278e-06,
    3.6234482758620693e-06,
    3.7955172413793103e-06,
    3.967586206896552e-06,
    4.139655172413793e-06,
    4.311724137931034e-06,
    4.483793103448276e-06,
    4.655862068965517e-06,
    4.8279310344827585e-06,
    5e-06
  ],
  "mu": 0,
  "samples": 250,
  "sequence_length": 1000,
  "seeds": [
    2006135670,
    447654216,
    2114565532,
    1467546586,
    1517972891,
    1386122643,
    382092925,
    1854144765,
    1127537601,
    24554908,
    837281678,
    1327035871,
    1739892583,
    857309804,
    1615500817,
    205233675,
    2093596726,
    724534099,
    1020996916,
    880527167,
    530638520,
    1259379173,
    1679867409,
    620239980,
    868138576,
    1361460098,
    769696690,
    1501896681,
    1607407503,
    2057021078,
    1744226154,
    573126473,
    1688547470,
    519057519,
    113743315,
    1257282245,
    87535530,
    826523232,
    1176675422,
    1845208061,
    251506789,
    1437913367,
    1823427114,
    331157253,
    10276256,
    1045532423,
    1196459951,
    1915386984,
    303026421,
    2145419463
  ]
}