{
  "mode": "site",
  "rep": 3,
  "ne": 10000,
  "r": 1e-05,
  "mu": [
    1e-07,
    1e-07,
    4.413793103448276e-07,
    4.413793103448276e-07,
    7.827586206896552e-07,
    7.827586206896552e-07,
    1.1241379310344827e-06,
    1.1241379310344827e-06,
    1.4655172413793102e-06,
    1.4655172413793102e-06,
    1.8068965517241377e-06,
    1.8068965517241377e-06,
    2.1482758620689656e-06,
    2.1482758620689656e-06,
    2.489655172413793e-06,
    2.489655172413793e-06,
    2.8310344827586205e-06,
    2.8310344827586205e-06,
    3.172413793103448e-06,
    3.172413793103448e-06,
    3.5137931034482755e-06,
    3.5137931034482755e-06,
    3.855172413793104e-06,
    3.855172413793104e-06,
    4.196551724137931e-06,
    4.196551724137931e-06,
    4.537931034482759e-06,
    4.537931034482759e-06,
    4.879310344827586e-06,
    4.879310344827586e-06,
    5.220689655172414e-06,
    5.220689655172414e-06,
    5.562068965517241e-06,
    5.562068965517241e-06,
    5.903448275862069e-06,
    5.903448275862069e-06,
    6.244827586206896e-06,
    6.244827586206896e-06,
    6.5862068965517236e-06,
    6.5862068965517236e-06,
    6.927586206896551e-06,
    7.268965517241379e-06,
    7.610344827586207e-06,
    7.951724137931034e-06,
    8.293103448275863e-06,
    8.634482758620691e-06,
    8.975862068965518e-06,
    9.317241379310346e-06,
    9.658620689655173e-06,
    1e-05
  ],
  "samples": 500,
  "sequence_length": 10000,
  "seeds": [
    527628006,
    2134553543,
    358526422,
    377921786,
    228780422,
    1807929352,
    1483818757,
    1663293329,
    1741502823,
    2100297994,
    1282478137,
    1764976945,
    1650242160,
    1254475948,
    398255167,
    627140850,
    544279751,
    1597564960,
    147735171,
    1873458433,
    31371280,
    1014872353,
    15181745,
    1254256144,
    543771966,
    1210321283,
    1251083555,
    1371641111,
    412537003,
    429352771,
    1107111017,
    221911642,
    1972953730,
    1022237775,
    319799862,
    1312542801,
    440181952,
    2137575655,
    1870884181,
    1508280920,
    27609344,
    1109256263,
    200273795,
    1420014268,
    1798484910,
    197829912,
    1624639463,
    713674776,
    1859796825,
    2060155990
  ]
}