{
  "mode": "site",
  "rep": 214,
  "ne": 10000,
  "r": 1e-05,
  "mu": [
    1e-07,
    1e-07,
    4.413793103448276e-07,
    4.413793103448276e-07,
    7.827586206896552e-07,
    7.827586206896552e-07,
    1.1241379310344827e-06,
    1.1241379310344827e-06,
    1.4655172413793102e-06,
    1.4655172413793102e-06,
    1.8068965517241377e-06,
    1.8068965517241377e-06,
    2.1482758620689656e-06,
    2.1482758620689656e-06,
    2.489655172413793e-06,
    2.489655172413793e-06,
    2.8310344827586205e-06,
    2.8310344827586205e-06,
    3.172413793103448e-06,
    3.172413793103448e-06,
    3.5137931034482755e-06,
    3.855172413793104e-06,
    4.196551724137931e-06,
    4.537931034482759e-06,
    4.879310344827586e-06,
    5.220689655172414e-06,
    5.562068965517241e-06,
    5.903448275862069e-06,
    6.244827586206896e-06,
    6.5862068965517236e-06,
    6.927586206896551e-06,
    6.927586206896551e-06,
    7.268965517241379e-06,
    7.268965517241379e-06,
    7.610344827586207e-06,
    7.610344827586207e-06,
    7.951724137931034e-06,
    7.951724137931034e-06,
    8.293103448275863e-06,
    8.293103448275863e-06,
    8.634482758620691e-06,
    8.634482758620691e-06,
    8.975862068965518e-06,
    8.975862068965518e-06,
    9.317241379310346e-06,
    9.317241379310346e-06,
    9.658620689655173e-06,
    9.658620689655173e-06,
    1e-05,
    1e-05
  ],
  "samples": 500,
  "sequence_length": 10000,
  "seeds": [
    564484626,
    1670233674,
    828755328,
    1082277891,
    1772878023,
    120601463,
    1841298150,
    909930913,
    1271905552,
    2146293681,
    1253649187,
    1203042124,
    1100052069,
    105534847,
    1428221425,
    199591516,
    1755175031,
    1775090783,
    753112628,
    1181012874,
    1664819127,
    1204358922,
    2070476493,
    1373653486,
    1596630886,
    435185378,
    1593557660,
    2114708686,
    829051769,
    1843889121,
    493100884,
    1375286539,
    1377165062,
    720483922,
    1016627038,
    1952251803,
    1373068799,
    433237989,
    878531709,
    1442418472,
    1134373057,
    524744786,
    1794103090,
    1493245333,
    434194843,
    1863215565,
    1157792421,
    1524211949,
    2144539979,
    1944342263
  ]
}