{
  "mode": "site",
  "rep": 509,
  "ne": 10000,
  "r": 1e-05,
  "mu": [
    1e-07,
    4.413793103448276e-07,
    7.827586206896552e-07,
    1.1241379310344827e-06,
    1.4655172413793102e-06,
    1.8068965517241377e-06,
    2.1482758620689656e-06,
    2.489655172413793e-06,
    2.8310344827586205e-06,
    3.172413793103448e-06,
    3.5137931034482755e-06,
    3.5137931034482755e-06,
    3.855172413793104e-06,
    3.855172413793104e-06,
    4.196551724137931e-06,
    4.196551724137931e-06,
    4.537931034482759e-06,
    4.537931034482759e-06,
    4.879310344827586e-06,
    4.879310344827586e-06,
    5.220689655172414e-06,
    5.220689655172414e-06,
    5.562068965517241e-06,
    5.562068965517241e-06,
    5.903448275862069e-06,
    5.903448275862069e-06,
    6.244827586206896e-06,
    6.244827586206896e-06,
    6.5862068965517236e-06,
    6.5862068965517236e-06,
    6.927586206896551e-06,
    6.927586206896551e-06,
    7.268965517241379e-06,
    7.268965517241379e-06,
    7.610344827586207e-06,
    7.610344827586207e-06,
    7.951724137931034e-06,
    7.951724137931034e-06,
    8.293103448275863e-06,
    8.293103448275863e-06,
    8.634482758620691e-06,
    8.634482758620691e-06,
    8.975862068965518e-06,
    8.975862068965518e-06,
    9.317241379310346e-06,
    9.317241379310346e-06,
    9.658620689655173e-06,
    9.658620689655173e-06,
    1e-05,
    1e-05
  ],
  "samples": 500,
  "sequence_length": 50000,
  "seeds": [
    1166391993,
    2132590280,
    1346172570,
    51312304,
    2050128772,
    87238511,
    1444634881,
    317189775,
    676989778,
    1223037074,
    388824850,
    356783145,
    984513690,
    1529748801,
    656683792,
    410645017,
    1473670928,
    1044187800,
    684649978,
    1125699498,
    766768359,
    375659279,
    2127861942,
    1272247115,
    1773050680,
    127646160,
    335389328,
    745982670,
    345037556,
    1413337330,
    883257400,
    885139183,
    1940198533,
    1533717370,
    1542610551,
    1728957891,
    535174295,
    508467165,
    494858984,
    805806272,
    1225723551,
    1284235396,
    484768320,
    536793890,
    1234829768,
    1276745124,
    430438356,
    940504739,
    25082112,
    1534981184
  ]
}