{
  "mode": "site",
  "rep": 536,
  "ne": 10000,
  "r": 1e-05,
  "mu": [
    1e-07,
    4.413793103448276e-07,
    7.827586206896552e-07,
    1.1241379310344827e-06,
    1.4655172413793102e-06,
    1.8068965517241377e-06,
    2.1482758620689656e-06,
    2.489655172413793e-06,
    2.8310344827586205e-06,
    3.172413793103448e-06,
    3.5137931034482755e-06,
    3.5137931034482755e-06,
    3.855172413793104e-06,
    3.855172413793104e-06,
    4.196551724137931e-06,
    4.196551724137931e-06,
    4.537931034482759e-06,
    4.537931034482759e-06,
    4.879310344827586e-06,
    4.879310344827586e-06,
    5.220689655172414e-06,
    5.220689655172414e-06,
    5.562068965517241e-06,
    5.562068965517241e-06,
    5.903448275862069e-06,
    5.903448275862069e-06,
    6.244827586206896e-06,
    6.244827586206896e-06,
    6.5862068965517236e-06,
    6.5862068965517236e-06,
    6.927586206896551e-06,
    6.927586206896551e-06,
    7.268965517241379e-06,
    7.268965517241379e-06,
    7.610344827586207e-06,
    7.610344827586207e-06,
    7.951724137931034e-06,
    7.951724137931034e-06,
    8.293103448275863e-06,
    8.293103448275863e-06,
    8.634482758620691e-06,
    8.634482758620691e-06,
    8.975862068965518e-06,
    8.975862068965518e-06,
    9.317241379310346e-06,
    9.317241379310346e-06,
    9.658620689655173e-06,
    9.658620689655173e-06,
    1e-05,
    1e-05
  ],
  "samples": 500,
  "sequence_length": 10000,
  "seeds": [
    528987443,
    148254187,
    43908139,
    1556497429,
    254047815,
    404731625,
    1469698442,
    244741303,
    998656900,
    461801678,
    1651164925,
    580291774,
    1703285130,
    187858607,
    384288364,
    1182412669,
    193550728,
    962366799,
    410198568,
    1021781127,
    1721246597,
    1352506933,
    2117547943,
    1862889672,
    1155197893,
    774839953,
    832403355,
    1989109917,
    236633829,
    1255858963,
    1404026833,
    1105285367,
    493861235,
    650593312,
    1550632967,
    1566434246,
    1572537767,
    2010787613,
    1726002904,
    1265025982,
    1801310288,
    2002903151,
    1213927446,
    362524449,
    1629905837,
    1952108322,
    1782454461,
    390057032,
    317394096,
    1775065904
  ]
}