{
  "mode": "branch",
  "rep": 886,
  "ne": 10000,
  "r": [
    1e-08,
    1e-08,
    1.820689655172414e-07,
    1.820689655172414e-07,
    3.541379310344828e-07,
    3.541379310344828e-07,
    5.262068965517242e-07,
    5.262068965517242e-07,
    6.982758620689656e-07,
    6.982758620689656e-07,
    8.70344827586207e-07,
    8.70344827586207e-07,
    1.0424137931034483e-06,
    1.0424137931034483e-06,
    1.2144827586206895e-06,
    1.2144827586206895e-06,
    1.386551724137931e-06,
    1.386551724137931e-06,
    1.5586206896551725e-06,
    1.5586206896551725e-06,
    1.7306896551724138e-06,
    1.9027586206896551e-06,
    2.0748275862068966e-06,
    2.246896551724138e-06,
    2.418965517241379e-06,
    2.5910344827586207e-06,
    2.763103448275862e-06,
    2.9351724137931037e-06,
    3.107241379310345e-06,
    3.2793103448275863e-06,
    3.4513793103448278e-06,
    3.4513793103448278e-06,
    3.6234482758620693e-06,
    3.6234482758620693e-06,
    3.7955172413793103e-06,
    3.7955172413793103e-06,
    3.967586206896552e-06,
    3.967586206896552e-06,
    4.139655172413793e-06,
    4.139655172413793e-06,
    4.311724137931034e-06,
    4.311724137931034e-06,
    4.483793103448276e-06,
    4.483793103448276e-06,
    4.655862068965517e-06,
    4.655862068965517e-06,
    4.8279310344827585e-06,
    4.8279310344827585e-06,
    5e-06,
    5e-06
  ],
  "mu": 0,
  "samples": 250,
  "sequence_length": 1000,
  "seeds": [
    1931987204,
    13841321,
    1332329320,
    1272783624,
    2135926270,
    2000072088,
    1856360557,
    1944019983,
    2078705945,
    229455850,
    1046543897,
    841886717,
    1983252952,
    1388900608,
    1707633577,
    765504028,
    1393868447,
    1652346684,
    1354771069,
    621709583,
    1575127802,
    1708809568,
    1472617881,
    180161498,
    1492792852,
    760622746,
    1738220537,
    1662954833,
    1557528775,
    1735924604,
    1321094085,
    1868862598,
    1239672903,
    631994935,
    1459124428,
    752257292,
    1466818475,
    211550509,
    632562390,
    881634403,
    1311628223,
    439280628,
    32467537,
    787907602,
    90623484,
    1431728473,
    1022359805,
    1168270473,
    1155754803,
    1893856323
  ]
}