{
  "mode": "branch",
  "rep": 950,
  "ne": 10000,
  "r": [
    1e-08,
    1.820689655172414e-07,
    3.541379310344828e-07,
    5.262068965517242e-07,
    6.982758620689656e-07,
    8.70344827586207e-07,
    1.0424137931034483e-06,
    1.2144827586206895e-06,
    1.386551724137931e-06,
    1.5586206896551725e-06,
    1.7306896551724138e-06,
    1.7306896551724138e-06,
    1.9027586206896551e-06,
    1.9027586206896551e-06,
    2.0748275862068966e-06,
    2.0748275862068966e-06,
    2.246896551724138e-06,
    2.246896551724138e-06,
    2.418965517241379e-06,
    2.418965517241379e-06,
    2.5910344827586207e-06,
    2.5910344827586207e-06,
    2.763103448275862e-06,
    2.763103448275862e-06,
    2.9351724137931037e-06,
    2.9351724137931037e-06,
    3.107241379310345e-06,
    3.107241379310345e-06,
    3.2793103448275863e-06,
    3.2793103448275863e-06,
    3.4513793103448278e-06,
    3.4513793103448278e-06,
    3.6234482758620693e-06,
    3.6234482758620693e-06,
    3.7955172413793103e-06,
    3.7955172413793103e-06,
    3.967586206896552e-06,
    3.967586206896552e-06,
    4.139655172413793e-06,
    4.139655172413793e-06,
    4.311724137931034e-06,
    4.311724137931034e-06,
    4.483793103448276e-06,
    4.483793103448276e-06,
    4.655862068965517e-06,
    4.655862068965517e-06,
    4.8279310344827585e-06,
    4.8279310344827585e-06,
    5e-06,
    5e-06
  ],
  "mu": 0,
  "samples": 250,
  "sequence_length": 1000,
  "seeds": [
    658084393,
    1610033032,
    999235242,
    1959299918,
    1670254361,
    937420266,
    1480839632,
    1532994347,
    895350767,
    1448987919,
    1994378207,
    1497979435,
    1064494150,
    1045334371,
    506311517,
    1831419621,
    2093947567,
    616606043,
    1986900792,
    1273795795,
    1346730478,
    636943497,
    1084882512,
    485965446,
    532050287,
    1573929093,
    795528228,
    1793804715,
    323315562,
    1914645618,
    755321136,
    378047290,
    597471450,
    1732451922,
    755269212,
    1599766529,
    1937853265,
    1273484593,
    755087042,
    157439801,
    1839944242,
    1881069637,
    1821379052,
    395019179,
    1946420782,
    291927648,
    269616013,
    910714095,
    869122331,
    1180917665
  ]
}