{
  "mode": "site",
  "rep": 247,
  "ne": 10000,
  "r": 1e-05,
  "mu": [
    1e-07,
    1e-07,
    4.413793103448276e-07,
    4.413793103448276e-07,
    7.827586206896552e-07,
    7.827586206896552e-07,
    1.1241379310344827e-06,
    1.1241379310344827e-06,
    1.4655172413793102e-06,
    1.4655172413793102e-06,
    1.8068965517241377e-06,
    1.8068965517241377e-06,
    2.1482758620689656e-06,
    2.1482758620689656e-06,
    2.489655172413793e-06,
    2.489655172413793e-06,
    2.8310344827586205e-06,
    2.8310344827586205e-06,
    3.172413793103448e-06,
    3.172413793103448e-06,
    3.5137931034482755e-06,
    3.855172413793104e-06,
    4.196551724137931e-06,
    4.537931034482759e-06,
    4.879310344827586e-06,
    5.220689655172414e-06,
    5.562068965517241e-06,
    5.903448275862069e-06,
    6.244827586206896e-06,
    6.5862068965517236e-06,
    6.927586206896551e-06,
    6.927586206896551e-06,
    7.268965517241379e-06,
    7.268965517241379e-06,
    7.610344827586207e-06,
    7.610344827586207e-06,
    7.951724137931034e-06,
    7.951724137931034e-06,
    8.293103448275863e-06,
    8.293103448275863e-06,
    8.634482758620691e-06,
    8.634482758620691e-06,
    8.975862068965518e-06,
    8.975862068965518e-06,
    9.317241379310346e-06,
    9.317241379310346e-06,
    9.658620689655173e-06,
    9.658620689655173e-06,
    1e-05,
    1e-05
  ],
  "samples": 500,
  "sequence_length": 10000,
  "seeds": [
    610654423,
    102342402,
    1918534689,
    1890270997,
    1002479792,
    204841215,
    1196305728,
    915324049,
    1157127549,
    931330094,
    1180106486,
    1067992759,
    1847631653,
    275754240,
    2086170349,
    1851116524,
    1850306003,
    1256948254,
    1983194903,
    775564630,
    1854947867,
    543541522,
    32955114,
    816524919,
    489140837,
    1645537091,
    1818859609,
    443956502,
    1597724210,
    1018886297,
    767636065,
    565820303,
    1749423183,
    730520221,
    2112347100,
    1306575476,
    1449356580,
    187086291,
    1800743853,
    672864686,
    770590011,
    1103095895,
    1148369572,
    980511382,
    306238228,
    1895216259,
    518568429,
    389622204,
    799637526,
    863610719
  ]
}