{
  "mode": "branch",
  "rep": 794,
  "ne": 10000,
  "r": [
    1e-08,
    1.820689655172414e-07,
    3.541379310344828e-07,
    5.262068965517242e-07,
    6.982758620689656e-07,
    8.70344827586207e-07,
    1.0424137931034483e-06,
    1.2144827586206895e-06,
    1.386551724137931e-06,
    1.5586206896551725e-06,
    1.7306896551724138e-06,
    1.7306896551724138e-06,
    1.9027586206896551e-06,
    1.9027586206896551e-06,
    2.0748275862068966e-06,
    2.0748275862068966e-06,
    2.246896551724138e-06,
    2.246896551724138e-06,
    2.418965517241379e-06,
    2.418965517241379e-06,
    2.5910344827586207e-06,
    2.5910344827586207e-06,
    2.763103448275862e-06,
    2.763103448275862e-06,
    2.9351724137931037e-06,
    2.9351724137931037e-06,
    3.107241379310345e-06,
    3.107241379310345e-06,
    3.2793103448275863e-06,
    3.2793103448275863e-06,
    3.4513793103448278e-06,
    3.4513793103448278e-06,
    3.6234482758620693e-06,
    3.6234482758620693e-06,
    3.7955172413793103e-06,
    3.7955172413793103e-06,
    3.967586206896552e-06,
    3.967586206896552e-06,
    4.139655172413793e-06,
    4.139655172413793e-06,
    4.311724137931034e-06,
    4.311724137931034e-06,
    4.483793103448276e-06,
    4.483793103448276e-06,
    4.655862068965517e-06,
    4.655862068965517e-06,
    4.8279310344827585e-06,
    4.8279310344827585e-06,
    5e-06,
    5e-06
  ],
  "mu": 0,
  "samples": 250,
  "sequence_length": 1000,
  "seeds": [
    985642846,
    221407267,
    1104898556,
    402917244,
    228349000,
    1796516742,
    962165049,
    1759455467,
    957925877,
    632690682,
    574277058,
    996160601,
    734048785,
    1864253555,
    782027033,
    2057940505,
    855860168,
    1987394390,
    1688343447,
    1982339474,
    1172726680,
    1625694862,
    1807801771,
    1167186630,
    1880330596,
    761318004,
    1646934454,
    760425182,
    1066530122,
    1281588243,
    320893022,
    584513630,
    1770244445,
    1690809048,
    1360751009,
    170687546,
    1403529360,
    1649486346,
    1335218162,
    960177081,
    466786603,
    430274462,
    1486632577,
    423273263,
    1027816810,
    736075323,
    1728197006,
    296295355,
    53130936,
    487369475
  ]
}