{
  "mode": "branch",
  "rep": 712,
  "ne": 10000,
  "r": [
    1e-08,
    1e-08,
    1.820689655172414e-07,
    1.820689655172414e-07,
    3.541379310344828e-07,
    3.541379310344828e-07,
    5.262068965517242e-07,
    5.262068965517242e-07,
    6.982758620689656e-07,
    6.982758620689656e-07,
    8.70344827586207e-07,
    8.70344827586207e-07,
    1.0424137931034483e-06,
    1.0424137931034483e-06,
    1.2144827586206895e-06,
    1.2144827586206895e-06,
    1.386551724137931e-06,
    1.386551724137931e-06,
    1.5586206896551725e-06,
    1.5586206896551725e-06,
    1.7306896551724138e-06,
    1.9027586206896551e-06,
    2.0748275862068966e-06,
    2.246896551724138e-06,
    2.418965517241379e-06,
    2.5910344827586207e-06,
    2.763103448275862e-06,
    2.9351724137931037e-06,
    3.107241379310345e-06,
    3.2793103448275863e-06,
    3.4513793103448278e-06,
    3.4513793103448278e-06,
    3.6234482758620693e-06,
    3.6234482758620693e-06,
    3.7955172413793103e-06,
    3.7955172413793103e-06,
    3.967586206896552e-06,
    3.967586206896552e-06,
    4.139655172413793e-06,
    4.139655172413793e-06,
    4.311724137931034e-06,
    4.311724137931034e-06,
    4.483793103448276e-06,
    4.483793103448276e-06,
    4.655862068965517e-06,
    4.655862068965517e-06,
    4.8279310344827585e-06,
    4.8279310344827585e-06,
    5e-06,
    5e-06
  ],
  "mu": 0,
  "samples": 250,
  "sequence_length": 1000,
  "seeds": [
    1785304000,
    1112989609,
    2042620764,
    852212199,
    1723042417,
    24953061,
    1421517971,
    2141139191,
    2055646314,
    2027492762,
    1574856581,
    1466815451,
    223574959,
    120701111,
    667564669,
    663446727,
    357018858,
    1002048296,
    526464589,
    627747051,
    340926713,
    1468315331,
    1754974984,
    1833843539,
    1796943637,
    1219124532,
    2033280848,
    911866197,
    312485207,
    322638351,
    2024929173,
    1551906652,
    566590160,
    529978088,
    390067791,
    2037362918,
    694611870,
    1493727446,
    884996864,
    912817087,
    1315453995,
    1963665952,
    1452551494,
    1307066529,
    612994096,
    1411277799,
    1747820741,
    188275152,
    604182008,
    1192330343
  ]
}