{
  "mode": "branch",
  "rep": 711,
  "ne": 10000,
  "r": [
    1e-08,
    1e-08,
    1.820689655172414e-07,
    1.820689655172414e-07,
    3.541379310344828e-07,
    3.541379310344828e-07,
    5.262068965517242e-07,
    5.262068965517242e-07,
    6.982758620689656e-07,
    6.982758620689656e-07,
    8.70344827586207e-07,
    8.70344827586207e-07,
    1.0424137931034483e-06,
    1.0424137931034483e-06,
    1.2144827586206895e-06,
    1.2144827586206895e-06,
    1.386551724137931e-06,
    1.386551724137931e-06,
    1.5586206896551725e-06,
    1.5586206896551725e-06,
    1.7306896551724138e-06,
    1.7306896551724138e-06,
    1.9027586206896551e-06,
    1.9027586206896551e-06,
    2.0748275862068966e-06,
    2.0748275862068966e-06,
    2.246896551724138e-06,
    2.246896551724138e-06,
    2.418965517241379e-06,
    2.418965517241379e-06,
    2.5910344827586207e-06,
    2.5910344827586207e-06,
    2.763103448275862e-06,
    2.763103448275862e-06,
    2.9351724137931037e-06,
    2.9351724137931037e-06,
    3.107241379310345e-06,
    3.107241379310345e-06,
    3.2793103448275863e-06,
    3.2793103448275863e-06,
    3.4513793103448278e-06,
    3.6234482758620693e-06,
    3.7955172413793103e-06,
    3.967586206896552e-06,
    4.139655172413793e-06,
    4.311724137931034e-06,
    4.483793103448276e-06,
    4.655862068965517e-06,
    4.8279310344827585e-06,
    5e-06
  ],
  "mu": 0,
  "samples": 250,
  "sequence_length": 1000,
  "seeds": [
    1377240864,
    619881028,
    1878703962,
    1602867396,
    1164823787,
    2049826106,
    1415499725,
    931505714,
    1786159822,
    1725980196,
    287094961,
    335715368,
    961745961,
    342741805,
    1475130048,
    513911880,
    1610062304,
    255461478,
    2067024931,
    1474775208,
    232073183,
    518858241,
    637399072,
    41253721,
    1300842701,
    306597525,
    949347799,
    1954354136,
    529116002,
    760796919,
    58711493,
    200622062,
    1307778414,
    1203229569,
    613868245,
    1508927690,
    2107679342,
    1267525858,
    136890782,
    195747216,
    660121392,
    1975710987,
    754136219,
    222719028,
    918654975,
    898999178,
    1168738866,
    1472778730,
    2090800114,
    966774544
  ]
}