{
  "mode": "branch",
  "rep": 602,
  "ne": 10000,
  "r": [
    1e-08,
    1.820689655172414e-07,
    3.541379310344828e-07,
    5.262068965517242e-07,
    6.982758620689656e-07,
    8.70344827586207e-07,
    1.0424137931034483e-06,
    1.2144827586206895e-06,
    1.386551724137931e-06,
    1.5586206896551725e-06,
    1.7306896551724138e-06,
    1.7306896551724138e-06,
    1.9027586206896551e-06,
    1.9027586206896551e-06,
    2.0748275862068966e-06,
    2.0748275862068966e-06,
    2.246896551724138e-06,
    2.246896551724138e-06,
    2.418965517241379e-06,
    2.418965517241379e-06,
    2.5910344827586207e-06,
    2.5910344827586207e-06,
    2.763103448275862e-06,
    2.763103448275862e-06,
    2.9351724137931037e-06,
    2.9351724137931037e-06,
    3.107241379310345e-06,
    3.107241379310345e-06,
    3.2793103448275863e-06,
    3.2793103448275863e-06,
    3.4513793103448278e-06,
    3.4513793103448278e-06,
    3.6234482758620693e-06,
    3.6234482758620693e-06,
    3.7955172413793103e-06,
    3.7955172413793103e-06,
    3.967586206896552e-06,
    3.967586206896552e-06,
    4.139655172413793e-06,
    4.139655172413793e-06,
    4.311724137931034e-06,
    4.311724137931034e-06,
    4.483793103448276e-06,
    4.483793103448276e-06,
    4.655862068965517e-06,
    4.655862068965517e-06,
    4.8279310344827585e-06,
    4.8279310344827585e-06,
    5e-06,
    5e-06
  ],
  "mu": 0,
  "samples": 250,
  "sequence_length": 1000,
  "seeds": [
    1694278123,
    1607714632,
    2057652786,
    1326674745,
    359181912,
    2131283555,
    1923645970,
    1882358145,
    976430148,
    359607699,
    1307678245,
    504546434,
    1500407920,
    459515123,
    942810560,
    2020932642,
    1322249191,
    129138286,
    2048772386,
    1405034021,
    221928849,
    2103537706,
    1627632064,
    1967691061,
    2099414878,
    2014323810,
    763245939,
    1254438121,
    1281554219,
    676353609,
    65011253,
    1092346331,
    427774462,
    1873860830,
    1372606714,
    1109901807,
    903607555,
    90598506,
    574562482,
    2110535186,
    995203389,
    1037667774,
    2008602288,
    111341639,
    376870781,
    505723454,
    786913328,
    1289888585,
    293652461,
    1885775819
  ]
}