{
  "mode": "branch",
  "rep": 1178,
  "ne": 10000,
  "r": [
    1e-08,
    1.820689655172414e-07,
    3.541379310344828e-07,
    5.262068965517242e-07,
    6.982758620689656e-07,
    8.70344827586207e-07,
    1.0424137931034483e-06,
    1.2144827586206895e-06,
    1.386551724137931e-06,
    1.5586206896551725e-06,
    1.7306896551724138e-06,
    1.7306896551724138e-06,
    1.9027586206896551e-06,
    1.9027586206896551e-06,
    2.0748275862068966e-06,
    2.0748275862068966e-06,
    2.246896551724138e-06,
    2.246896551724138e-06,
    2.418965517241379e-06,
    2.418965517241379e-06,
    2.5910344827586207e-06,
    2.5910344827586207e-06,
    2.763103448275862e-06,
    2.763103448275862e-06,
    2.9351724137931037e-06,
    2.9351724137931037e-06,
    3.107241379310345e-06,
    3.107241379310345e-06,
    3.2793103448275863e-06,
    3.2793103448275863e-06,
    3.4513793103448278e-06,
    3.4513793103448278e-06,
    3.6234482758620693e-06,
    3.6234482758620693e-06,
    3.7955172413793103e-06,
    3.7955172413793103e-06,
    3.967586206896552e-06,
    3.967586206896552e-06,
    4.139655172413793e-06,
    4.139655172413793e-06,
    4.311724137931034e-06,
    4.311724137931034e-06,
    4.483793103448276e-06,
    4.483793103448276e-06,
    4.655862068965517e-06,
    4.655862068965517e-06,
    4.8279310344827585e-06,
    4.8279310344827585e-06,
    5e-06,
    5e-06
  ],
  "mu": 0,
  "samples": 250,
  "sequence_length": 1000,
  "seeds": [
    1911469600,
    245354670,
    1210238276,
    1036376309,
    1654981577,
    1390507394,
    322032903,
    834727765,
    1957520303,
    446766129,
    1525590683,
    1977095169,
    117821593,
    1612442404,
    257446131,
    83909349,
    805096563,
    1658106774,
    199658338,
    1385373136,
    468024228,
    1594390687,
    1253117291,
    1829220642,
    2045697468,
    328930804,
    545131970,
    1805146378,
    746139614,
    243193027,
    1390358443,
    603842114,
    934974414,
    545201796,
    2069901373,
    1947020424,
    2018278757,
    598120432,
    859473511,
    1954911912,
    1020760784,
    1064527811,
    1520671834,
    1218463153,
    1256574693,
    931153275,
    1036498641,
    2011786774,
    649100250,
    296786101
  ]
}