{
  "mode": "branch",
  "rep": 1163,
  "ne": 10000,
  "r": [
    1e-08,
    1.820689655172414e-07,
    3.541379310344828e-07,
    5.262068965517242e-07,
    6.982758620689656e-07,
    8.70344827586207e-07,
    1.0424137931034483e-06,
    1.2144827586206895e-06,
    1.386551724137931e-06,
    1.5586206896551725e-06,
    1.7306896551724138e-06,
    1.7306896551724138e-06,
    1.9027586206896551e-06,
    1.9027586206896551e-06,
    2.0748275862068966e-06,
    2.0748275862068966e-06,
    2.246896551724138e-06,
    2.246896551724138e-06,
    2.418965517241379e-06,
    2.418965517241379e-06,
    2.5910344827586207e-06,
    2.5910344827586207e-06,
    2.763103448275862e-06,
    2.763103448275862e-06,
    2.9351724137931037e-06,
    2.9351724137931037e-06,
    3.107241379310345e-06,
    3.107241379310345e-06,
    3.2793103448275863e-06,
    3.2793103448275863e-06,
    3.4513793103448278e-06,
    3.4513793103448278e-06,
    3.6234482758620693e-06,
    3.6234482758620693e-06,
    3.7955172413793103e-06,
    3.7955172413793103e-06,
    3.967586206896552e-06,
    3.967586206896552e-06,
    4.139655172413793e-06,
    4.139655172413793e-06,
    4.311724137931034e-06,
    4.311724137931034e-06,
    4.483793103448276e-06,
    4.483793103448276e-06,
    4.655862068965517e-06,
    4.655862068965517e-06,
    4.8279310344827585e-06,
    4.8279310344827585e-06,
    5e-06,
    5e-06
  ],
  "mu": 0,
  "samples": 250,
  "sequence_length": 1000,
  "seeds": [
    1771426368,
    1403883194,
    1047860271,
    1374822410,
    1124385695,
    1783252837,
    1935938224,
    51588859,
    1481892869,
    638895300,
    1533792898,
    1877582055,
    89848536,
    565066377,
    2123769795,
    1205624018,
    656071291,
    1267445695,
    1166023415,
    2098254646,
    2086267686,
    442437317,
    263194165,
    120251056,
    688982411,
    852211451,
    1414929887,
    1095284639,
    338079222,
    1038784018,
    1896639278,
    194566275,
    333030982,
    2101728822,
    2079690736,
    1985653255,
    427183256,
    1762700811,
    1357373646,
    1387871596,
    565121481,
    1364662044,
    1483737441,
    1735308815,
    1601832037,
    219063551,
    2017733987,
    153657315,
    1915227726,
    61725390
  ]
}