{
  "mode": "site",
  "rep": 573,
  "ne": 10000,
  "r": 1e-05,
  "mu": [
    1e-07,
    1e-07,
    4.413793103448276e-07,
    4.413793103448276e-07,
    7.827586206896552e-07,
    7.827586206896552e-07,
    1.1241379310344827e-06,
    1.1241379310344827e-06,
    1.4655172413793102e-06,
    1.4655172413793102e-06,
    1.8068965517241377e-06,
    1.8068965517241377e-06,
    2.1482758620689656e-06,
    2.1482758620689656e-06,
    2.489655172413793e-06,
    2.489655172413793e-06,
    2.8310344827586205e-06,
    2.8310344827586205e-06,
    3.172413793103448e-06,
    3.172413793103448e-06,
    3.5137931034482755e-06,
    3.5137931034482755e-06,
    3.855172413793104e-06,
    3.855172413793104e-06,
    4.196551724137931e-06,
    4.196551724137931e-06,
    4.537931034482759e-06,
    4.537931034482759e-06,
    4.879310344827586e-06,
    4.879310344827586e-06,
    5.220689655172414e-06,
    5.220689655172414e-06,
    5.562068965517241e-06,
    5.562068965517241e-06,
    5.903448275862069e-06,
    5.903448275862069e-06,
    6.244827586206896e-06,
    6.244827586206896e-06,
    6.5862068965517236e-06,
    6.5862068965517236e-06,
    6.927586206896551e-06,
    7.268965517241379e-06,
    7.610344827586207e-06,
    7.951724137931034e-06,
    8.293103448275863e-06,
    8.634482758620691e-06,
    8.975862068965518e-06,
    9.317241379310346e-06,
    9.658620689655173e-06,
    1e-05
  ],
  "samples": 500,
  "sequence_length": 50000,
  "seeds": [
    1134991282,
    1842851234,
    1342731731,
    1682337379,
    466281966,
    1298842447,
    969475199,
    310829802,
    483016901,
    312099878,
    805559090,
    1127143197,
    1665346010,
    418759729,
    430002569,
    1410747176,
    407398665,
    1268111296,
    195456191,
    1293886975,
    1720304328,
    808294551,
    1122378628,
    1547606324,
    746160372,
    1035289014,
    1312058608,
    1700045776,
    900900690,
    1324580884,
    1796606452,
    1407622348,
    484540,
    802616368,
    1629805412,
    813817023,
    211131534,
    2133807736,
    81872173,
    1243541579,
    1644774785,
    682509850,
    237633529,
    618746087,
    377008067,
    707989843,
    1416540538,
    788830146,
    2128869787,
    1432700145
  ]
}