{
  "mode": "site",
  "rep": 486,
  "ne": 10000,
  "r": 1e-05,
  "mu": [
    1e-07,
    1e-07,
    4.413793103448276e-07,
    4.413793103448276e-07,
    7.827586206896552e-07,
    7.827586206896552e-07,
    1.1241379310344827e-06,
    1.1241379310344827e-06,
    1.4655172413793102e-06,
    1.4655172413793102e-06,
    1.8068965517241377e-06,
    1.8068965517241377e-06,
    2.1482758620689656e-06,
    2.1482758620689656e-06,
    2.489655172413793e-06,
    2.489655172413793e-06,
    2.8310344827586205e-06,
    2.8310344827586205e-06,
    3.172413793103448e-06,
    3.172413793103448e-06,
    3.5137931034482755e-06,
    3.5137931034482755e-06,
    3.855172413793104e-06,
    3.855172413793104e-06,
    4.196551724137931e-06,
    4.196551724137931e-06,
    4.537931034482759e-06,
    4.537931034482759e-06,
    4.879310344827586e-06,
    4.879310344827586e-06,
    5.220689655172414e-06,
    5.220689655172414e-06,
    5.562068965517241e-06,
    5.562068965517241e-06,
    5.903448275862069e-06,
    5.903448275862069e-06,
    6.244827586206896e-06,
    6.244827586206896e-06,
    6.5862068965517236e-06,
    6.5862068965517236e-06,
    6.927586206896551e-06,
    7.268965517241379e-06,
    7.610344827586207e-06,
    7.951724137931034e-06,
    8.293103448275863e-06,
    8.634482758620691e-06,
    8.975862068965518e-06,
    9.317241379310346e-06,
    9.658620689655173e-06,
    1e-05
  ],
  "samples": 500,
  "sequence_length": 50000,
  "seeds": [
    1076878746,
    150452790,
    1223881181,
    324230553,
    440952079,
    2118209968,
    485014731,
    1336215457,
    1207792398,
    1694348223,
    107293351,
    1892385538,
    350072123,
    2023021398,
    548897419,
    1688892284,
    940137974,
    1087971513,
    1918126461,
    817569721,
    1129946266,
    2117204475,
    734974213,
    136961779,
    1666321988,
    1316273938,
    1136877039,
    363556647,
    1259991127,
    1151292443,
    398897617,
    248351997,
    2137749799,
    435949173,
    1341828810,
    1184236069,
    2110489917,
    1760599229,
    1668742524,
    1982231223,
    1476285995,
    495163285,
    102949518,
    384540858,
    2145620368,
    37146430,
    659474593,
    749724152,
    444047282,
    1389904747
  ]
}