{
  "mode": "branch",
  "rep": 1104,
  "ne": 10000,
  "r": [
    1e-08,
    1e-08,
    1.820689655172414e-07,
    1.820689655172414e-07,
    3.541379310344828e-07,
    3.541379310344828e-07,
    5.262068965517242e-07,
    5.262068965517242e-07,
    6.982758620689656e-07,
    6.982758620689656e-07,
    8.70344827586207e-07,
    8.70344827586207e-07,
    1.0424137931034483e-06,
    1.0424137931034483e-06,
    1.2144827586206895e-06,
    1.2144827586206895e-06,
    1.386551724137931e-06,
    1.386551724137931e-06,
    1.5586206896551725e-06,
    1.5586206896551725e-06,
    1.7306896551724138e-06,
    1.7306896551724138e-06,
    1.9027586206896551e-06,
    1.9027586206896551e-06,
    2.0748275862068966e-06,
    2.0748275862068966e-06,
    2.246896551724138e-06,
    2.246896551724138e-06,
    2.418965517241379e-06,
    2.418965517241379e-06,
    2.5910344827586207e-06,
    2.5910344827586207e-06,
    2.763103448275862e-06,
    2.763103448275862e-06,
    2.9351724137931037e-06,
    2.9351724137931037e-06,
    3.107241379310345e-06,
    3.107241379310345e-06,
    3.2793103448275863e-06,
    3.2793103448275863e-06,
    3.4513793103448278e-06,
    3.6234482758620693e-06,
    3.7955172413793103e-06,
    3.967586206896552e-06,
    4.139655172413793e-06,
    4.311724137931034e-06,
    4.483793103448276e-06,
    4.655862068965517e-06,
    4.8279310344827585e-06,
    5e-06
  ],
  "mu": 0,
  "samples": 250,
  "sequence_length": 1000,
  "seeds": [
    1322559827,
    1188095802,
    1367075329,
    1861134498,
    465158026,
    1625056385,
    2056901070,
    1025835,
    1468560964,
    1549494545,
    451378687,
    1806538097,
    1392407097,
    2047421463,
    2099369227,
    576331525,
    1147665413,
    322113183,
    419053279,
    1356466280,
    1602956176,
    667851644,
    193490970,
    1689132469,
    1275451199,
    1897818288,
    680334498,
    2028354216,
    2110392805,
    2072841315,
    635743617,
    1144445574,
    268689731,
    1738510612,
    1360733145,
    1336736306,
    1823482862,
    1644053689,
    1913329911,
    264790730,
    1565766406,
    1241079556,
    569108957,
    363963543,
    993438120,
    1380048376,
    1041766135,
    580198087,
    1720424918,
    755336251
  ]
}