{
  "mode": "branch",
  "rep": 1138,
  "ne": 10000,
  "r": [
    1e-08,
    1e-08,
    1.820689655172414e-07,
    1.820689655172414e-07,
    3.541379310344828e-07,
    3.541379310344828e-07,
    5.262068965517242e-07,
    5.262068965517242e-07,
    6.982758620689656e-07,
    6.982758620689656e-07,
    8.70344827586207e-07,
    8.70344827586207e-07,
    1.0424137931034483e-06,
    1.0424137931034483e-06,
    1.2144827586206895e-06,
    1.2144827586206895e-06,
    1.386551724137931e-06,
    1.386551724137931e-06,
    1.5586206896551725e-06,
    1.5586206896551725e-06,
    1.7306896551724138e-06,
    1.9027586206896551e-06,
    2.0748275862068966e-06,
    2.246896551724138e-06,
    2.418965517241379e-06,
    2.5910344827586207e-06,
    2.763103448275862e-06,
    2.9351724137931037e-06,
    3.107241379310345e-06,
    3.2793103448275863e-06,
    3.4513793103448278e-06,
    3.4513793103448278e-06,
    3.6234482758620693e-06,
    3.6234482758620693e-06,
    3.7955172413793103e-06,
    3.7955172413793103e-06,
    3.967586206896552e-06,
    3.967586206896552e-06,
    4.139655172413793e-06,
    4.139655172413793e-06,
    4.311724137931034e-06,
    4.311724137931034e-06,
    4.483793103448276e-06,
    4.483793103448276e-06,
    4.655862068965517e-06,
    4.655862068965517e-06,
    4.8279310344827585e-06,
    4.8279310344827585e-06,
    5e-06,
    5e-06
  ],
  "mu": 0,
  "samples": 250,
  "sequence_length": 1000,
  "seeds": [
    1643683001,
    2120184121,
    936493376,
    945394623,
    627073170,
    402520915,
    1652807592,
    1532472330,
    1533704330,
    1624393757,
    615201968,
    1371453060,
    369523292,
    513746637,
    1930464186,
    462502530,
    129264495,
    1271030235,
    274274359,
    1089995904,
    290671913,
    689358261,
    522365439,
    1036940166,
    87945881,
    1825385081,
    992792496,
    76577802,
    2106322420,
    1883674291,
    227695916,
    792425756,
    530354755,
    1482370659,
    237159697,
    722787513,
    683092606,
    1514201386,
    1069808852,
    2145688948,
    307112073,
    362968428,
    688993121,
    1740670324,
    669664563,
    479510873,
    1149059079,
    148708484,
    1281988386,
    822833947
  ]
}