{
  "mode": "branch",
  "rep": 1190,
  "ne": 10000,
  "r": [
    1e-08,
    1.820689655172414e-07,
    3.541379310344828e-07,
    5.262068965517242e-07,
    6.982758620689656e-07,
    8.70344827586207e-07,
    1.0424137931034483e-06,
    1.2144827586206895e-06,
    1.386551724137931e-06,
    1.5586206896551725e-06,
    1.7306896551724138e-06,
    1.7306896551724138e-06,
    1.9027586206896551e-06,
    1.9027586206896551e-06,
    2.0748275862068966e-06,
    2.0748275862068966e-06,
    2.246896551724138e-06,
    2.246896551724138e-06,
    2.418965517241379e-06,
    2.418965517241379e-06,
    2.5910344827586207e-06,
    2.5910344827586207e-06,
    2.763103448275862e-06,
    2.763103448275862e-06,
    2.9351724137931037e-06,
    2.9351724137931037e-06,
    3.107241379310345e-06,
    3.107241379310345e-06,
    3.2793103448275863e-06,
    3.2793103448275863e-06,
    3.4513793103448278e-06,
    3.4513793103448278e-06,
    3.6234482758620693e-06,
    3.6234482758620693e-06,
    3.7955172413793103e-06,
    3.7955172413793103e-06,
    3.967586206896552e-06,
    3.967586206896552e-06,
    4.139655172413793e-06,
    4.139655172413793e-06,
    4.311724137931034e-06,
    4.311724137931034e-06,
    4.483793103448276e-06,
    4.483793103448276e-06,
    4.655862068965517e-06,
    4.655862068965517e-06,
    4.8279310344827585e-06,
    4.8279310344827585e-06,
    5e-06,
    5e-06
  ],
  "mu": 0,
  "samples": 250,
  "sequence_length": 1000,
  "seeds": [
    1290665525,
    1981110327,
    2087631851,
    1420293921,
    198793039,
    72673324,
    350995027,
    2027793862,
    1654385095,
    1306092541,
    689799142,
    1135769746,
    1061119415,
    1518138197,
    257127421,
    582204710,
    43136085,
    2594752,
    1249829864,
    1232871636,
    414173884,
    1303424048,
    700430782,
    877395440,
    1802870086,
    788816264,
    1371056222,
    339928487,
    2079576904,
    574375882,
    777889463,
    1533595614,
    107266169,
    615847598,
    1564107682,
    20070340,
    297048279,
    124816703,
    1711627478,
    1339759819,
    715036767,
    325134206,
    1729272861,
    1560100772,
    687471590,
    713507623,
    543583040,
    1418265909,
    967453045,
    403279977
  ]
}