{
  "mode": "site",
  "rep": 328,
  "ne": 10000,
  "r": 1e-05,
  "mu": [
    1e-07,
    1e-07,
    4.413793103448276e-07,
    4.413793103448276e-07,
    7.827586206896552e-07,
    7.827586206896552e-07,
    1.1241379310344827e-06,
    1.1241379310344827e-06,
    1.4655172413793102e-06,
    1.4655172413793102e-06,
    1.8068965517241377e-06,
    1.8068965517241377e-06,
    2.1482758620689656e-06,
    2.1482758620689656e-06,
    2.489655172413793e-06,
    2.489655172413793e-06,
    2.8310344827586205e-06,
    2.8310344827586205e-06,
    3.172413793103448e-06,
    3.172413793103448e-06,
    3.5137931034482755e-06,
    3.855172413793104e-06,
    4.196551724137931e-06,
    4.537931034482759e-06,
    4.879310344827586e-06,
    5.220689655172414e-06,
    5.562068965517241e-06,
    5.903448275862069e-06,
    6.244827586206896e-06,
    6.5862068965517236e-06,
    6.927586206896551e-06,
    6.927586206896551e-06,
    7.268965517241379e-06,
    7.268965517241379e-06,
    7.610344827586207e-06,
    7.610344827586207e-06,
    7.951724137931034e-06,
    7.951724137931034e-06,
    8.293103448275863e-06,
    8.293103448275863e-06,
    8.634482758620691e-06,
    8.634482758620691e-06,
    8.975862068965518e-06,
    8.975862068965518e-06,
    9.317241379310346e-06,
    9.317241379310346e-06,
    9.658620689655173e-06,
    9.658620689655173e-06,
    1e-05,
    1e-05
  ],
  "samples": 500,
  "sequence_length": 10000,
  "seeds": [
    323073864,
    2015839492,
    310991256,
    1536186610,
    759461700,
    2016794015,
    94895188,
    692302258,
    92357801,
    1298861790,
    1003564767,
    1714642581,
    1762747330,
    1740285994,
    582459189,
    1319905885,
    166317739,
    973431062,
    424035879,
    1491988578,
    1878489963,
    1307966582,
    83204343,
    152692184,
    1527363068,
    1323196896,
    1903535688,
    22131465,
    1164357636,
    2092769179,
    1377278359,
    45582011,
    924601146,
    1660207011,
    1559187025,
    390172948,
    1957478872,
    1917428005,
    390422692,
    1053414655,
    199545367,
    1440156978,
    270219901,
    1816110920,
    857451645,
    169312518,
    1528277763,
    1502620731,
    534898099,
    1584544084
  ]
}