{
  "mode": "branch",
  "rep": 1180,
  "ne": 10000,
  "r": [
    1e-08,
    1e-08,
    1.820689655172414e-07,
    1.820689655172414e-07,
    3.541379310344828e-07,
    3.541379310344828e-07,
    5.262068965517242e-07,
    5.262068965517242e-07,
    6.982758620689656e-07,
    6.982758620689656e-07,
    8.70344827586207e-07,
    8.70344827586207e-07,
    1.0424137931034483e-06,
    1.0424137931034483e-06,
    1.2144827586206895e-06,
    1.2144827586206895e-06,
    1.386551724137931e-06,
    1.386551724137931e-06,
    1.5586206896551725e-06,
    1.5586206896551725e-06,
    1.7306896551724138e-06,
    1.9027586206896551e-06,
    2.0748275862068966e-06,
    2.246896551724138e-06,
    2.418965517241379e-06,
    2.5910344827586207e-06,
    2.763103448275862e-06,
    2.9351724137931037e-06,
    3.107241379310345e-06,
    3.2793103448275863e-06,
    3.4513793103448278e-06,
    3.4513793103448278e-06,
    3.6234482758620693e-06,
    3.6234482758620693e-06,
    3.7955172413793103e-06,
    3.7955172413793103e-06,
    3.967586206896552e-06,
    3.967586206896552e-06,
    4.139655172413793e-06,
    4.139655172413793e-06,
    4.311724137931034e-06,
    4.311724137931034e-06,
    4.483793103448276e-06,
    4.483793103448276e-06,
    4.655862068965517e-06,
    4.655862068965517e-06,
    4.8279310344827585e-06,
    4.8279310344827585e-06,
    5e-06,
    5e-06
  ],
  "mu": 0,
  "samples": 250,
  "sequence_length": 1000,
  "seeds": [
    345678411,
    1572182387,
    1019045858,
    1588257876,
    403148293,
    59029719,
    2125401718,
    230190417,
    630299785,
    1738046834,
    1212217456,
    336076971,
    1389412811,
    657966523,
    700461296,
    1252043225,
    934722640,
    288005081,
    1387970091,
    1868693071,
    1985017510,
    600004898,
    900798242,
    1755578245,
    1724807337,
    1220045903,
    971850842,
    2013694991,
    1676642677,
    49368749,
    1583573325,
    1786182344,
    711338645,
    1306585002,
    1738839427,
    1171141784,
    1059331046,
    2034710833,
    1120843435,
    2064824325,
    1561904301,
    2099978851,
    96025503,
    526605802,
    585625434,
    1835640152,
    1218415519,
    470953606,
    247386586,
    1745797989
  ]
}