{
  "mode": "branch",
  "rep": 807,
  "ne": 10000,
  "r": [
    1e-08,
    1e-08,
    1.820689655172414e-07,
    1.820689655172414e-07,
    3.541379310344828e-07,
    3.541379310344828e-07,
    5.262068965517242e-07,
    5.262068965517242e-07,
    6.982758620689656e-07,
    6.982758620689656e-07,
    8.70344827586207e-07,
    8.70344827586207e-07,
    1.0424137931034483e-06,
    1.0424137931034483e-06,
    1.2144827586206895e-06,
    1.2144827586206895e-06,
    1.386551724137931e-06,
    1.386551724137931e-06,
    1.5586206896551725e-06,
    1.5586206896551725e-06,
    1.7306896551724138e-06,
    1.7306896551724138e-06,
    1.9027586206896551e-06,
    1.9027586206896551e-06,
    2.0748275862068966e-06,
    2.0748275862068966e-06,
    2.246896551724138e-06,
    2.246896551724138e-06,
    2.418965517241379e-06,
    2.418965517241379e-06,
    2.5910344827586207e-06,
    2.5910344827586207e-06,
    2.763103448275862e-06,
    2.763103448275862e-06,
    2.9351724137931037e-06,
    2.9351724137931037e-06,
    3.107241379310345e-06,
    3.107241379310345e-06,
    3.2793103448275863e-06,
    3.2793103448275863e-06,
    3.4513793103448278e-06,
    3.6234482758620693e-06,
    3.7955172413793103e-06,
    3.967586206896552e-06,
    4.139655172413793e-06,
    4.311724137931034e-06,
    4.483793103448276e-06,
    4.655862068965517e-06,
    4.8279310344827585e-06,
    5e-06
  ],
  "mu": 0,
  "samples": 250,
  "sequence_length": 1000,
  "seeds": [
    276192326,
    979808106,
    387682911,
    459197689,
    1944106948,
    1981212218,
    62964052,
    1375923194,
    1351169680,
    1893384389,
    1818480307,
    1978815301,
    1463168060,
    1115063857,
    1287301646,
    1232757415,
    1909234843,
    1185463506,
    817876417,
    368434578,
    585877639,
    1667154947,
    1740254594,
    725464393,
    942668863,
    47132688,
    2144243170,
    120484724,
    618512133,
    62424337,
    1616837965,
    1776469163,
    615504522,
    1639073187,
    1779495454,
    138867302,
    1994393413,
    98951901,
    362576878,
    1798802749,
    199397625,
    1241909803,
    411038501,
    841744735,
    294743572,
    80422032,
    493509398,
    1691241584,
    1393153624,
    885963724
  ]
}