{
  "mode": "site",
  "rep": 453,
  "ne": 10000,
  "r": 1e-05,
  "mu": [
    1e-07,
    1e-07,
    4.413793103448276e-07,
    4.413793103448276e-07,
    7.827586206896552e-07,
    7.827586206896552e-07,
    1.1241379310344827e-06,
    1.1241379310344827e-06,
    1.4655172413793102e-06,
    1.4655172413793102e-06,
    1.8068965517241377e-06,
    1.8068965517241377e-06,
    2.1482758620689656e-06,
    2.1482758620689656e-06,
    2.489655172413793e-06,
    2.489655172413793e-06,
    2.8310344827586205e-06,
    2.8310344827586205e-06,
    3.172413793103448e-06,
    3.172413793103448e-06,
    3.5137931034482755e-06,
    3.5137931034482755e-06,
    3.855172413793104e-06,
    3.855172413793104e-06,
    4.196551724137931e-06,
    4.196551724137931e-06,
    4.537931034482759e-06,
    4.537931034482759e-06,
    4.879310344827586e-06,
    4.879310344827586e-06,
    5.220689655172414e-06,
    5.220689655172414e-06,
    5.562068965517241e-06,
    5.562068965517241e-06,
    5.903448275862069e-06,
    5.903448275862069e-06,
    6.244827586206896e-06,
    6.244827586206896e-06,
    6.5862068965517236e-06,
    6.5862068965517236e-06,
    6.927586206896551e-06,
    7.268965517241379e-06,
    7.610344827586207e-06,
    7.951724137931034e-06,
    8.293103448275863e-06,
    8.634482758620691e-06,
    8.975862068965518e-06,
    9.317241379310346e-06,
    9.658620689655173e-06,
    1e-05
  ],
  "samples": 500,
  "sequence_length": 50000,
  "seeds": [
    1874820010,
    1743726594,
    1397815873,
    1326697980,
    675482656,
    155759058,
    1992796278,
    1627436038,
    1998404527,
    96030947,
    269446410,
    1157245854,
    399815301,
    1366397891,
    1302699081,
    178231760,
    302907674,
    1403594650,
    1691134270,
    1138798079,
    1775040466,
    239359161,
    1548075199,
    197845737,
    676737152,
    134099273,
    976517421,
    2056806056,
    486516926,
    1777089897,
    521253550,
    1960829185,
    378271019,
    1790242849,
    191572396,
    275804514,
    1063108802,
    2042478724,
    700258346,
    2043883615,
    1834472406,
    440853422,
    1530666991,
    1067201051,
    1490267352,
    1117759926,
    1647451043,
    79625421,
    1345868542,
    1371025545
  ]
}