{
  "mode": "branch",
  "rep": 957,
  "ne": 10000,
  "r": [
    1e-08,
    1e-08,
    1.820689655172414e-07,
    1.820689655172414e-07,
    3.541379310344828e-07,
    3.541379310344828e-07,
    5.262068965517242e-07,
    5.262068965517242e-07,
    6.982758620689656e-07,
    6.982758620689656e-07,
    8.70344827586207e-07,
    8.70344827586207e-07,
    1.0424137931034483e-06,
    1.0424137931034483e-06,
    1.2144827586206895e-06,
    1.2144827586206895e-06,
    1.386551724137931e-06,
    1.386551724137931e-06,
    1.5586206896551725e-06,
    1.5586206896551725e-06,
    1.7306896551724138e-06,
    1.7306896551724138e-06,
    1.9027586206896551e-06,
    1.9027586206896551e-06,
    2.0748275862068966e-06,
    2.0748275862068966e-06,
    2.246896551724138e-06,
    2.246896551724138e-06,
    2.418965517241379e-06,
    2.418965517241379e-06,
    2.5910344827586207e-06,
    2.5910344827586207e-06,
    2.763103448275862e-06,
    2.763103448275862e-06,
    2.9351724137931037e-06,
    2.9351724137931037e-06,
    3.107241379310345e-06,
    3.107241379310345e-06,
    3.2793103448275863e-06,
    3.2793103448275863e-06,
    3.4513793103448278e-06,
    3.6234482758620693e-06,
    3.7955172413793103e-06,
    3.967586206896552e-06,
    4.139655172413793e-06,
    4.311724137931034e-06,
    4.483793103448276e-06,
    4.655862068965517e-06,
    4.8279310344827585e-06,
    5e-06
  ],
  "mu": 0,
  "samples": 250,
  "sequence_length": 1000,
  "seeds": [
    2077832950,
    153699179,
    993000234,
    71386840,
    1074100411,
    1506497851,
    1393172819,
    1220926181,
    235988457,
    1445675900,
    1299657705,
    312601013,
    389803300,
    1573874274,
    1167832664,
    1407370342,
    1965822464,
    411384981,
    1595892202,
    1026486525,
    509536695,
    1935712665,
    2045215196,
    1314232053,
    573457158,
    21249768,
    1953265357,
    239930610,
    1478172162,
    372076872,
    1234467027,
    1739400885,
    1207193730,
    499463244,
    1213819607,
    1698481713,
    545976749,
    387051353,
    957801961,
    1873628152,
    892960270,
    438575019,
    1929158877,
    941515657,
    1606023879,
    1733848572,
    170310628,
    962131064,
    1767359626,
    1159827719
  ]
}