{
  "mode": "site",
  "rep": 42,
  "ne": 10000,
  "r": 1e-05,
  "mu": [
    1e-07,
    1e-07,
    4.413793103448276e-07,
    4.413793103448276e-07,
    7.827586206896552e-07,
    7.827586206896552e-07,
    1.1241379310344827e-06,
    1.1241379310344827e-06,
    1.4655172413793102e-06,
    1.4655172413793102e-06,
    1.8068965517241377e-06,
    1.8068965517241377e-06,
    2.1482758620689656e-06,
    2.1482758620689656e-06,
    2.489655172413793e-06,
    2.489655172413793e-06,
    2.8310344827586205e-06,
    2.8310344827586205e-06,
    3.172413793103448e-06,
    3.172413793103448e-06,
    3.5137931034482755e-06,
    3.5137931034482755e-06,
    3.855172413793104e-06,
    3.855172413793104e-06,
    4.196551724137931e-06,
    4.196551724137931e-06,
    4.537931034482759e-06,
    4.537931034482759e-06,
    4.879310344827586e-06,
    4.879310344827586e-06,
    5.220689655172414e-06,
    5.220689655172414e-06,
    5.562068965517241e-06,
    5.562068965517241e-06,
    5.903448275862069e-06,
    5.903448275862069e-06,
    6.244827586206896e-06,
    6.244827586206896e-06,
    6.5862068965517236e-06,
    6.5862068965517236e-06,
    6.927586206896551e-06,
    7.268965517241379e-06,
    7.610344827586207e-06,
    7.951724137931034e-06,
    8.293103448275863e-06,
    8.634482758620691e-06,
    8.975862068965518e-06,
    9.317241379310346e-06,
    9.658620689655173e-06,
    1e-05
  ],
  "samples": 500,
  "sequence_length": 10000,
  "seeds": [
    1069985313,
    1501321167,
    158586864,
    799410501,
    1682335024,
    284405388,
    1992901019,
    1700744156,
    1788875450,
    1161463657,
    1376369869,
    994501360,
    381743229,
    1794901370,
    1051384511,
    1920302574,
    458724124,
    1076781854,
    246415447,
    1660964754,
    1352184208,
    594100773,
    1790028130,
    1904578910,
    2086881557,
    1187787175,
    1907847553,
    127365627,
    12080935,
    731896945,
    1427346463,
    337904574,
    410448388,
    719376780,
    1689443340,
    74135751,
    980685147,
    495815550,
    110982201,
    191787775,
    2111650934,
    1704605247,
    174756629,
    1209375631,
    12982825,
    881568946,
    824114027,
    1772889347,
    996857422,
    1553396521
  ]
}