{
  "mode": "branch",
  "rep": 1136,
  "ne": 10000,
  "r": [
    1e-08,
    1.820689655172414e-07,
    3.541379310344828e-07,
    5.262068965517242e-07,
    6.982758620689656e-07,
    8.70344827586207e-07,
    1.0424137931034483e-06,
    1.2144827586206895e-06,
    1.386551724137931e-06,
    1.5586206896551725e-06,
    1.7306896551724138e-06,
    1.7306896551724138e-06,
    1.9027586206896551e-06,
    1.9027586206896551e-06,
    2.0748275862068966e-06,
    2.0748275862068966e-06,
    2.246896551724138e-06,
    2.246896551724138e-06,
    2.418965517241379e-06,
    2.418965517241379e-06,
    2.5910344827586207e-06,
    2.5910344827586207e-06,
    2.763103448275862e-06,
    2.763103448275862e-06,
    2.9351724137931037e-06,
    2.9351724137931037e-06,
    3.107241379310345e-06,
    3.107241379310345e-06,
    3.2793103448275863e-06,
    3.2793103448275863e-06,
    3.4513793103448278e-06,
    3.4513793103448278e-06,
    3.6234482758620693e-06,
    3.6234482758620693e-06,
    3.7955172413793103e-06,
    3.7955172413793103e-06,
    3.967586206896552e-06,
    3.967586206896552e-06,
    4.139655172413793e-06,
    4.139655172413793e-06,
    4.311724137931034e-06,
    4.311724137931034e-06,
    4.483793103448276e-06,
    4.483793103448276e-06,
    4.655862068965517e-06,
    4.655862068965517e-06,
    4.8279310344827585e-06,
    4.8279310344827585e-06,
    5e-06,
    5e-06
  ],
  "mu": 0,
  "samples": 250,
  "sequence_length": 1000,
  "seeds": [
    990271397,
    2109170578,
    794940718,
    1852343720,
    626347919,
    875546632,
    732908788,
    1964455081,
    1770181296,
    866153741,
    1260972598,
    1391045626,
    928362606,
    932964688,
    351337794,
    1739513458,
    2088849090,
    535755171,
    668774688,
    616155284,
    1014154769,
    2143637089,
    496343208,
    173997780,
    2006200974,
    720006400,
    551583991,
    871160271,
    1436757749,
    1264060302,
    1281791406,
    2100528530,
    130909590,
    567282176,
    1347866877,
    2132659001,
    2000080244,
    208138877,
    252290011,
    1907131682,
    1920727700,
    394629724,
    1589324076,
    101951225,
    1274172821,
    2004719082,
    690754812,
    1890216941,
    156669612,
    1575975129
  ]
}