{
  "mode": "site",
  "rep": 599,
  "ne": 10000,
  "r": 1e-05,
  "mu": [
    1e-07,
    4.413793103448276e-07,
    7.827586206896552e-07,
    1.1241379310344827e-06,
    1.4655172413793102e-06,
    1.8068965517241377e-06,
    2.1482758620689656e-06,
    2.489655172413793e-06,
    2.8310344827586205e-06,
    3.172413793103448e-06,
    3.5137931034482755e-06,
    3.5137931034482755e-06,
    3.855172413793104e-06,
    3.855172413793104e-06,
    4.196551724137931e-06,
    4.196551724137931e-06,
    4.537931034482759e-06,
    4.537931034482759e-06,
    4.879310344827586e-06,
    4.879310344827586e-06,
    5.220689655172414e-06,
    5.220689655172414e-06,
    5.562068965517241e-06,
    5.562068965517241e-06,
    5.903448275862069e-06,
    5.903448275862069e-06,
    6.244827586206896e-06,
    6.244827586206896e-06,
    6.5862068965517236e-06,
    6.5862068965517236e-06,
    6.927586206896551e-06,
    6.927586206896551e-06,
    7.268965517241379e-06,
    7.268965517241379e-06,
    7.610344827586207e-06,
    7.610344827586207e-06,
    7.951724137931034e-06,
    7.951724137931034e-06,
    8.293103448275863e-06,
    8.293103448275863e-06,
    8.634482758620691e-06,
    8.634482758620691e-06,
    8.975862068965518e-06,
    8.975862068965518e-06,
    9.317241379310346e-06,
    9.317241379310346e-06,
    9.658620689655173e-06,
    9.658620689655173e-06,
    1e-05,
    1e-05
  ],
  "samples": 500,
  "sequence_length": 10000,
  "seeds": [
    1638104370,
    492267363,
    1237405446,
    20246908,
    848378153,
    1860079484,
    1383596145,
    411790633,
    2112497928,
    186934709,
    1995342228,
    565114695,
    1053715851,
    1796565013,
    1786217425,
    1339257013,
    1396299898,
    864064874,
    594173903,
    1792715277,
    1252810564,
    59124648,
    741471371,
    134622661,
    1408205642,
    1060853263,
    2046681508,
    1207328302,
    1634093073,
    656059520,
    1820482821,
    1004106826,
    2059244043,
    492568684,
    1866848048,
    2035677268,
    274104841,
    1034643056,
    1395130675,
    1186372351,
    1901826294,
    1941631731,
    418113259,
    2140640203,
    361505116,
    514874591,
    471382861,
    2088894153,
    375903497,
    1114235509
  ]
}