{
  "mode": "site",
  "rep": 258,
  "ne": 10000,
  "r": 1e-05,
  "mu": [
    1e-07,
    1e-07,
    4.413793103448276e-07,
    4.413793103448276e-07,
    7.827586206896552e-07,
    7.827586206896552e-07,
    1.1241379310344827e-06,
    1.1241379310344827e-06,
    1.4655172413793102e-06,
    1.4655172413793102e-06,
    1.8068965517241377e-06,
    1.8068965517241377e-06,
    2.1482758620689656e-06,
    2.1482758620689656e-06,
    2.489655172413793e-06,
    2.489655172413793e-06,
    2.8310344827586205e-06,
    2.8310344827586205e-06,
    3.172413793103448e-06,
    3.172413793103448e-06,
    3.5137931034482755e-06,
    3.5137931034482755e-06,
    3.855172413793104e-06,
    3.855172413793104e-06,
    4.196551724137931e-06,
    4.196551724137931e-06,
    4.537931034482759e-06,
    4.537931034482759e-06,
    4.879310344827586e-06,
    4.879310344827586e-06,
    5.220689655172414e-06,
    5.220689655172414e-06,
    5.562068965517241e-06,
    5.562068965517241e-06,
    5.903448275862069e-06,
    5.903448275862069e-06,
    6.244827586206896e-06,
    6.244827586206896e-06,
    6.5862068965517236e-06,
    6.5862068965517236e-06,
    6.927586206896551e-06,
    7.268965517241379e-06,
    7.610344827586207e-06,
    7.951724137931034e-06,
    8.293103448275863e-06,
    8.634482758620691e-06,
    8.975862068965518e-06,
    9.317241379310346e-06,
    9.658620689655173e-06,
    1e-05
  ],
  "samples": 500,
  "sequence_length": 50000,
  "seeds": [
    141903119,
    499227283,
    291092421,
    644175136,
    2372970,
    1805733887,
    1357114735,
    200215163,
    320904829,
    151299952,
    2028497283,
    490065532,
    641488693,
    1127352057,
    1118697575,
    432834807,
    109379933,
    1095134632,
    555539981,
    1293277236,
    443816049,
    695884033,
    816648328,
    1821295448,
    1191372401,
    1008362584,
    429158645,
    1160396147,
    776355233,
    2094205280,
    2029260955,
    865462240,
    1493747597,
    1266121762,
    94829501,
    1057845157,
    833093870,
    1439230285,
    1054610770,
    838612533,
    605913164,
    339329509,
    2146044188,
    1657806641,
    1039752318,
    37472085,
    908940263,
    1136567876,
    307774685,
    1165990593
  ]
}