{
  "mode": "site",
  "rep": 427,
  "ne": 10000,
  "r": 1e-05,
  "mu": [
    1e-07,
    1e-07,
    4.413793103448276e-07,
    4.413793103448276e-07,
    7.827586206896552e-07,
    7.827586206896552e-07,
    1.1241379310344827e-06,
    1.1241379310344827e-06,
    1.4655172413793102e-06,
    1.4655172413793102e-06,
    1.8068965517241377e-06,
    1.8068965517241377e-06,
    2.1482758620689656e-06,
    2.1482758620689656e-06,
    2.489655172413793e-06,
    2.489655172413793e-06,
    2.8310344827586205e-06,
    2.8310344827586205e-06,
    3.172413793103448e-06,
    3.172413793103448e-06,
    3.5137931034482755e-06,
    3.855172413793104e-06,
    4.196551724137931e-06,
    4.537931034482759e-06,
    4.879310344827586e-06,
    5.220689655172414e-06,
    5.562068965517241e-06,
    5.903448275862069e-06,
    6.244827586206896e-06,
    6.5862068965517236e-06,
    6.927586206896551e-06,
    6.927586206896551e-06,
    7.268965517241379e-06,
    7.268965517241379e-06,
    7.610344827586207e-06,
    7.610344827586207e-06,
    7.951724137931034e-06,
    7.951724137931034e-06,
    8.293103448275863e-06,
    8.293103448275863e-06,
    8.634482758620691e-06,
    8.634482758620691e-06,
    8.975862068965518e-06,
    8.975862068965518e-06,
    9.317241379310346e-06,
    9.317241379310346e-06,
    9.658620689655173e-06,
    9.658620689655173e-06,
    1e-05,
    1e-05
  ],
  "samples": 500,
  "sequence_length": 50000,
  "seeds": [
    1088994271,
    1354726914,
    2124496953,
    1749632109,
    402983155,
    1668843149,
    449204534,
    1251298983,
    66472356,
    1594472650,
    1550585459,
    707902341,
    941926923,
    763958049,
    981326511,
    1663813831,
    508238227,
    255348516,
    2126769264,
    619094868,
    1240515985,
    426255073,
    219853625,
    529604196,
    801095211,
    1741052913,
    1283555350,
    1451433784,
    1305149236,
    703569994,
    1045498701,
    1194748012,
    349788346,
    2108122318,
    592337489,
    2027197188,
    1606058573,
    1352912405,
    943595129,
    2134896055,
    1578769479,
    395970112,
    217309552,
    2114803555,
    871703700,
    187703572,
    1291089884,
    2076672745,
    656584798,
    988207
  ]
}