{
  "mode": "branch",
  "rep": 863,
  "ne": 10000,
  "r": [
    1e-08,
    1.820689655172414e-07,
    3.541379310344828e-07,
    5.262068965517242e-07,
    6.982758620689656e-07,
    8.70344827586207e-07,
    1.0424137931034483e-06,
    1.2144827586206895e-06,
    1.386551724137931e-06,
    1.5586206896551725e-06,
    1.7306896551724138e-06,
    1.7306896551724138e-06,
    1.9027586206896551e-06,
    1.9027586206896551e-06,
    2.0748275862068966e-06,
    2.0748275862068966e-06,
    2.246896551724138e-06,
    2.246896551724138e-06,
    2.418965517241379e-06,
    2.418965517241379e-06,
    2.5910344827586207e-06,
    2.5910344827586207e-06,
    2.763103448275862e-06,
    2.763103448275862e-06,
    2.9351724137931037e-06,
    2.9351724137931037e-06,
    3.107241379310345e-06,
    3.107241379310345e-06,
    3.2793103448275863e-06,
    3.2793103448275863e-06,
    3.4513793103448278e-06,
    3.4513793103448278e-06,
    3.6234482758620693e-06,
    3.6234482758620693e-06,
    3.7955172413793103e-06,
    3.7955172413793103e-06,
    3.967586206896552e-06,
    3.967586206896552e-06,
    4.139655172413793e-06,
    4.139655172413793e-06,
    4.311724137931034e-06,
    4.311724137931034e-06,
    4.483793103448276e-06,
    4.483793103448276e-06,
    4.655862068965517e-06,
    4.655862068965517e-06,
    4.8279310344827585e-06,
    4.8279310344827585e-06,
    5e-06,
    5e-06
  ],
  "mu": 0,
  "samples": 250,
  "sequence_length": 1000,
  "seeds": [
    31433787,
    837601855,
    1361593955,
    441423532,
    1079452264,
    464892996,
    1757939049,
    1724452858,
    862827046,
    1812091730,
    122232036,
    488995608,
    1908628015,
    728261380,
    948878533,
    1982178125,
    2088158498,
    583845896,
    527134783,
    265939484,
    1302396256,
    1191238412,
    2061004452,
    2312141,
    485920223,
    1078537118,
    1628597541,
    122432594,
    294448688,
    444627568,
    1798028399,
    127748261,
    1348388754,
    162973137,
    488921907,
    687603993,
    481704005,
    1532437257,
    901011248,
    1257010938,
    1521958087,
    670745129,
    1619822172,
    496751398,
    387532152,
    844946810,
    1676529008,
    1987569281,
    226617422,
    354775737
  ]
}