{
  "mode": "branch",
  "rep": 946,
  "ne": 10000,
  "r": [
    1e-08,
    1e-08,
    1.820689655172414e-07,
    1.820689655172414e-07,
    3.541379310344828e-07,
    3.541379310344828e-07,
    5.262068965517242e-07,
    5.262068965517242e-07,
    6.982758620689656e-07,
    6.982758620689656e-07,
    8.70344827586207e-07,
    8.70344827586207e-07,
    1.0424137931034483e-06,
    1.0424137931034483e-06,
    1.2144827586206895e-06,
    1.2144827586206895e-06,
    1.386551724137931e-06,
    1.386551724137931e-06,
    1.5586206896551725e-06,
    1.5586206896551725e-06,
    1.7306896551724138e-06,
    1.9027586206896551e-06,
    2.0748275862068966e-06,
    2.246896551724138e-06,
    2.418965517241379e-06,
    2.5910344827586207e-06,
    2.763103448275862e-06,
    2.9351724137931037e-06,
    3.107241379310345e-06,
    3.2793103448275863e-06,
    3.4513793103448278e-06,
    3.4513793103448278e-06,
    3.6234482758620693e-06,
    3.6234482758620693e-06,
    3.7955172413793103e-06,
    3.7955172413793103e-06,
    3.967586206896552e-06,
    3.967586206896552e-06,
    4.139655172413793e-06,
    4.139655172413793e-06,
    4.311724137931034e-06,
    4.311724137931034e-06,
    4.483793103448276e-06,
    4.483793103448276e-06,
    4.655862068965517e-06,
    4.655862068965517e-06,
    4.8279310344827585e-06,
    4.8279310344827585e-06,
    5e-06,
    5e-06
  ],
  "mu": 0,
  "samples": 250,
  "sequence_length": 1000,
  "seeds": [
    1973610123,
    959869065,
    1484620433,
    1795637029,
    2049172814,
    717858827,
    6427990,
    527431027,
    382863891,
    859798155,
    1322970884,
    1370490948,
    1117550575,
    121483673,
    67335704,
    1703460092,
    1272472494,
    760273719,
    51595537,
    1066042262,
    1041923068,
    1011885703,
    1652688103,
    705030363,
    490773106,
    1794758449,
    275262233,
    790510644,
    365627832,
    70101937,
    896546492,
    1274745290,
    1072435592,
    109655578,
    1881579652,
    1356381368,
    1304804685,
    74298050,
    1901872882,
    1955851669,
    1725072727,
    596186063,
    870194723,
    1954651982,
    1786460947,
    425995890,
    402751936,
    1051075084,
    774310146,
    1673431530
  ]
}