{
  "mode": "site",
  "rep": 94,
  "ne": 10000,
  "r": 1e-05,
  "mu": [
    1e-07,
    1e-07,
    4.413793103448276e-07,
    4.413793103448276e-07,
    7.827586206896552e-07,
    7.827586206896552e-07,
    1.1241379310344827e-06,
    1.1241379310344827e-06,
    1.4655172413793102e-06,
    1.4655172413793102e-06,
    1.8068965517241377e-06,
    1.8068965517241377e-06,
    2.1482758620689656e-06,
    2.1482758620689656e-06,
    2.489655172413793e-06,
    2.489655172413793e-06,
    2.8310344827586205e-06,
    2.8310344827586205e-06,
    3.172413793103448e-06,
    3.172413793103448e-06,
    3.5137931034482755e-06,
    3.855172413793104e-06,
    4.196551724137931e-06,
    4.537931034482759e-06,
    4.879310344827586e-06,
    5.220689655172414e-06,
    5.562068965517241e-06,
    5.903448275862069e-06,
    6.244827586206896e-06,
    6.5862068965517236e-06,
    6.927586206896551e-06,
    6.927586206896551e-06,
    7.268965517241379e-06,
    7.268965517241379e-06,
    7.610344827586207e-06,
    7.610344827586207e-06,
    7.951724137931034e-06,
    7.951724137931034e-06,
    8.293103448275863e-06,
    8.293103448275863e-06,
    8.634482758620691e-06,
    8.634482758620691e-06,
    8.975862068965518e-06,
    8.975862068965518e-06,
    9.317241379310346e-06,
    9.317241379310346e-06,
    9.658620689655173e-06,
    9.658620689655173e-06,
    1e-05,
    1e-05
  ],
  "samples": 500,
  "sequence_length": 50000,
  "seeds": [
    398386075,
    537634879,
    1858113014,
    1740366262,
    770455256,
    47993795,
    1203036703,
    533742396,
    1124128079,
    859678709,
    2000565882,
    311990233,
    1235516324,
    773890155,
    484349024,
    45096966,
    1914039250,
    1398382629,
    1097367015,
    596620517,
    1475043313,
    945746901,
    1630328019,
    929308263,
    266065786,
    546398633,
    1739908632,
    1711321493,
    740829249,
    460195494,
    1960830506,
    1902080916,
    1231625186,
    1650095562,
    980218653,
    1511522375,
    2097166116,
    221447167,
    1401680696,
    1205230322,
    1341500024,
    1019169419,
    1047885709,
    1886179235,
    946641239,
    1198559745,
    215147796,
    1063426449,
    1442303857,
    2094761688
  ]
}