{
  "mode": "branch",
  "rep": 1144,
  "ne": 10000,
  "r": [
    1e-08,
    1e-08,
    1.820689655172414e-07,
    1.820689655172414e-07,
    3.541379310344828e-07,
    3.541379310344828e-07,
    5.262068965517242e-07,
    5.262068965517242e-07,
    6.982758620689656e-07,
    6.982758620689656e-07,
    8.70344827586207e-07,
    8.70344827586207e-07,
    1.0424137931034483e-06,
    1.0424137931034483e-06,
    1.2144827586206895e-06,
    1.2144827586206895e-06,
    1.386551724137931e-06,
    1.386551724137931e-06,
    1.5586206896551725e-06,
    1.5586206896551725e-06,
    1.7306896551724138e-06,
    1.9027586206896551e-06,
    2.0748275862068966e-06,
    2.246896551724138e-06,
    2.418965517241379e-06,
    2.5910344827586207e-06,
    2.763103448275862e-06,
    2.9351724137931037e-06,
    3.107241379310345e-06,
    3.2793103448275863e-06,
    3.4513793103448278e-06,
    3.4513793103448278e-06,
    3.6234482758620693e-06,
    3.6234482758620693e-06,
    3.7955172413793103e-06,
    3.7955172413793103e-06,
    3.967586206896552e-06,
    3.967586206896552e-06,
    4.139655172413793e-06,
    4.139655172413793e-06,
    4.311724137931034e-06,
    4.311724137931034e-06,
    4.483793103448276e-06,
    4.483793103448276e-06,
    4.655862068965517e-06,
    4.655862068965517e-06,
    4.8279310344827585e-06,
    4.8279310344827585e-06,
    5e-06,
    5e-06
  ],
  "mu": 0,
  "samples": 250,
  "sequence_length": 1000,
  "seeds": [
    411310740,
    1630169757,
    1914949223,
    122609823,
    1868119750,
    1522676644,
    510609717,
    435597358,
    962206009,
    1949819641,
    1506485998,
    496733770,
    470621224,
    1739277455,
    1665566216,
    1792339724,
    1258600328,
    1678771097,
    243313062,
    122374476,
    201696673,
    1159965764,
    1266063207,
    1289407377,
    467733239,
    732907321,
    1163214357,
    1863318351,
    69953948,
    740346523,
    402397858,
    1066388767,
    512365261,
    1985710467,
    243517399,
    109279983,
    269024149,
    1529821764,
    839787916,
    1067706031,
    100294643,
    131951465,
    1183862101,
    1381067399,
    709759990,
    1130466587,
    1798782956,
    83689187,
    1579479475,
    1288619511
  ]
}