{
  "mode": "branch",
  "rep": 942,
  "ne": 10000,
  "r": [
    1e-08,
    1e-08,
    1.820689655172414e-07,
    1.820689655172414e-07,
    3.541379310344828e-07,
    3.541379310344828e-07,
    5.262068965517242e-07,
    5.262068965517242e-07,
    6.982758620689656e-07,
    6.982758620689656e-07,
    8.70344827586207e-07,
    8.70344827586207e-07,
    1.0424137931034483e-06,
    1.0424137931034483e-06,
    1.2144827586206895e-06,
    1.2144827586206895e-06,
    1.386551724137931e-06,
    1.386551724137931e-06,
    1.5586206896551725e-06,
    1.5586206896551725e-06,
    1.7306896551724138e-06,
    1.7306896551724138e-06,
    1.9027586206896551e-06,
    1.9027586206896551e-06,
    2.0748275862068966e-06,
    2.0748275862068966e-06,
    2.246896551724138e-06,
    2.246896551724138e-06,
    2.418965517241379e-06,
    2.418965517241379e-06,
    2.5910344827586207e-06,
    2.5910344827586207e-06,
    2.763103448275862e-06,
    2.763103448275862e-06,
    2.9351724137931037e-06,
    2.9351724137931037e-06,
    3.107241379310345e-06,
    3.107241379310345e-06,
    3.2793103448275863e-06,
    3.2793103448275863e-06,
    3.4513793103448278e-06,
    3.6234482758620693e-06,
    3.7955172413793103e-06,
    3.967586206896552e-06,
    4.139655172413793e-06,
    4.311724137931034e-06,
    4.483793103448276e-06,
    4.655862068965517e-06,
    4.8279310344827585e-06,
    5e-06
  ],
  "mu": 0,
  "samples": 250,
  "sequence_length": 1000,
  "seeds": [
    1684742663,
    578080124,
    1721867942,
    929702849,
    660330724,
    733385688,
    1923282655,
    654345691,
    846282153,
    121047298,
    831253640,
    1798877413,
    1452842929,
    1479731983,
    923503913,
    1276024589,
    195800294,
    298926755,
    377173850,
    595568861,
    59098015,
    1061625357,
    1664710269,
    1139072150,
    1072711003,
    1307758314,
    1835606848,
    118674684,
    1141559673,
    986182984,
    532374886,
    942271118,
    2023281135,
    866563797,
    792590542,
    1271543359,
    300655546,
    1145970564,
    2027604851,
    1980742713,
    835685117,
    970239172,
    1330307529,
    920219782,
    974429305,
    1582185068,
    1884143448,
    701492742,
    813929574,
    912224913
  ]
}