{
  "mode": "branch",
  "rep": 913,
  "ne": 10000,
  "r": [
    1e-08,
    1e-08,
    1.820689655172414e-07,
    1.820689655172414e-07,
    3.541379310344828e-07,
    3.541379310344828e-07,
    5.262068965517242e-07,
    5.262068965517242e-07,
    6.982758620689656e-07,
    6.982758620689656e-07,
    8.70344827586207e-07,
    8.70344827586207e-07,
    1.0424137931034483e-06,
    1.0424137931034483e-06,
    1.2144827586206895e-06,
    1.2144827586206895e-06,
    1.386551724137931e-06,
    1.386551724137931e-06,
    1.5586206896551725e-06,
    1.5586206896551725e-06,
    1.7306896551724138e-06,
    1.9027586206896551e-06,
    2.0748275862068966e-06,
    2.246896551724138e-06,
    2.418965517241379e-06,
    2.5910344827586207e-06,
    2.763103448275862e-06,
    2.9351724137931037e-06,
    3.107241379310345e-06,
    3.2793103448275863e-06,
    3.4513793103448278e-06,
    3.4513793103448278e-06,
    3.6234482758620693e-06,
    3.6234482758620693e-06,
    3.7955172413793103e-06,
    3.7955172413793103e-06,
    3.967586206896552e-06,
    3.967586206896552e-06,
    4.139655172413793e-06,
    4.139655172413793e-06,
    4.311724137931034e-06,
    4.311724137931034e-06,
    4.483793103448276e-06,
    4.483793103448276e-06,
    4.655862068965517e-06,
    4.655862068965517e-06,
    4.8279310344827585e-06,
    4.8279310344827585e-06,
    5e-06,
    5e-06
  ],
  "mu": 0,
  "samples": 250,
  "sequence_length": 1000,
  "seeds": [
    301248333,
    1388181245,
    1853772758,
    140069408,
    1043438650,
    1788887575,
    2072789602,
    698881436,
    1834796706,
    1683568943,
    364420474,
    264058338,
    793598150,
    1548868599,
    1079316012,
    506478819,
    1409045018,
    1315611446,
    618521435,
    298036096,
    960238242,
    389199800,
    298871559,
    618787927,
    332241235,
    1085262818,
    2061827307,
    1019127486,
    518681592,
    286124958,
    47128447,
    572535022,
    1293111938,
    745859651,
    1340013916,
    1308779250,
    1477631712,
    1530702526,
    1882314598,
    64036651,
    1198482730,
    256595277,
    554475707,
    1613823436,
    1237985280,
    2086816363,
    1358410882,
    1815755814,
    1280054582,
    601976989
  ]
}