{
  "mode": "branch",
  "rep": 920,
  "ne": 10000,
  "r": [
    1e-08,
    1.820689655172414e-07,
    3.541379310344828e-07,
    5.262068965517242e-07,
    6.982758620689656e-07,
    8.70344827586207e-07,
    1.0424137931034483e-06,
    1.2144827586206895e-06,
    1.386551724137931e-06,
    1.5586206896551725e-06,
    1.7306896551724138e-06,
    1.7306896551724138e-06,
    1.9027586206896551e-06,
    1.9027586206896551e-06,
    2.0748275862068966e-06,
    2.0748275862068966e-06,
    2.246896551724138e-06,
    2.246896551724138e-06,
    2.418965517241379e-06,
    2.418965517241379e-06,
    2.5910344827586207e-06,
    2.5910344827586207e-06,
    2.763103448275862e-06,
    2.763103448275862e-06,
    2.9351724137931037e-06,
    2.9351724137931037e-06,
    3.107241379310345e-06,
    3.107241379310345e-06,
    3.2793103448275863e-06,
    3.2793103448275863e-06,
    3.4513793103448278e-06,
    3.4513793103448278e-06,
    3.6234482758620693e-06,
    3.6234482758620693e-06,
    3.7955172413793103e-06,
    3.7955172413793103e-06,
    3.967586206896552e-06,
    3.967586206896552e-06,
    4.139655172413793e-06,
    4.139655172413793e-06,
    4.311724137931034e-06,
    4.311724137931034e-06,
    4.483793103448276e-06,
    4.483793103448276e-06,
    4.655862068965517e-06,
    4.655862068965517e-06,
    4.8279310344827585e-06,
    4.8279310344827585e-06,
    5e-06,
    5e-06
  ],
  "mu": 0,
  "samples": 250,
  "sequence_length": 1000,
  "seeds": [
    793848313,
    703608825,
    1089901126,
    356165163,
    1507811553,
    1492793600,
    1640563116,
    1659608171,
    414438770,
    2036367998,
    852159574,
    1972966231,
    308323526,
    1216563273,
    347740245,
    194604335,
    1443013360,
    795264721,
    381380769,
    987471155,
    1840457516,
    1372965880,
    579138847,
    308487009,
    618399698,
    2009409412,
    1062947853,
    74468014,
    1435878107,
    1853905123,
    621154282,
    1610748638,
    572173684,
    128531611,
    1019827153,
    1114631852,
    1969272303,
    2067834780,
    1913881877,
    865042172,
    1311005560,
    2049529776,
    547206137,
    597088946,
    1731961355,
    1978567490,
    1211788733,
    700920728,
    710994103,
    1928487
  ]
}