{
  "mode": "site",
  "rep": 117,
  "ne": 10000,
  "r": 1e-05,
  "mu": [
    1e-07,
    1e-07,
    4.413793103448276e-07,
    4.413793103448276e-07,
    7.827586206896552e-07,
    7.827586206896552e-07,
    1.1241379310344827e-06,
    1.1241379310344827e-06,
    1.4655172413793102e-06,
    1.4655172413793102e-06,
    1.8068965517241377e-06,
    1.8068965517241377e-06,
    2.1482758620689656e-06,
    2.1482758620689656e-06,
    2.489655172413793e-06,
    2.489655172413793e-06,
    2.8310344827586205e-06,
    2.8310344827586205e-06,
    3.172413793103448e-06,
    3.172413793103448e-06,
    3.5137931034482755e-06,
    3.5137931034482755e-06,
    3.855172413793104e-06,
    3.855172413793104e-06,
    4.196551724137931e-06,
    4.196551724137931e-06,
    4.537931034482759e-06,
    4.537931034482759e-06,
    4.879310344827586e-06,
    4.879310344827586e-06,
    5.220689655172414e-06,
    5.220689655172414e-06,
    5.562068965517241e-06,
    5.562068965517241e-06,
    5.903448275862069e-06,
    5.903448275862069e-06,
    6.244827586206896e-06,
    6.244827586206896e-06,
    6.5862068965517236e-06,
    6.5862068965517236e-06,
    6.927586206896551e-06,
    7.268965517241379e-06,
    7.610344827586207e-06,
    7.951724137931034e-06,
    8.293103448275863e-06,
    8.634482758620691e-06,
    8.975862068965518e-06,
    9.317241379310346e-06,
    9.658620689655173e-06,
    1e-05
  ],
  "samples": 500,
  "sequence_length": 50000,
  "seeds": [
    1773661389,
    456465737,
    1170004105,
    1417468794,
    187603613,
    1425980610,
    1600781354,
    1227407726,
    719342743,
    620369743,
    502554610,
    1627083685,
    1046517842,
    1219341038,
    515093888,
    1280729239,
    868971052,
    1756771584,
    150252407,
    592951130,
    753231924,
    1627693003,
    999510334,
    1641543049,
    231937587,
    1321280178,
    1413124687,
    1138966687,
    861364153,
    1322760552,
    131039503,
    1447137868,
    771748027,
    1629418994,
    1991822649,
    1715373610,
    1397163119,
    1318623105,
    1522088342,
    753762898,
    283748240,
    1097576762,
    1619056518,
    1765371852,
    33559054,
    1206844066,
    1282216453,
    66545417,
    1505437305,
    1985835619
  ]
}