{
  "mode": "branch",
  "rep": 1193,
  "ne": 10000,
  "r": [
    1e-08,
    1.820689655172414e-07,
    3.541379310344828e-07,
    5.262068965517242e-07,
    6.982758620689656e-07,
    8.70344827586207e-07,
    1.0424137931034483e-06,
    1.2144827586206895e-06,
    1.386551724137931e-06,
    1.5586206896551725e-06,
    1.7306896551724138e-06,
    1.7306896551724138e-06,
    1.9027586206896551e-06,
    1.9027586206896551e-06,
    2.0748275862068966e-06,
    2.0748275862068966e-06,
    2.246896551724138e-06,
    2.246896551724138e-06,
    2.418965517241379e-06,
    2.418965517241379e-06,
    2.5910344827586207e-06,
    2.5910344827586207e-06,
    2.763103448275862e-06,
    2.763103448275862e-06,
    2.9351724137931037e-06,
    2.9351724137931037e-06,
    3.107241379310345e-06,
    3.107241379310345e-06,
    3.2793103448275863e-06,
    3.2793103448275863e-06,
    3.4513793103448278e-06,
    3.4513793103448278e-06,
    3.6234482758620693e-06,
    3.6234482758620693e-06,
    3.7955172413793103e-06,
    3.7955172413793103e-06,
    3.967586206896552e-06,
    3.967586206896552e-06,
    4.139655172413793e-06,
    4.139655172413793e-06,
    4.311724137931034e-06,
    4.311724137931034e-06,
    4.483793103448276e-06,
    4.483793103448276e-06,
    4.655862068965517e-06,
    4.655862068965517e-06,
    4.8279310344827585e-06,
    4.8279310344827585e-06,
    5e-06,
    5e-06
  ],
  "mu": 0,
  "samples": 250,
  "sequence_length": 1000,
  "seeds": [
    2046279669,
    372537727,
    1075999222,
    1866671598,
    1782428738,
    429861910,
    258817323,
    1681639333,
    1224178446,
    1026511507,
    1403669720,
    2091262532,
    1067107265,
    1512204206,
    631748959,
    1020256211,
    759286809,
    144644628,
    1037985289,
    679306752,
    869169975,
    1852140179,
    1181970823,
    2071026327,
    2078594425,
    1312126062,
    537074005,
    1259440825,
    768356359,
    1659681065,
    207842047,
    1721259329,
    123460899,
    899681322,
    662639795,
    1410391833,
    1279038236,
    535788059,
    1299907376,
    189583457,
    106905462,
    1991607612,
    1723820617,
    813770530,
    1118607593,
    1617610560,
    1525588739,
    1607955454,
    263447454,
    1645422623
  ]
}