{
  "mode": "site",
  "rep": 125,
  "ne": 10000,
  "r": 1e-05,
  "mu": [
    1e-07,
    4.413793103448276e-07,
    7.827586206896552e-07,
    1.1241379310344827e-06,
    1.4655172413793102e-06,
    1.8068965517241377e-06,
    2.1482758620689656e-06,
    2.489655172413793e-06,
    2.8310344827586205e-06,
    3.172413793103448e-06,
    3.5137931034482755e-06,
    3.5137931034482755e-06,
    3.855172413793104e-06,
    3.855172413793104e-06,
    4.196551724137931e-06,
    4.196551724137931e-06,
    4.537931034482759e-06,
    4.537931034482759e-06,
    4.879310344827586e-06,
    4.879310344827586e-06,
    5.220689655172414e-06,
    5.220689655172414e-06,
    5.562068965517241e-06,
    5.562068965517241e-06,
    5.903448275862069e-06,
    5.903448275862069e-06,
    6.244827586206896e-06,
    6.244827586206896e-06,
    6.5862068965517236e-06,
    6.5862068965517236e-06,
    6.927586206896551e-06,
    6.927586206896551e-06,
    7.268965517241379e-06,
    7.268965517241379e-06,
    7.610344827586207e-06,
    7.610344827586207e-06,
    7.951724137931034e-06,
    7.951724137931034e-06,
    8.293103448275863e-06,
    8.293103448275863e-06,
    8.634482758620691e-06,
    8.634482758620691e-06,
    8.975862068965518e-06,
    8.975862068965518e-06,
    9.317241379310346e-06,
    9.317241379310346e-06,
    9.658620689655173e-06,
    9.658620689655173e-06,
    1e-05,
    1e-05
  ],
  "samples": 500,
  "sequence_length": 50000,
  "seeds": [
    2131839988,
    609674613,
    374148693,
    2104596232,
    697439811,
    416234080,
    22585487,
    1612278616,
    1569293825,
    2034825845,
    1448089332,
    654668444,
    1956607100,
    176432346,
    1828323260,
    542857888,
    1161810093,
    270130124,
    1322550203,
    530156770,
    368937259,
    1644802663,
    1524779960,
    214450709,
    431182114,
    642180685,
    1234554217,
    317981156,
    1609125667,
    75098831,
    506778687,
    1287103013,
    461750129,
    980316648,
    1714237564,
    1445215269,
    786462955,
    1840152107,
    815957230,
    1754102469,
    589230123,
    539762799,
    1205766254,
    260174732,
    1236732794,
    2096053923,
    146416504,
    85892154,
    1948211211,
    1302770462
  ]
}