{
  "mode": "branch",
  "rep": 859,
  "ne": 10000,
  "r": [
    1e-08,
    1e-08,
    1.820689655172414e-07,
    1.820689655172414e-07,
    3.541379310344828e-07,
    3.541379310344828e-07,
    5.262068965517242e-07,
    5.262068965517242e-07,
    6.982758620689656e-07,
    6.982758620689656e-07,
    8.70344827586207e-07,
    8.70344827586207e-07,
    1.0424137931034483e-06,
    1.0424137931034483e-06,
    1.2144827586206895e-06,
    1.2144827586206895e-06,
    1.386551724137931e-06,
    1.386551724137931e-06,
    1.5586206896551725e-06,
    1.5586206896551725e-06,
    1.7306896551724138e-06,
    1.9027586206896551e-06,
    2.0748275862068966e-06,
    2.246896551724138e-06,
    2.418965517241379e-06,
    2.5910344827586207e-06,
    2.763103448275862e-06,
    2.9351724137931037e-06,
    3.107241379310345e-06,
    3.2793103448275863e-06,
    3.4513793103448278e-06,
    3.4513793103448278e-06,
    3.6234482758620693e-06,
    3.6234482758620693e-06,
    3.7955172413793103e-06,
    3.7955172413793103e-06,
    3.967586206896552e-06,
    3.967586206896552e-06,
    4.139655172413793e-06,
    4.139655172413793e-06,
    4.311724137931034e-06,
    4.311724137931034e-06,
    4.483793103448276e-06,
    4.483793103448276e-06,
    4.655862068965517e-06,
    4.655862068965517e-06,
    4.8279310344827585e-06,
    4.8279310344827585e-06,
    5e-06,
    5e-06
  ],
  "mu": 0,
  "samples": 250,
  "sequence_length": 1000,
  "seeds": [
    1604080148,
    659160526,
    1064374929,
    984893663,
    904071109,
    1971595394,
    2034299660,
    2041533687,
    1040734057,
    1287889478,
    440276454,
    1708888570,
    1951784149,
    736249647,
    1019189121,
    1378978554,
    950415970,
    502310669,
    595624410,
    1674268904,
    142568806,
    141115993,
    357364241,
    1088577450,
    343306863,
    158921757,
    2033049875,
    408931652,
    392900718,
    1611987243,
    842704070,
    1846970941,
    2047034665,
    1553940941,
    2059452378,
    717054665,
    2027258010,
    747737031,
    1874022600,
    529884181,
    33348261,
    1837430774,
    38310460,
    1365148603,
    2001251728,
    402059589,
    2014480532,
    1017882719,
    1189220591,
    407391309
  ]
}