{
  "mode": "site",
  "rep": 494,
  "ne": 10000,
  "r": 1e-05,
  "mu": [
    1e-07,
    4.413793103448276e-07,
    7.827586206896552e-07,
    1.1241379310344827e-06,
    1.4655172413793102e-06,
    1.8068965517241377e-06,
    2.1482758620689656e-06,
    2.489655172413793e-06,
    2.8310344827586205e-06,
    3.172413793103448e-06,
    3.5137931034482755e-06,
    3.5137931034482755e-06,
    3.855172413793104e-06,
    3.855172413793104e-06,
    4.196551724137931e-06,
    4.196551724137931e-06,
    4.537931034482759e-06,
    4.537931034482759e-06,
    4.879310344827586e-06,
    4.879310344827586e-06,
    5.220689655172414e-06,
    5.220689655172414e-06,
    5.562068965517241e-06,
    5.562068965517241e-06,
    5.903448275862069e-06,
    5.903448275862069e-06,
    6.244827586206896e-06,
    6.244827586206896e-06,
    6.5862068965517236e-06,
    6.5862068965517236e-06,
    6.927586206896551e-06,
    6.927586206896551e-06,
    7.268965517241379e-06,
    7.268965517241379e-06,
    7.610344827586207e-06,
    7.610344827586207e-06,
    7.951724137931034e-06,
    7.951724137931034e-06,
    8.293103448275863e-06,
    8.293103448275863e-06,
    8.634482758620691e-06,
    8.634482758620691e-06,
    8.975862068965518e-06,
    8.975862068965518e-06,
    9.317241379310346e-06,
    9.317241379310346e-06,
    9.658620689655173e-06,
    9.658620689655173e-06,
    1e-05,
    1e-05
  ],
  "samples": 500,
  "sequence_length": 10000,
  "seeds": [
    2145153150,
    308527983,
    1537099359,
    1863713883,
    1373439473,
    1255254289,
    41317591,
    600740030,
    1192021784,
    1908202536,
    716155216,
    1602680253,
    211942783,
    1134499370,
    669398436,
    1646791443,
    720172473,
    1035604452,
    1399982745,
    105054127,
    530220257,
    634254293,
    746265967,
    1399628055,
    1442283174,
    839547835,
    1334957905,
    1103915761,
    1346379869,
    814453057,
    586350404,
    864272708,
    331860176,
    816706944,
    515409088,
    53812302,
    425954208,
    1681458186,
    1203965850,
    1502547852,
    247470333,
    34455707,
    1948558967,
    218970919,
    74954306,
    1321670570,
    1325104385,
    545515104,
    1612516777,
    101803616
  ]
}