{
  "mode": "site",
  "rep": 6,
  "ne": 10000,
  "r": 1e-05,
  "mu": [
    1e-07,
    1e-07,
    4.413793103448276e-07,
    4.413793103448276e-07,
    7.827586206896552e-07,
    7.827586206896552e-07,
    1.1241379310344827e-06,
    1.1241379310344827e-06,
    1.4655172413793102e-06,
    1.4655172413793102e-06,
    1.8068965517241377e-06,
    1.8068965517241377e-06,
    2.1482758620689656e-06,
    2.1482758620689656e-06,
    2.489655172413793e-06,
    2.489655172413793e-06,
    2.8310344827586205e-06,
    2.8310344827586205e-06,
    3.172413793103448e-06,
    3.172413793103448e-06,
    3.5137931034482755e-06,
    3.5137931034482755e-06,
    3.855172413793104e-06,
    3.855172413793104e-06,
    4.196551724137931e-06,
    4.196551724137931e-06,
    4.537931034482759e-06,
    4.537931034482759e-06,
    4.879310344827586e-06,
    4.879310344827586e-06,
    5.220689655172414e-06,
    5.220689655172414e-06,
    5.562068965517241e-06,
    5.562068965517241e-06,
    5.903448275862069e-06,
    5.903448275862069e-06,
    6.244827586206896e-06,
    6.244827586206896e-06,
    6.5862068965517236e-06,
    6.5862068965517236e-06,
    6.927586206896551e-06,
    7.268965517241379e-06,
    7.610344827586207e-06,
    7.951724137931034e-06,
    8.293103448275863e-06,
    8.634482758620691e-06,
    8.975862068965518e-06,
    9.317241379310346e-06,
    9.658620689655173e-06,
    1e-05
  ],
  "samples": 500,
  "sequence_length": 50000,
  "seeds": [
    1022374126,
    1008513604,
    284816875,
    855151204,
    1264349501,
    731768189,
    1835067786,
    1146422926,
    347300601,
    2126335954,
    500440228,
    1276276999,
    488772584,
    1591315391,
    1236662600,
    62344746,
    220771632,
    1744906538,
    1909729663,
    1227610745,
    1930574833,
    1136412889,
    810266877,
    1379441461,
    639297387,
    937956706,
    513903672,
    907388091,
    604102104,
    1758725202,
    1480120817,
    826461562,
    1595725418,
    1896839606,
    478174513,
    71555739,
    1763976704,
    2020142385,
    786190869,
    442930996,
    215259601,
    1249766288,
    1131957449,
    1897003146,
    1633407712,
    791381572,
    154140102,
    1427265681,
    884474096,
    612614937
  ]
}