{
  "mode": "branch",
  "rep": 944,
  "ne": 10000,
  "r": [
    1e-08,
    1.820689655172414e-07,
    3.541379310344828e-07,
    5.262068965517242e-07,
    6.982758620689656e-07,
    8.70344827586207e-07,
    1.0424137931034483e-06,
    1.2144827586206895e-06,
    1.386551724137931e-06,
    1.5586206896551725e-06,
    1.7306896551724138e-06,
    1.7306896551724138e-06,
    1.9027586206896551e-06,
    1.9027586206896551e-06,
    2.0748275862068966e-06,
    2.0748275862068966e-06,
    2.246896551724138e-06,
    2.246896551724138e-06,
    2.418965517241379e-06,
    2.418965517241379e-06,
    2.5910344827586207e-06,
    2.5910344827586207e-06,
    2.763103448275862e-06,
    2.763103448275862e-06,
    2.9351724137931037e-06,
    2.9351724137931037e-06,
    3.107241379310345e-06,
    3.107241379310345e-06,
    3.2793103448275863e-06,
    3.2793103448275863e-06,
    3.4513793103448278e-06,
    3.4513793103448278e-06,
    3.6234482758620693e-06,
    3.6234482758620693e-06,
    3.7955172413793103e-06,
    3.7955172413793103e-06,
    3.967586206896552e-06,
    3.967586206896552e-06,
    4.139655172413793e-06,
    4.139655172413793e-06,
    4.311724137931034e-06,
    4.311724137931034e-06,
    4.483793103448276e-06,
    4.483793103448276e-06,
    4.655862068965517e-06,
    4.655862068965517e-06,
    4.8279310344827585e-06,
    4.8279310344827585e-06,
    5e-06,
    5e-06
  ],
  "mu": 0,
  "samples": 250,
  "sequence_length": 1000,
  "seeds": [
    721234796,
    2041180664,
    922748400,
    375335987,
    406442091,
    1536659915,
    2098508609,
    1441756389,
    1676508077,
    1465346152,
    1490756626,
    275024566,
    1130818114,
    1432603368,
    1375057874,
    1363742606,
    19340707,
    806115371,
    406593617,
    651922323,
    384735120,
    1554892498,
    1661563280,
    1581160028,
    1956664758,
    1320998630,
    711732196,
    195781221,
    1916180199,
    2107234196,
    1968261703,
    1058550731,
    1094525247,
    113443184,
    177923106,
    2067644161,
    1314267986,
    1143320616,
    1499108002,
    1659496004,
    583266914,
    1223131686,
    778498170,
    1398265578,
    346509359,
    2040218991,
    611458658,
    222487337,
    1677570698,
    1808870876
  ]
}