{
  "mode": "site",
  "rep": 562,
  "ne": 10000,
  "r": 1e-05,
  "mu": [
    1e-07,
    1e-07,
    4.413793103448276e-07,
    4.413793103448276e-07,
    7.827586206896552e-07,
    7.827586206896552e-07,
    1.1241379310344827e-06,
    1.1241379310344827e-06,
    1.4655172413793102e-06,
    1.4655172413793102e-06,
    1.8068965517241377e-06,
    1.8068965517241377e-06,
    2.1482758620689656e-06,
    2.1482758620689656e-06,
    2.489655172413793e-06,
    2.489655172413793e-06,
    2.8310344827586205e-06,
    2.8310344827586205e-06,
    3.172413793103448e-06,
    3.172413793103448e-06,
    3.5137931034482755e-06,
    3.855172413793104e-06,
    4.196551724137931e-06,
    4.537931034482759e-06,
    4.879310344827586e-06,
    5.220689655172414e-06,
    5.562068965517241e-06,
    5.903448275862069e-06,
    6.244827586206896e-06,
    6.5862068965517236e-06,
    6.927586206896551e-06,
    6.927586206896551e-06,
    7.268965517241379e-06,
    7.268965517241379e-06,
    7.610344827586207e-06,
    7.610344827586207e-06,
    7.951724137931034e-06,
    7.951724137931034e-06,
    8.293103448275863e-06,
    8.293103448275863e-06,
    8.634482758620691e-06,
    8.634482758620691e-06,
    8.975862068965518e-06,
    8.975862068965518e-06,
    9.317241379310346e-06,
    9.317241379310346e-06,
    9.658620689655173e-06,
    9.658620689655173e-06,
    1e-05,
    1e-05
  ],
  "samples": 500,
  "sequence_length": 10000,
  "seeds": [
    1808757289,
    798010777,
    1020582395,
    411538317,
    1769373909,
    589488574,
    1660960560,
    1168792027,
    604287835,
    2102628609,
    1113059639,
    1949991884,
    615148055,
    143332814,
    920035512,
    1110346914,
    281756417,
    1998573747,
    1516060821,
    180463529,
    355752996,
    608118033,
    1990520486,
    428758636,
    1732996667,
    1787482155,
    376933694,
    747013276,
    1965164086,
    1818829892,
    80598605,
    1265730475,
    1049195429,
    409086106,
    1533337494,
    633817040,
    818727562,
    306770954,
    944854810,
    264577082,
    951898960,
    1604454984,
    76249425,
    1741465068,
    455962321,
    24711933,
    2008549837,
    1099758004,
    1623989898,
    691111733
  ]
}