{
  "mode": "site",
  "rep": 565,
  "ne": 10000,
  "r": 1e-05,
  "mu": [
    1e-07,
    1e-07,
    4.413793103448276e-07,
    4.413793103448276e-07,
    7.827586206896552e-07,
    7.827586206896552e-07,
    1.1241379310344827e-06,
    1.1241379310344827e-06,
    1.4655172413793102e-06,
    1.4655172413793102e-06,
    1.8068965517241377e-06,
    1.8068965517241377e-06,
    2.1482758620689656e-06,
    2.1482758620689656e-06,
    2.489655172413793e-06,
    2.489655172413793e-06,
    2.8310344827586205e-06,
    2.8310344827586205e-06,
    3.172413793103448e-06,
    3.172413793103448e-06,
    3.5137931034482755e-06,
    3.855172413793104e-06,
    4.196551724137931e-06,
    4.537931034482759e-06,
    4.879310344827586e-06,
    5.220689655172414e-06,
    5.562068965517241e-06,
    5.903448275862069e-06,
    6.244827586206896e-06,
    6.5862068965517236e-06,
    6.927586206896551e-06,
    6.927586206896551e-06,
    7.268965517241379e-06,
    7.268965517241379e-06,
    7.610344827586207e-06,
    7.610344827586207e-06,
    7.951724137931034e-06,
    7.951724137931034e-06,
    8.293103448275863e-06,
    8.293103448275863e-06,
    8.634482758620691e-06,
    8.634482758620691e-06,
    8.975862068965518e-06,
    8.975862068965518e-06,
    9.317241379310346e-06,
    9.317241379310346e-06,
    9.658620689655173e-06,
    9.658620689655173e-06,
    1e-05,
    1e-05
  ],
  "samples": 500,
  "sequence_length": 50000,
  "seeds": [
    220619163,
    522624555,
    587847783,
    97599670,
    484941687,
    936687311,
    390220720,
    1815690837,
    1416071251,
    2102249673,
    691754335,
    1019746927,
    1497108575,
    2068631380,
    1811788199,
    1590520025,
    1529962126,
    1399074338,
    1357724567,
    713922672,
    233498198,
    1757093580,
    1056666101,
    273965355,
    721454839,
    280680095,
    617287321,
    1128836150,
    1474532562,
    1806822052,
    568273869,
    1668679765,
    1494972576,
    927846636,
    416938795,
    1437611407,
    1217869178,
    1136581648,
    1881394325,
    724278778,
    58744914,
    513659170,
    514800350,
    1807529428,
    1096483280,
    1873949797,
    1793471737,
    1245023006,
    1279755787,
    292603771
  ]
}