{
  "mode": "site",
  "rep": 232,
  "ne": 10000,
  "r": 1e-05,
  "mu": [
    1e-07,
    1e-07,
    4.413793103448276e-07,
    4.413793103448276e-07,
    7.827586206896552e-07,
    7.827586206896552e-07,
    1.1241379310344827e-06,
    1.1241379310344827e-06,
    1.4655172413793102e-06,
    1.4655172413793102e-06,
    1.8068965517241377e-06,
    1.8068965517241377e-06,
    2.1482758620689656e-06,
    2.1482758620689656e-06,
    2.489655172413793e-06,
    2.489655172413793e-06,
    2.8310344827586205e-06,
    2.8310344827586205e-06,
    3.172413793103448e-06,
    3.172413793103448e-06,
    3.5137931034482755e-06,
    3.855172413793104e-06,
    4.196551724137931e-06,
    4.537931034482759e-06,
    4.879310344827586e-06,
    5.220689655172414e-06,
    5.562068965517241e-06,
    5.903448275862069e-06,
    6.244827586206896e-06,
    6.5862068965517236e-06,
    6.927586206896551e-06,
    6.927586206896551e-06,
    7.268965517241379e-06,
    7.268965517241379e-06,
    7.610344827586207e-06,
    7.610344827586207e-06,
    7.951724137931034e-06,
    7.951724137931034e-06,
    8.293103448275863e-06,
    8.293103448275863e-06,
    8.634482758620691e-06,
    8.634482758620691e-06,
    8.975862068965518e-06,
    8.975862068965518e-06,
    9.317241379310346e-06,
    9.317241379310346e-06,
    9.658620689655173e-06,
    9.658620689655173e-06,
    1e-05,
    1e-05
  ],
  "samples": 500,
  "sequence_length": 50000,
  "seeds": [
    1937538573,
    710058224,
    670520525,
    939422023,
    370986779,
    1800338242,
    102969053,
    462672175,
    992987846,
    1688768263,
    1613107348,
    1084400797,
    261501509,
    944572011,
    145353236,
    193694500,
    2030375920,
    9769649,
    1744005201,
    1510279217,
    534130239,
    1527544763,
    389475367,
    31731829,
    1919317504,
    632379696,
    1950219878,
    903862660,
    552515748,
    889490358,
    1672591011,
    909313918,
    509865267,
    1559816442,
    2002879383,
    361049773,
    1486019007,
    1911666964,
    1259811216,
    1215392604,
    966399537,
    636746827,
    152906277,
    771954918,
    531290553,
    996867653,
    1855012654,
    1589182270,
    997903099,
    986906430
  ]
}