{
  "mode": "site",
  "rep": 421,
  "ne": 10000,
  "r": 1e-05,
  "mu": [
    1e-07,
    1e-07,
    4.413793103448276e-07,
    4.413793103448276e-07,
    7.827586206896552e-07,
    7.827586206896552e-07,
    1.1241379310344827e-06,
    1.1241379310344827e-06,
    1.4655172413793102e-06,
    1.4655172413793102e-06,
    1.8068965517241377e-06,
    1.8068965517241377e-06,
    2.1482758620689656e-06,
    2.1482758620689656e-06,
    2.489655172413793e-06,
    2.489655172413793e-06,
    2.8310344827586205e-06,
    2.8310344827586205e-06,
    3.172413793103448e-06,
    3.172413793103448e-06,
    3.5137931034482755e-06,
    3.855172413793104e-06,
    4.196551724137931e-06,
    4.537931034482759e-06,
    4.879310344827586e-06,
    5.220689655172414e-06,
    5.562068965517241e-06,
    5.903448275862069e-06,
    6.244827586206896e-06,
    6.5862068965517236e-06,
    6.927586206896551e-06,
    6.927586206896551e-06,
    7.268965517241379e-06,
    7.268965517241379e-06,
    7.610344827586207e-06,
    7.610344827586207e-06,
    7.951724137931034e-06,
    7.951724137931034e-06,
    8.293103448275863e-06,
    8.293103448275863e-06,
    8.634482758620691e-06,
    8.634482758620691e-06,
    8.975862068965518e-06,
    8.975862068965518e-06,
    9.317241379310346e-06,
    9.317241379310346e-06,
    9.658620689655173e-06,
    9.658620689655173e-06,
    1e-05,
    1e-05
  ],
  "samples": 500,
  "sequence_length": 10000,
  "seeds": [
    1638384956,
    422614233,
    1102707325,
    1009757021,
    1954469958,
    1083026761,
    1647359907,
    56492679,
    1284656923,
    1765694363,
    1794587229,
    87812920,
    341041273,
    248948581,
    1243202455,
    1201319310,
    1350033240,
    1893349829,
    1748964767,
    186380931,
    1960931622,
    12756972,
    716786917,
    453510684,
    1361446977,
    169093796,
    1351140319,
    701169413,
    1946447030,
    1905772762,
    1274049094,
    1975090276,
    802091277,
    42033612,
    181534465,
    622819624,
    1867857674,
    1456314472,
    1162520970,
    1849451566,
    971478637,
    1294838852,
    1127344440,
    673291009,
    504557446,
    1044719007,
    158016854,
    1726613512,
    886016464,
    2063006592
  ]
}