{
  "mode": "branch",
  "rep": 1140,
  "ne": 10000,
  "r": [
    1e-08,
    1e-08,
    1.820689655172414e-07,
    1.820689655172414e-07,
    3.541379310344828e-07,
    3.541379310344828e-07,
    5.262068965517242e-07,
    5.262068965517242e-07,
    6.982758620689656e-07,
    6.982758620689656e-07,
    8.70344827586207e-07,
    8.70344827586207e-07,
    1.0424137931034483e-06,
    1.0424137931034483e-06,
    1.2144827586206895e-06,
    1.2144827586206895e-06,
    1.386551724137931e-06,
    1.386551724137931e-06,
    1.5586206896551725e-06,
    1.5586206896551725e-06,
    1.7306896551724138e-06,
    1.7306896551724138e-06,
    1.9027586206896551e-06,
    1.9027586206896551e-06,
    2.0748275862068966e-06,
    2.0748275862068966e-06,
    2.246896551724138e-06,
    2.246896551724138e-06,
    2.418965517241379e-06,
    2.418965517241379e-06,
    2.5910344827586207e-06,
    2.5910344827586207e-06,
    2.763103448275862e-06,
    2.763103448275862e-06,
    2.9351724137931037e-06,
    2.9351724137931037e-06,
    3.107241379310345e-06,
    3.107241379310345e-06,
    3.2793103448275863e-06,
    3.2793103448275863e-06,
    3.4513793103448278e-06,
    3.6234482758620693e-06,
    3.7955172413793103e-06,
    3.967586206896552e-06,
    4.139655172413793e-06,
    4.311724137931034e-06,
    4.483793103448276e-06,
    4.655862068965517e-06,
    4.8279310344827585e-06,
    5e-06
  ],
  "mu": 0,
  "samples": 250,
  "sequence_length": 1000,
  "seeds": [
    1359302900,
    1025780741,
    960469058,
    35774437,
    99321603,
    1411755278,
    1606239669,
    504058533,
    185560601,
    1576242180,
    970697413,
    348522174,
    1708421033,
    1175243095,
    2138007542,
    1528854217,
    829116020,
    1402543870,
    698473162,
    477110137,
    788282315,
    529816177,
    1098838860,
    214266191,
    1610683466,
    490042864,
    1477680183,
    747410816,
    1851444021,
    1598127666,
    1478950239,
    205149615,
    957223189,
    1559779589,
    1845045935,
    253026474,
    64164994,
    415884578,
    909107140,
    38224983,
    1286159081,
    52973097,
    1562868828,
    206140857,
    970949638,
    977628943,
    205356631,
    1598215951,
    465359264,
    97033648
  ]
}