{
  "mode": "branch",
  "rep": 1164,
  "ne": 10000,
  "r": [
    1e-08,
    1e-08,
    1.820689655172414e-07,
    1.820689655172414e-07,
    3.541379310344828e-07,
    3.541379310344828e-07,
    5.262068965517242e-07,
    5.262068965517242e-07,
    6.982758620689656e-07,
    6.982758620689656e-07,
    8.70344827586207e-07,
    8.70344827586207e-07,
    1.0424137931034483e-06,
    1.0424137931034483e-06,
    1.2144827586206895e-06,
    1.2144827586206895e-06,
    1.386551724137931e-06,
    1.386551724137931e-06,
    1.5586206896551725e-06,
    1.5586206896551725e-06,
    1.7306896551724138e-06,
    1.7306896551724138e-06,
    1.9027586206896551e-06,
    1.9027586206896551e-06,
    2.0748275862068966e-06,
    2.0748275862068966e-06,
    2.246896551724138e-06,
    2.246896551724138e-06,
    2.418965517241379e-06,
    2.418965517241379e-06,
    2.5910344827586207e-06,
    2.5910344827586207e-06,
    2.763103448275862e-06,
    2.763103448275862e-06,
    2.9351724137931037e-06,
    2.9351724137931037e-06,
    3.107241379310345e-06,
    3.107241379310345e-06,
    3.2793103448275863e-06,
    3.2793103448275863e-06,
    3.4513793103448278e-06,
    3.6234482758620693e-06,
    3.7955172413793103e-06,
    3.967586206896552e-06,
    4.139655172413793e-06,
    4.311724137931034e-06,
    4.483793103448276e-06,
    4.655862068965517e-06,
    4.8279310344827585e-06,
    5e-06
  ],
  "mu": 0,
  "samples": 250,
  "sequence_length": 1000,
  "seeds": [
    130750071,
    1278969735,
    1861067287,
    355721367,
    1293811701,
    1438730185,
    828717221,
    587367399,
    2038325213,
    1072686865,
    403288146,
    621445437,
    458813556,
    1672105276,
    109573250,
    10927310,
    268676633,
    1461438526,
    814244549,
    1564333766,
    1998255609,
    768138940,
    778256315,
    251269310,
    1132386519,
    1117716478,
    909778212,
    1073813573,
    637153468,
    1309276584,
    135843815,
    1643125201,
    2015376265,
    1299444094,
    1691355124,
    1031913824,
    279697354,
    960816874,
    1969135661,
    1828644202,
    1803624366,
    1546279704,
    344505656,
    1695858830,
    215232574,
    1628210401,
    1151242906,
    692346593,
    1553814970,
    395691661
  ]
}