{
  "mode": "branch",
  "rep": 797,
  "ne": 10000,
  "r": [
    1e-08,
    1.820689655172414e-07,
    3.541379310344828e-07,
    5.262068965517242e-07,
    6.982758620689656e-07,
    8.70344827586207e-07,
    1.0424137931034483e-06,
    1.2144827586206895e-06,
    1.386551724137931e-06,
    1.5586206896551725e-06,
    1.7306896551724138e-06,
    1.7306896551724138e-06,
    1.9027586206896551e-06,
    1.9027586206896551e-06,
    2.0748275862068966e-06,
    2.0748275862068966e-06,
    2.246896551724138e-06,
    2.246896551724138e-06,
    2.418965517241379e-06,
    2.418965517241379e-06,
    2.5910344827586207e-06,
    2.5910344827586207e-06,
    2.763103448275862e-06,
    2.763103448275862e-06,
    2.9351724137931037e-06,
    2.9351724137931037e-06,
    3.107241379310345e-06,
    3.107241379310345e-06,
    3.2793103448275863e-06,
    3.2793103448275863e-06,
    3.4513793103448278e-06,
    3.4513793103448278e-06,
    3.6234482758620693e-06,
    3.6234482758620693e-06,
    3.7955172413793103e-06,
    3.7955172413793103e-06,
    3.967586206896552e-06,
    3.967586206896552e-06,
    4.139655172413793e-06,
    4.139655172413793e-06,
    4.311724137931034e-06,
    4.311724137931034e-06,
    4.483793103448276e-06,
    4.483793103448276e-06,
    4.655862068965517e-06,
    4.655862068965517e-06,
    4.8279310344827585e-06,
    4.8279310344827585e-06,
    5e-06,
    5e-06
  ],
  "mu": 0,
  "samples": 250,
  "sequence_length": 1000,
  "seeds": [
    722820146,
    760028056,
    661817557,
    403543113,
    560148622,
    593000965,
    1340534476,
    806764953,
    1521934070,
    1081056281,
    263577213,
    386643979,
    1524813441,
    360977422,
    1289561508,
    1471884346,
    1791895461,
    1273396942,
    957140221,
    830829421,
    2061970559,
    946426862,
    332248855,
    1725343009,
    1847677431,
    1759429166,
    438159715,
    47305825,
    1348058701,
    220878282,
    1271828949,
    1815520130,
    855214439,
    1876330584,
    1347362965,
    1628463289,
    1629546855,
    2132742423,
    1707306360,
    308563310,
    2131765918,
    1252956940,
    619402573,
    997691742,
    1099921009,
    2031274292,
    1724444632,
    464740086,
    402261858,
    543199967
  ]
}