{
  "mode": "branch",
  "rep": 1075,
  "ne": 10000,
  "r": [
    1e-08,
    1e-08,
    1.820689655172414e-07,
    1.820689655172414e-07,
    3.541379310344828e-07,
    3.541379310344828e-07,
    5.262068965517242e-07,
    5.262068965517242e-07,
    6.982758620689656e-07,
    6.982758620689656e-07,
    8.70344827586207e-07,
    8.70344827586207e-07,
    1.0424137931034483e-06,
    1.0424137931034483e-06,
    1.2144827586206895e-06,
    1.2144827586206895e-06,
    1.386551724137931e-06,
    1.386551724137931e-06,
    1.5586206896551725e-06,
    1.5586206896551725e-06,
    1.7306896551724138e-06,
    1.9027586206896551e-06,
    2.0748275862068966e-06,
    2.246896551724138e-06,
    2.418965517241379e-06,
    2.5910344827586207e-06,
    2.763103448275862e-06,
    2.9351724137931037e-06,
    3.107241379310345e-06,
    3.2793103448275863e-06,
    3.4513793103448278e-06,
    3.4513793103448278e-06,
    3.6234482758620693e-06,
    3.6234482758620693e-06,
    3.7955172413793103e-06,
    3.7955172413793103e-06,
    3.967586206896552e-06,
    3.967586206896552e-06,
    4.139655172413793e-06,
    4.139655172413793e-06,
    4.311724137931034e-06,
    4.311724137931034e-06,
    4.483793103448276e-06,
    4.483793103448276e-06,
    4.655862068965517e-06,
    4.655862068965517e-06,
    4.8279310344827585e-06,
    4.8279310344827585e-06,
    5e-06,
    5e-06
  ],
  "mu": 0,
  "samples": 250,
  "sequence_length": 1000,
  "seeds": [
    594645964,
    927525816,
    655481495,
    1230393350,
    1931243939,
    1094972702,
    71257594,
    1900168518,
    779088021,
    1153139290,
    498364455,
    1472925236,
    890874762,
    167958698,
    493988402,
    1044475551,
    1585534195,
    541763271,
    231482039,
    364658072,
    1554630574,
    1261365478,
    327764667,
    311731358,
    954998448,
    1153697120,
    1614776784,
    829115936,
    753539061,
    650725597,
    1635199777,
    2005167400,
    855580547,
    398520985,
    1804958412,
    2051322287,
    377724518,
    1317566984,
    2125865508,
    1333046501,
    994814133,
    1230720341,
    1636247635,
    97633860,
    2029468753,
    1233847709,
    782048303,
    1596034530,
    54483756,
    227036368
  ]
}