{
  "mode": "branch",
  "rep": 744,
  "ne": 10000,
  "r": [
    1e-08,
    1e-08,
    1.820689655172414e-07,
    1.820689655172414e-07,
    3.541379310344828e-07,
    3.541379310344828e-07,
    5.262068965517242e-07,
    5.262068965517242e-07,
    6.982758620689656e-07,
    6.982758620689656e-07,
    8.70344827586207e-07,
    8.70344827586207e-07,
    1.0424137931034483e-06,
    1.0424137931034483e-06,
    1.2144827586206895e-06,
    1.2144827586206895e-06,
    1.386551724137931e-06,
    1.386551724137931e-06,
    1.5586206896551725e-06,
    1.5586206896551725e-06,
    1.7306896551724138e-06,
    1.7306896551724138e-06,
    1.9027586206896551e-06,
    1.9027586206896551e-06,
    2.0748275862068966e-06,
    2.0748275862068966e-06,
    2.246896551724138e-06,
    2.246896551724138e-06,
    2.418965517241379e-06,
    2.418965517241379e-06,
    2.5910344827586207e-06,
    2.5910344827586207e-06,
    2.763103448275862e-06,
    2.763103448275862e-06,
    2.9351724137931037e-06,
    2.9351724137931037e-06,
    3.107241379310345e-06,
    3.107241379310345e-06,
    3.2793103448275863e-06,
    3.2793103448275863e-06,
    3.4513793103448278e-06,
    3.6234482758620693e-06,
    3.7955172413793103e-06,
    3.967586206896552e-06,
    4.139655172413793e-06,
    4.311724137931034e-06,
    4.483793103448276e-06,
    4.655862068965517e-06,
    4.8279310344827585e-06,
    5e-06
  ],
  "mu": 0,
  "samples": 250,
  "sequence_length": 1000,
  "seeds": [
    152123666,
    344179585,
    75424558,
    1562679227,
    2063038558,
    1636989067,
    558971801,
    477052974,
    809523501,
    1569494021,
    553934059,
    1375921195,
    1676115320,
    1606183128,
    105079043,
    902035402,
    352006642,
    1082579135,
    762031176,
    1252071925,
    1448973699,
    1679895214,
    1993542020,
    1666535995,
    1274985089,
    163008591,
    1202904007,
    1624749042,
    535782596,
    1197324888,
    1632972515,
    1120859042,
    1349700375,
    1213055905,
    959830121,
    1658069454,
    1457627176,
    49320307,
    2035677281,
    515901217,
    2010351148,
    324431150,
    703202707,
    15287497,
    1208691784,
    2003895515,
    2011986757,
    1659942175,
    1205980247,
    1308091526
  ]
}