{
  "mode": "branch",
  "rep": 752,
  "ne": 10000,
  "r": [
    1e-08,
    1.820689655172414e-07,
    3.541379310344828e-07,
    5.262068965517242e-07,
    6.982758620689656e-07,
    8.70344827586207e-07,
    1.0424137931034483e-06,
    1.2144827586206895e-06,
    1.386551724137931e-06,
    1.5586206896551725e-06,
    1.7306896551724138e-06,
    1.7306896551724138e-06,
    1.9027586206896551e-06,
    1.9027586206896551e-06,
    2.0748275862068966e-06,
    2.0748275862068966e-06,
    2.246896551724138e-06,
    2.246896551724138e-06,
    2.418965517241379e-06,
    2.418965517241379e-06,
    2.5910344827586207e-06,
    2.5910344827586207e-06,
    2.763103448275862e-06,
    2.763103448275862e-06,
    2.9351724137931037e-06,
    2.9351724137931037e-06,
    3.107241379310345e-06,
    3.107241379310345e-06,
    3.2793103448275863e-06,
    3.2793103448275863e-06,
    3.4513793103448278e-06,
    3.4513793103448278e-06,
    3.6234482758620693e-06,
    3.6234482758620693e-06,
    3.7955172413793103e-06,
    3.7955172413793103e-06,
    3.967586206896552e-06,
    3.967586206896552e-06,
    4.139655172413793e-06,
    4.139655172413793e-06,
    4.311724137931034e-06,
    4.311724137931034e-06,
    4.483793103448276e-06,
    4.483793103448276e-06,
    4.655862068965517e-06,
    4.655862068965517e-06,
    4.8279310344827585e-06,
    4.8279310344827585e-06,
    5e-06,
    5e-06
  ],
  "mu": 0,
  "samples": 250,
  "sequence_length": 1000,
  "seeds": [
    110854945,
    800379022,
    466186020,
    721972815,
    496761266,
    437594617,
    398585629,
    1132913409,
    481963459,
    1834273681,
    277385999,
    1907910376,
    1076713826,
    1138732200,
    2012118013,
    1720047191,
    176525495,
    1579431116,
    876258757,
    1535423497,
    523576140,
    1000170790,
    494935185,
    921087382,
    811303293,
    294704620,
    233938604,
    701110788,
    1841297667,
    277589316,
    1541114269,
    1373371644,
    469908,
    302688394,
    468152780,
    1736114238,
    1341133370,
    1265423763,
    866769745,
    1711316093,
    663422825,
    381469822,
    1217024284,
    931255213,
    2054780657,
    920325100,
    1641148805,
    1829895510,
    1599803543,
    1958600744
  ]
}