{
  "mode": "site",
  "rep": 461,
  "ne": 10000,
  "r": 1e-05,
  "mu": [
    1e-07,
    4.413793103448276e-07,
    7.827586206896552e-07,
    1.1241379310344827e-06,
    1.4655172413793102e-06,
    1.8068965517241377e-06,
    2.1482758620689656e-06,
    2.489655172413793e-06,
    2.8310344827586205e-06,
    3.172413793103448e-06,
    3.5137931034482755e-06,
    3.5137931034482755e-06,
    3.855172413793104e-06,
    3.855172413793104e-06,
    4.196551724137931e-06,
    4.196551724137931e-06,
    4.537931034482759e-06,
    4.537931034482759e-06,
    4.879310344827586e-06,
    4.879310344827586e-06,
    5.220689655172414e-06,
    5.220689655172414e-06,
    5.562068965517241e-06,
    5.562068965517241e-06,
    5.903448275862069e-06,
    5.903448275862069e-06,
    6.244827586206896e-06,
    6.244827586206896e-06,
    6.5862068965517236e-06,
    6.5862068965517236e-06,
    6.927586206896551e-06,
    6.927586206896551e-06,
    7.268965517241379e-06,
    7.268965517241379e-06,
    7.610344827586207e-06,
    7.610344827586207e-06,
    7.951724137931034e-06,
    7.951724137931034e-06,
    8.293103448275863e-06,
    8.293103448275863e-06,
    8.634482758620691e-06,
    8.634482758620691e-06,
    8.975862068965518e-06,
    8.975862068965518e-06,
    9.317241379310346e-06,
    9.317241379310346e-06,
    9.658620689655173e-06,
    9.658620689655173e-06,
    1e-05,
    1e-05
  ],
  "samples": 500,
  "sequence_length": 50000,
  "seeds": [
    434885990,
    2120627430,
    90634056,
    1151904538,
    1651086735,
    982567125,
    1578090516,
    290751563,
    1361901966,
    1138692201,
    1039319462,
    330660588,
    2097856544,
    2040158352,
    1261311259,
    668292868,
    466010400,
    2054655103,
    1276155026,
    675708141,
    467062029,
    1188327647,
    1034222731,
    1852853362,
    1154669830,
    635579276,
    1723211928,
    1003969267,
    1032060182,
    415322928,
    1002900169,
    244235636,
    94611525,
    586435004,
    1783734972,
    2123718054,
    96866722,
    440181453,
    318634801,
    564515673,
    1025717603,
    833750558,
    1232260177,
    2023954912,
    1006301237,
    829483186,
    1811965626,
    390116015,
    1049541725,
    2121012107
  ]
}