{
  "mode": "site",
  "rep": 141,
  "ne": 10000,
  "r": 1e-05,
  "mu": [
    1e-07,
    1e-07,
    4.413793103448276e-07,
    4.413793103448276e-07,
    7.827586206896552e-07,
    7.827586206896552e-07,
    1.1241379310344827e-06,
    1.1241379310344827e-06,
    1.4655172413793102e-06,
    1.4655172413793102e-06,
    1.8068965517241377e-06,
    1.8068965517241377e-06,
    2.1482758620689656e-06,
    2.1482758620689656e-06,
    2.489655172413793e-06,
    2.489655172413793e-06,
    2.8310344827586205e-06,
    2.8310344827586205e-06,
    3.172413793103448e-06,
    3.172413793103448e-06,
    3.5137931034482755e-06,
    3.5137931034482755e-06,
    3.855172413793104e-06,
    3.855172413793104e-06,
    4.196551724137931e-06,
    4.196551724137931e-06,
    4.537931034482759e-06,
    4.537931034482759e-06,
    4.879310344827586e-06,
    4.879310344827586e-06,
    5.220689655172414e-06,
    5.220689655172414e-06,
    5.562068965517241e-06,
    5.562068965517241e-06,
    5.903448275862069e-06,
    5.903448275862069e-06,
    6.244827586206896e-06,
    6.244827586206896e-06,
    6.5862068965517236e-06,
    6.5862068965517236e-06,
    6.927586206896551e-06,
    7.268965517241379e-06,
    7.610344827586207e-06,
    7.951724137931034e-06,
    8.293103448275863e-06,
    8.634482758620691e-06,
    8.975862068965518e-06,
    9.317241379310346e-06,
    9.658620689655173e-06,
    1e-05
  ],
  "samples": 500,
  "sequence_length": 50000,
  "seeds": [
    1447764834,
    918143469,
    872487717,
    843571030,
    297629711,
    2068317489,
    1957471496,
    1910611288,
    514835363,
    319403079,
    492010694,
    2113776927,
    672285993,
    1583631,
    541346882,
    1937719011,
    520365082,
    1678197933,
    1459051180,
    1994126679,
    370430397,
    1659793607,
    406826087,
    800005685,
    1965011580,
    238696276,
    2076438228,
    1532143915,
    1763538851,
    1357584791,
    1931804967,
    1062659856,
    1810580054,
    462304851,
    1613169496,
    1633602804,
    627249552,
    1753055153,
    948910829,
    2032218646,
    1227430383,
    875681388,
    511936279,
    2112147581,
    1350371541,
    1567307575,
    1070223776,
    1199588060,
    1501174950,
    2108784258
  ]
}