{
  "mode": "site",
  "rep": 351,
  "ne": 10000,
  "r": 1e-05,
  "mu": [
    1e-07,
    1e-07,
    4.413793103448276e-07,
    4.413793103448276e-07,
    7.827586206896552e-07,
    7.827586206896552e-07,
    1.1241379310344827e-06,
    1.1241379310344827e-06,
    1.4655172413793102e-06,
    1.4655172413793102e-06,
    1.8068965517241377e-06,
    1.8068965517241377e-06,
    2.1482758620689656e-06,
    2.1482758620689656e-06,
    2.489655172413793e-06,
    2.489655172413793e-06,
    2.8310344827586205e-06,
    2.8310344827586205e-06,
    3.172413793103448e-06,
    3.172413793103448e-06,
    3.5137931034482755e-06,
    3.5137931034482755e-06,
    3.855172413793104e-06,
    3.855172413793104e-06,
    4.196551724137931e-06,
    4.196551724137931e-06,
    4.537931034482759e-06,
    4.537931034482759e-06,
    4.879310344827586e-06,
    4.879310344827586e-06,
    5.220689655172414e-06,
    5.220689655172414e-06,
    5.562068965517241e-06,
    5.562068965517241e-06,
    5.903448275862069e-06,
    5.903448275862069e-06,
    6.244827586206896e-06,
    6.244827586206896e-06,
    6.5862068965517236e-06,
    6.5862068965517236e-06,
    6.927586206896551e-06,
    7.268965517241379e-06,
    7.610344827586207e-06,
    7.951724137931034e-06,
    8.293103448275863e-06,
    8.634482758620691e-06,
    8.975862068965518e-06,
    9.317241379310346e-06,
    9.658620689655173e-06,
    1e-05
  ],
  "samples": 500,
  "sequence_length": 10000,
  "seeds": [
    672459708,
    2052694625,
    1493078858,
    1010072194,
    179129794,
    257005834,
    1322077834,
    1203830789,
    153232685,
    402819823,
    1237719346,
    1463580876,
    1321042702,
    519255776,
    1029531077,
    1762002448,
    906706623,
    1117137167,
    1484821791,
    1167922114,
    1731834386,
    1871799138,
    1927738546,
    1100244763,
    792025764,
    544695179,
    343924101,
    1874743226,
    762820498,
    1191746793,
    675233446,
    679729526,
    80662894,
    712178322,
    644628855,
    831914640,
    1188623294,
    646660314,
    632078136,
    847231144,
    111012354,
    593811984,
    684220122,
    219645527,
    1852847788,
    1497426594,
    449259596,
    1706931604,
    2047312517,
    1325341752
  ]
}