{
  "mode": "site",
  "rep": 594,
  "ne": 10000,
  "r": 1e-05,
  "mu": [
    1e-07,
    1e-07,
    4.413793103448276e-07,
    4.413793103448276e-07,
    7.827586206896552e-07,
    7.827586206896552e-07,
    1.1241379310344827e-06,
    1.1241379310344827e-06,
    1.4655172413793102e-06,
    1.4655172413793102e-06,
    1.8068965517241377e-06,
    1.8068965517241377e-06,
    2.1482758620689656e-06,
    2.1482758620689656e-06,
    2.489655172413793e-06,
    2.489655172413793e-06,
    2.8310344827586205e-06,
    2.8310344827586205e-06,
    3.172413793103448e-06,
    3.172413793103448e-06,
    3.5137931034482755e-06,
    3.5137931034482755e-06,
    3.855172413793104e-06,
    3.855172413793104e-06,
    4.196551724137931e-06,
    4.196551724137931e-06,
    4.537931034482759e-06,
    4.537931034482759e-06,
    4.879310344827586e-06,
    4.879310344827586e-06,
    5.220689655172414e-06,
    5.220689655172414e-06,
    5.562068965517241e-06,
    5.562068965517241e-06,
    5.903448275862069e-06,
    5.903448275862069e-06,
    6.244827586206896e-06,
    6.244827586206896e-06,
    6.5862068965517236e-06,
    6.5862068965517236e-06,
    6.927586206896551e-06,
    7.268965517241379e-06,
    7.610344827586207e-06,
    7.951724137931034e-06,
    8.293103448275863e-06,
    8.634482758620691e-06,
    8.975862068965518e-06,
    9.317241379310346e-06,
    9.658620689655173e-06,
    1e-05
  ],
  "samples": 500,
  "sequence_length": 50000,
  "seeds": [
    2133202859,
    557636073,
    610675259,
    729072872,
    1605564817,
    1854330204,
    655520993,
    1354158954,
    1631888284,
    1803700312,
    632266030,
    351618261,
    1930503429,
    885327287,
    129916786,
    479200591,
    998722200,
    278898773,
    550064688,
    1342948847,
    310249142,
    2042462618,
    1442935068,
    1596669895,
    477601721,
    2053047113,
    2099062499,
    1501898495,
    1904880856,
    242038974,
    1911275821,
    1587339722,
    1320009748,
    1593169077,
    2075701761,
    455528096,
    1333784279,
    713604400,
    970009258,
    1583319223,
    1359932048,
    233294553,
    1591116684,
    784693498,
    1458231931,
    551723116,
    606375764,
    1662894353,
    186272577,
    1713106620
  ]
}