{
  "mode": "branch",
  "rep": 1006,
  "ne": 10000,
  "r": [
    1e-08,
    1e-08,
    1.820689655172414e-07,
    1.820689655172414e-07,
    3.541379310344828e-07,
    3.541379310344828e-07,
    5.262068965517242e-07,
    5.262068965517242e-07,
    6.982758620689656e-07,
    6.982758620689656e-07,
    8.70344827586207e-07,
    8.70344827586207e-07,
    1.0424137931034483e-06,
    1.0424137931034483e-06,
    1.2144827586206895e-06,
    1.2144827586206895e-06,
    1.386551724137931e-06,
    1.386551724137931e-06,
    1.5586206896551725e-06,
    1.5586206896551725e-06,
    1.7306896551724138e-06,
    1.9027586206896551e-06,
    2.0748275862068966e-06,
    2.246896551724138e-06,
    2.418965517241379e-06,
    2.5910344827586207e-06,
    2.763103448275862e-06,
    2.9351724137931037e-06,
    3.107241379310345e-06,
    3.2793103448275863e-06,
    3.4513793103448278e-06,
    3.4513793103448278e-06,
    3.6234482758620693e-06,
    3.6234482758620693e-06,
    3.7955172413793103e-06,
    3.7955172413793103e-06,
    3.967586206896552e-06,
    3.967586206896552e-06,
    4.139655172413793e-06,
    4.139655172413793e-06,
    4.311724137931034e-06,
    4.311724137931034e-06,
    4.483793103448276e-06,
    4.483793103448276e-06,
    4.655862068965517e-06,
    4.655862068965517e-06,
    4.8279310344827585e-06,
    4.8279310344827585e-06,
    5e-06,
    5e-06
  ],
  "mu": 0,
  "samples": 250,
  "sequence_length": 1000,
  "seeds": [
    849893621,
    1443644389,
    1162628518,
    1408269493,
    676287665,
    1501486751,
    689938515,
    2039375272,
    80127288,
    383386227,
    102074713,
    2104959861,
    269413295,
    390404065,
    1296367828,
    1742237864,
    40127001,
    177216899,
    411232102,
    1753271410,
    1306831630,
    1732911195,
    1725138962,
    1200714627,
    352684994,
    1201921562,
    1370720289,
    553187680,
    1449632561,
    493252046,
    2048904799,
    224377371,
    236348923,
    1719618004,
    948360528,
    1046543444,
    866410174,
    551354928,
    184843162,
    1297669849,
    1968926716,
    2050279142,
    1422410277,
    452339887,
    1977239508,
    1119849995,
    9827894,
    653267009,
    1283177210,
    1822774050
  ]
}