{
  "mode": "site",
  "rep": 255,
  "ne": 10000,
  "r": 1e-05,
  "mu": [
    1e-07,
    1e-07,
    4.413793103448276e-07,
    4.413793103448276e-07,
    7.827586206896552e-07,
    7.827586206896552e-07,
    1.1241379310344827e-06,
    1.1241379310344827e-06,
    1.4655172413793102e-06,
    1.4655172413793102e-06,
    1.8068965517241377e-06,
    1.8068965517241377e-06,
    2.1482758620689656e-06,
    2.1482758620689656e-06,
    2.489655172413793e-06,
    2.489655172413793e-06,
    2.8310344827586205e-06,
    2.8310344827586205e-06,
    3.172413793103448e-06,
    3.172413793103448e-06,
    3.5137931034482755e-06,
    3.5137931034482755e-06,
    3.855172413793104e-06,
    3.855172413793104e-06,
    4.196551724137931e-06,
    4.196551724137931e-06,
    4.537931034482759e-06,
    4.537931034482759e-06,
    4.879310344827586e-06,
    4.879310344827586e-06,
    5.220689655172414e-06,
    5.220689655172414e-06,
    5.562068965517241e-06,
    5.562068965517241e-06,
    5.903448275862069e-06,
    5.903448275862069e-06,
    6.244827586206896e-06,
    6.244827586206896e-06,
    6.5862068965517236e-06,
    6.5862068965517236e-06,
    6.927586206896551e-06,
    7.268965517241379e-06,
    7.610344827586207e-06,
    7.951724137931034e-06,
    8.293103448275863e-06,
    8.634482758620691e-06,
    8.975862068965518e-06,
    9.317241379310346e-06,
    9.658620689655173e-06,
    1e-05
  ],
  "samples": 500,
  "sequence_length": 50000,
  "seeds": [
    2074657480,
    852455880,
    2045818421,
    1484614474,
    237488074,
    446731089,
    706716421,
    626121435,
    554839159,
    1283448018,
    1263803836,
    755793099,
    1522059180,
    1948406996,
    1877934901,
    902923329,
    1519856536,
    681682871,
    1885436905,
    1215920488,
    965934410,
    1798887347,
    52014657,
    23294274,
    404147531,
    63563441,
    1401233028,
    1859832530,
    1066073654,
    670339541,
    51159854,
    1622960996,
    1113257397,
    1672383648,
    1716459367,
    1118804800,
    1690672943,
    541341475,
    1960752774,
    1232610701,
    999602109,
    368120861,
    849345405,
    964327201,
    469259686,
    676757070,
    1842558154,
    1594350152,
    1469853436,
    1833448700
  ]
}