{
  "mode": "site",
  "rep": 501,
  "ne": 10000,
  "r": 1e-05,
  "mu": [
    1e-07,
    1e-07,
    4.413793103448276e-07,
    4.413793103448276e-07,
    7.827586206896552e-07,
    7.827586206896552e-07,
    1.1241379310344827e-06,
    1.1241379310344827e-06,
    1.4655172413793102e-06,
    1.4655172413793102e-06,
    1.8068965517241377e-06,
    1.8068965517241377e-06,
    2.1482758620689656e-06,
    2.1482758620689656e-06,
    2.489655172413793e-06,
    2.489655172413793e-06,
    2.8310344827586205e-06,
    2.8310344827586205e-06,
    3.172413793103448e-06,
    3.172413793103448e-06,
    3.5137931034482755e-06,
    3.5137931034482755e-06,
    3.855172413793104e-06,
    3.855172413793104e-06,
    4.196551724137931e-06,
    4.196551724137931e-06,
    4.537931034482759e-06,
    4.537931034482759e-06,
    4.879310344827586e-06,
    4.879310344827586e-06,
    5.220689655172414e-06,
    5.220689655172414e-06,
    5.562068965517241e-06,
    5.562068965517241e-06,
    5.903448275862069e-06,
    5.903448275862069e-06,
    6.244827586206896e-06,
    6.244827586206896e-06,
    6.5862068965517236e-06,
    6.5862068965517236e-06,
    6.927586206896551e-06,
    7.268965517241379e-06,
    7.610344827586207e-06,
    7.951724137931034e-06,
    8.293103448275863e-06,
    8.634482758620691e-06,
    8.975862068965518e-06,
    9.317241379310346e-06,
    9.658620689655173e-06,
    1e-05
  ],
  "samples": 500,
  "sequence_length": 10000,
  "seeds": [
    1755701090,
    390228199,
    1872913645,
    1409747688,
    1219861673,
    1142370587,
    800324334,
    2092207365,
    1244184,
    34183304,
    354709084,
    2135116550,
    1475768536,
    593348551,
    391345626,
    1018921815,
    562939756,
    893683942,
    665744541,
    2140060658,
    799141044,
    1401599669,
    58554437,
    1630788719,
    1756500700,
    340042907,
    806868515,
    591513025,
    1646972153,
    941151789,
    2145926403,
    1928821816,
    1612465462,
    1234815495,
    539770036,
    242685384,
    1100366405,
    1880957610,
    555436348,
    1807212692,
    467179463,
    1060479113,
    236378201,
    47795231,
    1683715758,
    2085585302,
    666169831,
    1812530080,
    1395840354,
    497206213
  ]
}