{
  "mode": "site",
  "rep": 406,
  "ne": 10000,
  "r": 1e-05,
  "mu": [
    1e-07,
    1e-07,
    4.413793103448276e-07,
    4.413793103448276e-07,
    7.827586206896552e-07,
    7.827586206896552e-07,
    1.1241379310344827e-06,
    1.1241379310344827e-06,
    1.4655172413793102e-06,
    1.4655172413793102e-06,
    1.8068965517241377e-06,
    1.8068965517241377e-06,
    2.1482758620689656e-06,
    2.1482758620689656e-06,
    2.489655172413793e-06,
    2.489655172413793e-06,
    2.8310344827586205e-06,
    2.8310344827586205e-06,
    3.172413793103448e-06,
    3.172413793103448e-06,
    3.5137931034482755e-06,
    3.855172413793104e-06,
    4.196551724137931e-06,
    4.537931034482759e-06,
    4.879310344827586e-06,
    5.220689655172414e-06,
    5.562068965517241e-06,
    5.903448275862069e-06,
    6.244827586206896e-06,
    6.5862068965517236e-06,
    6.927586206896551e-06,
    6.927586206896551e-06,
    7.268965517241379e-06,
    7.268965517241379e-06,
    7.610344827586207e-06,
    7.610344827586207e-06,
    7.951724137931034e-06,
    7.951724137931034e-06,
    8.293103448275863e-06,
    8.293103448275863e-06,
    8.634482758620691e-06,
    8.634482758620691e-06,
    8.975862068965518e-06,
    8.975862068965518e-06,
    9.317241379310346e-06,
    9.317241379310346e-06,
    9.658620689655173e-06,
    9.658620689655173e-06,
    1e-05,
    1e-05
  ],
  "samples": 500,
  "sequence_length": 10000,
  "seeds": [
    1221591830,
    1389093343,
    102080273,
    1679552314,
    1619785460,
    547516074,
    613321281,
    1278898102,
    1078283278,
    655934600,
    1290464188,
    560718010,
    1838416513,
    742066793,
    1314184286,
    192241657,
    987864224,
    231343538,
    75755970,
    1344024732,
    984615414,
    1131800699,
    2091645720,
    599864688,
    665181808,
    1227378924,
    1234020721,
    1870997051,
    1505135978,
    916322380,
    1850435511,
    55881081,
    2028195043,
    259671469,
    669098270,
    1286814852,
    2048021426,
    1474225489,
    1319090026,
    1660027432,
    925663763,
    663148609,
    2147289422,
    2139383053,
    1491597639,
    1286452010,
    840443143,
    1847128621,
    1332117525,
    222748890
  ]
}