{
  "mode": "site",
  "rep": 13,
  "ne": 10000,
  "r": 1e-05,
  "mu": [
    1e-07,
    1e-07,
    4.413793103448276e-07,
    4.413793103448276e-07,
    7.827586206896552e-07,
    7.827586206896552e-07,
    1.1241379310344827e-06,
    1.1241379310344827e-06,
    1.4655172413793102e-06,
    1.4655172413793102e-06,
    1.8068965517241377e-06,
    1.8068965517241377e-06,
    2.1482758620689656e-06,
    2.1482758620689656e-06,
    2.489655172413793e-06,
    2.489655172413793e-06,
    2.8310344827586205e-06,
    2.8310344827586205e-06,
    3.172413793103448e-06,
    3.172413793103448e-06,
    3.5137931034482755e-06,
    3.855172413793104e-06,
    4.196551724137931e-06,
    4.537931034482759e-06,
    4.879310344827586e-06,
    5.220689655172414e-06,
    5.562068965517241e-06,
    5.903448275862069e-06,
    6.244827586206896e-06,
    6.5862068965517236e-06,
    6.927586206896551e-06,
    6.927586206896551e-06,
    7.268965517241379e-06,
    7.268965517241379e-06,
    7.610344827586207e-06,
    7.610344827586207e-06,
    7.951724137931034e-06,
    7.951724137931034e-06,
    8.293103448275863e-06,
    8.293103448275863e-06,
    8.634482758620691e-06,
    8.634482758620691e-06,
    8.975862068965518e-06,
    8.975862068965518e-06,
    9.317241379310346e-06,
    9.317241379310346e-06,
    9.658620689655173e-06,
    9.658620689655173e-06,
    1e-05,
    1e-05
  ],
  "samples": 500,
  "sequence_length": 10000,
  "seeds": [
    582017321,
    708844472,
    148230843,
    1634471039,
    1527197472,
    379501272,
    1524557881,
    1456254972,
    701349909,
    855465973,
    1141704467,
    1621346133,
    1107379400,
    1104343383,
    212459365,
    1251890064,
    1957596674,
    1876850585,
    914812084,
    1604427958,
    302693802,
    2062577785,
    1550303593,
    2084645689,
    1170821165,
    706951972,
    210308234,
    835995854,
    371585709,
    931339530,
    2126751153,
    1166376877,
    561306636,
    134043765,
    1264134633,
    1445375590,
    70647870,
    173736354,
    514277549,
    2035081471,
    1697526632,
    1573816851,
    1477738022,
    1142774867,
    1281989629,
    403547916,
    833428175,
    471714177,
    1594085181,
    254583372
  ]
}