{
  "mode": "branch",
  "rep": 1103,
  "ne": 10000,
  "r": [
    1e-08,
    1.820689655172414e-07,
    3.541379310344828e-07,
    5.262068965517242e-07,
    6.982758620689656e-07,
    8.70344827586207e-07,
    1.0424137931034483e-06,
    1.2144827586206895e-06,
    1.386551724137931e-06,
    1.5586206896551725e-06,
    1.7306896551724138e-06,
    1.7306896551724138e-06,
    1.9027586206896551e-06,
    1.9027586206896551e-06,
    2.0748275862068966e-06,
    2.0748275862068966e-06,
    2.246896551724138e-06,
    2.246896551724138e-06,
    2.418965517241379e-06,
    2.418965517241379e-06,
    2.5910344827586207e-06,
    2.5910344827586207e-06,
    2.763103448275862e-06,
    2.763103448275862e-06,
    2.9351724137931037e-06,
    2.9351724137931037e-06,
    3.107241379310345e-06,
    3.107241379310345e-06,
    3.2793103448275863e-06,
    3.2793103448275863e-06,
    3.4513793103448278e-06,
    3.4513793103448278e-06,
    3.6234482758620693e-06,
    3.6234482758620693e-06,
    3.7955172413793103e-06,
    3.7955172413793103e-06,
    3.967586206896552e-06,
    3.967586206896552e-06,
    4.139655172413793e-06,
    4.139655172413793e-06,
    4.311724137931034e-06,
    4.311724137931034e-06,
    4.483793103448276e-06,
    4.483793103448276e-06,
    4.655862068965517e-06,
    4.655862068965517e-06,
    4.8279310344827585e-06,
    4.8279310344827585e-06,
    5e-06,
    5e-06
  ],
  "mu": 0,
  "samples": 250,
  "sequence_length": 1000,
  "seeds": [
    2009991903,
    1696142299,
    534389691,
    1690234301,
    1723406102,
    1798648948,
    967229954,
    1800064579,
    616390190,
    2146573031,
    1566240164,
    1298987669,
    1091470576,
    2144802074,
    1984963814,
    1675007030,
    1404384450,
    461069624,
    604498618,
    1096542379,
    178431530,
    1833521185,
    657448970,
    857274401,
    1415126823,
    2056530318,
    593789910,
    1804863245,
    1428391795,
    121817234,
    2042475301,
    785659308,
    356416574,
    459663093,
    1980228591,
    408599990,
    916559810,
    662303928,
    1982963576,
    724197313,
    651999768,
    1200414690,
    823650012,
    579394014,
    1491060511,
    871529570,
    2111130171,
    1002016897,
    1874001453,
    870452307
  ]
}