{
  "mode": "branch",
  "rep": 1096,
  "ne": 10000,
  "r": [
    1e-08,
    1e-08,
    1.820689655172414e-07,
    1.820689655172414e-07,
    3.541379310344828e-07,
    3.541379310344828e-07,
    5.262068965517242e-07,
    5.262068965517242e-07,
    6.982758620689656e-07,
    6.982758620689656e-07,
    8.70344827586207e-07,
    8.70344827586207e-07,
    1.0424137931034483e-06,
    1.0424137931034483e-06,
    1.2144827586206895e-06,
    1.2144827586206895e-06,
    1.386551724137931e-06,
    1.386551724137931e-06,
    1.5586206896551725e-06,
    1.5586206896551725e-06,
    1.7306896551724138e-06,
    1.9027586206896551e-06,
    2.0748275862068966e-06,
    2.246896551724138e-06,
    2.418965517241379e-06,
    2.5910344827586207e-06,
    2.763103448275862e-06,
    2.9351724137931037e-06,
    3.107241379310345e-06,
    3.2793103448275863e-06,
    3.4513793103448278e-06,
    3.4513793103448278e-06,
    3.6234482758620693e-06,
    3.6234482758620693e-06,
    3.7955172413793103e-06,
    3.7955172413793103e-06,
    3.967586206896552e-06,
    3.967586206896552e-06,
    4.139655172413793e-06,
    4.139655172413793e-06,
    4.311724137931034e-06,
    4.311724137931034e-06,
    4.483793103448276e-06,
    4.483793103448276e-06,
    4.655862068965517e-06,
    4.655862068965517e-06,
    4.8279310344827585e-06,
    4.8279310344827585e-06,
    5e-06,
    5e-06
  ],
  "mu": 0,
  "samples": 250,
  "sequence_length": 1000,
  "seeds": [
    2122779902,
    1441166836,
    664191963,
    1842394176,
    1203459557,
    708709756,
    1585421641,
    1373314393,
    251033063,
    1394009917,
    1679990843,
    682685012,
    109758346,
    56872188,
    1077091732,
    2116534301,
    561249919,
    852746167,
    1617692671,
    1237030612,
    393624156,
    769089076,
    593824819,
    363422465,
    1596055010,
    1200558571,
    2115937002,
    664874899,
    605822681,
    1754057390,
    1763187340,
    871946762,
    1119542891,
    409269923,
    568149879,
    1040825266,
    1369609502,
    1035800410,
    872333911,
    1215333884,
    20620797,
    1787023238,
    273115138,
    951907429,
    1397738023,
    60329024,
    279755723,
    356085982,
    890654330,
    40685129
  ]
}