{
  "mode": "branch",
  "rep": 1115,
  "ne": 10000,
  "r": [
    1e-08,
    1.820689655172414e-07,
    3.541379310344828e-07,
    5.262068965517242e-07,
    6.982758620689656e-07,
    8.70344827586207e-07,
    1.0424137931034483e-06,
    1.2144827586206895e-06,
    1.386551724137931e-06,
    1.5586206896551725e-06,
    1.7306896551724138e-06,
    1.7306896551724138e-06,
    1.9027586206896551e-06,
    1.9027586206896551e-06,
    2.0748275862068966e-06,
    2.0748275862068966e-06,
    2.246896551724138e-06,
    2.246896551724138e-06,
    2.418965517241379e-06,
    2.418965517241379e-06,
    2.5910344827586207e-06,
    2.5910344827586207e-06,
    2.763103448275862e-06,
    2.763103448275862e-06,
    2.9351724137931037e-06,
    2.9351724137931037e-06,
    3.107241379310345e-06,
    3.107241379310345e-06,
    3.2793103448275863e-06,
    3.2793103448275863e-06,
    3.4513793103448278e-06,
    3.4513793103448278e-06,
    3.6234482758620693e-06,
    3.6234482758620693e-06,
    3.7955172413793103e-06,
    3.7955172413793103e-06,
    3.967586206896552e-06,
    3.967586206896552e-06,
    4.139655172413793e-06,
    4.139655172413793e-06,
    4.311724137931034e-06,
    4.311724137931034e-06,
    4.483793103448276e-06,
    4.483793103448276e-06,
    4.655862068965517e-06,
    4.655862068965517e-06,
    4.8279310344827585e-06,
    4.8279310344827585e-06,
    5e-06,
    5e-06
  ],
  "mu": 0,
  "samples": 250,
  "sequence_length": 1000,
  "seeds": [
    521846,
    700297699,
    372548353,
    443395,
    1179689133,
    1184826545,
    542185843,
    656017016,
    708920326,
    395273976,
    323536144,
    292883053,
    1531218092,
    1982848718,
    1480007051,
    611837241,
    1370378616,
    1137978755,
    907045459,
    1881121937,
    1634539119,
    798133945,
    2115232046,
    1613971045,
    468043339,
    2104487745,
    726925092,
    354878991,
    629417681,
    80440849,
    1876435612,
    1321803246,
    1487615155,
    391639071,
    972353624,
    285984471,
    966306800,
    1394216834,
    640755551,
    2139072643,
    172921795,
    959584946,
    626514994,
    404535314,
    578530275,
    1673305181,
    1940088626,
    1768110040,
    590001411,
    1350292067
  ]
}