{
  "mode": "branch",
  "rep": 855,
  "ne": 10000,
  "r": [
    1e-08,
    1e-08,
    1.820689655172414e-07,
    1.820689655172414e-07,
    3.541379310344828e-07,
    3.541379310344828e-07,
    5.262068965517242e-07,
    5.262068965517242e-07,
    6.982758620689656e-07,
    6.982758620689656e-07,
    8.70344827586207e-07,
    8.70344827586207e-07,
    1.0424137931034483e-06,
    1.0424137931034483e-06,
    1.2144827586206895e-06,
    1.2144827586206895e-06,
    1.386551724137931e-06,
    1.386551724137931e-06,
    1.5586206896551725e-06,
    1.5586206896551725e-06,
    1.7306896551724138e-06,
    1.7306896551724138e-06,
    1.9027586206896551e-06,
    1.9027586206896551e-06,
    2.0748275862068966e-06,
    2.0748275862068966e-06,
    2.246896551724138e-06,
    2.246896551724138e-06,
    2.418965517241379e-06,
    2.418965517241379e-06,
    2.5910344827586207e-06,
    2.5910344827586207e-06,
    2.763103448275862e-06,
    2.763103448275862e-06,
    2.9351724137931037e-06,
    2.9351724137931037e-06,
    3.107241379310345e-06,
    3.107241379310345e-06,
    3.2793103448275863e-06,
    3.2793103448275863e-06,
    3.4513793103448278e-06,
    3.6234482758620693e-06,
    3.7955172413793103e-06,
    3.967586206896552e-06,
    4.139655172413793e-06,
    4.311724137931034e-06,
    4.483793103448276e-06,
    4.655862068965517e-06,
    4.8279310344827585e-06,
    5e-06
  ],
  "mu": 0,
  "samples": 250,
  "sequence_length": 1000,
  "seeds": [
    117916436,
    221416597,
    1822323326,
    915116119,
    708694284,
    1858815445,
    24605789,
    1060168804,
    1183151428,
    2117180220,
    858099236,
    1325294219,
    1424804102,
    1894935401,
    2127442026,
    1402187259,
    364092546,
    1218263874,
    1642981947,
    2030046870,
    927458042,
    2121050396,
    964642649,
    349163998,
    974722250,
    1196175091,
    454745363,
    837823428,
    872638478,
    630037847,
    785765042,
    1211686378,
    1384093720,
    1400289792,
    1029953268,
    1752127997,
    1852060451,
    477453926,
    341327956,
    1220147319,
    1795948072,
    787974457,
    1774115522,
    1620960942,
    1923168184,
    1601109369,
    1631878678,
    295847947,
    1095288377,
    1701684109
  ]
}