{
  "mode": "site",
  "rep": 429,
  "ne": 10000,
  "r": 1e-05,
  "mu": [
    1e-07,
    1e-07,
    4.413793103448276e-07,
    4.413793103448276e-07,
    7.827586206896552e-07,
    7.827586206896552e-07,
    1.1241379310344827e-06,
    1.1241379310344827e-06,
    1.4655172413793102e-06,
    1.4655172413793102e-06,
    1.8068965517241377e-06,
    1.8068965517241377e-06,
    2.1482758620689656e-06,
    2.1482758620689656e-06,
    2.489655172413793e-06,
    2.489655172413793e-06,
    2.8310344827586205e-06,
    2.8310344827586205e-06,
    3.172413793103448e-06,
    3.172413793103448e-06,
    3.5137931034482755e-06,
    3.5137931034482755e-06,
    3.855172413793104e-06,
    3.855172413793104e-06,
    4.196551724137931e-06,
    4.196551724137931e-06,
    4.537931034482759e-06,
    4.537931034482759e-06,
    4.879310344827586e-06,
    4.879310344827586e-06,
    5.220689655172414e-06,
    5.220689655172414e-06,
    5.562068965517241e-06,
    5.562068965517241e-06,
    5.903448275862069e-06,
    5.903448275862069e-06,
    6.244827586206896e-06,
    6.244827586206896e-06,
    6.5862068965517236e-06,
    6.5862068965517236e-06,
    6.927586206896551e-06,
    7.268965517241379e-06,
    7.610344827586207e-06,
    7.951724137931034e-06,
    8.293103448275863e-06,
    8.634482758620691e-06,
    8.975862068965518e-06,
    9.317241379310346e-06,
    9.658620689655173e-06,
    1e-05
  ],
  "samples": 500,
  "sequence_length": 50000,
  "seeds": [
    934755911,
    615382143,
    1441969406,
    737042303,
    1116667846,
    1638549218,
    1178784274,
    1687537371,
    1827260541,
    566839412,
    1929528458,
    1627937470,
    714439255,
    63418548,
    1032659864,
    308152628,
    1344007248,
    1573249714,
    151968040,
    1871114265,
    1119857187,
    1590001821,
    1404983516,
    496781654,
    561842599,
    221086258,
    1124412097,
    112468313,
    499734686,
    1985232998,
    1377793360,
    582623005,
    528662898,
    542570156,
    285580609,
    2072571701,
    577266182,
    1659223785,
    842499717,
    1714882102,
    603143268,
    1878781859,
    2080721279,
    563640889,
    897315701,
    706612925,
    388854789,
    539051600,
    1559542415,
    1722068807
  ]
}