{
  "mode": "site",
  "rep": 80,
  "ne": 10000,
  "r": 1e-05,
  "mu": [
    1e-07,
    4.413793103448276e-07,
    7.827586206896552e-07,
    1.1241379310344827e-06,
    1.4655172413793102e-06,
    1.8068965517241377e-06,
    2.1482758620689656e-06,
    2.489655172413793e-06,
    2.8310344827586205e-06,
    3.172413793103448e-06,
    3.5137931034482755e-06,
    3.5137931034482755e-06,
    3.855172413793104e-06,
    3.855172413793104e-06,
    4.196551724137931e-06,
    4.196551724137931e-06,
    4.537931034482759e-06,
    4.537931034482759e-06,
    4.879310344827586e-06,
    4.879310344827586e-06,
    5.220689655172414e-06,
    5.220689655172414e-06,
    5.562068965517241e-06,
    5.562068965517241e-06,
    5.903448275862069e-06,
    5.903448275862069e-06,
    6.244827586206896e-06,
    6.244827586206896e-06,
    6.5862068965517236e-06,
    6.5862068965517236e-06,
    6.927586206896551e-06,
    6.927586206896551e-06,
    7.268965517241379e-06,
    7.268965517241379e-06,
    7.610344827586207e-06,
    7.610344827586207e-06,
    7.951724137931034e-06,
    7.951724137931034e-06,
    8.293103448275863e-06,
    8.293103448275863e-06,
    8.634482758620691e-06,
    8.634482758620691e-06,
    8.975862068965518e-06,
    8.975862068965518e-06,
    9.317241379310346e-06,
    9.317241379310346e-06,
    9.658620689655173e-06,
    9.658620689655173e-06,
    1e-05,
    1e-05
  ],
  "samples": 500,
  "sequence_length": 10000,
  "seeds": [
    731927237,
    1713314474,
    1181103785,
    961557392,
    1687929588,
    149283592,
    729621055,
    193101546,
    1976153149,
    805074930,
    2108451312,
    2040870480,
    1125746521,
    643182557,
    1958239901,
    1322431393,
    1677449697,
    503971465,
    704572342,
    789685699,
    368985765,
    468266826,
    437683383,
    1749047446,
    443709371,
    1343338794,
    678793918,
    763213856,
    1748984618,
    1152470528,
    1185934455,
    733160742,
    1083946496,
    804181495,
    1079760818,
    265325427,
    245336876,
    1179050246,
    112079084,
    786797297,
    823201092,
    538875678,
    1308698222,
    2003672514,
    916522940,
    1800710509,
    744081664,
    1009441635,
    1666606332,
    2069056305
  ]
}