{
  "mode": "site",
  "rep": 97,
  "ne": 10000,
  "r": 1e-05,
  "mu": [
    1e-07,
    1e-07,
    4.413793103448276e-07,
    4.413793103448276e-07,
    7.827586206896552e-07,
    7.827586206896552e-07,
    1.1241379310344827e-06,
    1.1241379310344827e-06,
    1.4655172413793102e-06,
    1.4655172413793102e-06,
    1.8068965517241377e-06,
    1.8068965517241377e-06,
    2.1482758620689656e-06,
    2.1482758620689656e-06,
    2.489655172413793e-06,
    2.489655172413793e-06,
    2.8310344827586205e-06,
    2.8310344827586205e-06,
    3.172413793103448e-06,
    3.172413793103448e-06,
    3.5137931034482755e-06,
    3.855172413793104e-06,
    4.196551724137931e-06,
    4.537931034482759e-06,
    4.879310344827586e-06,
    5.220689655172414e-06,
    5.562068965517241e-06,
    5.903448275862069e-06,
    6.244827586206896e-06,
    6.5862068965517236e-06,
    6.927586206896551e-06,
    6.927586206896551e-06,
    7.268965517241379e-06,
    7.268965517241379e-06,
    7.610344827586207e-06,
    7.610344827586207e-06,
    7.951724137931034e-06,
    7.951724137931034e-06,
    8.293103448275863e-06,
    8.293103448275863e-06,
    8.634482758620691e-06,
    8.634482758620691e-06,
    8.975862068965518e-06,
    8.975862068965518e-06,
    9.317241379310346e-06,
    9.317241379310346e-06,
    9.658620689655173e-06,
    9.658620689655173e-06,
    1e-05,
    1e-05
  ],
  "samples": 500,
  "sequence_length": 10000,
  "seeds": [
    1238883908,
    395409275,
    516459560,
    548434604,
    364840175,
    41358953,
    1298285521,
    163520293,
    226280381,
    464090221,
    1314225912,
    671391036,
    2068109772,
    954289738,
    1327219006,
    130822502,
    839610777,
    1788171590,
    595633864,
    2044067307,
    537247577,
    1350524778,
    1541643104,
    1359290161,
    1100461309,
    552794459,
    332177240,
    1854828004,
    587623951,
    1905103523,
    244529640,
    759524247,
    704484771,
    1714375466,
    1619424622,
    1715083583,
    1329477800,
    673128086,
    1395764567,
    697690955,
    874917831,
    1592533516,
    1709758139,
    104882092,
    191377798,
    106706058,
    1574922695,
    115787394,
    378609792,
    1464459922
  ]
}