{
  "mode": "site",
  "rep": 436,
  "ne": 10000,
  "r": 1e-05,
  "mu": [
    1e-07,
    1e-07,
    4.413793103448276e-07,
    4.413793103448276e-07,
    7.827586206896552e-07,
    7.827586206896552e-07,
    1.1241379310344827e-06,
    1.1241379310344827e-06,
    1.4655172413793102e-06,
    1.4655172413793102e-06,
    1.8068965517241377e-06,
    1.8068965517241377e-06,
    2.1482758620689656e-06,
    2.1482758620689656e-06,
    2.489655172413793e-06,
    2.489655172413793e-06,
    2.8310344827586205e-06,
    2.8310344827586205e-06,
    3.172413793103448e-06,
    3.172413793103448e-06,
    3.5137931034482755e-06,
    3.855172413793104e-06,
    4.196551724137931e-06,
    4.537931034482759e-06,
    4.879310344827586e-06,
    5.220689655172414e-06,
    5.562068965517241e-06,
    5.903448275862069e-06,
    6.244827586206896e-06,
    6.5862068965517236e-06,
    6.927586206896551e-06,
    6.927586206896551e-06,
    7.268965517241379e-06,
    7.268965517241379e-06,
    7.610344827586207e-06,
    7.610344827586207e-06,
    7.951724137931034e-06,
    7.951724137931034e-06,
    8.293103448275863e-06,
    8.293103448275863e-06,
    8.634482758620691e-06,
    8.634482758620691e-06,
    8.975862068965518e-06,
    8.975862068965518e-06,
    9.317241379310346e-06,
    9.317241379310346e-06,
    9.658620689655173e-06,
    9.658620689655173e-06,
    1e-05,
    1e-05
  ],
  "samples": 500,
  "sequence_length": 50000,
  "seeds": [
    1796499766,
    1906363786,
    773748168,
    1736935285,
    1143711588,
    2091966329,
    1319978999,
    1391245674,
    1705924411,
    1532150831,
    1889413426,
    354991465,
    1004918489,
    1788232614,
    192043659,
    737226038,
    308478842,
    120678230,
    1482183452,
    1988367801,
    467612042,
    623445337,
    1005146321,
    1965422459,
    1517927824,
    395116812,
    1104920870,
    1400845498,
    387160841,
    564514128,
    283147313,
    1388041893,
    41785211,
    1769610921,
    1594264699,
    275736576,
    1744147663,
    1063312162,
    2123053596,
    2033693163,
    675519437,
    625172191,
    1884289437,
    1799046719,
    1804188910,
    867128343,
    1394016760,
    1770849087,
    1154661346,
    1582746574
  ]
}