{
  "mode": "site",
  "rep": 278,
  "ne": 10000,
  "r": 1e-05,
  "mu": [
    1e-07,
    4.413793103448276e-07,
    7.827586206896552e-07,
    1.1241379310344827e-06,
    1.4655172413793102e-06,
    1.8068965517241377e-06,
    2.1482758620689656e-06,
    2.489655172413793e-06,
    2.8310344827586205e-06,
    3.172413793103448e-06,
    3.5137931034482755e-06,
    3.5137931034482755e-06,
    3.855172413793104e-06,
    3.855172413793104e-06,
    4.196551724137931e-06,
    4.196551724137931e-06,
    4.537931034482759e-06,
    4.537931034482759e-06,
    4.879310344827586e-06,
    4.879310344827586e-06,
    5.220689655172414e-06,
    5.220689655172414e-06,
    5.562068965517241e-06,
    5.562068965517241e-06,
    5.903448275862069e-06,
    5.903448275862069e-06,
    6.244827586206896e-06,
    6.244827586206896e-06,
    6.5862068965517236e-06,
    6.5862068965517236e-06,
    6.927586206896551e-06,
    6.927586206896551e-06,
    7.268965517241379e-06,
    7.268965517241379e-06,
    7.610344827586207e-06,
    7.610344827586207e-06,
    7.951724137931034e-06,
    7.951724137931034e-06,
    8.293103448275863e-06,
    8.293103448275863e-06,
    8.634482758620691e-06,
    8.634482758620691e-06,
    8.975862068965518e-06,
    8.975862068965518e-06,
    9.317241379310346e-06,
    9.317241379310346e-06,
    9.658620689655173e-06,
    9.658620689655173e-06,
    1e-05,
    1e-05
  ],
  "samples": 500,
  "sequence_length": 10000,
  "seeds": [
    1880962767,
    1427781840,
    1944996764,
    1355140362,
    1475109720,
    1092665276,
    2066623144,
    1805783073,
    280622352,
    1816034448,
    1088800335,
    2082162549,
    1958874420,
    1724785983,
    382701040,
    500028142,
    379627987,
    1862394152,
    66925128,
    388231948,
    1950326245,
    519675199,
    317165546,
    1596812073,
    1398414870,
    1063795810,
    739416984,
    1168525241,
    771412588,
    1311121977,
    14351685,
    42771757,
    1757570517,
    533691659,
    1904305664,
    245369474,
    1578777585,
    1975636883,
    1478925197,
    898364139,
    698896690,
    1931142178,
    51598366,
    119530559,
    1456048983,
    1916490715,
    1206047816,
    722637945,
    532638348,
    1901837807
  ]
}