{
  "mode": "branch",
  "rep": 1132,
  "ne": 10000,
  "r": [
    1e-08,
    1e-08,
    1.820689655172414e-07,
    1.820689655172414e-07,
    3.541379310344828e-07,
    3.541379310344828e-07,
    5.262068965517242e-07,
    5.262068965517242e-07,
    6.982758620689656e-07,
    6.982758620689656e-07,
    8.70344827586207e-07,
    8.70344827586207e-07,
    1.0424137931034483e-06,
    1.0424137931034483e-06,
    1.2144827586206895e-06,
    1.2144827586206895e-06,
    1.386551724137931e-06,
    1.386551724137931e-06,
    1.5586206896551725e-06,
    1.5586206896551725e-06,
    1.7306896551724138e-06,
    1.9027586206896551e-06,
    2.0748275862068966e-06,
    2.246896551724138e-06,
    2.418965517241379e-06,
    2.5910344827586207e-06,
    2.763103448275862e-06,
    2.9351724137931037e-06,
    3.107241379310345e-06,
    3.2793103448275863e-06,
    3.4513793103448278e-06,
    3.4513793103448278e-06,
    3.6234482758620693e-06,
    3.6234482758620693e-06,
    3.7955172413793103e-06,
    3.7955172413793103e-06,
    3.967586206896552e-06,
    3.967586206896552e-06,
    4.139655172413793e-06,
    4.139655172413793e-06,
    4.311724137931034e-06,
    4.311724137931034e-06,
    4.483793103448276e-06,
    4.483793103448276e-06,
    4.655862068965517e-06,
    4.655862068965517e-06,
    4.8279310344827585e-06,
    4.8279310344827585e-06,
    5e-06,
    5e-06
  ],
  "mu": 0,
  "samples": 250,
  "sequence_length": 1000,
  "seeds": [
    302488244,
    1130756851,
    1198131776,
    1149111724,
    388551975,
    993141238,
    1595302142,
    263827724,
    1382865937,
    367146559,
    1020291897,
    290543349,
    124476515,
    451528060,
    1180711168,
    556269268,
    75654789,
    1807920210,
    1135879183,
    1705235227,
    966716690,
    235060347,
    444685557,
    1980720790,
    942242139,
    1416603847,
    195319884,
    2017030985,
    991755206,
    1493095511,
    595023227,
    755696219,
    1252956980,
    1649974061,
    1160693642,
    176415379,
    58736773,
    971214128,
    1052420310,
    1980776262,
    1219002810,
    980471465,
    1516748686,
    109586829,
    518110125,
    1086341758,
    1994867841,
    1250387770,
    1027526103,
    1898464424
  ]
}