{
  "mode": "branch",
  "rep": 760,
  "ne": 10000,
  "r": [
    1e-08,
    1e-08,
    1.820689655172414e-07,
    1.820689655172414e-07,
    3.541379310344828e-07,
    3.541379310344828e-07,
    5.262068965517242e-07,
    5.262068965517242e-07,
    6.982758620689656e-07,
    6.982758620689656e-07,
    8.70344827586207e-07,
    8.70344827586207e-07,
    1.0424137931034483e-06,
    1.0424137931034483e-06,
    1.2144827586206895e-06,
    1.2144827586206895e-06,
    1.386551724137931e-06,
    1.386551724137931e-06,
    1.5586206896551725e-06,
    1.5586206896551725e-06,
    1.7306896551724138e-06,
    1.9027586206896551e-06,
    2.0748275862068966e-06,
    2.246896551724138e-06,
    2.418965517241379e-06,
    2.5910344827586207e-06,
    2.763103448275862e-06,
    2.9351724137931037e-06,
    3.107241379310345e-06,
    3.2793103448275863e-06,
    3.4513793103448278e-06,
    3.4513793103448278e-06,
    3.6234482758620693e-06,
    3.6234482758620693e-06,
    3.7955172413793103e-06,
    3.7955172413793103e-06,
    3.967586206896552e-06,
    3.967586206896552e-06,
    4.139655172413793e-06,
    4.139655172413793e-06,
    4.311724137931034e-06,
    4.311724137931034e-06,
    4.483793103448276e-06,
    4.483793103448276e-06,
    4.655862068965517e-06,
    4.655862068965517e-06,
    4.8279310344827585e-06,
    4.8279310344827585e-06,
    5e-06,
    5e-06
  ],
  "mu": 0,
  "samples": 250,
  "sequence_length": 1000,
  "seeds": [
    197133385,
    841563728,
    2072856480,
    225756332,
    342686811,
    249992346,
    610962504,
    851278969,
    2143098263,
    1220285867,
    1519067750,
    1459378004,
    1201083889,
    716965489,
    1057143270,
    1211947631,
    975904738,
    2128996201,
    1985884363,
    45212015,
    1990526435,
    1996816183,
    1009002292,
    1243460298,
    1501536385,
    603047780,
    387454210,
    1587639200,
    960299745,
    2006982037,
    455747136,
    399300160,
    1475466101,
    1135327408,
    641391360,
    721821436,
    1705947776,
    1434550546,
    732697088,
    670450737,
    90689269,
    1628651685,
    1041866332,
    1986996475,
    1462811517,
    1305094626,
    1810654756,
    1016819811,
    715755467,
    407146190
  ]
}