{
  "mode": "branch",
  "rep": 718,
  "ne": 10000,
  "r": [
    1e-08,
    1e-08,
    1.820689655172414e-07,
    1.820689655172414e-07,
    3.541379310344828e-07,
    3.541379310344828e-07,
    5.262068965517242e-07,
    5.262068965517242e-07,
    6.982758620689656e-07,
    6.982758620689656e-07,
    8.70344827586207e-07,
    8.70344827586207e-07,
    1.0424137931034483e-06,
    1.0424137931034483e-06,
    1.2144827586206895e-06,
    1.2144827586206895e-06,
    1.386551724137931e-06,
    1.386551724137931e-06,
    1.5586206896551725e-06,
    1.5586206896551725e-06,
    1.7306896551724138e-06,
    1.9027586206896551e-06,
    2.0748275862068966e-06,
    2.246896551724138e-06,
    2.418965517241379e-06,
    2.5910344827586207e-06,
    2.763103448275862e-06,
    2.9351724137931037e-06,
    3.107241379310345e-06,
    3.2793103448275863e-06,
    3.4513793103448278e-06,
    3.4513793103448278e-06,
    3.6234482758620693e-06,
    3.6234482758620693e-06,
    3.7955172413793103e-06,
    3.7955172413793103e-06,
    3.967586206896552e-06,
    3.967586206896552e-06,
    4.139655172413793e-06,
    4.139655172413793e-06,
    4.311724137931034e-06,
    4.311724137931034e-06,
    4.483793103448276e-06,
    4.483793103448276e-06,
    4.655862068965517e-06,
    4.655862068965517e-06,
    4.8279310344827585e-06,
    4.8279310344827585e-06,
    5e-06,
    5e-06
  ],
  "mu": 0,
  "samples": 250,
  "sequence_length": 1000,
  "seeds": [
    528425476,
    1687269024,
    896329255,
    2053163491,
    738683964,
    1032190748,
    1446630662,
    1571978334,
    159094021,
    1113385425,
    1497563840,
    1629997797,
    892905687,
    839267841,
    2044982089,
    493769798,
    1008764014,
    1027600293,
    1646596546,
    1505057465,
    1230039501,
    799510391,
    972485983,
    713391151,
    8303190,
    689488066,
    138518832,
    1177620360,
    1634211462,
    1707149136,
    1472806583,
    13844494,
    558809023,
    99758200,
    124944690,
    1361524374,
    1593529204,
    324651036,
    2056386795,
    520497329,
    1562250114,
    1149931096,
    1750882246,
    436753397,
    1060103287,
    1298234596,
    222401938,
    624517884,
    459877683,
    2120639987
  ]
}