{
  "mode": "branch",
  "rep": 796,
  "ne": 10000,
  "r": [
    1e-08,
    1e-08,
    1.820689655172414e-07,
    1.820689655172414e-07,
    3.541379310344828e-07,
    3.541379310344828e-07,
    5.262068965517242e-07,
    5.262068965517242e-07,
    6.982758620689656e-07,
    6.982758620689656e-07,
    8.70344827586207e-07,
    8.70344827586207e-07,
    1.0424137931034483e-06,
    1.0424137931034483e-06,
    1.2144827586206895e-06,
    1.2144827586206895e-06,
    1.386551724137931e-06,
    1.386551724137931e-06,
    1.5586206896551725e-06,
    1.5586206896551725e-06,
    1.7306896551724138e-06,
    1.9027586206896551e-06,
    2.0748275862068966e-06,
    2.246896551724138e-06,
    2.418965517241379e-06,
    2.5910344827586207e-06,
    2.763103448275862e-06,
    2.9351724137931037e-06,
    3.107241379310345e-06,
    3.2793103448275863e-06,
    3.4513793103448278e-06,
    3.4513793103448278e-06,
    3.6234482758620693e-06,
    3.6234482758620693e-06,
    3.7955172413793103e-06,
    3.7955172413793103e-06,
    3.967586206896552e-06,
    3.967586206896552e-06,
    4.139655172413793e-06,
    4.139655172413793e-06,
    4.311724137931034e-06,
    4.311724137931034e-06,
    4.483793103448276e-06,
    4.483793103448276e-06,
    4.655862068965517e-06,
    4.655862068965517e-06,
    4.8279310344827585e-06,
    4.8279310344827585e-06,
    5e-06,
    5e-06
  ],
  "mu": 0,
  "samples": 250,
  "sequence_length": 1000,
  "seeds": [
    268433149,
    1051654912,
    185416828,
    2079998959,
    1785608574,
    1185957674,
    1378440947,
    1986578592,
    1061529030,
    905169073,
    162839736,
    872070977,
    792560691,
    427862511,
    1389058897,
    1917281090,
    216584487,
    595625038,
    796543164,
    224057740,
    435941223,
    1804356243,
    566954837,
    1374460546,
    1394816746,
    1014507715,
    977373302,
    1105705874,
    273289494,
    237097644,
    65525557,
    880195827,
    1637923507,
    344404943,
    1332464663,
    1251911285,
    1569464807,
    750119867,
    273341108,
    46720547,
    1005585170,
    1823725082,
    1190427242,
    767877759,
    891154637,
    353710172,
    2023387954,
    893970343,
    276861573,
    1111151323
  ]
}