{
  "mode": "branch",
  "rep": 1181,
  "ne": 10000,
  "r": [
    1e-08,
    1.820689655172414e-07,
    3.541379310344828e-07,
    5.262068965517242e-07,
    6.982758620689656e-07,
    8.70344827586207e-07,
    1.0424137931034483e-06,
    1.2144827586206895e-06,
    1.386551724137931e-06,
    1.5586206896551725e-06,
    1.7306896551724138e-06,
    1.7306896551724138e-06,
    1.9027586206896551e-06,
    1.9027586206896551e-06,
    2.0748275862068966e-06,
    2.0748275862068966e-06,
    2.246896551724138e-06,
    2.246896551724138e-06,
    2.418965517241379e-06,
    2.418965517241379e-06,
    2.5910344827586207e-06,
    2.5910344827586207e-06,
    2.763103448275862e-06,
    2.763103448275862e-06,
    2.9351724137931037e-06,
    2.9351724137931037e-06,
    3.107241379310345e-06,
    3.107241379310345e-06,
    3.2793103448275863e-06,
    3.2793103448275863e-06,
    3.4513793103448278e-06,
    3.4513793103448278e-06,
    3.6234482758620693e-06,
    3.6234482758620693e-06,
    3.7955172413793103e-06,
    3.7955172413793103e-06,
    3.967586206896552e-06,
    3.967586206896552e-06,
    4.139655172413793e-06,
    4.139655172413793e-06,
    4.311724137931034e-06,
    4.311724137931034e-06,
    4.483793103448276e-06,
    4.483793103448276e-06,
    4.655862068965517e-06,
    4.655862068965517e-06,
    4.8279310344827585e-06,
    4.8279310344827585e-06,
    5e-06,
    5e-06
  ],
  "mu": 0,
  "samples": 250,
  "sequence_length": 1000,
  "seeds": [
    486853054,
    1014465078,
    421815604,
    1631889026,
    1204572067,
    799479497,
    1553348737,
    1384088347,
    2057557622,
    1857034846,
    1652853005,
    841666006,
    1524681809,
    1061994799,
    1405207839,
    1168396678,
    1106195092,
    86851783,
    531011163,
    1697785933,
    1637147470,
    361656822,
    625545088,
    1911628208,
    1991568999,
    1228229629,
    1004106205,
    1996204106,
    158663878,
    1448119538,
    543020524,
    1027691686,
    783139707,
    707030583,
    532982288,
    1734219666,
    1198875896,
    369170421,
    1447496094,
    1190127048,
    21569764,
    890056787,
    1990006924,
    482722350,
    1726367803,
    626449852,
    1933568820,
    2136901765,
    1237087210,
    76115481
  ]
}