{
  "mode": "site",
  "rep": 497,
  "ne": 10000,
  "r": 1e-05,
  "mu": [
    1e-07,
    4.413793103448276e-07,
    7.827586206896552e-07,
    1.1241379310344827e-06,
    1.4655172413793102e-06,
    1.8068965517241377e-06,
    2.1482758620689656e-06,
    2.489655172413793e-06,
    2.8310344827586205e-06,
    3.172413793103448e-06,
    3.5137931034482755e-06,
    3.5137931034482755e-06,
    3.855172413793104e-06,
    3.855172413793104e-06,
    4.196551724137931e-06,
    4.196551724137931e-06,
    4.537931034482759e-06,
    4.537931034482759e-06,
    4.879310344827586e-06,
    4.879310344827586e-06,
    5.220689655172414e-06,
    5.220689655172414e-06,
    5.562068965517241e-06,
    5.562068965517241e-06,
    5.903448275862069e-06,
    5.903448275862069e-06,
    6.244827586206896e-06,
    6.244827586206896e-06,
    6.5862068965517236e-06,
    6.5862068965517236e-06,
    6.927586206896551e-06,
    6.927586206896551e-06,
    7.268965517241379e-06,
    7.268965517241379e-06,
    7.610344827586207e-06,
    7.610344827586207e-06,
    7.951724137931034e-06,
    7.951724137931034e-06,
    8.293103448275863e-06,
    8.293103448275863e-06,
    8.634482758620691e-06,
    8.634482758620691e-06,
    8.975862068965518e-06,
    8.975862068965518e-06,
    9.317241379310346e-06,
    9.317241379310346e-06,
    9.658620689655173e-06,
    9.658620689655173e-06,
    1e-05,
    1e-05
  ],
  "samples": 500,
  "sequence_length": 10000,
  "seeds": [
    1079455260,
    1046645905,
    2099273184,
    2072748507,
    1167245764,
    1603684250,
    1668667039,
    907186135,
    1248561565,
    1505138194,
    1052526063,
    919808130,
    2119878400,
    586914399,
    57803531,
    321097584,
    1322282280,
    9469129,
    822975238,
    10066971,
    291951060,
    505179165,
    1457422853,
    950325636,
    1621724012,
    2105536245,
    1535801529,
    710257669,
    1196352770,
    2107203201,
    831810299,
    205715567,
    2109024324,
    953655981,
    1545714687,
    586420259,
    1540662088,
    1083814851,
    1791187126,
    620815303,
    479513450,
    423787550,
    442351987,
    1200674564,
    1958658037,
    431430908,
    1074505843,
    1938991507,
    1304375955,
    570630206
  ]
}