{
  "mode": "site",
  "rep": 69,
  "ne": 10000,
  "r": 1e-05,
  "mu": [
    1e-07,
    1e-07,
    4.413793103448276e-07,
    4.413793103448276e-07,
    7.827586206896552e-07,
    7.827586206896552e-07,
    1.1241379310344827e-06,
    1.1241379310344827e-06,
    1.4655172413793102e-06,
    1.4655172413793102e-06,
    1.8068965517241377e-06,
    1.8068965517241377e-06,
    2.1482758620689656e-06,
    2.1482758620689656e-06,
    2.489655172413793e-06,
    2.489655172413793e-06,
    2.8310344827586205e-06,
    2.8310344827586205e-06,
    3.172413793103448e-06,
    3.172413793103448e-06,
    3.5137931034482755e-06,
    3.5137931034482755e-06,
    3.855172413793104e-06,
    3.855172413793104e-06,
    4.196551724137931e-06,
    4.196551724137931e-06,
    4.537931034482759e-06,
    4.537931034482759e-06,
    4.879310344827586e-06,
    4.879310344827586e-06,
    5.220689655172414e-06,
    5.220689655172414e-06,
    5.562068965517241e-06,
    5.562068965517241e-06,
    5.903448275862069e-06,
    5.903448275862069e-06,
    6.244827586206896e-06,
    6.244827586206896e-06,
    6.5862068965517236e-06,
    6.5862068965517236e-06,
    6.927586206896551e-06,
    7.268965517241379e-06,
    7.610344827586207e-06,
    7.951724137931034e-06,
    8.293103448275863e-06,
    8.634482758620691e-06,
    8.975862068965518e-06,
    9.317241379310346e-06,
    9.658620689655173e-06,
    1e-05
  ],
  "samples": 500,
  "sequence_length": 10000,
  "seeds": [
    317080571,
    1134915189,
    572250517,
    1971290298,
    3409711,
    54521118,
    162951890,
    1475167691,
    1400988918,
    995236941,
    1819730268,
    1435659655,
    1154184310,
    1229535206,
    507961458,
    1151412225,
    1083245570,
    1613174943,
    1811493253,
    1536921911,
    561212435,
    453186807,
    254756092,
    1224136802,
    550709756,
    819911973,
    128215562,
    255367419,
    1847532769,
    1972107689,
    1273930640,
    319341291,
    2031008121,
    886763204,
    32788704,
    792376159,
    245421047,
    1857287994,
    1815703926,
    123572138,
    1984120849,
    509481473,
    728971413,
    905314361,
    1562965384,
    1525536305,
    1372825665,
    1869668093,
    1360178414,
    350306016
  ]
}