{
  "mode": "site",
  "rep": 428,
  "ne": 10000,
  "r": 1e-05,
  "mu": [
    1e-07,
    4.413793103448276e-07,
    7.827586206896552e-07,
    1.1241379310344827e-06,
    1.4655172413793102e-06,
    1.8068965517241377e-06,
    2.1482758620689656e-06,
    2.489655172413793e-06,
    2.8310344827586205e-06,
    3.172413793103448e-06,
    3.5137931034482755e-06,
    3.5137931034482755e-06,
    3.855172413793104e-06,
    3.855172413793104e-06,
    4.196551724137931e-06,
    4.196551724137931e-06,
    4.537931034482759e-06,
    4.537931034482759e-06,
    4.879310344827586e-06,
    4.879310344827586e-06,
    5.220689655172414e-06,
    5.220689655172414e-06,
    5.562068965517241e-06,
    5.562068965517241e-06,
    5.903448275862069e-06,
    5.903448275862069e-06,
    6.244827586206896e-06,
    6.244827586206896e-06,
    6.5862068965517236e-06,
    6.5862068965517236e-06,
    6.927586206896551e-06,
    6.927586206896551e-06,
    7.268965517241379e-06,
    7.268965517241379e-06,
    7.610344827586207e-06,
    7.610344827586207e-06,
    7.951724137931034e-06,
    7.951724137931034e-06,
    8.293103448275863e-06,
    8.293103448275863e-06,
    8.634482758620691e-06,
    8.634482758620691e-06,
    8.975862068965518e-06,
    8.975862068965518e-06,
    9.317241379310346e-06,
    9.317241379310346e-06,
    9.658620689655173e-06,
    9.658620689655173e-06,
    1e-05,
    1e-05
  ],
  "samples": 500,
  "sequence_length": 50000,
  "seeds": [
    2121886929,
    2047210079,
    1524338916,
    663766445,
    55802284,
    1990878343,
    1076295945,
    1879506553,
    1347006443,
    1745469905,
    460751236,
    1102039827,
    158047716,
    1472053412,
    1762727269,
    918038521,
    1343394014,
    1992007027,
    1171486241,
    1113895133,
    1435846708,
    784829881,
    401837922,
    1370349808,
    1948116091,
    1698784619,
    971681684,
    369702032,
    131866637,
    576656870,
    1351121678,
    517950211,
    1942631813,
    747498379,
    111370681,
    314857447,
    743412977,
    653846961,
    1600606937,
    174461201,
    1803468144,
    52454341,
    1615411138,
    485394117,
    650700421,
    1582168995,
    1252955456,
    1869754820,
    1802095009,
    2126737474
  ]
}