{
  "mode": "branch",
  "rep": 1068,
  "ne": 10000,
  "r": [
    1e-08,
    1e-08,
    1.820689655172414e-07,
    1.820689655172414e-07,
    3.541379310344828e-07,
    3.541379310344828e-07,
    5.262068965517242e-07,
    5.262068965517242e-07,
    6.982758620689656e-07,
    6.982758620689656e-07,
    8.70344827586207e-07,
    8.70344827586207e-07,
    1.0424137931034483e-06,
    1.0424137931034483e-06,
    1.2144827586206895e-06,
    1.2144827586206895e-06,
    1.386551724137931e-06,
    1.386551724137931e-06,
    1.5586206896551725e-06,
    1.5586206896551725e-06,
    1.7306896551724138e-06,
    1.7306896551724138e-06,
    1.9027586206896551e-06,
    1.9027586206896551e-06,
    2.0748275862068966e-06,
    2.0748275862068966e-06,
    2.246896551724138e-06,
    2.246896551724138e-06,
    2.418965517241379e-06,
    2.418965517241379e-06,
    2.5910344827586207e-06,
    2.5910344827586207e-06,
    2.763103448275862e-06,
    2.763103448275862e-06,
    2.9351724137931037e-06,
    2.9351724137931037e-06,
    3.107241379310345e-06,
    3.107241379310345e-06,
    3.2793103448275863e-06,
    3.2793103448275863e-06,
    3.4513793103448278e-06,
    3.6234482758620693e-06,
    3.7955172413793103e-06,
    3.967586206896552e-06,
    4.139655172413793e-06,
    4.311724137931034e-06,
    4.483793103448276e-06,
    4.655862068965517e-06,
    4.8279310344827585e-06,
    5e-06
  ],
  "mu": 0,
  "samples": 250,
  "sequence_length": 1000,
  "seeds": [
    1546173842,
    913286562,
    1699058873,
    1109436353,
    1868891995,
    391847771,
    1144089688,
    1386117384,
    1315042440,
    1579833930,
    4556455,
    2054815010,
    1164881785,
    69566430,
    66178384,
    207419851,
    1284912674,
    987462386,
    1277624124,
    1748309789,
    1888398186,
    1291188095,
    854346812,
    249886384,
    262387405,
    1000807281,
    45674868,
    1186298893,
    695369383,
    1665821667,
    357385236,
    753180742,
    1626811377,
    530196780,
    1233577130,
    2021549401,
    1400136096,
    1662729873,
    1065465748,
    839094035,
    1087215347,
    620088784,
    1306961391,
    56855680,
    1165841463,
    1054449884,
    1853216612,
    490668096,
    449431747,
    1550658242
  ]
}