{
  "mode": "site",
  "rep": 338,
  "ne": 10000,
  "r": 1e-05,
  "mu": [
    1e-07,
    4.413793103448276e-07,
    7.827586206896552e-07,
    1.1241379310344827e-06,
    1.4655172413793102e-06,
    1.8068965517241377e-06,
    2.1482758620689656e-06,
    2.489655172413793e-06,
    2.8310344827586205e-06,
    3.172413793103448e-06,
    3.5137931034482755e-06,
    3.5137931034482755e-06,
    3.855172413793104e-06,
    3.855172413793104e-06,
    4.196551724137931e-06,
    4.196551724137931e-06,
    4.537931034482759e-06,
    4.537931034482759e-06,
    4.879310344827586e-06,
    4.879310344827586e-06,
    5.220689655172414e-06,
    5.220689655172414e-06,
    5.562068965517241e-06,
    5.562068965517241e-06,
    5.903448275862069e-06,
    5.903448275862069e-06,
    6.244827586206896e-06,
    6.244827586206896e-06,
    6.5862068965517236e-06,
    6.5862068965517236e-06,
    6.927586206896551e-06,
    6.927586206896551e-06,
    7.268965517241379e-06,
    7.268965517241379e-06,
    7.610344827586207e-06,
    7.610344827586207e-06,
    7.951724137931034e-06,
    7.951724137931034e-06,
    8.293103448275863e-06,
    8.293103448275863e-06,
    8.634482758620691e-06,
    8.634482758620691e-06,
    8.975862068965518e-06,
    8.975862068965518e-06,
    9.317241379310346e-06,
    9.317241379310346e-06,
    9.658620689655173e-06,
    9.658620689655173e-06,
    1e-05,
    1e-05
  ],
  "samples": 500,
  "sequence_length": 10000,
  "seeds": [
    1038084112,
    890407638,
    262463369,
    1184865123,
    2044879218,
    2021072394,
    263814447,
    1478009871,
    544637513,
    1596014230,
    585317860,
    1784499180,
    535110219,
    24120444,
    27135946,
    958948266,
    748815792,
    955340333,
    450551121,
    2146096259,
    1279044519,
    1467174622,
    1664417651,
    1576800308,
    1396089022,
    1165720372,
    1676813167,
    386735356,
    1244355751,
    515649457,
    1674178219,
    1223454482,
    110595474,
    39486120,
    1327979517,
    907592909,
    1763236032,
    1870598225,
    1138650704,
    32573332,
    464511660,
    1964068803,
    623594488,
    1257469763,
    1659796696,
    2025248329,
    497150538,
    1377160314,
    1752205104,
    1938491520
  ]
}