{
  "mode": "site",
  "rep": 581,
  "ne": 10000,
  "r": 1e-05,
  "mu": [
    1e-07,
    4.413793103448276e-07,
    7.827586206896552e-07,
    1.1241379310344827e-06,
    1.4655172413793102e-06,
    1.8068965517241377e-06,
    2.1482758620689656e-06,
    2.489655172413793e-06,
    2.8310344827586205e-06,
    3.172413793103448e-06,
    3.5137931034482755e-06,
    3.5137931034482755e-06,
    3.855172413793104e-06,
    3.855172413793104e-06,
    4.196551724137931e-06,
    4.196551724137931e-06,
    4.537931034482759e-06,
    4.537931034482759e-06,
    4.879310344827586e-06,
    4.879310344827586e-06,
    5.220689655172414e-06,
    5.220689655172414e-06,
    5.562068965517241e-06,
    5.562068965517241e-06,
    5.903448275862069e-06,
    5.903448275862069e-06,
    6.244827586206896e-06,
    6.244827586206896e-06,
    6.5862068965517236e-06,
    6.5862068965517236e-06,
    6.927586206896551e-06,
    6.927586206896551e-06,
    7.268965517241379e-06,
    7.268965517241379e-06,
    7.610344827586207e-06,
    7.610344827586207e-06,
    7.951724137931034e-06,
    7.951724137931034e-06,
    8.293103448275863e-06,
    8.293103448275863e-06,
    8.634482758620691e-06,
    8.634482758620691e-06,
    8.975862068965518e-06,
    8.975862068965518e-06,
    9.317241379310346e-06,
    9.317241379310346e-06,
    9.658620689655173e-06,
    9.658620689655173e-06,
    1e-05,
    1e-05
  ],
  "samples": 500,
  "sequence_length": 10000,
  "seeds": [
    2123978834,
    1305269865,
    826410996,
    1392282409,
    513309995,
    1615337195,
    1155785539,
    1795209129,
    1944098706,
    1310778047,
    1160412653,
    2015686580,
    1949147886,
    1187820427,
    539877961,
    1408506545,
    1595204672,
    832243571,
    1667010556,
    1997770229,
    1849877620,
    242685280,
    882953366,
    813520919,
    716304725,
    816863863,
    1975144318,
    1768179260,
    1645528178,
    1589877269,
    456830442,
    1090380283,
    95703063,
    194304679,
    813504783,
    1013290677,
    70005787,
    711172197,
    2109523147,
    892354225,
    1856427228,
    945646753,
    1678828935,
    987478076,
    1898650273,
    1810986799,
    183598217,
    1910353128,
    1287714490,
    1928966408
  ]
}