{
  "mode": "branch",
  "rep": 1003,
  "ne": 10000,
  "r": [
    1e-08,
    1e-08,
    1.820689655172414e-07,
    1.820689655172414e-07,
    3.541379310344828e-07,
    3.541379310344828e-07,
    5.262068965517242e-07,
    5.262068965517242e-07,
    6.982758620689656e-07,
    6.982758620689656e-07,
    8.70344827586207e-07,
    8.70344827586207e-07,
    1.0424137931034483e-06,
    1.0424137931034483e-06,
    1.2144827586206895e-06,
    1.2144827586206895e-06,
    1.386551724137931e-06,
    1.386551724137931e-06,
    1.5586206896551725e-06,
    1.5586206896551725e-06,
    1.7306896551724138e-06,
    1.9027586206896551e-06,
    2.0748275862068966e-06,
    2.246896551724138e-06,
    2.418965517241379e-06,
    2.5910344827586207e-06,
    2.763103448275862e-06,
    2.9351724137931037e-06,
    3.107241379310345e-06,
    3.2793103448275863e-06,
    3.4513793103448278e-06,
    3.4513793103448278e-06,
    3.6234482758620693e-06,
    3.6234482758620693e-06,
    3.7955172413793103e-06,
    3.7955172413793103e-06,
    3.967586206896552e-06,
    3.967586206896552e-06,
    4.139655172413793e-06,
    4.139655172413793e-06,
    4.311724137931034e-06,
    4.311724137931034e-06,
    4.483793103448276e-06,
    4.483793103448276e-06,
    4.655862068965517e-06,
    4.655862068965517e-06,
    4.8279310344827585e-06,
    4.8279310344827585e-06,
    5e-06,
    5e-06
  ],
  "mu": 0,
  "samples": 250,
  "sequence_length": 1000,
  "seeds": [
    1609869437,
    460802524,
    1629124500,
    1204904321,
    1948920938,
    1289546942,
    668255528,
    1524196899,
    427254347,
    1628378983,
    1623764761,
    1792895184,
    434778999,
    1892632656,
    381877705,
    845212976,
    1055864631,
    1497896243,
    1286943056,
    2063903801,
    1694771032,
    804351870,
    790426159,
    619251726,
    98617534,
    212947637,
    1746692417,
    1744032300,
    1439615154,
    2025566268,
    473402673,
    1414013063,
    1847017408,
    1429667894,
    1056745798,
    182921815,
    377370263,
    2072140973,
    650980038,
    168592541,
    2127179035,
    791112549,
    149786014,
    1310312879,
    1660406797,
    249883767,
    1954831072,
    487419450,
    1756245131,
    1935688538
  ]
}