{
  "mode": "branch",
  "rep": 625,
  "ne": 10000,
  "r": [
    1e-08,
    1e-08,
    1.820689655172414e-07,
    1.820689655172414e-07,
    3.541379310344828e-07,
    3.541379310344828e-07,
    5.262068965517242e-07,
    5.262068965517242e-07,
    6.982758620689656e-07,
    6.982758620689656e-07,
    8.70344827586207e-07,
    8.70344827586207e-07,
    1.0424137931034483e-06,
    1.0424137931034483e-06,
    1.2144827586206895e-06,
    1.2144827586206895e-06,
    1.386551724137931e-06,
    1.386551724137931e-06,
    1.5586206896551725e-06,
    1.5586206896551725e-06,
    1.7306896551724138e-06,
    1.9027586206896551e-06,
    2.0748275862068966e-06,
    2.246896551724138e-06,
    2.418965517241379e-06,
    2.5910344827586207e-06,
    2.763103448275862e-06,
    2.9351724137931037e-06,
    3.107241379310345e-06,
    3.2793103448275863e-06,
    3.4513793103448278e-06,
    3.4513793103448278e-06,
    3.6234482758620693e-06,
    3.6234482758620693e-06,
    3.7955172413793103e-06,
    3.7955172413793103e-06,
    3.967586206896552e-06,
    3.967586206896552e-06,
    4.139655172413793e-06,
    4.139655172413793e-06,
    4.311724137931034e-06,
    4.311724137931034e-06,
    4.483793103448276e-06,
    4.483793103448276e-06,
    4.655862068965517e-06,
    4.655862068965517e-06,
    4.8279310344827585e-06,
    4.8279310344827585e-06,
    5e-06,
    5e-06
  ],
  "mu": 0,
  "samples": 250,
  "sequence_length": 1000,
  "seeds": [
    148813670,
    451392801,
    1432437159,
    433359799,
    1677801546,
    462880217,
    1171687651,
    2021450612,
    741217772,
    1933189925,
    125150378,
    767953812,
    337825493,
    647365934,
    1186233125,
    636600517,
    1982936648,
    457324327,
    1455788156,
    100570646,
    36931479,
    1551752656,
    1790857227,
    2094162167,
    842750623,
    1274093685,
    816054536,
    1660862376,
    1038218052,
    671737742,
    1350504561,
    594974757,
    1552378176,
    226837808,
    1298169490,
    1380777066,
    919207863,
    1322721733,
    1351392724,
    850181048,
    1860567717,
    1621341745,
    43512647,
    1728223283,
    951942200,
    2051800629,
    571538567,
    176170438,
    279981230,
    1894775511
  ]
}