{
  "mode": "branch",
  "rep": 601,
  "ne": 10000,
  "r": [
    1e-08,
    1e-08,
    1.820689655172414e-07,
    1.820689655172414e-07,
    3.541379310344828e-07,
    3.541379310344828e-07,
    5.262068965517242e-07,
    5.262068965517242e-07,
    6.982758620689656e-07,
    6.982758620689656e-07,
    8.70344827586207e-07,
    8.70344827586207e-07,
    1.0424137931034483e-06,
    1.0424137931034483e-06,
    1.2144827586206895e-06,
    1.2144827586206895e-06,
    1.386551724137931e-06,
    1.386551724137931e-06,
    1.5586206896551725e-06,
    1.5586206896551725e-06,
    1.7306896551724138e-06,
    1.9027586206896551e-06,
    2.0748275862068966e-06,
    2.246896551724138e-06,
    2.418965517241379e-06,
    2.5910344827586207e-06,
    2.763103448275862e-06,
    2.9351724137931037e-06,
    3.107241379310345e-06,
    3.2793103448275863e-06,
    3.4513793103448278e-06,
    3.4513793103448278e-06,
    3.6234482758620693e-06,
    3.6234482758620693e-06,
    3.7955172413793103e-06,
    3.7955172413793103e-06,
    3.967586206896552e-06,
    3.967586206896552e-06,
    4.139655172413793e-06,
    4.139655172413793e-06,
    4.311724137931034e-06,
    4.311724137931034e-06,
    4.483793103448276e-06,
    4.483793103448276e-06,
    4.655862068965517e-06,
    4.655862068965517e-06,
    4.8279310344827585e-06,
    4.8279310344827585e-06,
    5e-06,
    5e-06
  ],
  "mu": 0,
  "samples": 250,
  "sequence_length": 1000,
  "seeds": [
    582017321,
    708844472,
    148230843,
    1634471039,
    1527197472,
    379501272,
    1524557881,
    1456254972,
    701349909,
    855465973,
    1141704467,
    1621346133,
    1107379400,
    1104343383,
    212459365,
    1251890064,
    1957596674,
    1876850585,
    914812084,
    1604427958,
    302693802,
    2062577785,
    1550303593,
    2084645689,
    1170821165,
    706951972,
    210308234,
    835995854,
    371585709,
    931339530,
    2126751153,
    1166376877,
    561306636,
    134043765,
    1264134633,
    1445375590,
    70647870,
    173736354,
    514277549,
    2035081471,
    1697526632,
    1573816851,
    1477738022,
    1142774867,
    1281989629,
    403547916,
    833428175,
    471714177,
    1594085181,
    254583372
  ]
}