{
  "mode": "site",
  "rep": 173,
  "ne": 10000,
  "r": 1e-05,
  "mu": [
    1e-07,
    4.413793103448276e-07,
    7.827586206896552e-07,
    1.1241379310344827e-06,
    1.4655172413793102e-06,
    1.8068965517241377e-06,
    2.1482758620689656e-06,
    2.489655172413793e-06,
    2.8310344827586205e-06,
    3.172413793103448e-06,
    3.5137931034482755e-06,
    3.5137931034482755e-06,
    3.855172413793104e-06,
    3.855172413793104e-06,
    4.196551724137931e-06,
    4.196551724137931e-06,
    4.537931034482759e-06,
    4.537931034482759e-06,
    4.879310344827586e-06,
    4.879310344827586e-06,
    5.220689655172414e-06,
    5.220689655172414e-06,
    5.562068965517241e-06,
    5.562068965517241e-06,
    5.903448275862069e-06,
    5.903448275862069e-06,
    6.244827586206896e-06,
    6.244827586206896e-06,
    6.5862068965517236e-06,
    6.5862068965517236e-06,
    6.927586206896551e-06,
    6.927586206896551e-06,
    7.268965517241379e-06,
    7.268965517241379e-06,
    7.610344827586207e-06,
    7.610344827586207e-06,
    7.951724137931034e-06,
    7.951724137931034e-06,
    8.293103448275863e-06,
    8.293103448275863e-06,
    8.634482758620691e-06,
    8.634482758620691e-06,
    8.975862068965518e-06,
    8.975862068965518e-06,
    9.317241379310346e-06,
    9.317241379310346e-06,
    9.658620689655173e-06,
    9.658620689655173e-06,
    1e-05,
    1e-05
  ],
  "samples": 500,
  "sequence_length": 10000,
  "seeds": [
    1118904211,
    1694245103,
    1458504755,
    379007513,
    1526998093,
    1645689783,
    739547245,
    1183451534,
    234302633,
    590525496,
    1235190990,
    232770738,
    1567888658,
    1490870427,
    1625999158,
    102845889,
    656193676,
    515790097,
    730464628,
    1734394019,
    1065239451,
    252286904,
    858044990,
    1663023233,
    1688231783,
    609172207,
    891830427,
    1400934169,
    1217919909,
    843994148,
    14445187,
    105038075,
    2131102434,
    1061911572,
    1234916685,
    528205364,
    1961085310,
    17465357,
    1897451019,
    660448632,
    1982874297,
    794334652,
    557602362,
    1167905006,
    644707719,
    427985565,
    421702463,
    1191896537,
    153713981,
    1343726140
  ]
}