{
  "mode": "branch",
  "rep": 600,
  "ne": 10000,
  "r": [
    1e-08,
    1e-08,
    1.820689655172414e-07,
    1.820689655172414e-07,
    3.541379310344828e-07,
    3.541379310344828e-07,
    5.262068965517242e-07,
    5.262068965517242e-07,
    6.982758620689656e-07,
    6.982758620689656e-07,
    8.70344827586207e-07,
    8.70344827586207e-07,
    1.0424137931034483e-06,
    1.0424137931034483e-06,
    1.2144827586206895e-06,
    1.2144827586206895e-06,
    1.386551724137931e-06,
    1.386551724137931e-06,
    1.5586206896551725e-06,
    1.5586206896551725e-06,
    1.7306896551724138e-06,
    1.7306896551724138e-06,
    1.9027586206896551e-06,
    1.9027586206896551e-06,
    2.0748275862068966e-06,
    2.0748275862068966e-06,
    2.246896551724138e-06,
    2.246896551724138e-06,
    2.418965517241379e-06,
    2.418965517241379e-06,
    2.5910344827586207e-06,
    2.5910344827586207e-06,
    2.763103448275862e-06,
    2.763103448275862e-06,
    2.9351724137931037e-06,
    2.9351724137931037e-06,
    3.107241379310345e-06,
    3.107241379310345e-06,
    3.2793103448275863e-06,
    3.2793103448275863e-06,
    3.4513793103448278e-06,
    3.6234482758620693e-06,
    3.7955172413793103e-06,
    3.967586206896552e-06,
    4.139655172413793e-06,
    4.311724137931034e-06,
    4.483793103448276e-06,
    4.655862068965517e-06,
    4.8279310344827585e-06,
    5e-06
  ],
  "mu": 0,
  "samples": 250,
  "sequence_length": 1000,
  "seeds": [
    1490841776,
    2077363125,
    1470577996,
    1254073590,
    622168244,
    744573054,
    788763768,
    562380785,
    702257492,
    560968032,
    1827218091,
    1727445665,
    453499185,
    1617522573,
    404246540,
    149012630,
    115055898,
    971708616,
    381029958,
    1080897390,
    1166806387,
    1766829084,
    1469944028,
    359558751,
    1188526446,
    2145541263,
    1046371562,
    895728141,
    472349696,
    1954696235,
    2053290541,
    634583373,
    635160597,
    2076374125,
    1471235448,
    415743868,
    1668461037,
    390347299,
    1353895508,
    510560425,
    1790504311,
    604768629,
    1897332397,
    1883770697,
    501489498,
    199056812,
    2131287641,
    1818925645,
    653621291,
    875488914
  ]
}