{
  "mode": "site",
  "rep": 158,
  "ne": 10000,
  "r": 1e-05,
  "mu": [
    1e-07,
    4.413793103448276e-07,
    7.827586206896552e-07,
    1.1241379310344827e-06,
    1.4655172413793102e-06,
    1.8068965517241377e-06,
    2.1482758620689656e-06,
    2.489655172413793e-06,
    2.8310344827586205e-06,
    3.172413793103448e-06,
    3.5137931034482755e-06,
    3.5137931034482755e-06,
    3.855172413793104e-06,
    3.855172413793104e-06,
    4.196551724137931e-06,
    4.196551724137931e-06,
    4.537931034482759e-06,
    4.537931034482759e-06,
    4.879310344827586e-06,
    4.879310344827586e-06,
    5.220689655172414e-06,
    5.220689655172414e-06,
    5.562068965517241e-06,
    5.562068965517241e-06,
    5.903448275862069e-06,
    5.903448275862069e-06,
    6.244827586206896e-06,
    6.244827586206896e-06,
    6.5862068965517236e-06,
    6.5862068965517236e-06,
    6.927586206896551e-06,
    6.927586206896551e-06,
    7.268965517241379e-06,
    7.268965517241379e-06,
    7.610344827586207e-06,
    7.610344827586207e-06,
    7.951724137931034e-06,
    7.951724137931034e-06,
    8.293103448275863e-06,
    8.293103448275863e-06,
    8.634482758620691e-06,
    8.634482758620691e-06,
    8.975862068965518e-06,
    8.975862068965518e-06,
    9.317241379310346e-06,
    9.317241379310346e-06,
    9.658620689655173e-06,
    9.658620689655173e-06,
    1e-05,
    1e-05
  ],
  "samples": 500,
  "sequence_length": 10000,
  "seeds": [
    938116835,
    1597496397,
    1912484836,
    1376747848,
    445092144,
    1896196401,
    1702945166,
    1527696513,
    1894230007,
    1398597824,
    370390528,
    1596196974,
    642200147,
    950813559,
    690550325,
    1885138158,
    707014593,
    158198508,
    1383261316,
    999915863,
    2028420344,
    1452445360,
    1299082473,
    1272117088,
    1001378612,
    383763375,
    114648796,
    724628826,
    4387742,
    1964723550,
    828457590,
    1302712392,
    1720924486,
    1774081743,
    707852243,
    1483592567,
    1170738206,
    1174336779,
    703026070,
    589308998,
    818137927,
    600111539,
    1485301889,
    1586203689,
    481151522,
    1572668601,
    856841001,
    781951612,
    799509948,
    1907412737
  ]
}