{
  "mode": "site",
  "rep": 116,
  "ne": 10000,
  "r": 1e-05,
  "mu": [
    1e-07,
    4.413793103448276e-07,
    7.827586206896552e-07,
    1.1241379310344827e-06,
    1.4655172413793102e-06,
    1.8068965517241377e-06,
    2.1482758620689656e-06,
    2.489655172413793e-06,
    2.8310344827586205e-06,
    3.172413793103448e-06,
    3.5137931034482755e-06,
    3.5137931034482755e-06,
    3.855172413793104e-06,
    3.855172413793104e-06,
    4.196551724137931e-06,
    4.196551724137931e-06,
    4.537931034482759e-06,
    4.537931034482759e-06,
    4.879310344827586e-06,
    4.879310344827586e-06,
    5.220689655172414e-06,
    5.220689655172414e-06,
    5.562068965517241e-06,
    5.562068965517241e-06,
    5.903448275862069e-06,
    5.903448275862069e-06,
    6.244827586206896e-06,
    6.244827586206896e-06,
    6.5862068965517236e-06,
    6.5862068965517236e-06,
    6.927586206896551e-06,
    6.927586206896551e-06,
    7.268965517241379e-06,
    7.268965517241379e-06,
    7.610344827586207e-06,
    7.610344827586207e-06,
    7.951724137931034e-06,
    7.951724137931034e-06,
    8.293103448275863e-06,
    8.293103448275863e-06,
    8.634482758620691e-06,
    8.634482758620691e-06,
    8.975862068965518e-06,
    8.975862068965518e-06,
    9.317241379310346e-06,
    9.317241379310346e-06,
    9.658620689655173e-06,
    9.658620689655173e-06,
    1e-05,
    1e-05
  ],
  "samples": 500,
  "sequence_length": 50000,
  "seeds": [
    956633798,
    206702458,
    1243060112,
    925588004,
    1677906509,
    1043210143,
    382908732,
    305167526,
    155822755,
    1717849849,
    2044644619,
    121623824,
    271003903,
    556443465,
    1386867580,
    1200252599,
    151896960,
    34336749,
    1673680918,
    330699230,
    1111757423,
    1427627155,
    1031711824,
    2109661838,
    415187665,
    1590459734,
    1530697855,
    923440161,
    958976651,
    549835175,
    130252929,
    445905798,
    2027767736,
    142721423,
    494884718,
    2018023252,
    1871753655,
    141215262,
    803506875,
    1739129393,
    1511489804,
    1208952056,
    400495777,
    869621670,
    1201879097,
    1410752483,
    1700708949,
    194563463,
    1385829753,
    613799145
  ]
}