{
  "mode": "branch",
  "rep": 848,
  "ne": 10000,
  "r": [
    1e-08,
    1.820689655172414e-07,
    3.541379310344828e-07,
    5.262068965517242e-07,
    6.982758620689656e-07,
    8.70344827586207e-07,
    1.0424137931034483e-06,
    1.2144827586206895e-06,
    1.386551724137931e-06,
    1.5586206896551725e-06,
    1.7306896551724138e-06,
    1.7306896551724138e-06,
    1.9027586206896551e-06,
    1.9027586206896551e-06,
    2.0748275862068966e-06,
    2.0748275862068966e-06,
    2.246896551724138e-06,
    2.246896551724138e-06,
    2.418965517241379e-06,
    2.418965517241379e-06,
    2.5910344827586207e-06,
    2.5910344827586207e-06,
    2.763103448275862e-06,
    2.763103448275862e-06,
    2.9351724137931037e-06,
    2.9351724137931037e-06,
    3.107241379310345e-06,
    3.107241379310345e-06,
    3.2793103448275863e-06,
    3.2793103448275863e-06,
    3.4513793103448278e-06,
    3.4513793103448278e-06,
    3.6234482758620693e-06,
    3.6234482758620693e-06,
    3.7955172413793103e-06,
    3.7955172413793103e-06,
    3.967586206896552e-06,
    3.967586206896552e-06,
    4.139655172413793e-06,
    4.139655172413793e-06,
    4.311724137931034e-06,
    4.311724137931034e-06,
    4.483793103448276e-06,
    4.483793103448276e-06,
    4.655862068965517e-06,
    4.655862068965517e-06,
    4.8279310344827585e-06,
    4.8279310344827585e-06,
    5e-06,
    5e-06
  ],
  "mu": 0,
  "samples": 250,
  "sequence_length": 1000,
  "seeds": [
    1500901322,
    1417548656,
    63845796,
    1013702129,
    1921096063,
    585699020,
    667735142,
    1647796659,
    1629774657,
    1939687769,
    878605160,
    1643238006,
    625632212,
    1176991168,
    490063907,
    975748392,
    1565045445,
    1047750798,
    1749893869,
    1787594708,
    2113011065,
    16526867,
    1684475337,
    453130505,
    1372705708,
    1491360511,
    1914877202,
    196008032,
    1390470541,
    1998759347,
    822902618,
    216451005,
    723704535,
    2090425897,
    282599870,
    1115589050,
    659374662,
    1662905817,
    1992816828,
    1924548490,
    990968408,
    2135709242,
    242759378,
    1996186256,
    98690061,
    417176760,
    464945268,
    1384969776,
    1100828466,
    400053907
  ]
}