{
  "mode": "branch",
  "rep": 1134,
  "ne": 10000,
  "r": [
    1e-08,
    1e-08,
    1.820689655172414e-07,
    1.820689655172414e-07,
    3.541379310344828e-07,
    3.541379310344828e-07,
    5.262068965517242e-07,
    5.262068965517242e-07,
    6.982758620689656e-07,
    6.982758620689656e-07,
    8.70344827586207e-07,
    8.70344827586207e-07,
    1.0424137931034483e-06,
    1.0424137931034483e-06,
    1.2144827586206895e-06,
    1.2144827586206895e-06,
    1.386551724137931e-06,
    1.386551724137931e-06,
    1.5586206896551725e-06,
    1.5586206896551725e-06,
    1.7306896551724138e-06,
    1.7306896551724138e-06,
    1.9027586206896551e-06,
    1.9027586206896551e-06,
    2.0748275862068966e-06,
    2.0748275862068966e-06,
    2.246896551724138e-06,
    2.246896551724138e-06,
    2.418965517241379e-06,
    2.418965517241379e-06,
    2.5910344827586207e-06,
    2.5910344827586207e-06,
    2.763103448275862e-06,
    2.763103448275862e-06,
    2.9351724137931037e-06,
    2.9351724137931037e-06,
    3.107241379310345e-06,
    3.107241379310345e-06,
    3.2793103448275863e-06,
    3.2793103448275863e-06,
    3.4513793103448278e-06,
    3.6234482758620693e-06,
    3.7955172413793103e-06,
    3.967586206896552e-06,
    4.139655172413793e-06,
    4.311724137931034e-06,
    4.483793103448276e-06,
    4.655862068965517e-06,
    4.8279310344827585e-06,
    5e-06
  ],
  "mu": 0,
  "samples": 250,
  "sequence_length": 1000,
  "seeds": [
    1422796096,
    30437485,
    475693559,
    650699635,
    1689767222,
    1609357736,
    345188722,
    565547326,
    123028976,
    1597641940,
    394365258,
    685042328,
    372928134,
    1119442324,
    638830887,
    481852696,
    2093484365,
    1407122797,
    1202304424,
    1266486517,
    1995195903,
    79582479,
    1693554569,
    1668123002,
    1781106426,
    554155087,
    515686162,
    1864887556,
    1644844520,
    1689595139,
    438925590,
    829995154,
    668122976,
    2010891505,
    1540511110,
    1844394297,
    1833089158,
    1566205247,
    500792226,
    1353444574,
    493341033,
    2012801973,
    1391604000,
    1060757417,
    1299290807,
    1930071131,
    433335360,
    988242895,
    1172472134,
    603399123
  ]
}