{
  "mode": "site",
  "rep": 316,
  "ne": 10000,
  "r": 1e-05,
  "mu": [
    1e-07,
    1e-07,
    4.413793103448276e-07,
    4.413793103448276e-07,
    7.827586206896552e-07,
    7.827586206896552e-07,
    1.1241379310344827e-06,
    1.1241379310344827e-06,
    1.4655172413793102e-06,
    1.4655172413793102e-06,
    1.8068965517241377e-06,
    1.8068965517241377e-06,
    2.1482758620689656e-06,
    2.1482758620689656e-06,
    2.489655172413793e-06,
    2.489655172413793e-06,
    2.8310344827586205e-06,
    2.8310344827586205e-06,
    3.172413793103448e-06,
    3.172413793103448e-06,
    3.5137931034482755e-06,
    3.855172413793104e-06,
    4.196551724137931e-06,
    4.537931034482759e-06,
    4.879310344827586e-06,
    5.220689655172414e-06,
    5.562068965517241e-06,
    5.903448275862069e-06,
    6.244827586206896e-06,
    6.5862068965517236e-06,
    6.927586206896551e-06,
    6.927586206896551e-06,
    7.268965517241379e-06,
    7.268965517241379e-06,
    7.610344827586207e-06,
    7.610344827586207e-06,
    7.951724137931034e-06,
    7.951724137931034e-06,
    8.293103448275863e-06,
    8.293103448275863e-06,
    8.634482758620691e-06,
    8.634482758620691e-06,
    8.975862068965518e-06,
    8.975862068965518e-06,
    9.317241379310346e-06,
    9.317241379310346e-06,
    9.658620689655173e-06,
    9.658620689655173e-06,
    1e-05,
    1e-05
  ],
  "samples": 500,
  "sequence_length": 10000,
  "seeds": [
    1433448872,
    1784637644,
    364315441,
    399103267,
    833838863,
    1883622583,
    754152108,
    441174453,
    1054907938,
    1772611612,
    1826090410,
    311423002,
    221639654,
    579898801,
    98169997,
    27447492,
    1489228842,
    1273770232,
    1100846163,
    971458245,
    1930602410,
    1772280383,
    100348590,
    1975894939,
    1802262436,
    798977710,
    1973175210,
    1655644941,
    1200498881,
    680909156,
    920539049,
    586370,
    130351999,
    1342045652,
    1608278520,
    1836170441,
    1939143172,
    469500239,
    1344751614,
    268557152,
    470456676,
    1053161105,
    2027503355,
    696329746,
    1085710933,
    1385768503,
    671976299,
    154132614,
    1518730671,
    1118507285
  ]
}