{
  "mode": "site",
  "rep": 270,
  "ne": 10000,
  "r": 1e-05,
  "mu": [
    1e-07,
    1e-07,
    4.413793103448276e-07,
    4.413793103448276e-07,
    7.827586206896552e-07,
    7.827586206896552e-07,
    1.1241379310344827e-06,
    1.1241379310344827e-06,
    1.4655172413793102e-06,
    1.4655172413793102e-06,
    1.8068965517241377e-06,
    1.8068965517241377e-06,
    2.1482758620689656e-06,
    2.1482758620689656e-06,
    2.489655172413793e-06,
    2.489655172413793e-06,
    2.8310344827586205e-06,
    2.8310344827586205e-06,
    3.172413793103448e-06,
    3.172413793103448e-06,
    3.5137931034482755e-06,
    3.5137931034482755e-06,
    3.855172413793104e-06,
    3.855172413793104e-06,
    4.196551724137931e-06,
    4.196551724137931e-06,
    4.537931034482759e-06,
    4.537931034482759e-06,
    4.879310344827586e-06,
    4.879310344827586e-06,
    5.220689655172414e-06,
    5.220689655172414e-06,
    5.562068965517241e-06,
    5.562068965517241e-06,
    5.903448275862069e-06,
    5.903448275862069e-06,
    6.244827586206896e-06,
    6.244827586206896e-06,
    6.5862068965517236e-06,
    6.5862068965517236e-06,
    6.927586206896551e-06,
    7.268965517241379e-06,
    7.610344827586207e-06,
    7.951724137931034e-06,
    8.293103448275863e-06,
    8.634482758620691e-06,
    8.975862068965518e-06,
    9.317241379310346e-06,
    9.658620689655173e-06,
    1e-05
  ],
  "samples": 500,
  "sequence_length": 50000,
  "seeds": [
    1230330267,
    363958829,
    437897211,
    708157470,
    522618965,
    2012318051,
    506065661,
    671569677,
    1147168688,
    1912175032,
    1090048911,
    1253748997,
    1306182821,
    1066735685,
    2116689102,
    1752714994,
    1411792283,
    99266309,
    387491919,
    1551797024,
    37646091,
    585404745,
    553326400,
    1311295980,
    387921318,
    1166363239,
    839370425,
    1707009760,
    1505580011,
    841810790,
    880357693,
    1655696791,
    1774557124,
    1215557138,
    169161832,
    1341260105,
    1557176621,
    1133137690,
    855761885,
    1323933227,
    2044584141,
    1396347811,
    935462025,
    490948830,
    709670043,
    1662976037,
    1489767346,
    1770178528,
    1519354579,
    1834482462
  ]
}