{
  "mode": "site",
  "rep": 318,
  "ne": 10000,
  "r": 1e-05,
  "mu": [
    1e-07,
    1e-07,
    4.413793103448276e-07,
    4.413793103448276e-07,
    7.827586206896552e-07,
    7.827586206896552e-07,
    1.1241379310344827e-06,
    1.1241379310344827e-06,
    1.4655172413793102e-06,
    1.4655172413793102e-06,
    1.8068965517241377e-06,
    1.8068965517241377e-06,
    2.1482758620689656e-06,
    2.1482758620689656e-06,
    2.489655172413793e-06,
    2.489655172413793e-06,
    2.8310344827586205e-06,
    2.8310344827586205e-06,
    3.172413793103448e-06,
    3.172413793103448e-06,
    3.5137931034482755e-06,
    3.5137931034482755e-06,
    3.855172413793104e-06,
    3.855172413793104e-06,
    4.196551724137931e-06,
    4.196551724137931e-06,
    4.537931034482759e-06,
    4.537931034482759e-06,
    4.879310344827586e-06,
    4.879310344827586e-06,
    5.220689655172414e-06,
    5.220689655172414e-06,
    5.562068965517241e-06,
    5.562068965517241e-06,
    5.903448275862069e-06,
    5.903448275862069e-06,
    6.244827586206896e-06,
    6.244827586206896e-06,
    6.5862068965517236e-06,
    6.5862068965517236e-06,
    6.927586206896551e-06,
    7.268965517241379e-06,
    7.610344827586207e-06,
    7.951724137931034e-06,
    8.293103448275863e-06,
    8.634482758620691e-06,
    8.975862068965518e-06,
    9.317241379310346e-06,
    9.658620689655173e-06,
    1e-05
  ],
  "samples": 500,
  "sequence_length": 50000,
  "seeds": [
    803074917,
    728625175,
    1426647740,
    53185584,
    1831770230,
    904963910,
    1569964964,
    1616874416,
    461355436,
    1050513307,
    1020471901,
    1655736251,
    83474929,
    1443078258,
    853488506,
    513360085,
    785256395,
    2043883355,
    711728798,
    1921351128,
    1395789905,
    1812580778,
    1564085242,
    125271684,
    1681410951,
    1787935201,
    1132394897,
    164150296,
    1459038482,
    2081597165,
    876799123,
    715744102,
    1023405121,
    908563291,
    922048898,
    1846383127,
    2122180076,
    1736465814,
    1950677271,
    1394553510,
    218021775,
    1028934843,
    1260378076,
    584934412,
    319771045,
    1402947282,
    247556242,
    500894046,
    1364944540,
    2075269150
  ]
}