{
  "mode": "branch",
  "rep": 937,
  "ne": 10000,
  "r": [
    1e-08,
    1e-08,
    1.820689655172414e-07,
    1.820689655172414e-07,
    3.541379310344828e-07,
    3.541379310344828e-07,
    5.262068965517242e-07,
    5.262068965517242e-07,
    6.982758620689656e-07,
    6.982758620689656e-07,
    8.70344827586207e-07,
    8.70344827586207e-07,
    1.0424137931034483e-06,
    1.0424137931034483e-06,
    1.2144827586206895e-06,
    1.2144827586206895e-06,
    1.386551724137931e-06,
    1.386551724137931e-06,
    1.5586206896551725e-06,
    1.5586206896551725e-06,
    1.7306896551724138e-06,
    1.9027586206896551e-06,
    2.0748275862068966e-06,
    2.246896551724138e-06,
    2.418965517241379e-06,
    2.5910344827586207e-06,
    2.763103448275862e-06,
    2.9351724137931037e-06,
    3.107241379310345e-06,
    3.2793103448275863e-06,
    3.4513793103448278e-06,
    3.4513793103448278e-06,
    3.6234482758620693e-06,
    3.6234482758620693e-06,
    3.7955172413793103e-06,
    3.7955172413793103e-06,
    3.967586206896552e-06,
    3.967586206896552e-06,
    4.139655172413793e-06,
    4.139655172413793e-06,
    4.311724137931034e-06,
    4.311724137931034e-06,
    4.483793103448276e-06,
    4.483793103448276e-06,
    4.655862068965517e-06,
    4.655862068965517e-06,
    4.8279310344827585e-06,
    4.8279310344827585e-06,
    5e-06,
    5e-06
  ],
  "mu": 0,
  "samples": 250,
  "sequence_length": 1000,
  "seeds": [
    991362427,
    2051800982,
    1946394696,
    1162103643,
    751935618,
    1458324987,
    1106484112,
    1319396340,
    988025093,
    1771154523,
    315276696,
    467533286,
    332228224,
    424416440,
    1695345189,
    1883202453,
    1869077489,
    347874168,
    359710755,
    1513652112,
    1976145471,
    1723262953,
    1488366511,
    2036020672,
    1991212385,
    1850353131,
    1693431636,
    1538906461,
    144071151,
    1335396390,
    1701698650,
    328068263,
    596684879,
    176535576,
    618254874,
    1152295356,
    1301106072,
    2016339521,
    1895965229,
    1216376834,
    69301749,
    624862707,
    2107390751,
    452292016,
    1546621082,
    1091116656,
    729608185,
    1880927370,
    481123337,
    576917789
  ]
}