{
  "mode": "site",
  "rep": 473,
  "ne": 10000,
  "r": 1e-05,
  "mu": [
    1e-07,
    4.413793103448276e-07,
    7.827586206896552e-07,
    1.1241379310344827e-06,
    1.4655172413793102e-06,
    1.8068965517241377e-06,
    2.1482758620689656e-06,
    2.489655172413793e-06,
    2.8310344827586205e-06,
    3.172413793103448e-06,
    3.5137931034482755e-06,
    3.5137931034482755e-06,
    3.855172413793104e-06,
    3.855172413793104e-06,
    4.196551724137931e-06,
    4.196551724137931e-06,
    4.537931034482759e-06,
    4.537931034482759e-06,
    4.879310344827586e-06,
    4.879310344827586e-06,
    5.220689655172414e-06,
    5.220689655172414e-06,
    5.562068965517241e-06,
    5.562068965517241e-06,
    5.903448275862069e-06,
    5.903448275862069e-06,
    6.244827586206896e-06,
    6.244827586206896e-06,
    6.5862068965517236e-06,
    6.5862068965517236e-06,
    6.927586206896551e-06,
    6.927586206896551e-06,
    7.268965517241379e-06,
    7.268965517241379e-06,
    7.610344827586207e-06,
    7.610344827586207e-06,
    7.951724137931034e-06,
    7.951724137931034e-06,
    8.293103448275863e-06,
    8.293103448275863e-06,
    8.634482758620691e-06,
    8.634482758620691e-06,
    8.975862068965518e-06,
    8.975862068965518e-06,
    9.317241379310346e-06,
    9.317241379310346e-06,
    9.658620689655173e-06,
    9.658620689655173e-06,
    1e-05,
    1e-05
  ],
  "samples": 500,
  "sequence_length": 10000,
  "seeds": [
    1159581122,
    1004693070,
    1360713973,
    67929181,
    625076550,
    1783705496,
    431017529,
    1848161069,
    1214636058,
    827161807,
    1242596885,
    185737594,
    184984602,
    1135149227,
    753459990,
    968342360,
    1939567725,
    2004536941,
    91218247,
    240861538,
    474650823,
    1676178562,
    2071207750,
    954933674,
    145750948,
    1559190669,
    1242359828,
    54560010,
    1607151734,
    1381875745,
    793805784,
    643329470,
    1345672697,
    11987829,
    1380895155,
    1615962775,
    1262279561,
    1472904354,
    2109560408,
    1075657960,
    114829612,
    110048703,
    358388444,
    1570745486,
    1296091966,
    1884911040,
    2129403943,
    1986909908,
    999245904,
    281167976
  ]
}