{
  "mode": "site",
  "rep": 584,
  "ne": 10000,
  "r": 1e-05,
  "mu": [
    1e-07,
    4.413793103448276e-07,
    7.827586206896552e-07,
    1.1241379310344827e-06,
    1.4655172413793102e-06,
    1.8068965517241377e-06,
    2.1482758620689656e-06,
    2.489655172413793e-06,
    2.8310344827586205e-06,
    3.172413793103448e-06,
    3.5137931034482755e-06,
    3.5137931034482755e-06,
    3.855172413793104e-06,
    3.855172413793104e-06,
    4.196551724137931e-06,
    4.196551724137931e-06,
    4.537931034482759e-06,
    4.537931034482759e-06,
    4.879310344827586e-06,
    4.879310344827586e-06,
    5.220689655172414e-06,
    5.220689655172414e-06,
    5.562068965517241e-06,
    5.562068965517241e-06,
    5.903448275862069e-06,
    5.903448275862069e-06,
    6.244827586206896e-06,
    6.244827586206896e-06,
    6.5862068965517236e-06,
    6.5862068965517236e-06,
    6.927586206896551e-06,
    6.927586206896551e-06,
    7.268965517241379e-06,
    7.268965517241379e-06,
    7.610344827586207e-06,
    7.610344827586207e-06,
    7.951724137931034e-06,
    7.951724137931034e-06,
    8.293103448275863e-06,
    8.293103448275863e-06,
    8.634482758620691e-06,
    8.634482758620691e-06,
    8.975862068965518e-06,
    8.975862068965518e-06,
    9.317241379310346e-06,
    9.317241379310346e-06,
    9.658620689655173e-06,
    9.658620689655173e-06,
    1e-05,
    1e-05
  ],
  "samples": 500,
  "sequence_length": 10000,
  "seeds": [
    742542185,
    1659657490,
    1248767818,
    1563893820,
    504929388,
    728988896,
    1891740574,
    86857029,
    1969013712,
    342502108,
    964856158,
    1235736199,
    1611063621,
    2024551679,
    23592343,
    1330655426,
    2137709093,
    1407123425,
    331448109,
    527277427,
    615808423,
    475579859,
    2018798115,
    1778967385,
    1051634341,
    996502299,
    611193323,
    399900524,
    987936179,
    1766045805,
    235819467,
    1773955206,
    480951918,
    793669972,
    637481321,
    20344495,
    1826240748,
    847758626,
    1321438159,
    62840359,
    550534812,
    172513339,
    84182512,
    1963055295,
    470034605,
    1434123866,
    1268372991,
    1140710858,
    1707277402,
    1730095673
  ]
}