{
  "mode": "site",
  "rep": 557,
  "ne": 10000,
  "r": 1e-05,
  "mu": [
    1e-07,
    4.413793103448276e-07,
    7.827586206896552e-07,
    1.1241379310344827e-06,
    1.4655172413793102e-06,
    1.8068965517241377e-06,
    2.1482758620689656e-06,
    2.489655172413793e-06,
    2.8310344827586205e-06,
    3.172413793103448e-06,
    3.5137931034482755e-06,
    3.5137931034482755e-06,
    3.855172413793104e-06,
    3.855172413793104e-06,
    4.196551724137931e-06,
    4.196551724137931e-06,
    4.537931034482759e-06,
    4.537931034482759e-06,
    4.879310344827586e-06,
    4.879310344827586e-06,
    5.220689655172414e-06,
    5.220689655172414e-06,
    5.562068965517241e-06,
    5.562068965517241e-06,
    5.903448275862069e-06,
    5.903448275862069e-06,
    6.244827586206896e-06,
    6.244827586206896e-06,
    6.5862068965517236e-06,
    6.5862068965517236e-06,
    6.927586206896551e-06,
    6.927586206896551e-06,
    7.268965517241379e-06,
    7.268965517241379e-06,
    7.610344827586207e-06,
    7.610344827586207e-06,
    7.951724137931034e-06,
    7.951724137931034e-06,
    8.293103448275863e-06,
    8.293103448275863e-06,
    8.634482758620691e-06,
    8.634482758620691e-06,
    8.975862068965518e-06,
    8.975862068965518e-06,
    9.317241379310346e-06,
    9.317241379310346e-06,
    9.658620689655173e-06,
    9.658620689655173e-06,
    1e-05,
    1e-05
  ],
  "samples": 500,
  "sequence_length": 10000,
  "seeds": [
    2031976019,
    1090463352,
    2044859823,
    1029399160,
    739283102,
    2123624395,
    87651827,
    166610821,
    294628955,
    652160979,
    1056241133,
    1674035990,
    1681185602,
    1505959693,
    2002482839,
    1773889965,
    2010624493,
    1593755000,
    675904663,
    2135245143,
    1060205284,
    601671562,
    914197632,
    1331400296,
    1869718943,
    2137743983,
    1809872607,
    2098522266,
    601958420,
    338304414,
    252916506,
    631705945,
    629370067,
    1576243073,
    471123856,
    1636725266,
    694505233,
    2075446780,
    1650920630,
    1582920742,
    614568855,
    282981689,
    161894938,
    194135925,
    1715376097,
    1301401466,
    1730886178,
    161471257,
    1832396644,
    383188617
  ]
}