{
  "mode": "branch",
  "rep": 849,
  "ne": 10000,
  "r": [
    1e-08,
    1e-08,
    1.820689655172414e-07,
    1.820689655172414e-07,
    3.541379310344828e-07,
    3.541379310344828e-07,
    5.262068965517242e-07,
    5.262068965517242e-07,
    6.982758620689656e-07,
    6.982758620689656e-07,
    8.70344827586207e-07,
    8.70344827586207e-07,
    1.0424137931034483e-06,
    1.0424137931034483e-06,
    1.2144827586206895e-06,
    1.2144827586206895e-06,
    1.386551724137931e-06,
    1.386551724137931e-06,
    1.5586206896551725e-06,
    1.5586206896551725e-06,
    1.7306896551724138e-06,
    1.7306896551724138e-06,
    1.9027586206896551e-06,
    1.9027586206896551e-06,
    2.0748275862068966e-06,
    2.0748275862068966e-06,
    2.246896551724138e-06,
    2.246896551724138e-06,
    2.418965517241379e-06,
    2.418965517241379e-06,
    2.5910344827586207e-06,
    2.5910344827586207e-06,
    2.763103448275862e-06,
    2.763103448275862e-06,
    2.9351724137931037e-06,
    2.9351724137931037e-06,
    3.107241379310345e-06,
    3.107241379310345e-06,
    3.2793103448275863e-06,
    3.2793103448275863e-06,
    3.4513793103448278e-06,
    3.6234482758620693e-06,
    3.7955172413793103e-06,
    3.967586206896552e-06,
    4.139655172413793e-06,
    4.311724137931034e-06,
    4.483793103448276e-06,
    4.655862068965517e-06,
    4.8279310344827585e-06,
    5e-06
  ],
  "mu": 0,
  "samples": 250,
  "sequence_length": 1000,
  "seeds": [
    1876944984,
    1204920972,
    371727858,
    1732760168,
    1968720862,
    2136809645,
    1559144298,
    1671534855,
    1479020131,
    1411778786,
    1324314984,
    1699977143,
    1344321905,
    2083619137,
    1323205283,
    109271806,
    1305841551,
    417705367,
    313018051,
    1549862504,
    178344520,
    1468673413,
    1985548452,
    1811774437,
    1258863683,
    1544325369,
    1738773187,
    521058779,
    737395866,
    482980176,
    432094883,
    459557953,
    503695597,
    1217999089,
    2044916971,
    1581885251,
    746557408,
    622068988,
    108271868,
    1411200600,
    1487488572,
    1545502777,
    1189799186,
    1124203488,
    1978750046,
    191459378,
    1629165702,
    199088927,
    662402511,
    1531456944
  ]
}