{
  "mode": "site",
  "rep": 472,
  "ne": 10000,
  "r": 1e-05,
  "mu": [
    1e-07,
    1e-07,
    4.413793103448276e-07,
    4.413793103448276e-07,
    7.827586206896552e-07,
    7.827586206896552e-07,
    1.1241379310344827e-06,
    1.1241379310344827e-06,
    1.4655172413793102e-06,
    1.4655172413793102e-06,
    1.8068965517241377e-06,
    1.8068965517241377e-06,
    2.1482758620689656e-06,
    2.1482758620689656e-06,
    2.489655172413793e-06,
    2.489655172413793e-06,
    2.8310344827586205e-06,
    2.8310344827586205e-06,
    3.172413793103448e-06,
    3.172413793103448e-06,
    3.5137931034482755e-06,
    3.855172413793104e-06,
    4.196551724137931e-06,
    4.537931034482759e-06,
    4.879310344827586e-06,
    5.220689655172414e-06,
    5.562068965517241e-06,
    5.903448275862069e-06,
    6.244827586206896e-06,
    6.5862068965517236e-06,
    6.927586206896551e-06,
    6.927586206896551e-06,
    7.268965517241379e-06,
    7.268965517241379e-06,
    7.610344827586207e-06,
    7.610344827586207e-06,
    7.951724137931034e-06,
    7.951724137931034e-06,
    8.293103448275863e-06,
    8.293103448275863e-06,
    8.634482758620691e-06,
    8.634482758620691e-06,
    8.975862068965518e-06,
    8.975862068965518e-06,
    9.317241379310346e-06,
    9.317241379310346e-06,
    9.658620689655173e-06,
    9.658620689655173e-06,
    1e-05,
    1e-05
  ],
  "samples": 500,
  "sequence_length": 50000,
  "seeds": [
    2030745492,
    644755478,
    2022878091,
    1451737656,
    1875235456,
    392725072,
    307971546,
    484105046,
    872459820,
    1498110543,
    1244266449,
    1002170316,
    1185130415,
    1443595090,
    1081324160,
    1786926835,
    289194216,
    1858481687,
    682577500,
    62468258,
    672343144,
    1149083220,
    448784250,
    85878357,
    695396648,
    865001528,
    1279623251,
    12643565,
    1067202464,
    1851974018,
    330777359,
    2058432462,
    1309523079,
    331350594,
    77962997,
    1824018699,
    2127762534,
    585530132,
    1106964207,
    514004888,
    1714477686,
    1444279849,
    243735091,
    1711000090,
    55883184,
    1606858763,
    183992490,
    556275343,
    1859156495,
    1734384517
  ]
}