{
  "mode": "site",
  "rep": 518,
  "ne": 10000,
  "r": 1e-05,
  "mu": [
    1e-07,
    4.413793103448276e-07,
    7.827586206896552e-07,
    1.1241379310344827e-06,
    1.4655172413793102e-06,
    1.8068965517241377e-06,
    2.1482758620689656e-06,
    2.489655172413793e-06,
    2.8310344827586205e-06,
    3.172413793103448e-06,
    3.5137931034482755e-06,
    3.5137931034482755e-06,
    3.855172413793104e-06,
    3.855172413793104e-06,
    4.196551724137931e-06,
    4.196551724137931e-06,
    4.537931034482759e-06,
    4.537931034482759e-06,
    4.879310344827586e-06,
    4.879310344827586e-06,
    5.220689655172414e-06,
    5.220689655172414e-06,
    5.562068965517241e-06,
    5.562068965517241e-06,
    5.903448275862069e-06,
    5.903448275862069e-06,
    6.244827586206896e-06,
    6.244827586206896e-06,
    6.5862068965517236e-06,
    6.5862068965517236e-06,
    6.927586206896551e-06,
    6.927586206896551e-06,
    7.268965517241379e-06,
    7.268965517241379e-06,
    7.610344827586207e-06,
    7.610344827586207e-06,
    7.951724137931034e-06,
    7.951724137931034e-06,
    8.293103448275863e-06,
    8.293103448275863e-06,
    8.634482758620691e-06,
    8.634482758620691e-06,
    8.975862068965518e-06,
    8.975862068965518e-06,
    9.317241379310346e-06,
    9.317241379310346e-06,
    9.658620689655173e-06,
    9.658620689655173e-06,
    1e-05,
    1e-05
  ],
  "samples": 500,
  "sequence_length": 10000,
  "seeds": [
    1712864571,
    566551567,
    263998064,
    629257935,
    866090324,
    594033719,
    2117538676,
    525592378,
    659688983,
    353111098,
    400516807,
    909796102,
    1048220475,
    1225868210,
    1556401296,
    74670966,
    513244843,
    554197240,
    959162742,
    1092562840,
    331512714,
    790356786,
    187004852,
    1316561018,
    603098407,
    1855002653,
    1445785499,
    442356611,
    1134428122,
    1017351445,
    1896098500,
    1224059751,
    1935389227,
    1688017620,
    1024984493,
    718258478,
    1077602150,
    1402197493,
    1312950769,
    1319164555,
    237893142,
    94833259,
    49607875,
    1402117415,
    166972838,
    175551621,
    1682179090,
    82672466,
    1513703273,
    160379622
  ]
}