{
  "mode": "site",
  "rep": 218,
  "ne": 10000,
  "r": 1e-05,
  "mu": [
    1e-07,
    4.413793103448276e-07,
    7.827586206896552e-07,
    1.1241379310344827e-06,
    1.4655172413793102e-06,
    1.8068965517241377e-06,
    2.1482758620689656e-06,
    2.489655172413793e-06,
    2.8310344827586205e-06,
    3.172413793103448e-06,
    3.5137931034482755e-06,
    3.5137931034482755e-06,
    3.855172413793104e-06,
    3.855172413793104e-06,
    4.196551724137931e-06,
    4.196551724137931e-06,
    4.537931034482759e-06,
    4.537931034482759e-06,
    4.879310344827586e-06,
    4.879310344827586e-06,
    5.220689655172414e-06,
    5.220689655172414e-06,
    5.562068965517241e-06,
    5.562068965517241e-06,
    5.903448275862069e-06,
    5.903448275862069e-06,
    6.244827586206896e-06,
    6.244827586206896e-06,
    6.5862068965517236e-06,
    6.5862068965517236e-06,
    6.927586206896551e-06,
    6.927586206896551e-06,
    7.268965517241379e-06,
    7.268965517241379e-06,
    7.610344827586207e-06,
    7.610344827586207e-06,
    7.951724137931034e-06,
    7.951724137931034e-06,
    8.293103448275863e-06,
    8.293103448275863e-06,
    8.634482758620691e-06,
    8.634482758620691e-06,
    8.975862068965518e-06,
    8.975862068965518e-06,
    9.317241379310346e-06,
    9.317241379310346e-06,
    9.658620689655173e-06,
    9.658620689655173e-06,
    1e-05,
    1e-05
  ],
  "samples": 500,
  "sequence_length": 50000,
  "seeds": [
    692223698,
    1208319678,
    62748227,
    91703244,
    459174079,
    1323622572,
    112769809,
    443680565,
    1730713049,
    1273044253,
    16610741,
    1832320900,
    245880219,
    2140299102,
    1925657749,
    1630049168,
    125701865,
    333457822,
    1939545529,
    164990365,
    572539592,
    552289798,
    181603198,
    1795589154,
    54839308,
    133569958,
    2058414601,
    477824759,
    892306242,
    2081413468,
    14629235,
    1711026628,
    1096032422,
    1178724222,
    1377931439,
    1772229806,
    306346249,
    1470255356,
    405520701,
    1641785398,
    893446873,
    1065799559,
    1127372779,
    445629446,
    564034394,
    1088446296,
    1026135428,
    2025952828,
    2115049771,
    389502414
  ]
}