{
  "mode": "branch",
  "rep": 615,
  "ne": 10000,
  "r": [
    1e-08,
    1e-08,
    1.820689655172414e-07,
    1.820689655172414e-07,
    3.541379310344828e-07,
    3.541379310344828e-07,
    5.262068965517242e-07,
    5.262068965517242e-07,
    6.982758620689656e-07,
    6.982758620689656e-07,
    8.70344827586207e-07,
    8.70344827586207e-07,
    1.0424137931034483e-06,
    1.0424137931034483e-06,
    1.2144827586206895e-06,
    1.2144827586206895e-06,
    1.386551724137931e-06,
    1.386551724137931e-06,
    1.5586206896551725e-06,
    1.5586206896551725e-06,
    1.7306896551724138e-06,
    1.7306896551724138e-06,
    1.9027586206896551e-06,
    1.9027586206896551e-06,
    2.0748275862068966e-06,
    2.0748275862068966e-06,
    2.246896551724138e-06,
    2.246896551724138e-06,
    2.418965517241379e-06,
    2.418965517241379e-06,
    2.5910344827586207e-06,
    2.5910344827586207e-06,
    2.763103448275862e-06,
    2.763103448275862e-06,
    2.9351724137931037e-06,
    2.9351724137931037e-06,
    3.107241379310345e-06,
    3.107241379310345e-06,
    3.2793103448275863e-06,
    3.2793103448275863e-06,
    3.4513793103448278e-06,
    3.6234482758620693e-06,
    3.7955172413793103e-06,
    3.967586206896552e-06,
    4.139655172413793e-06,
    4.311724137931034e-06,
    4.483793103448276e-06,
    4.655862068965517e-06,
    4.8279310344827585e-06,
    5e-06
  ],
  "mu": 0,
  "samples": 250,
  "sequence_length": 1000,
  "seeds": [
    1510781221,
    562173301,
    763303411,
    1024059475,
    1140236651,
    877524533,
    35450085,
    178748418,
    1487495446,
    496424227,
    1155024202,
    1121250884,
    1470439098,
    1360381491,
    1316582954,
    1079855138,
    1341676524,
    325528093,
    180470915,
    1289560400,
    201599504,
    2040146452,
    605037798,
    978061087,
    611984541,
    1386960969,
    579078386,
    2027289172,
    1427405703,
    1194646255,
    74321821,
    983634068,
    1777436723,
    1570908458,
    1613812701,
    743752025,
    1175201375,
    1154659407,
    333675586,
    216835029,
    981648799,
    1786536421,
    847361984,
    1977585045,
    1064548111,
    1724975434,
    187207426,
    229728269,
    1757562031,
    104756930
  ]
}