{
  "mode": "branch",
  "rep": 1048,
  "ne": 10000,
  "r": [
    1e-08,
    1e-08,
    1.820689655172414e-07,
    1.820689655172414e-07,
    3.541379310344828e-07,
    3.541379310344828e-07,
    5.262068965517242e-07,
    5.262068965517242e-07,
    6.982758620689656e-07,
    6.982758620689656e-07,
    8.70344827586207e-07,
    8.70344827586207e-07,
    1.0424137931034483e-06,
    1.0424137931034483e-06,
    1.2144827586206895e-06,
    1.2144827586206895e-06,
    1.386551724137931e-06,
    1.386551724137931e-06,
    1.5586206896551725e-06,
    1.5586206896551725e-06,
    1.7306896551724138e-06,
    1.9027586206896551e-06,
    2.0748275862068966e-06,
    2.246896551724138e-06,
    2.418965517241379e-06,
    2.5910344827586207e-06,
    2.763103448275862e-06,
    2.9351724137931037e-06,
    3.107241379310345e-06,
    3.2793103448275863e-06,
    3.4513793103448278e-06,
    3.4513793103448278e-06,
    3.6234482758620693e-06,
    3.6234482758620693e-06,
    3.7955172413793103e-06,
    3.7955172413793103e-06,
    3.967586206896552e-06,
    3.967586206896552e-06,
    4.139655172413793e-06,
    4.139655172413793e-06,
    4.311724137931034e-06,
    4.311724137931034e-06,
    4.483793103448276e-06,
    4.483793103448276e-06,
    4.655862068965517e-06,
    4.655862068965517e-06,
    4.8279310344827585e-06,
    4.8279310344827585e-06,
    5e-06,
    5e-06
  ],
  "mu": 0,
  "samples": 250,
  "sequence_length": 1000,
  "seeds": [
    914586002,
    916736554,
    1235280547,
    408562343,
    1556633735,
    1132090791,
    1203805244,
    267552625,
    487599388,
    548624439,
    992140668,
    1754134821,
    297949765,
    2061723480,
    120441830,
    1898888392,
    697099502,
    2089296530,
    1369585232,
    1864003723,
    1220434706,
    962883890,
    428530051,
    1268366385,
    2053551748,
    733480242,
    1541515586,
    1012299587,
    1347541287,
    1531068351,
    1612014002,
    1457484873,
    361178238,
    270787655,
    211605980,
    192931245,
    1282253888,
    1973162050,
    189671933,
    1710842265,
    1394651250,
    338540654,
    1958714672,
    1132557989,
    401622276,
    1101576451,
    1906679091,
    6579323,
    1643492074,
    1269839541
  ]
}