{
  "mode": "site",
  "rep": 106,
  "ne": 10000,
  "r": 1e-05,
  "mu": [
    1e-07,
    1e-07,
    4.413793103448276e-07,
    4.413793103448276e-07,
    7.827586206896552e-07,
    7.827586206896552e-07,
    1.1241379310344827e-06,
    1.1241379310344827e-06,
    1.4655172413793102e-06,
    1.4655172413793102e-06,
    1.8068965517241377e-06,
    1.8068965517241377e-06,
    2.1482758620689656e-06,
    2.1482758620689656e-06,
    2.489655172413793e-06,
    2.489655172413793e-06,
    2.8310344827586205e-06,
    2.8310344827586205e-06,
    3.172413793103448e-06,
    3.172413793103448e-06,
    3.5137931034482755e-06,
    3.855172413793104e-06,
    4.196551724137931e-06,
    4.537931034482759e-06,
    4.879310344827586e-06,
    5.220689655172414e-06,
    5.562068965517241e-06,
    5.903448275862069e-06,
    6.244827586206896e-06,
    6.5862068965517236e-06,
    6.927586206896551e-06,
    6.927586206896551e-06,
    7.268965517241379e-06,
    7.268965517241379e-06,
    7.610344827586207e-06,
    7.610344827586207e-06,
    7.951724137931034e-06,
    7.951724137931034e-06,
    8.293103448275863e-06,
    8.293103448275863e-06,
    8.634482758620691e-06,
    8.634482758620691e-06,
    8.975862068965518e-06,
    8.975862068965518e-06,
    9.317241379310346e-06,
    9.317241379310346e-06,
    9.658620689655173e-06,
    9.658620689655173e-06,
    1e-05,
    1e-05
  ],
  "samples": 500,
  "sequence_length": 10000,
  "seeds": [
    836062344,
    1825839509,
    424859030,
    1238950749,
    1472237531,
    316543260,
    1517396882,
    1757167853,
    1917078906,
    1263612858,
    1023836223,
    226780842,
    28510756,
    796443208,
    428693423,
    1951877223,
    553096002,
    1652473551,
    210302139,
    1114370092,
    1998543193,
    1701394176,
    824555770,
    1551640540,
    1405936618,
    1112549715,
    1701410545,
    1712439400,
    2117664071,
    521715095,
    532663736,
    1456721538,
    16164206,
    707617357,
    478764431,
    854212959,
    495827332,
    1685987581,
    1322524289,
    262740702,
    1060267300,
    1601020032,
    542224641,
    72892870,
    1345105592,
    302176843,
    1560661542,
    42576838,
    348116345,
    1216908455
  ]
}