{
  "mode": "branch",
  "rep": 659,
  "ne": 10000,
  "r": [
    1e-08,
    1.820689655172414e-07,
    3.541379310344828e-07,
    5.262068965517242e-07,
    6.982758620689656e-07,
    8.70344827586207e-07,
    1.0424137931034483e-06,
    1.2144827586206895e-06,
    1.386551724137931e-06,
    1.5586206896551725e-06,
    1.7306896551724138e-06,
    1.7306896551724138e-06,
    1.9027586206896551e-06,
    1.9027586206896551e-06,
    2.0748275862068966e-06,
    2.0748275862068966e-06,
    2.246896551724138e-06,
    2.246896551724138e-06,
    2.418965517241379e-06,
    2.418965517241379e-06,
    2.5910344827586207e-06,
    2.5910344827586207e-06,
    2.763103448275862e-06,
    2.763103448275862e-06,
    2.9351724137931037e-06,
    2.9351724137931037e-06,
    3.107241379310345e-06,
    3.107241379310345e-06,
    3.2793103448275863e-06,
    3.2793103448275863e-06,
    3.4513793103448278e-06,
    3.4513793103448278e-06,
    3.6234482758620693e-06,
    3.6234482758620693e-06,
    3.7955172413793103e-06,
    3.7955172413793103e-06,
    3.967586206896552e-06,
    3.967586206896552e-06,
    4.139655172413793e-06,
    4.139655172413793e-06,
    4.311724137931034e-06,
    4.311724137931034e-06,
    4.483793103448276e-06,
    4.483793103448276e-06,
    4.655862068965517e-06,
    4.655862068965517e-06,
    4.8279310344827585e-06,
    4.8279310344827585e-06,
    5e-06,
    5e-06
  ],
  "mu": 0,
  "samples": 250,
  "sequence_length": 1000,
  "seeds": [
    1635972315,
    1594688263,
    722676156,
    739138652,
    1491389795,
    822781183,
    1881325534,
    729614415,
    1650179055,
    1486350167,
    340188381,
    41418726,
    1024821207,
    143697646,
    2105486942,
    1295437698,
    1170845698,
    1358335104,
    20377049,
    1756806385,
    962043692,
    1035052727,
    261182545,
    1760497875,
    952930032,
    1702692524,
    187370918,
    1529874393,
    584107189,
    14043493,
    1428172156,
    554417033,
    1832791506,
    2138086740,
    1970068813,
    427972333,
    429445231,
    1058437233,
    324133946,
    1628267398,
    114762062,
    682720332,
    194910024,
    1235141501,
    1384970914,
    744702217,
    661435974,
    746957410,
    1414806747,
    1881073501
  ]
}