{
  "mode": "branch",
  "rep": 1159,
  "ne": 10000,
  "r": [
    1e-08,
    1e-08,
    1.820689655172414e-07,
    1.820689655172414e-07,
    3.541379310344828e-07,
    3.541379310344828e-07,
    5.262068965517242e-07,
    5.262068965517242e-07,
    6.982758620689656e-07,
    6.982758620689656e-07,
    8.70344827586207e-07,
    8.70344827586207e-07,
    1.0424137931034483e-06,
    1.0424137931034483e-06,
    1.2144827586206895e-06,
    1.2144827586206895e-06,
    1.386551724137931e-06,
    1.386551724137931e-06,
    1.5586206896551725e-06,
    1.5586206896551725e-06,
    1.7306896551724138e-06,
    1.9027586206896551e-06,
    2.0748275862068966e-06,
    2.246896551724138e-06,
    2.418965517241379e-06,
    2.5910344827586207e-06,
    2.763103448275862e-06,
    2.9351724137931037e-06,
    3.107241379310345e-06,
    3.2793103448275863e-06,
    3.4513793103448278e-06,
    3.4513793103448278e-06,
    3.6234482758620693e-06,
    3.6234482758620693e-06,
    3.7955172413793103e-06,
    3.7955172413793103e-06,
    3.967586206896552e-06,
    3.967586206896552e-06,
    4.139655172413793e-06,
    4.139655172413793e-06,
    4.311724137931034e-06,
    4.311724137931034e-06,
    4.483793103448276e-06,
    4.483793103448276e-06,
    4.655862068965517e-06,
    4.655862068965517e-06,
    4.8279310344827585e-06,
    4.8279310344827585e-06,
    5e-06,
    5e-06
  ],
  "mu": 0,
  "samples": 250,
  "sequence_length": 1000,
  "seeds": [
    1387548521,
    258324659,
    174131232,
    769468579,
    1052996297,
    168965628,
    1257949655,
    775902020,
    505179885,
    296674710,
    1804501642,
    1335743409,
    2038514954,
    617212778,
    1388302300,
    1773017313,
    439286828,
    2047544994,
    870778876,
    988413689,
    1643243324,
    1351455449,
    1445506727,
    1385120421,
    2107186546,
    1954796218,
    202751531,
    410768809,
    1997979915,
    762830741,
    896565834,
    1335704814,
    178498021,
    1787207632,
    1851098295,
    1293734274,
    1163544089,
    787538764,
    1993488926,
    1190532692,
    1088761630,
    1387321846,
    1084754614,
    319386075,
    517750962,
    1185753155,
    1581847298,
    1284349974,
    309294516,
    548487043
  ]
}