{
  "mode": "site",
  "rep": 49,
  "ne": 10000,
  "r": 1e-05,
  "mu": [
    1e-07,
    1e-07,
    4.413793103448276e-07,
    4.413793103448276e-07,
    7.827586206896552e-07,
    7.827586206896552e-07,
    1.1241379310344827e-06,
    1.1241379310344827e-06,
    1.4655172413793102e-06,
    1.4655172413793102e-06,
    1.8068965517241377e-06,
    1.8068965517241377e-06,
    2.1482758620689656e-06,
    2.1482758620689656e-06,
    2.489655172413793e-06,
    2.489655172413793e-06,
    2.8310344827586205e-06,
    2.8310344827586205e-06,
    3.172413793103448e-06,
    3.172413793103448e-06,
    3.5137931034482755e-06,
    3.855172413793104e-06,
    4.196551724137931e-06,
    4.537931034482759e-06,
    4.879310344827586e-06,
    5.220689655172414e-06,
    5.562068965517241e-06,
    5.903448275862069e-06,
    6.244827586206896e-06,
    6.5862068965517236e-06,
    6.927586206896551e-06,
    6.927586206896551e-06,
    7.268965517241379e-06,
    7.268965517241379e-06,
    7.610344827586207e-06,
    7.610344827586207e-06,
    7.951724137931034e-06,
    7.951724137931034e-06,
    8.293103448275863e-06,
    8.293103448275863e-06,
    8.634482758620691e-06,
    8.634482758620691e-06,
    8.975862068965518e-06,
    8.975862068965518e-06,
    9.317241379310346e-06,
    9.317241379310346e-06,
    9.658620689655173e-06,
    9.658620689655173e-06,
    1e-05,
    1e-05
  ],
  "samples": 500,
  "sequence_length": 50000,
  "seeds": [
    1537631392,
    907182055,
    1830706640,
    1453458063,
    1411300994,
    882332445,
    297041029,
    1738345853,
    151757776,
    1707233726,
    864571273,
    1953444879,
    954412049,
    540793899,
    112071774,
    173856853,
    1429638276,
    1540348266,
    1481981460,
    1521253184,
    1304330321,
    1195014539,
    1799603456,
    1136130420,
    1126441314,
    2139025058,
    1277388104,
    2018144887,
    1145366182,
    2081322657,
    342390220,
    227348251,
    1193304676,
    1079667703,
    1356888357,
    2097763275,
    1152041086,
    1284086482,
    1153006047,
    1294299099,
    449094720,
    1772449578,
    1134667716,
    81355992,
    1015690324,
    1618135600,
    1450288840,
    1076374212,
    1391957184,
    710652202
  ]
}