{
  "mode": "site",
  "rep": 307,
  "ne": 10000,
  "r": 1e-05,
  "mu": [
    1e-07,
    1e-07,
    4.413793103448276e-07,
    4.413793103448276e-07,
    7.827586206896552e-07,
    7.827586206896552e-07,
    1.1241379310344827e-06,
    1.1241379310344827e-06,
    1.4655172413793102e-06,
    1.4655172413793102e-06,
    1.8068965517241377e-06,
    1.8068965517241377e-06,
    2.1482758620689656e-06,
    2.1482758620689656e-06,
    2.489655172413793e-06,
    2.489655172413793e-06,
    2.8310344827586205e-06,
    2.8310344827586205e-06,
    3.172413793103448e-06,
    3.172413793103448e-06,
    3.5137931034482755e-06,
    3.855172413793104e-06,
    4.196551724137931e-06,
    4.537931034482759e-06,
    4.879310344827586e-06,
    5.220689655172414e-06,
    5.562068965517241e-06,
    5.903448275862069e-06,
    6.244827586206896e-06,
    6.5862068965517236e-06,
    6.927586206896551e-06,
    6.927586206896551e-06,
    7.268965517241379e-06,
    7.268965517241379e-06,
    7.610344827586207e-06,
    7.610344827586207e-06,
    7.951724137931034e-06,
    7.951724137931034e-06,
    8.293103448275863e-06,
    8.293103448275863e-06,
    8.634482758620691e-06,
    8.634482758620691e-06,
    8.975862068965518e-06,
    8.975862068965518e-06,
    9.317241379310346e-06,
    9.317241379310346e-06,
    9.658620689655173e-06,
    9.658620689655173e-06,
    1e-05,
    1e-05
  ],
  "samples": 500,
  "sequence_length": 10000,
  "seeds": [
    1072160333,
    605463008,
    2084396497,
    21684342,
    2004432370,
    2021181602,
    884536305,
    978074393,
    183759211,
    1366379773,
    2004459380,
    219956416,
    1335169088,
    624352611,
    915553574,
    691992016,
    142987684,
    1567135090,
    1359008040,
    344164523,
    1102881750,
    1288926577,
    376693986,
    897430781,
    1219495542,
    1744646149,
    2112665006,
    139674942,
    131325336,
    759310685,
    1943795441,
    1464952886,
    1041985757,
    927494958,
    2051467253,
    1952800349,
    145832315,
    1404240060,
    1026913596,
    1720223925,
    1441426706,
    1854962052,
    1341573057,
    426239908,
    1498158355,
    1783081416,
    1181640948,
    591725637,
    551594913,
    317502419
  ]
}