{
  "mode": "site",
  "rep": 92,
  "ne": 10000,
  "r": 1e-05,
  "mu": [
    1e-07,
    4.413793103448276e-07,
    7.827586206896552e-07,
    1.1241379310344827e-06,
    1.4655172413793102e-06,
    1.8068965517241377e-06,
    2.1482758620689656e-06,
    2.489655172413793e-06,
    2.8310344827586205e-06,
    3.172413793103448e-06,
    3.5137931034482755e-06,
    3.5137931034482755e-06,
    3.855172413793104e-06,
    3.855172413793104e-06,
    4.196551724137931e-06,
    4.196551724137931e-06,
    4.537931034482759e-06,
    4.537931034482759e-06,
    4.879310344827586e-06,
    4.879310344827586e-06,
    5.220689655172414e-06,
    5.220689655172414e-06,
    5.562068965517241e-06,
    5.562068965517241e-06,
    5.903448275862069e-06,
    5.903448275862069e-06,
    6.244827586206896e-06,
    6.244827586206896e-06,
    6.5862068965517236e-06,
    6.5862068965517236e-06,
    6.927586206896551e-06,
    6.927586206896551e-06,
    7.268965517241379e-06,
    7.268965517241379e-06,
    7.610344827586207e-06,
    7.610344827586207e-06,
    7.951724137931034e-06,
    7.951724137931034e-06,
    8.293103448275863e-06,
    8.293103448275863e-06,
    8.634482758620691e-06,
    8.634482758620691e-06,
    8.975862068965518e-06,
    8.975862068965518e-06,
    9.317241379310346e-06,
    9.317241379310346e-06,
    9.658620689655173e-06,
    9.658620689655173e-06,
    1e-05,
    1e-05
  ],
  "samples": 500,
  "sequence_length": 50000,
  "seeds": [
    1973186299,
    1042789748,
    1801695566,
    193664896,
    1075209771,
    1290974709,
    1715921277,
    631764622,
    1018528985,
    1947525487,
    28727659,
    48909783,
    113157484,
    1355338602,
    1237353269,
    1607086291,
    1214325234,
    721639456,
    1753476934,
    1719058749,
    1797959613,
    971050902,
    148671693,
    1790430754,
    312006806,
    1743641627,
    144417125,
    1811579647,
    1120489371,
    1729432559,
    381474400,
    329600962,
    1036397807,
    869457711,
    1836840873,
    720702308,
    1065627674,
    2104040664,
    1124740818,
    1275928560,
    1195050079,
    75118585,
    2062252689,
    1942856264,
    1903726448,
    1514818347,
    321762786,
    1306055587,
    1784541633,
    1743344358
  ]
}