{
  "mode": "branch",
  "rep": 1063,
  "ne": 10000,
  "r": [
    1e-08,
    1e-08,
    1.820689655172414e-07,
    1.820689655172414e-07,
    3.541379310344828e-07,
    3.541379310344828e-07,
    5.262068965517242e-07,
    5.262068965517242e-07,
    6.982758620689656e-07,
    6.982758620689656e-07,
    8.70344827586207e-07,
    8.70344827586207e-07,
    1.0424137931034483e-06,
    1.0424137931034483e-06,
    1.2144827586206895e-06,
    1.2144827586206895e-06,
    1.386551724137931e-06,
    1.386551724137931e-06,
    1.5586206896551725e-06,
    1.5586206896551725e-06,
    1.7306896551724138e-06,
    1.9027586206896551e-06,
    2.0748275862068966e-06,
    2.246896551724138e-06,
    2.418965517241379e-06,
    2.5910344827586207e-06,
    2.763103448275862e-06,
    2.9351724137931037e-06,
    3.107241379310345e-06,
    3.2793103448275863e-06,
    3.4513793103448278e-06,
    3.4513793103448278e-06,
    3.6234482758620693e-06,
    3.6234482758620693e-06,
    3.7955172413793103e-06,
    3.7955172413793103e-06,
    3.967586206896552e-06,
    3.967586206896552e-06,
    4.139655172413793e-06,
    4.139655172413793e-06,
    4.311724137931034e-06,
    4.311724137931034e-06,
    4.483793103448276e-06,
    4.483793103448276e-06,
    4.655862068965517e-06,
    4.655862068965517e-06,
    4.8279310344827585e-06,
    4.8279310344827585e-06,
    5e-06,
    5e-06
  ],
  "mu": 0,
  "samples": 250,
  "sequence_length": 1000,
  "seeds": [
    1943005784,
    1185159893,
    236895260,
    1577252719,
    227201562,
    1561652728,
    429829932,
    1855175959,
    454181697,
    182811811,
    1301447562,
    578157115,
    1183745961,
    936487972,
    1255015745,
    1224138614,
    276690692,
    214488468,
    944966342,
    2088205569,
    1440430541,
    443690753,
    536585988,
    554447359,
    784311589,
    856695723,
    1927511930,
    1460514577,
    281454193,
    1151946436,
    335451136,
    563949668,
    1252728243,
    394014939,
    844943184,
    1169163103,
    1536661266,
    162602524,
    1439546466,
    1501055523,
    2106797456,
    1491355285,
    1354823402,
    1933478070,
    1654726744,
    655807469,
    1572097878,
    1471909965,
    1701871580,
    929931870
  ]
}