{
  "mode": "site",
  "rep": 229,
  "ne": 10000,
  "r": 1e-05,
  "mu": [
    1e-07,
    1e-07,
    4.413793103448276e-07,
    4.413793103448276e-07,
    7.827586206896552e-07,
    7.827586206896552e-07,
    1.1241379310344827e-06,
    1.1241379310344827e-06,
    1.4655172413793102e-06,
    1.4655172413793102e-06,
    1.8068965517241377e-06,
    1.8068965517241377e-06,
    2.1482758620689656e-06,
    2.1482758620689656e-06,
    2.489655172413793e-06,
    2.489655172413793e-06,
    2.8310344827586205e-06,
    2.8310344827586205e-06,
    3.172413793103448e-06,
    3.172413793103448e-06,
    3.5137931034482755e-06,
    3.855172413793104e-06,
    4.196551724137931e-06,
    4.537931034482759e-06,
    4.879310344827586e-06,
    5.220689655172414e-06,
    5.562068965517241e-06,
    5.903448275862069e-06,
    6.244827586206896e-06,
    6.5862068965517236e-06,
    6.927586206896551e-06,
    6.927586206896551e-06,
    7.268965517241379e-06,
    7.268965517241379e-06,
    7.610344827586207e-06,
    7.610344827586207e-06,
    7.951724137931034e-06,
    7.951724137931034e-06,
    8.293103448275863e-06,
    8.293103448275863e-06,
    8.634482758620691e-06,
    8.634482758620691e-06,
    8.975862068965518e-06,
    8.975862068965518e-06,
    9.317241379310346e-06,
    9.317241379310346e-06,
    9.658620689655173e-06,
    9.658620689655173e-06,
    1e-05,
    1e-05
  ],
  "samples": 500,
  "sequence_length": 10000,
  "seeds": [
    1425708003,
    468177293,
    351849170,
    858954060,
    356267557,
    2009196302,
    1801477956,
    2001077811,
    1937371655,
    339045042,
    858227769,
    995601447,
    1468915321,
    350356570,
    1452490987,
    286840918,
    827113090,
    1996160129,
    743861348,
    2140990251,
    575843942,
    408049217,
    598385501,
    468554744,
    1831815529,
    627398383,
    1513594007,
    1004660179,
    1381394192,
    1690323997,
    407872169,
    65497973,
    227588933,
    541745241,
    1324419088,
    270692565,
    35414836,
    364183251,
    441282580,
    805263649,
    898965048,
    729933955,
    1094880861,
    759237866,
    770321507,
    818188182,
    884183820,
    771025150,
    1670434872,
    970623724
  ]
}