{
  "mode": "site",
  "rep": 225,
  "ne": 10000,
  "r": 1e-05,
  "mu": [
    1e-07,
    1e-07,
    4.413793103448276e-07,
    4.413793103448276e-07,
    7.827586206896552e-07,
    7.827586206896552e-07,
    1.1241379310344827e-06,
    1.1241379310344827e-06,
    1.4655172413793102e-06,
    1.4655172413793102e-06,
    1.8068965517241377e-06,
    1.8068965517241377e-06,
    2.1482758620689656e-06,
    2.1482758620689656e-06,
    2.489655172413793e-06,
    2.489655172413793e-06,
    2.8310344827586205e-06,
    2.8310344827586205e-06,
    3.172413793103448e-06,
    3.172413793103448e-06,
    3.5137931034482755e-06,
    3.5137931034482755e-06,
    3.855172413793104e-06,
    3.855172413793104e-06,
    4.196551724137931e-06,
    4.196551724137931e-06,
    4.537931034482759e-06,
    4.537931034482759e-06,
    4.879310344827586e-06,
    4.879310344827586e-06,
    5.220689655172414e-06,
    5.220689655172414e-06,
    5.562068965517241e-06,
    5.562068965517241e-06,
    5.903448275862069e-06,
    5.903448275862069e-06,
    6.244827586206896e-06,
    6.244827586206896e-06,
    6.5862068965517236e-06,
    6.5862068965517236e-06,
    6.927586206896551e-06,
    7.268965517241379e-06,
    7.610344827586207e-06,
    7.951724137931034e-06,
    8.293103448275863e-06,
    8.634482758620691e-06,
    8.975862068965518e-06,
    9.317241379310346e-06,
    9.658620689655173e-06,
    1e-05
  ],
  "samples": 500,
  "sequence_length": 50000,
  "seeds": [
    1380611454,
    1438781849,
    1087021756,
    1542057544,
    645841674,
    1991839511,
    943246623,
    466774773,
    587085303,
    748642748,
    555626590,
    422625949,
    510941796,
    621718594,
    1566805457,
    1362160759,
    247754532,
    234082228,
    1449882856,
    374893511,
    538063744,
    212060338,
    2006038413,
    2013331868,
    2108213332,
    2133614595,
    1620508780,
    548621479,
    1705937468,
    826338554,
    1973385192,
    1758783802,
    310568363,
    1556289692,
    28507331,
    1883513855,
    1744320324,
    171924268,
    1090164763,
    2031195364,
    68113392,
    581913878,
    397073633,
    809108699,
    1280749928,
    1216277161,
    995902144,
    193996043,
    1317764206,
    1178792121
  ]
}