{
  "mode": "branch",
  "rep": 664,
  "ne": 10000,
  "r": [
    1e-08,
    1e-08,
    1.820689655172414e-07,
    1.820689655172414e-07,
    3.541379310344828e-07,
    3.541379310344828e-07,
    5.262068965517242e-07,
    5.262068965517242e-07,
    6.982758620689656e-07,
    6.982758620689656e-07,
    8.70344827586207e-07,
    8.70344827586207e-07,
    1.0424137931034483e-06,
    1.0424137931034483e-06,
    1.2144827586206895e-06,
    1.2144827586206895e-06,
    1.386551724137931e-06,
    1.386551724137931e-06,
    1.5586206896551725e-06,
    1.5586206896551725e-06,
    1.7306896551724138e-06,
    1.9027586206896551e-06,
    2.0748275862068966e-06,
    2.246896551724138e-06,
    2.418965517241379e-06,
    2.5910344827586207e-06,
    2.763103448275862e-06,
    2.9351724137931037e-06,
    3.107241379310345e-06,
    3.2793103448275863e-06,
    3.4513793103448278e-06,
    3.4513793103448278e-06,
    3.6234482758620693e-06,
    3.6234482758620693e-06,
    3.7955172413793103e-06,
    3.7955172413793103e-06,
    3.967586206896552e-06,
    3.967586206896552e-06,
    4.139655172413793e-06,
    4.139655172413793e-06,
    4.311724137931034e-06,
    4.311724137931034e-06,
    4.483793103448276e-06,
    4.483793103448276e-06,
    4.655862068965517e-06,
    4.655862068965517e-06,
    4.8279310344827585e-06,
    4.8279310344827585e-06,
    5e-06,
    5e-06
  ],
  "mu": 0,
  "samples": 250,
  "sequence_length": 1000,
  "seeds": [
    1305037822,
    1726037011,
    722677462,
    115026401,
    7803991,
    1650017066,
    1360954557,
    1372236035,
    1263430826,
    408389083,
    1523311681,
    1730783736,
    870196142,
    1446291241,
    773025002,
    1814391546,
    2101939432,
    602519066,
    649250370,
    270256971,
    453691737,
    1007691529,
    1289269105,
    342970687,
    726952664,
    266265394,
    1156203903,
    1360639135,
    1073805153,
    1469831606,
    454048242,
    1341033145,
    539255211,
    1282117859,
    700263176,
    526092378,
    1607488569,
    1697808740,
    1150806381,
    1126219722,
    577938754,
    1123665790,
    289318761,
    736505756,
    1336816999,
    1514724915,
    598238344,
    705465297,
    2023168827,
    1625747279
  ]
}