{
  "mode": "branch",
  "rep": 1058,
  "ne": 10000,
  "r": [
    1e-08,
    1.820689655172414e-07,
    3.541379310344828e-07,
    5.262068965517242e-07,
    6.982758620689656e-07,
    8.70344827586207e-07,
    1.0424137931034483e-06,
    1.2144827586206895e-06,
    1.386551724137931e-06,
    1.5586206896551725e-06,
    1.7306896551724138e-06,
    1.7306896551724138e-06,
    1.9027586206896551e-06,
    1.9027586206896551e-06,
    2.0748275862068966e-06,
    2.0748275862068966e-06,
    2.246896551724138e-06,
    2.246896551724138e-06,
    2.418965517241379e-06,
    2.418965517241379e-06,
    2.5910344827586207e-06,
    2.5910344827586207e-06,
    2.763103448275862e-06,
    2.763103448275862e-06,
    2.9351724137931037e-06,
    2.9351724137931037e-06,
    3.107241379310345e-06,
    3.107241379310345e-06,
    3.2793103448275863e-06,
    3.2793103448275863e-06,
    3.4513793103448278e-06,
    3.4513793103448278e-06,
    3.6234482758620693e-06,
    3.6234482758620693e-06,
    3.7955172413793103e-06,
    3.7955172413793103e-06,
    3.967586206896552e-06,
    3.967586206896552e-06,
    4.139655172413793e-06,
    4.139655172413793e-06,
    4.311724137931034e-06,
    4.311724137931034e-06,
    4.483793103448276e-06,
    4.483793103448276e-06,
    4.655862068965517e-06,
    4.655862068965517e-06,
    4.8279310344827585e-06,
    4.8279310344827585e-06,
    5e-06,
    5e-06
  ],
  "mu": 0,
  "samples": 250,
  "sequence_length": 1000,
  "seeds": [
    637290250,
    682026104,
    2006996022,
    690843752,
    385541121,
    3964419,
    187734912,
    2044934482,
    1781932580,
    1813841933,
    2139378148,
    593771589,
    386176404,
    1953634140,
    2099470060,
    2055613054,
    2137550656,
    1517713753,
    1925687829,
    1583856387,
    1017449352,
    177443737,
    815568769,
    1356044994,
    1889904376,
    111178763,
    630009901,
    443496117,
    1722114224,
    543447404,
    1101356828,
    948434642,
    751330756,
    2009614427,
    632721867,
    257118771,
    570460247,
    1277380241,
    2118571229,
    648995292,
    804718491,
    210472981,
    2064046911,
    1329509728,
    1179021079,
    202833811,
    129825721,
    1564347499,
    859694432,
    640507029
  ]
}