{
  "mode": "branch",
  "rep": 970,
  "ne": 10000,
  "r": [
    1e-08,
    1e-08,
    1.820689655172414e-07,
    1.820689655172414e-07,
    3.541379310344828e-07,
    3.541379310344828e-07,
    5.262068965517242e-07,
    5.262068965517242e-07,
    6.982758620689656e-07,
    6.982758620689656e-07,
    8.70344827586207e-07,
    8.70344827586207e-07,
    1.0424137931034483e-06,
    1.0424137931034483e-06,
    1.2144827586206895e-06,
    1.2144827586206895e-06,
    1.386551724137931e-06,
    1.386551724137931e-06,
    1.5586206896551725e-06,
    1.5586206896551725e-06,
    1.7306896551724138e-06,
    1.9027586206896551e-06,
    2.0748275862068966e-06,
    2.246896551724138e-06,
    2.418965517241379e-06,
    2.5910344827586207e-06,
    2.763103448275862e-06,
    2.9351724137931037e-06,
    3.107241379310345e-06,
    3.2793103448275863e-06,
    3.4513793103448278e-06,
    3.4513793103448278e-06,
    3.6234482758620693e-06,
    3.6234482758620693e-06,
    3.7955172413793103e-06,
    3.7955172413793103e-06,
    3.967586206896552e-06,
    3.967586206896552e-06,
    4.139655172413793e-06,
    4.139655172413793e-06,
    4.311724137931034e-06,
    4.311724137931034e-06,
    4.483793103448276e-06,
    4.483793103448276e-06,
    4.655862068965517e-06,
    4.655862068965517e-06,
    4.8279310344827585e-06,
    4.8279310344827585e-06,
    5e-06,
    5e-06
  ],
  "mu": 0,
  "samples": 250,
  "sequence_length": 1000,
  "seeds": [
    908828711,
    287954243,
    9184535,
    960087071,
    594876676,
    1007003180,
    1078775702,
    1526941155,
    477363551,
    1172617804,
    1449975968,
    2118341878,
    1451835819,
    1009203454,
    378679032,
    2127644145,
    1973394022,
    1654628017,
    663228100,
    967424400,
    956426884,
    1702739652,
    506898676,
    1539150733,
    1916126686,
    1258608144,
    417631850,
    439593274,
    1280875766,
    380745325,
    1814770801,
    597071553,
    1491394607,
    1805614633,
    158404877,
    1424689127,
    2014860644,
    1724212400,
    574598727,
    702748314,
    1296013746,
    1154237872,
    310987781,
    1000564519,
    686648760,
    650968192,
    1258218676,
    389307304,
    208265693,
    1198797945
  ]
}