{
  "mode": "branch",
  "rep": 1076,
  "ne": 10000,
  "r": [
    1e-08,
    1.820689655172414e-07,
    3.541379310344828e-07,
    5.262068965517242e-07,
    6.982758620689656e-07,
    8.70344827586207e-07,
    1.0424137931034483e-06,
    1.2144827586206895e-06,
    1.386551724137931e-06,
    1.5586206896551725e-06,
    1.7306896551724138e-06,
    1.7306896551724138e-06,
    1.9027586206896551e-06,
    1.9027586206896551e-06,
    2.0748275862068966e-06,
    2.0748275862068966e-06,
    2.246896551724138e-06,
    2.246896551724138e-06,
    2.418965517241379e-06,
    2.418965517241379e-06,
    2.5910344827586207e-06,
    2.5910344827586207e-06,
    2.763103448275862e-06,
    2.763103448275862e-06,
    2.9351724137931037e-06,
    2.9351724137931037e-06,
    3.107241379310345e-06,
    3.107241379310345e-06,
    3.2793103448275863e-06,
    3.2793103448275863e-06,
    3.4513793103448278e-06,
    3.4513793103448278e-06,
    3.6234482758620693e-06,
    3.6234482758620693e-06,
    3.7955172413793103e-06,
    3.7955172413793103e-06,
    3.967586206896552e-06,
    3.967586206896552e-06,
    4.139655172413793e-06,
    4.139655172413793e-06,
    4.311724137931034e-06,
    4.311724137931034e-06,
    4.483793103448276e-06,
    4.483793103448276e-06,
    4.655862068965517e-06,
    4.655862068965517e-06,
    4.8279310344827585e-06,
    4.8279310344827585e-06,
    5e-06,
    5e-06
  ],
  "mu": 0,
  "samples": 250,
  "sequence_length": 1000,
  "seeds": [
    1843278047,
    7227489,
    1326310012,
    274743659,
    561384340,
    289409977,
    1892081353,
    1648681758,
    1097419774,
    412181354,
    1010171848,
    13472836,
    1119604102,
    98331138,
    1297550467,
    230697734,
    1782892973,
    1165754042,
    928670685,
    950123346,
    2032349940,
    516460892,
    1429856973,
    160280360,
    236175871,
    1997107206,
    1283599245,
    441649359,
    1163560621,
    168593082,
    276435682,
    1266895614,
    769781013,
    466574557,
    524545597,
    954297615,
    747808412,
    457940034,
    1981884941,
    420919899,
    1757119388,
    1725755164,
    1798774173,
    1216339813,
    648581500,
    1503107843,
    136404576,
    2129382174,
    1506072873,
    1041311856
  ]
}