{
  "mode": "branch",
  "rep": 784,
  "ne": 10000,
  "r": [
    1e-08,
    1e-08,
    1.820689655172414e-07,
    1.820689655172414e-07,
    3.541379310344828e-07,
    3.541379310344828e-07,
    5.262068965517242e-07,
    5.262068965517242e-07,
    6.982758620689656e-07,
    6.982758620689656e-07,
    8.70344827586207e-07,
    8.70344827586207e-07,
    1.0424137931034483e-06,
    1.0424137931034483e-06,
    1.2144827586206895e-06,
    1.2144827586206895e-06,
    1.386551724137931e-06,
    1.386551724137931e-06,
    1.5586206896551725e-06,
    1.5586206896551725e-06,
    1.7306896551724138e-06,
    1.9027586206896551e-06,
    2.0748275862068966e-06,
    2.246896551724138e-06,
    2.418965517241379e-06,
    2.5910344827586207e-06,
    2.763103448275862e-06,
    2.9351724137931037e-06,
    3.107241379310345e-06,
    3.2793103448275863e-06,
    3.4513793103448278e-06,
    3.4513793103448278e-06,
    3.6234482758620693e-06,
    3.6234482758620693e-06,
    3.7955172413793103e-06,
    3.7955172413793103e-06,
    3.967586206896552e-06,
    3.967586206896552e-06,
    4.139655172413793e-06,
    4.139655172413793e-06,
    4.311724137931034e-06,
    4.311724137931034e-06,
    4.483793103448276e-06,
    4.483793103448276e-06,
    4.655862068965517e-06,
    4.655862068965517e-06,
    4.8279310344827585e-06,
    4.8279310344827585e-06,
    5e-06,
    5e-06
  ],
  "mu": 0,
  "samples": 250,
  "sequence_length": 1000,
  "seeds": [
    1994765714,
    1541158509,
    1235660224,
    1943159093,
    1488213757,
    926229571,
    1201344041,
    140545812,
    1109968348,
    1830969878,
    877494666,
    527686813,
    776951336,
    320198099,
    1822531672,
    2025513422,
    1468489108,
    288080074,
    734461343,
    1117760568,
    952527625,
    53714359,
    369023195,
    206898873,
    1208498987,
    1668886040,
    113642790,
    443386202,
    512594219,
    702509650,
    364409067,
    2037116777,
    1243838087,
    1387921323,
    1108483339,
    1155373928,
    660601819,
    964435438,
    1116322179,
    1907038569,
    1192330687,
    2131302019,
    1318259284,
    119876023,
    292868389,
    109647761,
    742368757,
    1609442429,
    958666988,
    1266796346
  ]
}