{
  "mode": "branch",
  "rep": 905,
  "ne": 10000,
  "r": [
    1e-08,
    1.820689655172414e-07,
    3.541379310344828e-07,
    5.262068965517242e-07,
    6.982758620689656e-07,
    8.70344827586207e-07,
    1.0424137931034483e-06,
    1.2144827586206895e-06,
    1.386551724137931e-06,
    1.5586206896551725e-06,
    1.7306896551724138e-06,
    1.7306896551724138e-06,
    1.9027586206896551e-06,
    1.9027586206896551e-06,
    2.0748275862068966e-06,
    2.0748275862068966e-06,
    2.246896551724138e-06,
    2.246896551724138e-06,
    2.418965517241379e-06,
    2.418965517241379e-06,
    2.5910344827586207e-06,
    2.5910344827586207e-06,
    2.763103448275862e-06,
    2.763103448275862e-06,
    2.9351724137931037e-06,
    2.9351724137931037e-06,
    3.107241379310345e-06,
    3.107241379310345e-06,
    3.2793103448275863e-06,
    3.2793103448275863e-06,
    3.4513793103448278e-06,
    3.4513793103448278e-06,
    3.6234482758620693e-06,
    3.6234482758620693e-06,
    3.7955172413793103e-06,
    3.7955172413793103e-06,
    3.967586206896552e-06,
    3.967586206896552e-06,
    4.139655172413793e-06,
    4.139655172413793e-06,
    4.311724137931034e-06,
    4.311724137931034e-06,
    4.483793103448276e-06,
    4.483793103448276e-06,
    4.655862068965517e-06,
    4.655862068965517e-06,
    4.8279310344827585e-06,
    4.8279310344827585e-06,
    5e-06,
    5e-06
  ],
  "mu": 0,
  "samples": 250,
  "sequence_length": 1000,
  "seeds": [
    1290367491,
    173173111,
    943197761,
    1862630463,
    768923766,
    783492549,
    282549747,
    1097892765,
    2126038839,
    417516181,
    1627603846,
    1147220885,
    1293290629,
    1064878287,
    551890190,
    363678302,
    1852638947,
    1802562687,
    295550651,
    1427796550,
    716697629,
    1244727808,
    611303519,
    1616225723,
    531636592,
    677461466,
    878743010,
    441459630,
    2044099799,
    1207560744,
    1101240560,
    1731807312,
    1896008990,
    1921242675,
    1524968719,
    115373129,
    602169883,
    1781874918,
    2009892114,
    1755424887,
    656278202,
    1367335056,
    180813219,
    1672535274,
    460231379,
    991540764,
    488047531,
    11269384,
    688516964,
    294821461
  ]
}