{
  "mode": "branch",
  "rep": 1078,
  "ne": 10000,
  "r": [
    1e-08,
    1e-08,
    1.820689655172414e-07,
    1.820689655172414e-07,
    3.541379310344828e-07,
    3.541379310344828e-07,
    5.262068965517242e-07,
    5.262068965517242e-07,
    6.982758620689656e-07,
    6.982758620689656e-07,
    8.70344827586207e-07,
    8.70344827586207e-07,
    1.0424137931034483e-06,
    1.0424137931034483e-06,
    1.2144827586206895e-06,
    1.2144827586206895e-06,
    1.386551724137931e-06,
    1.386551724137931e-06,
    1.5586206896551725e-06,
    1.5586206896551725e-06,
    1.7306896551724138e-06,
    1.9027586206896551e-06,
    2.0748275862068966e-06,
    2.246896551724138e-06,
    2.418965517241379e-06,
    2.5910344827586207e-06,
    2.763103448275862e-06,
    2.9351724137931037e-06,
    3.107241379310345e-06,
    3.2793103448275863e-06,
    3.4513793103448278e-06,
    3.4513793103448278e-06,
    3.6234482758620693e-06,
    3.6234482758620693e-06,
    3.7955172413793103e-06,
    3.7955172413793103e-06,
    3.967586206896552e-06,
    3.967586206896552e-06,
    4.139655172413793e-06,
    4.139655172413793e-06,
    4.311724137931034e-06,
    4.311724137931034e-06,
    4.483793103448276e-06,
    4.483793103448276e-06,
    4.655862068965517e-06,
    4.655862068965517e-06,
    4.8279310344827585e-06,
    4.8279310344827585e-06,
    5e-06,
    5e-06
  ],
  "mu": 0,
  "samples": 250,
  "sequence_length": 1000,
  "seeds": [
    909078333,
    1758045558,
    51529996,
    695520275,
    100105526,
    903325199,
    2029258355,
    1588277089,
    1801303525,
    576867045,
    930204113,
    911503444,
    253985676,
    994777703,
    1628140160,
    236475005,
    954703413,
    537041786,
    587170515,
    779040218,
    796335506,
    1652355388,
    1728054677,
    1947782227,
    191340738,
    154701162,
    348604877,
    871545385,
    17341088,
    1027214540,
    1009128168,
    927705182,
    1691998180,
    650271076,
    304987789,
    581856260,
    1284203296,
    221446654,
    2004976375,
    537267622,
    1992312740,
    657102806,
    278780696,
    584194626,
    539317523,
    1015975559,
    1698983774,
    991363118,
    1533774302,
    1590654852
  ]
}