{
  "mode": "branch",
  "rep": 938,
  "ne": 10000,
  "r": [
    1e-08,
    1.820689655172414e-07,
    3.541379310344828e-07,
    5.262068965517242e-07,
    6.982758620689656e-07,
    8.70344827586207e-07,
    1.0424137931034483e-06,
    1.2144827586206895e-06,
    1.386551724137931e-06,
    1.5586206896551725e-06,
    1.7306896551724138e-06,
    1.7306896551724138e-06,
    1.9027586206896551e-06,
    1.9027586206896551e-06,
    2.0748275862068966e-06,
    2.0748275862068966e-06,
    2.246896551724138e-06,
    2.246896551724138e-06,
    2.418965517241379e-06,
    2.418965517241379e-06,
    2.5910344827586207e-06,
    2.5910344827586207e-06,
    2.763103448275862e-06,
    2.763103448275862e-06,
    2.9351724137931037e-06,
    2.9351724137931037e-06,
    3.107241379310345e-06,
    3.107241379310345e-06,
    3.2793103448275863e-06,
    3.2793103448275863e-06,
    3.4513793103448278e-06,
    3.4513793103448278e-06,
    3.6234482758620693e-06,
    3.6234482758620693e-06,
    3.7955172413793103e-06,
    3.7955172413793103e-06,
    3.967586206896552e-06,
    3.967586206896552e-06,
    4.139655172413793e-06,
    4.139655172413793e-06,
    4.311724137931034e-06,
    4.311724137931034e-06,
    4.483793103448276e-06,
    4.483793103448276e-06,
    4.655862068965517e-06,
    4.655862068965517e-06,
    4.8279310344827585e-06,
    4.8279310344827585e-06,
    5e-06,
    5e-06
  ],
  "mu": 0,
  "samples": 250,
  "sequence_length": 1000,
  "seeds": [
    2145376527,
    56467124,
    2112178286,
    1222093959,
    1885772912,
    22971310,
    348846036,
    263112573,
    1137435486,
    1755876776,
    1025426015,
    1290169421,
    123806009,
    635190045,
    823534270,
    323874063,
    1677178430,
    1162988365,
    1978419393,
    557282401,
    1651582268,
    990941516,
    1583329569,
    1486821977,
    1312876691,
    1900424373,
    1898676517,
    55290179,
    1365884453,
    1833757560,
    447067576,
    1769885120,
    110461600,
    1257465278,
    1398306524,
    515242475,
    217568683,
    1287905278,
    2042775356,
    757725561,
    578788470,
    309065951,
    1024535796,
    1361113419,
    1732518426,
    1101564793,
    1284207609,
    1997889850,
    1223147443,
    604015456
  ]
}