{
  "mode": "branch",
  "rep": 734,
  "ne": 10000,
  "r": [
    1e-08,
    1.820689655172414e-07,
    3.541379310344828e-07,
    5.262068965517242e-07,
    6.982758620689656e-07,
    8.70344827586207e-07,
    1.0424137931034483e-06,
    1.2144827586206895e-06,
    1.386551724137931e-06,
    1.5586206896551725e-06,
    1.7306896551724138e-06,
    1.7306896551724138e-06,
    1.9027586206896551e-06,
    1.9027586206896551e-06,
    2.0748275862068966e-06,
    2.0748275862068966e-06,
    2.246896551724138e-06,
    2.246896551724138e-06,
    2.418965517241379e-06,
    2.418965517241379e-06,
    2.5910344827586207e-06,
    2.5910344827586207e-06,
    2.763103448275862e-06,
    2.763103448275862e-06,
    2.9351724137931037e-06,
    2.9351724137931037e-06,
    3.107241379310345e-06,
    3.107241379310345e-06,
    3.2793103448275863e-06,
    3.2793103448275863e-06,
    3.4513793103448278e-06,
    3.4513793103448278e-06,
    3.6234482758620693e-06,
    3.6234482758620693e-06,
    3.7955172413793103e-06,
    3.7955172413793103e-06,
    3.967586206896552e-06,
    3.967586206896552e-06,
    4.139655172413793e-06,
    4.139655172413793e-06,
    4.311724137931034e-06,
    4.311724137931034e-06,
    4.483793103448276e-06,
    4.483793103448276e-06,
    4.655862068965517e-06,
    4.655862068965517e-06,
    4.8279310344827585e-06,
    4.8279310344827585e-06,
    5e-06,
    5e-06
  ],
  "mu": 0,
  "samples": 250,
  "sequence_length": 1000,
  "seeds": [
    1264723541,
    1622426785,
    202770056,
    1817156330,
    838879820,
    997418657,
    1970460113,
    119922452,
    1727902374,
    1835768919,
    1583817084,
    1467360173,
    109742996,
    74281674,
    600873639,
    454295076,
    993171485,
    1790962568,
    1250469667,
    1745508629,
    218671941,
    2023301786,
    324423082,
    2137848790,
    2139864856,
    225250590,
    1656183396,
    1698752392,
    1841039042,
    554315858,
    3362870,
    1002604979,
    363846325,
    1494363969,
    1184248004,
    1905437228,
    775638792,
    25390314,
    977196762,
    141437030,
    1102982515,
    92997604,
    760866103,
    2071355288,
    174695462,
    463723460,
    1290077744,
    1908626614,
    1206375787,
    1905263941
  ]
}