{
  "mode": "site",
  "rep": 480,
  "ne": 10000,
  "r": 1e-05,
  "mu": [
    1e-07,
    1e-07,
    4.413793103448276e-07,
    4.413793103448276e-07,
    7.827586206896552e-07,
    7.827586206896552e-07,
    1.1241379310344827e-06,
    1.1241379310344827e-06,
    1.4655172413793102e-06,
    1.4655172413793102e-06,
    1.8068965517241377e-06,
    1.8068965517241377e-06,
    2.1482758620689656e-06,
    2.1482758620689656e-06,
    2.489655172413793e-06,
    2.489655172413793e-06,
    2.8310344827586205e-06,
    2.8310344827586205e-06,
    3.172413793103448e-06,
    3.172413793103448e-06,
    3.5137931034482755e-06,
    3.5137931034482755e-06,
    3.855172413793104e-06,
    3.855172413793104e-06,
    4.196551724137931e-06,
    4.196551724137931e-06,
    4.537931034482759e-06,
    4.537931034482759e-06,
    4.879310344827586e-06,
    4.879310344827586e-06,
    5.220689655172414e-06,
    5.220689655172414e-06,
    5.562068965517241e-06,
    5.562068965517241e-06,
    5.903448275862069e-06,
    5.903448275862069e-06,
    6.244827586206896e-06,
    6.244827586206896e-06,
    6.5862068965517236e-06,
    6.5862068965517236e-06,
    6.927586206896551e-06,
    7.268965517241379e-06,
    7.610344827586207e-06,
    7.951724137931034e-06,
    8.293103448275863e-06,
    8.634482758620691e-06,
    8.975862068965518e-06,
    9.317241379310346e-06,
    9.658620689655173e-06,
    1e-05
  ],
  "samples": 500,
  "sequence_length": 10000,
  "seeds": [
    1546173842,
    913286562,
    1699058873,
    1109436353,
    1868891995,
    391847771,
    1144089688,
    1386117384,
    1315042440,
    1579833930,
    4556455,
    2054815010,
    1164881785,
    69566430,
    66178384,
    207419851,
    1284912674,
    987462386,
    1277624124,
    1748309789,
    1888398186,
    1291188095,
    854346812,
    249886384,
    262387405,
    1000807281,
    45674868,
    1186298893,
    695369383,
    1665821667,
    357385236,
    753180742,
    1626811377,
    530196780,
    1233577130,
    2021549401,
    1400136096,
    1662729873,
    1065465748,
    839094035,
    1087215347,
    620088784,
    1306961391,
    56855680,
    1165841463,
    1054449884,
    1853216612,
    490668096,
    449431747,
    1550658242
  ]
}