{
  "mode": "site",
  "rep": 417,
  "ne": 10000,
  "r": 1e-05,
  "mu": [
    1e-07,
    1e-07,
    4.413793103448276e-07,
    4.413793103448276e-07,
    7.827586206896552e-07,
    7.827586206896552e-07,
    1.1241379310344827e-06,
    1.1241379310344827e-06,
    1.4655172413793102e-06,
    1.4655172413793102e-06,
    1.8068965517241377e-06,
    1.8068965517241377e-06,
    2.1482758620689656e-06,
    2.1482758620689656e-06,
    2.489655172413793e-06,
    2.489655172413793e-06,
    2.8310344827586205e-06,
    2.8310344827586205e-06,
    3.172413793103448e-06,
    3.172413793103448e-06,
    3.5137931034482755e-06,
    3.5137931034482755e-06,
    3.855172413793104e-06,
    3.855172413793104e-06,
    4.196551724137931e-06,
    4.196551724137931e-06,
    4.537931034482759e-06,
    4.537931034482759e-06,
    4.879310344827586e-06,
    4.879310344827586e-06,
    5.220689655172414e-06,
    5.220689655172414e-06,
    5.562068965517241e-06,
    5.562068965517241e-06,
    5.903448275862069e-06,
    5.903448275862069e-06,
    6.244827586206896e-06,
    6.244827586206896e-06,
    6.5862068965517236e-06,
    6.5862068965517236e-06,
    6.927586206896551e-06,
    7.268965517241379e-06,
    7.610344827586207e-06,
    7.951724137931034e-06,
    8.293103448275863e-06,
    8.634482758620691e-06,
    8.975862068965518e-06,
    9.317241379310346e-06,
    9.658620689655173e-06,
    1e-05
  ],
  "samples": 500,
  "sequence_length": 50000,
  "seeds": [
    1079614433,
    1421140413,
    1014482857,
    596018140,
    474843635,
    493217683,
    300227230,
    2012380528,
    1702791034,
    693163405,
    1397762435,
    1443890275,
    1595184739,
    1709472431,
    947507523,
    492792119,
    659265012,
    1459351983,
    1086901589,
    259883947,
    87628154,
    464971371,
    1042717473,
    221509779,
    179960746,
    1636521883,
    1967387897,
    1066878815,
    1501378990,
    1937969965,
    1923408301,
    1327847563,
    1388669691,
    734756569,
    553979225,
    1773634192,
    2010414787,
    374173058,
    133850657,
    8721356,
    1135311379,
    1439568835,
    1777906748,
    1352072245,
    1053553784,
    1840561785,
    785613551,
    1748614010,
    1278431318,
    1373842254
  ]
}