{
  "mode": "site",
  "rep": 58,
  "ne": 10000,
  "r": 1e-05,
  "mu": [
    1e-07,
    1e-07,
    4.413793103448276e-07,
    4.413793103448276e-07,
    7.827586206896552e-07,
    7.827586206896552e-07,
    1.1241379310344827e-06,
    1.1241379310344827e-06,
    1.4655172413793102e-06,
    1.4655172413793102e-06,
    1.8068965517241377e-06,
    1.8068965517241377e-06,
    2.1482758620689656e-06,
    2.1482758620689656e-06,
    2.489655172413793e-06,
    2.489655172413793e-06,
    2.8310344827586205e-06,
    2.8310344827586205e-06,
    3.172413793103448e-06,
    3.172413793103448e-06,
    3.5137931034482755e-06,
    3.855172413793104e-06,
    4.196551724137931e-06,
    4.537931034482759e-06,
    4.879310344827586e-06,
    5.220689655172414e-06,
    5.562068965517241e-06,
    5.903448275862069e-06,
    6.244827586206896e-06,
    6.5862068965517236e-06,
    6.927586206896551e-06,
    6.927586206896551e-06,
    7.268965517241379e-06,
    7.268965517241379e-06,
    7.610344827586207e-06,
    7.610344827586207e-06,
    7.951724137931034e-06,
    7.951724137931034e-06,
    8.293103448275863e-06,
    8.293103448275863e-06,
    8.634482758620691e-06,
    8.634482758620691e-06,
    8.975862068965518e-06,
    8.975862068965518e-06,
    9.317241379310346e-06,
    9.317241379310346e-06,
    9.658620689655173e-06,
    9.658620689655173e-06,
    1e-05,
    1e-05
  ],
  "samples": 500,
  "sequence_length": 50000,
  "seeds": [
    512251371,
    1327630905,
    1864771628,
    1714212617,
    1839250460,
    671970928,
    622904320,
    141642404,
    1204965966,
    17360150,
    1281246894,
    1769548566,
    899357902,
    928214586,
    1222487900,
    1711272146,
    1727681058,
    1558275976,
    1030160486,
    292455909,
    1728626956,
    1091453866,
    1423653761,
    2030000780,
    2080565116,
    1231320175,
    1749197262,
    1142789990,
    1651601330,
    896350078,
    1708888413,
    255148076,
    274154044,
    1227157505,
    76842951,
    314751416,
    2002510965,
    1831219599,
    788444237,
    1688851497,
    1620210422,
    10880391,
    239838649,
    1328605270,
    1561001230,
    132751370,
    489877784,
    113096693,
    1124491358,
    1269753094
  ]
}