{
  "mode": "site",
  "rep": 154,
  "ne": 10000,
  "r": 1e-05,
  "mu": [
    1e-07,
    1e-07,
    4.413793103448276e-07,
    4.413793103448276e-07,
    7.827586206896552e-07,
    7.827586206896552e-07,
    1.1241379310344827e-06,
    1.1241379310344827e-06,
    1.4655172413793102e-06,
    1.4655172413793102e-06,
    1.8068965517241377e-06,
    1.8068965517241377e-06,
    2.1482758620689656e-06,
    2.1482758620689656e-06,
    2.489655172413793e-06,
    2.489655172413793e-06,
    2.8310344827586205e-06,
    2.8310344827586205e-06,
    3.172413793103448e-06,
    3.172413793103448e-06,
    3.5137931034482755e-06,
    3.855172413793104e-06,
    4.196551724137931e-06,
    4.537931034482759e-06,
    4.879310344827586e-06,
    5.220689655172414e-06,
    5.562068965517241e-06,
    5.903448275862069e-06,
    6.244827586206896e-06,
    6.5862068965517236e-06,
    6.927586206896551e-06,
    6.927586206896551e-06,
    7.268965517241379e-06,
    7.268965517241379e-06,
    7.610344827586207e-06,
    7.610344827586207e-06,
    7.951724137931034e-06,
    7.951724137931034e-06,
    8.293103448275863e-06,
    8.293103448275863e-06,
    8.634482758620691e-06,
    8.634482758620691e-06,
    8.975862068965518e-06,
    8.975862068965518e-06,
    9.317241379310346e-06,
    9.317241379310346e-06,
    9.658620689655173e-06,
    9.658620689655173e-06,
    1e-05,
    1e-05
  ],
  "samples": 500,
  "sequence_length": 50000,
  "seeds": [
    1061733347,
    292318953,
    1840704378,
    2143128112,
    1337815501,
    286286699,
    125685392,
    1511521444,
    1553906451,
    882040099,
    1055224621,
    1529511901,
    1353876097,
    1998879276,
    67583948,
    1482656958,
    1778057535,
    35236699,
    2106152204,
    1011023411,
    1205032212,
    1934756902,
    1990036326,
    50395442,
    1361724916,
    1971918844,
    1624868121,
    393480847,
    1845895182,
    962149910,
    362810503,
    1634183631,
    1927395921,
    1449748221,
    855267364,
    1868577409,
    1498308061,
    1381143182,
    664454652,
    1535992486,
    923703239,
    337488460,
    580801860,
    1612375703,
    972484232,
    836891703,
    942199845,
    80103191,
    2030564792,
    1845437921
  ]
}