{
  "mode": "branch",
  "rep": 1093,
  "ne": 10000,
  "r": [
    1e-08,
    1e-08,
    1.820689655172414e-07,
    1.820689655172414e-07,
    3.541379310344828e-07,
    3.541379310344828e-07,
    5.262068965517242e-07,
    5.262068965517242e-07,
    6.982758620689656e-07,
    6.982758620689656e-07,
    8.70344827586207e-07,
    8.70344827586207e-07,
    1.0424137931034483e-06,
    1.0424137931034483e-06,
    1.2144827586206895e-06,
    1.2144827586206895e-06,
    1.386551724137931e-06,
    1.386551724137931e-06,
    1.5586206896551725e-06,
    1.5586206896551725e-06,
    1.7306896551724138e-06,
    1.9027586206896551e-06,
    2.0748275862068966e-06,
    2.246896551724138e-06,
    2.418965517241379e-06,
    2.5910344827586207e-06,
    2.763103448275862e-06,
    2.9351724137931037e-06,
    3.107241379310345e-06,
    3.2793103448275863e-06,
    3.4513793103448278e-06,
    3.4513793103448278e-06,
    3.6234482758620693e-06,
    3.6234482758620693e-06,
    3.7955172413793103e-06,
    3.7955172413793103e-06,
    3.967586206896552e-06,
    3.967586206896552e-06,
    4.139655172413793e-06,
    4.139655172413793e-06,
    4.311724137931034e-06,
    4.311724137931034e-06,
    4.483793103448276e-06,
    4.483793103448276e-06,
    4.655862068965517e-06,
    4.655862068965517e-06,
    4.8279310344827585e-06,
    4.8279310344827585e-06,
    5e-06,
    5e-06
  ],
  "mu": 0,
  "samples": 250,
  "sequence_length": 1000,
  "seeds": [
    1181655513,
    768004505,
    1467675273,
    1832920040,
    605851355,
    1540576168,
    1446939981,
    873376340,
    1910204,
    1141111584,
    2097859431,
    1572584333,
    1108449204,
    1231292915,
    2036627420,
    639156952,
    697156857,
    1568518331,
    1009081341,
    683658433,
    519943096,
    998691614,
    1425084729,
    1343772419,
    1869214525,
    1411831558,
    130855015,
    1996502964,
    796040865,
    1549641466,
    1854299311,
    1881976790,
    139559617,
    1450914782,
    1506445529,
    269366284,
    200859610,
    64820250,
    1937234659,
    1717642357,
    2143865931,
    715348205,
    187849608,
    616835794,
    1276521037,
    50215978,
    206684716,
    148434682,
    2060087082,
    897434552
  ]
}