{
  "mode": "branch",
  "rep": 686,
  "ne": 10000,
  "r": [
    1e-08,
    1.820689655172414e-07,
    3.541379310344828e-07,
    5.262068965517242e-07,
    6.982758620689656e-07,
    8.70344827586207e-07,
    1.0424137931034483e-06,
    1.2144827586206895e-06,
    1.386551724137931e-06,
    1.5586206896551725e-06,
    1.7306896551724138e-06,
    1.7306896551724138e-06,
    1.9027586206896551e-06,
    1.9027586206896551e-06,
    2.0748275862068966e-06,
    2.0748275862068966e-06,
    2.246896551724138e-06,
    2.246896551724138e-06,
    2.418965517241379e-06,
    2.418965517241379e-06,
    2.5910344827586207e-06,
    2.5910344827586207e-06,
    2.763103448275862e-06,
    2.763103448275862e-06,
    2.9351724137931037e-06,
    2.9351724137931037e-06,
    3.107241379310345e-06,
    3.107241379310345e-06,
    3.2793103448275863e-06,
    3.2793103448275863e-06,
    3.4513793103448278e-06,
    3.4513793103448278e-06,
    3.6234482758620693e-06,
    3.6234482758620693e-06,
    3.7955172413793103e-06,
    3.7955172413793103e-06,
    3.967586206896552e-06,
    3.967586206896552e-06,
    4.139655172413793e-06,
    4.139655172413793e-06,
    4.311724137931034e-06,
    4.311724137931034e-06,
    4.483793103448276e-06,
    4.483793103448276e-06,
    4.655862068965517e-06,
    4.655862068965517e-06,
    4.8279310344827585e-06,
    4.8279310344827585e-06,
    5e-06,
    5e-06
  ],
  "mu": 0,
  "samples": 250,
  "sequence_length": 1000,
  "seeds": [
    1779002201,
    523938177,
    1586183434,
    383440496,
    1199937733,
    464570858,
    1855273351,
    1851469933,
    1879965068,
    1560539185,
    235907194,
    855971413,
    210492764,
    164591852,
    445239841,
    297148324,
    40307291,
    1591618186,
    278613877,
    363801065,
    524945032,
    99969115,
    1461194646,
    625797927,
    1122420241,
    1365062154,
    477082272,
    1464922109,
    923895083,
    1888827775,
    198398732,
    951731166,
    1160993670,
    1108720174,
    1131542897,
    695202528,
    897495661,
    208129011,
    948152972,
    524597557,
    1052130626,
    1778322164,
    1868617046,
    1966656889,
    1754052173,
    1751640549,
    832708858,
    722842781,
    1408270542,
    1592479060
  ]
}