{
  "mode": "site",
  "rep": 377,
  "ne": 10000,
  "r": 1e-05,
  "mu": [
    1e-07,
    4.413793103448276e-07,
    7.827586206896552e-07,
    1.1241379310344827e-06,
    1.4655172413793102e-06,
    1.8068965517241377e-06,
    2.1482758620689656e-06,
    2.489655172413793e-06,
    2.8310344827586205e-06,
    3.172413793103448e-06,
    3.5137931034482755e-06,
    3.5137931034482755e-06,
    3.855172413793104e-06,
    3.855172413793104e-06,
    4.196551724137931e-06,
    4.196551724137931e-06,
    4.537931034482759e-06,
    4.537931034482759e-06,
    4.879310344827586e-06,
    4.879310344827586e-06,
    5.220689655172414e-06,
    5.220689655172414e-06,
    5.562068965517241e-06,
    5.562068965517241e-06,
    5.903448275862069e-06,
    5.903448275862069e-06,
    6.244827586206896e-06,
    6.244827586206896e-06,
    6.5862068965517236e-06,
    6.5862068965517236e-06,
    6.927586206896551e-06,
    6.927586206896551e-06,
    7.268965517241379e-06,
    7.268965517241379e-06,
    7.610344827586207e-06,
    7.610344827586207e-06,
    7.951724137931034e-06,
    7.951724137931034e-06,
    8.293103448275863e-06,
    8.293103448275863e-06,
    8.634482758620691e-06,
    8.634482758620691e-06,
    8.975862068965518e-06,
    8.975862068965518e-06,
    9.317241379310346e-06,
    9.317241379310346e-06,
    9.658620689655173e-06,
    9.658620689655173e-06,
    1e-05,
    1e-05
  ],
  "samples": 500,
  "sequence_length": 10000,
  "seeds": [
    578432125,
    755656439,
    1001127026,
    1913989824,
    1212685621,
    2048838069,
    1470261131,
    742077515,
    1580741054,
    1306781092,
    908277196,
    1209800548,
    2120248697,
    508271799,
    1518167055,
    434812252,
    50966160,
    497354302,
    1092440697,
    1286303619,
    155124782,
    416925431,
    103030298,
    1095725775,
    1056406391,
    2100065362,
    588988229,
    2147275855,
    158671745,
    1249766734,
    278015536,
    1602940896,
    2104142128,
    468399025,
    2077002826,
    2135619285,
    745275592,
    2077913589,
    792904237,
    1023158900,
    1341054514,
    388833725,
    734485609,
    1477460703,
    918988043,
    969359529,
    1679862034,
    528006603,
    2128879444,
    1549761044
  ]
}