{
  "mode": "branch",
  "rep": 963,
  "ne": 10000,
  "r": [
    1e-08,
    1e-08,
    1.820689655172414e-07,
    1.820689655172414e-07,
    3.541379310344828e-07,
    3.541379310344828e-07,
    5.262068965517242e-07,
    5.262068965517242e-07,
    6.982758620689656e-07,
    6.982758620689656e-07,
    8.70344827586207e-07,
    8.70344827586207e-07,
    1.0424137931034483e-06,
    1.0424137931034483e-06,
    1.2144827586206895e-06,
    1.2144827586206895e-06,
    1.386551724137931e-06,
    1.386551724137931e-06,
    1.5586206896551725e-06,
    1.5586206896551725e-06,
    1.7306896551724138e-06,
    1.7306896551724138e-06,
    1.9027586206896551e-06,
    1.9027586206896551e-06,
    2.0748275862068966e-06,
    2.0748275862068966e-06,
    2.246896551724138e-06,
    2.246896551724138e-06,
    2.418965517241379e-06,
    2.418965517241379e-06,
    2.5910344827586207e-06,
    2.5910344827586207e-06,
    2.763103448275862e-06,
    2.763103448275862e-06,
    2.9351724137931037e-06,
    2.9351724137931037e-06,
    3.107241379310345e-06,
    3.107241379310345e-06,
    3.2793103448275863e-06,
    3.2793103448275863e-06,
    3.4513793103448278e-06,
    3.6234482758620693e-06,
    3.7955172413793103e-06,
    3.967586206896552e-06,
    4.139655172413793e-06,
    4.311724137931034e-06,
    4.483793103448276e-06,
    4.655862068965517e-06,
    4.8279310344827585e-06,
    5e-06
  ],
  "mu": 0,
  "samples": 250,
  "sequence_length": 1000,
  "seeds": [
    171655828,
    1966197259,
    1394262328,
    2108138260,
    1129221731,
    662319595,
    1798753327,
    2021904163,
    1061105279,
    2068240722,
    1538908285,
    290805606,
    269853714,
    1285036028,
    1549159193,
    1406099383,
    119279964,
    973395580,
    2123931126,
    870064757,
    543138954,
    756681158,
    1337914701,
    1283862453,
    593644028,
    864114426,
    349059203,
    298872931,
    363110876,
    169797527,
    2052970054,
    795088670,
    2058563300,
    749302217,
    1582561009,
    1927016540,
    218517323,
    1781655098,
    1454708489,
    1904831066,
    154538436,
    1412097463,
    1384733392,
    1651489275,
    414519613,
    1380117759,
    1803138619,
    938565263,
    1597160370,
    705805376
  ]
}