{
  "mode": "branch",
  "rep": 987,
  "ne": 10000,
  "r": [
    1e-08,
    1e-08,
    1.820689655172414e-07,
    1.820689655172414e-07,
    3.541379310344828e-07,
    3.541379310344828e-07,
    5.262068965517242e-07,
    5.262068965517242e-07,
    6.982758620689656e-07,
    6.982758620689656e-07,
    8.70344827586207e-07,
    8.70344827586207e-07,
    1.0424137931034483e-06,
    1.0424137931034483e-06,
    1.2144827586206895e-06,
    1.2144827586206895e-06,
    1.386551724137931e-06,
    1.386551724137931e-06,
    1.5586206896551725e-06,
    1.5586206896551725e-06,
    1.7306896551724138e-06,
    1.7306896551724138e-06,
    1.9027586206896551e-06,
    1.9027586206896551e-06,
    2.0748275862068966e-06,
    2.0748275862068966e-06,
    2.246896551724138e-06,
    2.246896551724138e-06,
    2.418965517241379e-06,
    2.418965517241379e-06,
    2.5910344827586207e-06,
    2.5910344827586207e-06,
    2.763103448275862e-06,
    2.763103448275862e-06,
    2.9351724137931037e-06,
    2.9351724137931037e-06,
    3.107241379310345e-06,
    3.107241379310345e-06,
    3.2793103448275863e-06,
    3.2793103448275863e-06,
    3.4513793103448278e-06,
    3.6234482758620693e-06,
    3.7955172413793103e-06,
    3.967586206896552e-06,
    4.139655172413793e-06,
    4.311724137931034e-06,
    4.483793103448276e-06,
    4.655862068965517e-06,
    4.8279310344827585e-06,
    5e-06
  ],
  "mu": 0,
  "samples": 250,
  "sequence_length": 1000,
  "seeds": [
    809663935,
    228547337,
    1337463364,
    1431733211,
    1508299588,
    746068908,
    1126095516,
    596190987,
    990691044,
    1672246459,
    2134503705,
    2093119286,
    5302752,
    1219377294,
    966302198,
    695820767,
    1843331980,
    1336399759,
    1587077673,
    303508088,
    1817602600,
    261708480,
    1313978038,
    1229292291,
    1561685143,
    113618610,
    1367570430,
    25885747,
    1431578911,
    1046163173,
    1447911616,
    720365208,
    1721406066,
    1771886908,
    454368133,
    1780356796,
    1719301977,
    870236694,
    1362534173,
    1657595393,
    374505503,
    541332308,
    805541699,
    1073007480,
    127931575,
    768129320,
    35490662,
    1029856295,
    419450630,
    542044606
  ]
}