{
  "mode": "branch",
  "rep": 830,
  "ne": 10000,
  "r": [
    1e-08,
    1.820689655172414e-07,
    3.541379310344828e-07,
    5.262068965517242e-07,
    6.982758620689656e-07,
    8.70344827586207e-07,
    1.0424137931034483e-06,
    1.2144827586206895e-06,
    1.386551724137931e-06,
    1.5586206896551725e-06,
    1.7306896551724138e-06,
    1.7306896551724138e-06,
    1.9027586206896551e-06,
    1.9027586206896551e-06,
    2.0748275862068966e-06,
    2.0748275862068966e-06,
    2.246896551724138e-06,
    2.246896551724138e-06,
    2.418965517241379e-06,
    2.418965517241379e-06,
    2.5910344827586207e-06,
    2.5910344827586207e-06,
    2.763103448275862e-06,
    2.763103448275862e-06,
    2.9351724137931037e-06,
    2.9351724137931037e-06,
    3.107241379310345e-06,
    3.107241379310345e-06,
    3.2793103448275863e-06,
    3.2793103448275863e-06,
    3.4513793103448278e-06,
    3.4513793103448278e-06,
    3.6234482758620693e-06,
    3.6234482758620693e-06,
    3.7955172413793103e-06,
    3.7955172413793103e-06,
    3.967586206896552e-06,
    3.967586206896552e-06,
    4.139655172413793e-06,
    4.139655172413793e-06,
    4.311724137931034e-06,
    4.311724137931034e-06,
    4.483793103448276e-06,
    4.483793103448276e-06,
    4.655862068965517e-06,
    4.655862068965517e-06,
    4.8279310344827585e-06,
    4.8279310344827585e-06,
    5e-06,
    5e-06
  ],
  "mu": 0,
  "samples": 250,
  "sequence_length": 1000,
  "seeds": [
    2069371701,
    572954404,
    1239866576,
    2135762065,
    1370872728,
    1693246014,
    113017494,
    1362080597,
    1439448588,
    1537561579,
    1381669102,
    497741177,
    163272401,
    1969657934,
    1375703455,
    958658093,
    517786810,
    387923339,
    1272340938,
    954609033,
    1360766239,
    880071893,
    34420501,
    1541757327,
    1260524329,
    1765824668,
    624806602,
    1414610642,
    1114779811,
    212204997,
    204983115,
    1324968083,
    1539512086,
    41214777,
    178509806,
    188588339,
    1530904377,
    745911070,
    538650899,
    460831518,
    1117495011,
    1379828109,
    1977333396,
    987332463,
    593284685,
    235920752,
    390797783,
    1285365794,
    1801876615,
    384256313
  ]
}