{
  "mode": "branch",
  "rep": 926,
  "ne": 10000,
  "r": [
    1e-08,
    1.820689655172414e-07,
    3.541379310344828e-07,
    5.262068965517242e-07,
    6.982758620689656e-07,
    8.70344827586207e-07,
    1.0424137931034483e-06,
    1.2144827586206895e-06,
    1.386551724137931e-06,
    1.5586206896551725e-06,
    1.7306896551724138e-06,
    1.7306896551724138e-06,
    1.9027586206896551e-06,
    1.9027586206896551e-06,
    2.0748275862068966e-06,
    2.0748275862068966e-06,
    2.246896551724138e-06,
    2.246896551724138e-06,
    2.418965517241379e-06,
    2.418965517241379e-06,
    2.5910344827586207e-06,
    2.5910344827586207e-06,
    2.763103448275862e-06,
    2.763103448275862e-06,
    2.9351724137931037e-06,
    2.9351724137931037e-06,
    3.107241379310345e-06,
    3.107241379310345e-06,
    3.2793103448275863e-06,
    3.2793103448275863e-06,
    3.4513793103448278e-06,
    3.4513793103448278e-06,
    3.6234482758620693e-06,
    3.6234482758620693e-06,
    3.7955172413793103e-06,
    3.7955172413793103e-06,
    3.967586206896552e-06,
    3.967586206896552e-06,
    4.139655172413793e-06,
    4.139655172413793e-06,
    4.311724137931034e-06,
    4.311724137931034e-06,
    4.483793103448276e-06,
    4.483793103448276e-06,
    4.655862068965517e-06,
    4.655862068965517e-06,
    4.8279310344827585e-06,
    4.8279310344827585e-06,
    5e-06,
    5e-06
  ],
  "mu": 0,
  "samples": 250,
  "sequence_length": 1000,
  "seeds": [
    1038084112,
    890407638,
    262463369,
    1184865123,
    2044879218,
    2021072394,
    263814447,
    1478009871,
    544637513,
    1596014230,
    585317860,
    1784499180,
    535110219,
    24120444,
    27135946,
    958948266,
    748815792,
    955340333,
    450551121,
    2146096259,
    1279044519,
    1467174622,
    1664417651,
    1576800308,
    1396089022,
    1165720372,
    1676813167,
    386735356,
    1244355751,
    515649457,
    1674178219,
    1223454482,
    110595474,
    39486120,
    1327979517,
    907592909,
    1763236032,
    1870598225,
    1138650704,
    32573332,
    464511660,
    1964068803,
    623594488,
    1257469763,
    1659796696,
    2025248329,
    497150538,
    1377160314,
    1752205104,
    1938491520
  ]
}