{
  "mode": "site",
  "rep": 34,
  "ne": 10000,
  "r": 1e-05,
  "mu": [
    1e-07,
    1e-07,
    4.413793103448276e-07,
    4.413793103448276e-07,
    7.827586206896552e-07,
    7.827586206896552e-07,
    1.1241379310344827e-06,
    1.1241379310344827e-06,
    1.4655172413793102e-06,
    1.4655172413793102e-06,
    1.8068965517241377e-06,
    1.8068965517241377e-06,
    2.1482758620689656e-06,
    2.1482758620689656e-06,
    2.489655172413793e-06,
    2.489655172413793e-06,
    2.8310344827586205e-06,
    2.8310344827586205e-06,
    3.172413793103448e-06,
    3.172413793103448e-06,
    3.5137931034482755e-06,
    3.855172413793104e-06,
    4.196551724137931e-06,
    4.537931034482759e-06,
    4.879310344827586e-06,
    5.220689655172414e-06,
    5.562068965517241e-06,
    5.903448275862069e-06,
    6.244827586206896e-06,
    6.5862068965517236e-06,
    6.927586206896551e-06,
    6.927586206896551e-06,
    7.268965517241379e-06,
    7.268965517241379e-06,
    7.610344827586207e-06,
    7.610344827586207e-06,
    7.951724137931034e-06,
    7.951724137931034e-06,
    8.293103448275863e-06,
    8.293103448275863e-06,
    8.634482758620691e-06,
    8.634482758620691e-06,
    8.975862068965518e-06,
    8.975862068965518e-06,
    9.317241379310346e-06,
    9.317241379310346e-06,
    9.658620689655173e-06,
    9.658620689655173e-06,
    1e-05,
    1e-05
  ],
  "samples": 500,
  "sequence_length": 50000,
  "seeds": [
    192319787,
    137202546,
    2051250469,
    1483889872,
    2132029137,
    1595944007,
    1391888095,
    2047503656,
    1451389524,
    1069383580,
    1139412511,
    619069385,
    1209673582,
    457305380,
    748014434,
    128627765,
    1761538298,
    1639118711,
    541937141,
    2003282410,
    1514811578,
    980080622,
    1157772202,
    2079177307,
    1398725168,
    518603210,
    1569218510,
    269700500,
    1678755514,
    857568308,
    1693838174,
    205512342,
    353206792,
    91990248,
    2081957397,
    609914693,
    1468819888,
    1548560168,
    58999136,
    1105955981,
    193549095,
    536924915,
    107360366,
    1769966520,
    289794275,
    648863315,
    943113847,
    1029355950,
    125582320,
    324742302
  ]
}