{
  "mode": "branch",
  "rep": 867,
  "ne": 10000,
  "r": [
    1e-08,
    1e-08,
    1.820689655172414e-07,
    1.820689655172414e-07,
    3.541379310344828e-07,
    3.541379310344828e-07,
    5.262068965517242e-07,
    5.262068965517242e-07,
    6.982758620689656e-07,
    6.982758620689656e-07,
    8.70344827586207e-07,
    8.70344827586207e-07,
    1.0424137931034483e-06,
    1.0424137931034483e-06,
    1.2144827586206895e-06,
    1.2144827586206895e-06,
    1.386551724137931e-06,
    1.386551724137931e-06,
    1.5586206896551725e-06,
    1.5586206896551725e-06,
    1.7306896551724138e-06,
    1.7306896551724138e-06,
    1.9027586206896551e-06,
    1.9027586206896551e-06,
    2.0748275862068966e-06,
    2.0748275862068966e-06,
    2.246896551724138e-06,
    2.246896551724138e-06,
    2.418965517241379e-06,
    2.418965517241379e-06,
    2.5910344827586207e-06,
    2.5910344827586207e-06,
    2.763103448275862e-06,
    2.763103448275862e-06,
    2.9351724137931037e-06,
    2.9351724137931037e-06,
    3.107241379310345e-06,
    3.107241379310345e-06,
    3.2793103448275863e-06,
    3.2793103448275863e-06,
    3.4513793103448278e-06,
    3.6234482758620693e-06,
    3.7955172413793103e-06,
    3.967586206896552e-06,
    4.139655172413793e-06,
    4.311724137931034e-06,
    4.483793103448276e-06,
    4.655862068965517e-06,
    4.8279310344827585e-06,
    5e-06
  ],
  "mu": 0,
  "samples": 250,
  "sequence_length": 1000,
  "seeds": [
    121675057,
    634039542,
    168589386,
    1871536876,
    46026490,
    1719643264,
    843381599,
    1033340418,
    89919935,
    538308263,
    1528912021,
    1963846610,
    1904558334,
    370666467,
    1616760564,
    510577149,
    1640986562,
    1306597231,
    1169743877,
    77707122,
    621641557,
    89369769,
    982136576,
    1852763891,
    1274688888,
    1900441602,
    2099299533,
    952252096,
    1230660257,
    504614893,
    421220129,
    1390561651,
    2095600144,
    295516034,
    674458014,
    342149241,
    41542445,
    1732752069,
    781462462,
    822491873,
    1374840288,
    1096317906,
    1585480784,
    1080509874,
    1491254733,
    327176975,
    394203078,
    485971438,
    1612927067,
    1355959500
  ]
}