{
  "mode": "site",
  "rep": 286,
  "ne": 10000,
  "r": 1e-05,
  "mu": [
    1e-07,
    1e-07,
    4.413793103448276e-07,
    4.413793103448276e-07,
    7.827586206896552e-07,
    7.827586206896552e-07,
    1.1241379310344827e-06,
    1.1241379310344827e-06,
    1.4655172413793102e-06,
    1.4655172413793102e-06,
    1.8068965517241377e-06,
    1.8068965517241377e-06,
    2.1482758620689656e-06,
    2.1482758620689656e-06,
    2.489655172413793e-06,
    2.489655172413793e-06,
    2.8310344827586205e-06,
    2.8310344827586205e-06,
    3.172413793103448e-06,
    3.172413793103448e-06,
    3.5137931034482755e-06,
    3.855172413793104e-06,
    4.196551724137931e-06,
    4.537931034482759e-06,
    4.879310344827586e-06,
    5.220689655172414e-06,
    5.562068965517241e-06,
    5.903448275862069e-06,
    6.244827586206896e-06,
    6.5862068965517236e-06,
    6.927586206896551e-06,
    6.927586206896551e-06,
    7.268965517241379e-06,
    7.268965517241379e-06,
    7.610344827586207e-06,
    7.610344827586207e-06,
    7.951724137931034e-06,
    7.951724137931034e-06,
    8.293103448275863e-06,
    8.293103448275863e-06,
    8.634482758620691e-06,
    8.634482758620691e-06,
    8.975862068965518e-06,
    8.975862068965518e-06,
    9.317241379310346e-06,
    9.317241379310346e-06,
    9.658620689655173e-06,
    9.658620689655173e-06,
    1e-05,
    1e-05
  ],
  "samples": 500,
  "sequence_length": 10000,
  "seeds": [
    1477894903,
    1449588470,
    1711944245,
    958313627,
    1080560954,
    393253005,
    1270615690,
    977589521,
    1114615475,
    1784789530,
    1574324450,
    1600603803,
    29695246,
    2017863964,
    923397636,
    976251739,
    935017780,
    1020043572,
    2062192001,
    272440430,
    1159060331,
    1324053958,
    1096236982,
    583311393,
    94548752,
    1848519976,
    1672172427,
    1376582535,
    1108403741,
    1953934421,
    1761974993,
    787871233,
    830011466,
    56951398,
    1095769022,
    1878585057,
    468162484,
    962525365,
    568158009,
    659780406,
    157895045,
    1017420422,
    2012077553,
    2125962204,
    107414092,
    1132581082,
    1206599681,
    352364818,
    462338801,
    1478672008
  ]
}