{
  "mode": "branch",
  "rep": 1125,
  "ne": 10000,
  "r": [
    1e-08,
    1e-08,
    1.820689655172414e-07,
    1.820689655172414e-07,
    3.541379310344828e-07,
    3.541379310344828e-07,
    5.262068965517242e-07,
    5.262068965517242e-07,
    6.982758620689656e-07,
    6.982758620689656e-07,
    8.70344827586207e-07,
    8.70344827586207e-07,
    1.0424137931034483e-06,
    1.0424137931034483e-06,
    1.2144827586206895e-06,
    1.2144827586206895e-06,
    1.386551724137931e-06,
    1.386551724137931e-06,
    1.5586206896551725e-06,
    1.5586206896551725e-06,
    1.7306896551724138e-06,
    1.7306896551724138e-06,
    1.9027586206896551e-06,
    1.9027586206896551e-06,
    2.0748275862068966e-06,
    2.0748275862068966e-06,
    2.246896551724138e-06,
    2.246896551724138e-06,
    2.418965517241379e-06,
    2.418965517241379e-06,
    2.5910344827586207e-06,
    2.5910344827586207e-06,
    2.763103448275862e-06,
    2.763103448275862e-06,
    2.9351724137931037e-06,
    2.9351724137931037e-06,
    3.107241379310345e-06,
    3.107241379310345e-06,
    3.2793103448275863e-06,
    3.2793103448275863e-06,
    3.4513793103448278e-06,
    3.6234482758620693e-06,
    3.7955172413793103e-06,
    3.967586206896552e-06,
    4.139655172413793e-06,
    4.311724137931034e-06,
    4.483793103448276e-06,
    4.655862068965517e-06,
    4.8279310344827585e-06,
    5e-06
  ],
  "mu": 0,
  "samples": 250,
  "sequence_length": 1000,
  "seeds": [
    787895275,
    150083702,
    1736949347,
    239092304,
    607055157,
    582771587,
    1076809682,
    753350734,
    649346166,
    1004341818,
    2111780024,
    963620921,
    1863500080,
    1400282355,
    496190619,
    346683150,
    555143577,
    1276826527,
    1667649880,
    263288563,
    1543691685,
    620819992,
    1028236695,
    552167042,
    1648669166,
    1054560907,
    116278620,
    997858832,
    1812930696,
    1009139418,
    1546964760,
    1609708650,
    100131037,
    1836643188,
    1853411438,
    1097553488,
    442083223,
    973416977,
    353577415,
    1767674970,
    1720176460,
    1885766486,
    1111394476,
    199124934,
    171402709,
    1102926568,
    1608673989,
    1937714794,
    954003431,
    1297170464
  ]
}