{
  "mode": "branch",
  "rep": 635,
  "ne": 10000,
  "r": [
    1e-08,
    1.820689655172414e-07,
    3.541379310344828e-07,
    5.262068965517242e-07,
    6.982758620689656e-07,
    8.70344827586207e-07,
    1.0424137931034483e-06,
    1.2144827586206895e-06,
    1.386551724137931e-06,
    1.5586206896551725e-06,
    1.7306896551724138e-06,
    1.7306896551724138e-06,
    1.9027586206896551e-06,
    1.9027586206896551e-06,
    2.0748275862068966e-06,
    2.0748275862068966e-06,
    2.246896551724138e-06,
    2.246896551724138e-06,
    2.418965517241379e-06,
    2.418965517241379e-06,
    2.5910344827586207e-06,
    2.5910344827586207e-06,
    2.763103448275862e-06,
    2.763103448275862e-06,
    2.9351724137931037e-06,
    2.9351724137931037e-06,
    3.107241379310345e-06,
    3.107241379310345e-06,
    3.2793103448275863e-06,
    3.2793103448275863e-06,
    3.4513793103448278e-06,
    3.4513793103448278e-06,
    3.6234482758620693e-06,
    3.6234482758620693e-06,
    3.7955172413793103e-06,
    3.7955172413793103e-06,
    3.967586206896552e-06,
    3.967586206896552e-06,
    4.139655172413793e-06,
    4.139655172413793e-06,
    4.311724137931034e-06,
    4.311724137931034e-06,
    4.483793103448276e-06,
    4.483793103448276e-06,
    4.655862068965517e-06,
    4.655862068965517e-06,
    4.8279310344827585e-06,
    4.8279310344827585e-06,
    5e-06,
    5e-06
  ],
  "mu": 0,
  "samples": 250,
  "sequence_length": 1000,
  "seeds": [
    1826918984,
    799727292,
    1466803381,
    1952609421,
    642184132,
    1830801134,
    128741345,
    1993220522,
    611495241,
    1547442559,
    660378296,
    864182738,
    1607866524,
    1694906926,
    180604760,
    571685090,
    1498015364,
    690090964,
    1590693713,
    1268251543,
    1843601416,
    1467887327,
    1567356774,
    486597133,
    934922203,
    227979369,
    1926849845,
    1000878180,
    1246513739,
    506635464,
    1614952267,
    214336368,
    829134904,
    1270673941,
    465668354,
    103329603,
    615276208,
    1483072419,
    1471056162,
    718130365,
    1327384213,
    1440957324,
    959878966,
    1543650152,
    2131057833,
    136931901,
    1221186679,
    304996983,
    104531139,
    1779272034
  ]
}