{
  "mode": "site",
  "rep": 303,
  "ne": 10000,
  "r": 1e-05,
  "mu": [
    1e-07,
    1e-07,
    4.413793103448276e-07,
    4.413793103448276e-07,
    7.827586206896552e-07,
    7.827586206896552e-07,
    1.1241379310344827e-06,
    1.1241379310344827e-06,
    1.4655172413793102e-06,
    1.4655172413793102e-06,
    1.8068965517241377e-06,
    1.8068965517241377e-06,
    2.1482758620689656e-06,
    2.1482758620689656e-06,
    2.489655172413793e-06,
    2.489655172413793e-06,
    2.8310344827586205e-06,
    2.8310344827586205e-06,
    3.172413793103448e-06,
    3.172413793103448e-06,
    3.5137931034482755e-06,
    3.5137931034482755e-06,
    3.855172413793104e-06,
    3.855172413793104e-06,
    4.196551724137931e-06,
    4.196551724137931e-06,
    4.537931034482759e-06,
    4.537931034482759e-06,
    4.879310344827586e-06,
    4.879310344827586e-06,
    5.220689655172414e-06,
    5.220689655172414e-06,
    5.562068965517241e-06,
    5.562068965517241e-06,
    5.903448275862069e-06,
    5.903448275862069e-06,
    6.244827586206896e-06,
    6.244827586206896e-06,
    6.5862068965517236e-06,
    6.5862068965517236e-06,
    6.927586206896551e-06,
    7.268965517241379e-06,
    7.610344827586207e-06,
    7.951724137931034e-06,
    8.293103448275863e-06,
    8.634482758620691e-06,
    8.975862068965518e-06,
    9.317241379310346e-06,
    9.658620689655173e-06,
    1e-05
  ],
  "samples": 500,
  "sequence_length": 10000,
  "seeds": [
    2060914841,
    528298294,
    2011569270,
    648251435,
    1807554470,
    894286406,
    1865221162,
    1409564179,
    278908944,
    728337327,
    938620286,
    1679897212,
    1459158725,
    625416466,
    416767866,
    1374421106,
    520405685,
    1419043614,
    970359694,
    54382305,
    1460365665,
    1757634575,
    361022930,
    196506295,
    1621165812,
    264166912,
    1677168748,
    1271372153,
    349148959,
    1530681878,
    102879958,
    1210104428,
    1825116228,
    500106396,
    1146187294,
    2022927257,
    1358452294,
    1503266539,
    2109896440,
    639851424,
    1195332722,
    119282600,
    1907024069,
    479062776,
    1713145980,
    346574552,
    50319213,
    838671360,
    50241245,
    1840549517
  ]
}