{
  "mode": "site",
  "rep": 432,
  "ne": 10000,
  "r": 1e-05,
  "mu": [
    1e-07,
    1e-07,
    4.413793103448276e-07,
    4.413793103448276e-07,
    7.827586206896552e-07,
    7.827586206896552e-07,
    1.1241379310344827e-06,
    1.1241379310344827e-06,
    1.4655172413793102e-06,
    1.4655172413793102e-06,
    1.8068965517241377e-06,
    1.8068965517241377e-06,
    2.1482758620689656e-06,
    2.1482758620689656e-06,
    2.489655172413793e-06,
    2.489655172413793e-06,
    2.8310344827586205e-06,
    2.8310344827586205e-06,
    3.172413793103448e-06,
    3.172413793103448e-06,
    3.5137931034482755e-06,
    3.5137931034482755e-06,
    3.855172413793104e-06,
    3.855172413793104e-06,
    4.196551724137931e-06,
    4.196551724137931e-06,
    4.537931034482759e-06,
    4.537931034482759e-06,
    4.879310344827586e-06,
    4.879310344827586e-06,
    5.220689655172414e-06,
    5.220689655172414e-06,
    5.562068965517241e-06,
    5.562068965517241e-06,
    5.903448275862069e-06,
    5.903448275862069e-06,
    6.244827586206896e-06,
    6.244827586206896e-06,
    6.5862068965517236e-06,
    6.5862068965517236e-06,
    6.927586206896551e-06,
    7.268965517241379e-06,
    7.610344827586207e-06,
    7.951724137931034e-06,
    8.293103448275863e-06,
    8.634482758620691e-06,
    8.975862068965518e-06,
    9.317241379310346e-06,
    9.658620689655173e-06,
    1e-05
  ],
  "samples": 500,
  "sequence_length": 10000,
  "seeds": [
    1466735674,
    509845546,
    1386237204,
    502238060,
    2113475942,
    1418608244,
    1967381733,
    1102608286,
    2034947409,
    301224755,
    683058416,
    395279858,
    526018376,
    1949242240,
    844665562,
    652808378,
    1485846731,
    868324016,
    1428216175,
    616266102,
    1173025700,
    1973977572,
    1734393579,
    1047677849,
    1858977471,
    1667375563,
    2072503937,
    442435049,
    1428556685,
    282418271,
    691984847,
    1289392485,
    2013544738,
    970077581,
    261537430,
    646517942,
    1100274271,
    1904715779,
    436374074,
    1338683071,
    38739722,
    1571188748,
    415893197,
    1877666317,
    147219500,
    111741605,
    1093287479,
    566439658,
    488425914,
    1447662899
  ]
}