{
  "mode": "branch",
  "rep": 780,
  "ne": 10000,
  "r": [
    1e-08,
    1e-08,
    1.820689655172414e-07,
    1.820689655172414e-07,
    3.541379310344828e-07,
    3.541379310344828e-07,
    5.262068965517242e-07,
    5.262068965517242e-07,
    6.982758620689656e-07,
    6.982758620689656e-07,
    8.70344827586207e-07,
    8.70344827586207e-07,
    1.0424137931034483e-06,
    1.0424137931034483e-06,
    1.2144827586206895e-06,
    1.2144827586206895e-06,
    1.386551724137931e-06,
    1.386551724137931e-06,
    1.5586206896551725e-06,
    1.5586206896551725e-06,
    1.7306896551724138e-06,
    1.7306896551724138e-06,
    1.9027586206896551e-06,
    1.9027586206896551e-06,
    2.0748275862068966e-06,
    2.0748275862068966e-06,
    2.246896551724138e-06,
    2.246896551724138e-06,
    2.418965517241379e-06,
    2.418965517241379e-06,
    2.5910344827586207e-06,
    2.5910344827586207e-06,
    2.763103448275862e-06,
    2.763103448275862e-06,
    2.9351724137931037e-06,
    2.9351724137931037e-06,
    3.107241379310345e-06,
    3.107241379310345e-06,
    3.2793103448275863e-06,
    3.2793103448275863e-06,
    3.4513793103448278e-06,
    3.6234482758620693e-06,
    3.7955172413793103e-06,
    3.967586206896552e-06,
    4.139655172413793e-06,
    4.311724137931034e-06,
    4.483793103448276e-06,
    4.655862068965517e-06,
    4.8279310344827585e-06,
    5e-06
  ],
  "mu": 0,
  "samples": 250,
  "sequence_length": 1000,
  "seeds": [
    1748979421,
    2090979627,
    1575063818,
    1990343754,
    1551764994,
    695614515,
    1098488325,
    1006937469,
    628393268,
    2039694799,
    1475061656,
    991443123,
    1464499730,
    597946948,
    547870729,
    294754710,
    1959063077,
    1790441711,
    1777395272,
    1605961105,
    1407627738,
    187804464,
    1684518955,
    1251682535,
    491151344,
    1155754716,
    980038687,
    1272680509,
    443240963,
    46781418,
    70476192,
    154489175,
    305867041,
    144649177,
    460306469,
    1624992571,
    1838988452,
    1672681555,
    1898449992,
    729467774,
    1826959662,
    1224099705,
    649724186,
    915405042,
    1423195699,
    1831683162,
    2014227926,
    2029009887,
    45760265,
    1785615503
  ]
}