{
  "mode": "branch",
  "rep": 922,
  "ne": 10000,
  "r": [
    1e-08,
    1e-08,
    1.820689655172414e-07,
    1.820689655172414e-07,
    3.541379310344828e-07,
    3.541379310344828e-07,
    5.262068965517242e-07,
    5.262068965517242e-07,
    6.982758620689656e-07,
    6.982758620689656e-07,
    8.70344827586207e-07,
    8.70344827586207e-07,
    1.0424137931034483e-06,
    1.0424137931034483e-06,
    1.2144827586206895e-06,
    1.2144827586206895e-06,
    1.386551724137931e-06,
    1.386551724137931e-06,
    1.5586206896551725e-06,
    1.5586206896551725e-06,
    1.7306896551724138e-06,
    1.9027586206896551e-06,
    2.0748275862068966e-06,
    2.246896551724138e-06,
    2.418965517241379e-06,
    2.5910344827586207e-06,
    2.763103448275862e-06,
    2.9351724137931037e-06,
    3.107241379310345e-06,
    3.2793103448275863e-06,
    3.4513793103448278e-06,
    3.4513793103448278e-06,
    3.6234482758620693e-06,
    3.6234482758620693e-06,
    3.7955172413793103e-06,
    3.7955172413793103e-06,
    3.967586206896552e-06,
    3.967586206896552e-06,
    4.139655172413793e-06,
    4.139655172413793e-06,
    4.311724137931034e-06,
    4.311724137931034e-06,
    4.483793103448276e-06,
    4.483793103448276e-06,
    4.655862068965517e-06,
    4.655862068965517e-06,
    4.8279310344827585e-06,
    4.8279310344827585e-06,
    5e-06,
    5e-06
  ],
  "mu": 0,
  "samples": 250,
  "sequence_length": 1000,
  "seeds": [
    715611286,
    2031133831,
    1110292056,
    1748390934,
    1974670656,
    1233590862,
    1184714910,
    2089014880,
    1092711633,
    1013587939,
    718828949,
    1500905888,
    1127752883,
    1359889678,
    1717429832,
    943974631,
    1050807988,
    1341162237,
    2117379378,
    948411070,
    1143841832,
    502862167,
    966994282,
    53144633,
    1074595228,
    752727406,
    1089375278,
    883237632,
    2050334021,
    1655776882,
    1455295021,
    2040395370,
    1519697338,
    1360834990,
    32358758,
    951077836,
    300784967,
    167901617,
    630895232,
    319314987,
    1646321907,
    1292522335,
    38786375,
    810335124,
    898608137,
    2105909317,
    1182727198,
    917877779,
    911542165,
    1695228382
  ]
}