{
  "mode": "site",
  "rep": 12,
  "ne": 10000,
  "r": 1e-05,
  "mu": [
    1e-07,
    1e-07,
    4.413793103448276e-07,
    4.413793103448276e-07,
    7.827586206896552e-07,
    7.827586206896552e-07,
    1.1241379310344827e-06,
    1.1241379310344827e-06,
    1.4655172413793102e-06,
    1.4655172413793102e-06,
    1.8068965517241377e-06,
    1.8068965517241377e-06,
    2.1482758620689656e-06,
    2.1482758620689656e-06,
    2.489655172413793e-06,
    2.489655172413793e-06,
    2.8310344827586205e-06,
    2.8310344827586205e-06,
    3.172413793103448e-06,
    3.172413793103448e-06,
    3.5137931034482755e-06,
    3.5137931034482755e-06,
    3.855172413793104e-06,
    3.855172413793104e-06,
    4.196551724137931e-06,
    4.196551724137931e-06,
    4.537931034482759e-06,
    4.537931034482759e-06,
    4.879310344827586e-06,
    4.879310344827586e-06,
    5.220689655172414e-06,
    5.220689655172414e-06,
    5.562068965517241e-06,
    5.562068965517241e-06,
    5.903448275862069e-06,
    5.903448275862069e-06,
    6.244827586206896e-06,
    6.244827586206896e-06,
    6.5862068965517236e-06,
    6.5862068965517236e-06,
    6.927586206896551e-06,
    7.268965517241379e-06,
    7.610344827586207e-06,
    7.951724137931034e-06,
    8.293103448275863e-06,
    8.634482758620691e-06,
    8.975862068965518e-06,
    9.317241379310346e-06,
    9.658620689655173e-06,
    1e-05
  ],
  "samples": 500,
  "sequence_length": 50000,
  "seeds": [
    1490841776,
    2077363125,
    1470577996,
    1254073590,
    622168244,
    744573054,
    788763768,
    562380785,
    702257492,
    560968032,
    1827218091,
    1727445665,
    453499185,
    1617522573,
    404246540,
    149012630,
    115055898,
    971708616,
    381029958,
    1080897390,
    1166806387,
    1766829084,
    1469944028,
    359558751,
    1188526446,
    2145541263,
    1046371562,
    895728141,
    472349696,
    1954696235,
    2053290541,
    634583373,
    635160597,
    2076374125,
    1471235448,
    415743868,
    1668461037,
    390347299,
    1353895508,
    510560425,
    1790504311,
    604768629,
    1897332397,
    1883770697,
    501489498,
    199056812,
    2131287641,
    1818925645,
    653621291,
    875488914
  ]
}