{
  "mode": "site",
  "rep": 456,
  "ne": 10000,
  "r": 1e-05,
  "mu": [
    1e-07,
    1e-07,
    4.413793103448276e-07,
    4.413793103448276e-07,
    7.827586206896552e-07,
    7.827586206896552e-07,
    1.1241379310344827e-06,
    1.1241379310344827e-06,
    1.4655172413793102e-06,
    1.4655172413793102e-06,
    1.8068965517241377e-06,
    1.8068965517241377e-06,
    2.1482758620689656e-06,
    2.1482758620689656e-06,
    2.489655172413793e-06,
    2.489655172413793e-06,
    2.8310344827586205e-06,
    2.8310344827586205e-06,
    3.172413793103448e-06,
    3.172413793103448e-06,
    3.5137931034482755e-06,
    3.5137931034482755e-06,
    3.855172413793104e-06,
    3.855172413793104e-06,
    4.196551724137931e-06,
    4.196551724137931e-06,
    4.537931034482759e-06,
    4.537931034482759e-06,
    4.879310344827586e-06,
    4.879310344827586e-06,
    5.220689655172414e-06,
    5.220689655172414e-06,
    5.562068965517241e-06,
    5.562068965517241e-06,
    5.903448275862069e-06,
    5.903448275862069e-06,
    6.244827586206896e-06,
    6.244827586206896e-06,
    6.5862068965517236e-06,
    6.5862068965517236e-06,
    6.927586206896551e-06,
    7.268965517241379e-06,
    7.610344827586207e-06,
    7.951724137931034e-06,
    8.293103448275863e-06,
    8.634482758620691e-06,
    8.975862068965518e-06,
    9.317241379310346e-06,
    9.658620689655173e-06,
    1e-05
  ],
  "samples": 500,
  "sequence_length": 10000,
  "seeds": [
    474863701,
    1615834357,
    1323228567,
    1517051695,
    1424577878,
    1246786904,
    1214002412,
    1840737243,
    755734558,
    1219897600,
    90198084,
    1982249581,
    714181332,
    1029131027,
    2092828364,
    942972599,
    826709630,
    1711132451,
    1244223746,
    1859325941,
    401715274,
    1267484830,
    304661826,
    223419031,
    758507196,
    679471173,
    1315571566,
    1739274046,
    2087533343,
    894835647,
    362525593,
    349166411,
    1965852439,
    1657283475,
    865122617,
    1827089697,
    836998675,
    2088543109,
    1574472676,
    2123693812,
    1996846909,
    1802723724,
    1801765091,
    582976276,
    1773049836,
    1845610876,
    1157405098,
    1929266524,
    788502346,
    975091173
  ]
}