{
  "mode": "branch",
  "rep": 861,
  "ne": 10000,
  "r": [
    1e-08,
    1e-08,
    1.820689655172414e-07,
    1.820689655172414e-07,
    3.541379310344828e-07,
    3.541379310344828e-07,
    5.262068965517242e-07,
    5.262068965517242e-07,
    6.982758620689656e-07,
    6.982758620689656e-07,
    8.70344827586207e-07,
    8.70344827586207e-07,
    1.0424137931034483e-06,
    1.0424137931034483e-06,
    1.2144827586206895e-06,
    1.2144827586206895e-06,
    1.386551724137931e-06,
    1.386551724137931e-06,
    1.5586206896551725e-06,
    1.5586206896551725e-06,
    1.7306896551724138e-06,
    1.7306896551724138e-06,
    1.9027586206896551e-06,
    1.9027586206896551e-06,
    2.0748275862068966e-06,
    2.0748275862068966e-06,
    2.246896551724138e-06,
    2.246896551724138e-06,
    2.418965517241379e-06,
    2.418965517241379e-06,
    2.5910344827586207e-06,
    2.5910344827586207e-06,
    2.763103448275862e-06,
    2.763103448275862e-06,
    2.9351724137931037e-06,
    2.9351724137931037e-06,
    3.107241379310345e-06,
    3.107241379310345e-06,
    3.2793103448275863e-06,
    3.2793103448275863e-06,
    3.4513793103448278e-06,
    3.6234482758620693e-06,
    3.7955172413793103e-06,
    3.967586206896552e-06,
    4.139655172413793e-06,
    4.311724137931034e-06,
    4.483793103448276e-06,
    4.655862068965517e-06,
    4.8279310344827585e-06,
    5e-06
  ],
  "mu": 0,
  "samples": 250,
  "sequence_length": 1000,
  "seeds": [
    2112751494,
    1921172466,
    1574060687,
    1190024348,
    149859912,
    1992548433,
    2039122484,
    1074700845,
    748022728,
    1682101940,
    1618218775,
    702335236,
    1347067053,
    69340872,
    456826112,
    2094655018,
    724710272,
    219539047,
    1876694700,
    1197127214,
    2075506045,
    129622244,
    2470554,
    834554734,
    1554337257,
    945437801,
    1321548486,
    891527669,
    1985538882,
    1719846017,
    508574956,
    1323512507,
    694206014,
    2057023652,
    896679195,
    214188384,
    1285175297,
    809272459,
    51057716,
    543459535,
    879292165,
    1470227904,
    1913300182,
    586868089,
    2141301383,
    1826400696,
    130985690,
    1863669186,
    1983441944,
    91820054
  ]
}