{
  "mode": "site",
  "rep": 119,
  "ne": 10000,
  "r": 1e-05,
  "mu": [
    1e-07,
    4.413793103448276e-07,
    7.827586206896552e-07,
    1.1241379310344827e-06,
    1.4655172413793102e-06,
    1.8068965517241377e-06,
    2.1482758620689656e-06,
    2.489655172413793e-06,
    2.8310344827586205e-06,
    3.172413793103448e-06,
    3.5137931034482755e-06,
    3.5137931034482755e-06,
    3.855172413793104e-06,
    3.855172413793104e-06,
    4.196551724137931e-06,
    4.196551724137931e-06,
    4.537931034482759e-06,
    4.537931034482759e-06,
    4.879310344827586e-06,
    4.879310344827586e-06,
    5.220689655172414e-06,
    5.220689655172414e-06,
    5.562068965517241e-06,
    5.562068965517241e-06,
    5.903448275862069e-06,
    5.903448275862069e-06,
    6.244827586206896e-06,
    6.244827586206896e-06,
    6.5862068965517236e-06,
    6.5862068965517236e-06,
    6.927586206896551e-06,
    6.927586206896551e-06,
    7.268965517241379e-06,
    7.268965517241379e-06,
    7.610344827586207e-06,
    7.610344827586207e-06,
    7.951724137931034e-06,
    7.951724137931034e-06,
    8.293103448275863e-06,
    8.293103448275863e-06,
    8.634482758620691e-06,
    8.634482758620691e-06,
    8.975862068965518e-06,
    8.975862068965518e-06,
    9.317241379310346e-06,
    9.317241379310346e-06,
    9.658620689655173e-06,
    9.658620689655173e-06,
    1e-05,
    1e-05
  ],
  "samples": 500,
  "sequence_length": 10000,
  "seeds": [
    1251978215,
    969597668,
    264879313,
    1325346312,
    1244122832,
    1375171533,
    1370123768,
    481379785,
    1547009179,
    363063363,
    1939441655,
    1657720629,
    1572481557,
    148331073,
    654880338,
    1898750344,
    1719097057,
    581501152,
    59474745,
    63766310,
    1855233588,
    1350682298,
    1558729528,
    296131207,
    1321013392,
    673393364,
    6531236,
    1201256118,
    955162274,
    1727083560,
    1405766414,
    1297549602,
    1130376836,
    1754999039,
    661169938,
    1753605960,
    1392283237,
    352515377,
    2061107191,
    954757509,
    1216076678,
    773977538,
    1225379598,
    1922491710,
    1971302360,
    1408145167,
    910220360,
    1946844057,
    1118652819,
    550751473
  ]
}