{
  "mode": "site",
  "rep": 359,
  "ne": 10000,
  "r": 1e-05,
  "mu": [
    1e-07,
    4.413793103448276e-07,
    7.827586206896552e-07,
    1.1241379310344827e-06,
    1.4655172413793102e-06,
    1.8068965517241377e-06,
    2.1482758620689656e-06,
    2.489655172413793e-06,
    2.8310344827586205e-06,
    3.172413793103448e-06,
    3.5137931034482755e-06,
    3.5137931034482755e-06,
    3.855172413793104e-06,
    3.855172413793104e-06,
    4.196551724137931e-06,
    4.196551724137931e-06,
    4.537931034482759e-06,
    4.537931034482759e-06,
    4.879310344827586e-06,
    4.879310344827586e-06,
    5.220689655172414e-06,
    5.220689655172414e-06,
    5.562068965517241e-06,
    5.562068965517241e-06,
    5.903448275862069e-06,
    5.903448275862069e-06,
    6.244827586206896e-06,
    6.244827586206896e-06,
    6.5862068965517236e-06,
    6.5862068965517236e-06,
    6.927586206896551e-06,
    6.927586206896551e-06,
    7.268965517241379e-06,
    7.268965517241379e-06,
    7.610344827586207e-06,
    7.610344827586207e-06,
    7.951724137931034e-06,
    7.951724137931034e-06,
    8.293103448275863e-06,
    8.293103448275863e-06,
    8.634482758620691e-06,
    8.634482758620691e-06,
    8.975862068965518e-06,
    8.975862068965518e-06,
    9.317241379310346e-06,
    9.317241379310346e-06,
    9.658620689655173e-06,
    9.658620689655173e-06,
    1e-05,
    1e-05
  ],
  "samples": 500,
  "sequence_length": 50000,
  "seeds": [
    92212301,
    1303367492,
    1854094286,
    750977996,
    1498475815,
    764951101,
    669111406,
    1987025810,
    124473268,
    1529689388,
    288918775,
    1417839115,
    1751373878,
    1620646160,
    961105637,
    1946561535,
    1278239471,
    1508162173,
    541253798,
    182342231,
    1897247567,
    2069708049,
    843180392,
    1071271784,
    687792900,
    1731726716,
    1593782630,
    1600177930,
    1887373688,
    1314501102,
    226015124,
    51992592,
    329278549,
    1327523269,
    1589427231,
    1160270225,
    1853372255,
    473563913,
    1303325087,
    1385735938,
    1847804873,
    1743467231,
    895256786,
    2059262775,
    1521993547,
    1508221080,
    382047958,
    1569146559,
    1266000415,
    2012611928
  ]
}