{
  "mode": "branch",
  "rep": 824,
  "ne": 10000,
  "r": [
    1e-08,
    1.820689655172414e-07,
    3.541379310344828e-07,
    5.262068965517242e-07,
    6.982758620689656e-07,
    8.70344827586207e-07,
    1.0424137931034483e-06,
    1.2144827586206895e-06,
    1.386551724137931e-06,
    1.5586206896551725e-06,
    1.7306896551724138e-06,
    1.7306896551724138e-06,
    1.9027586206896551e-06,
    1.9027586206896551e-06,
    2.0748275862068966e-06,
    2.0748275862068966e-06,
    2.246896551724138e-06,
    2.246896551724138e-06,
    2.418965517241379e-06,
    2.418965517241379e-06,
    2.5910344827586207e-06,
    2.5910344827586207e-06,
    2.763103448275862e-06,
    2.763103448275862e-06,
    2.9351724137931037e-06,
    2.9351724137931037e-06,
    3.107241379310345e-06,
    3.107241379310345e-06,
    3.2793103448275863e-06,
    3.2793103448275863e-06,
    3.4513793103448278e-06,
    3.4513793103448278e-06,
    3.6234482758620693e-06,
    3.6234482758620693e-06,
    3.7955172413793103e-06,
    3.7955172413793103e-06,
    3.967586206896552e-06,
    3.967586206896552e-06,
    4.139655172413793e-06,
    4.139655172413793e-06,
    4.311724137931034e-06,
    4.311724137931034e-06,
    4.483793103448276e-06,
    4.483793103448276e-06,
    4.655862068965517e-06,
    4.655862068965517e-06,
    4.8279310344827585e-06,
    4.8279310344827585e-06,
    5e-06,
    5e-06
  ],
  "mu": 0,
  "samples": 250,
  "sequence_length": 1000,
  "seeds": [
    1103633025,
    425681762,
    1511681448,
    807903441,
    1931149673,
    2033665280,
    754955622,
    910423023,
    2114657536,
    659128361,
    1679395414,
    1314134513,
    379400488,
    961885441,
    1108234794,
    2014465222,
    1042066525,
    637620292,
    1224374342,
    67628709,
    779344821,
    655043197,
    1859516114,
    477041042,
    1343991738,
    741146042,
    1460311014,
    313327680,
    2088636263,
    1927546253,
    818185463,
    626984115,
    117821727,
    115196376,
    1035039469,
    1610939551,
    991588337,
    636492172,
    671892589,
    1996335993,
    1754111430,
    408161156,
    1983759659,
    1998492798,
    1779734426,
    1971190877,
    1167939833,
    267610127,
    1198453119,
    1772020331
  ]
}