{
  "mode": "branch",
  "rep": 1131,
  "ne": 10000,
  "r": [
    1e-08,
    1e-08,
    1.820689655172414e-07,
    1.820689655172414e-07,
    3.541379310344828e-07,
    3.541379310344828e-07,
    5.262068965517242e-07,
    5.262068965517242e-07,
    6.982758620689656e-07,
    6.982758620689656e-07,
    8.70344827586207e-07,
    8.70344827586207e-07,
    1.0424137931034483e-06,
    1.0424137931034483e-06,
    1.2144827586206895e-06,
    1.2144827586206895e-06,
    1.386551724137931e-06,
    1.386551724137931e-06,
    1.5586206896551725e-06,
    1.5586206896551725e-06,
    1.7306896551724138e-06,
    1.7306896551724138e-06,
    1.9027586206896551e-06,
    1.9027586206896551e-06,
    2.0748275862068966e-06,
    2.0748275862068966e-06,
    2.246896551724138e-06,
    2.246896551724138e-06,
    2.418965517241379e-06,
    2.418965517241379e-06,
    2.5910344827586207e-06,
    2.5910344827586207e-06,
    2.763103448275862e-06,
    2.763103448275862e-06,
    2.9351724137931037e-06,
    2.9351724137931037e-06,
    3.107241379310345e-06,
    3.107241379310345e-06,
    3.2793103448275863e-06,
    3.2793103448275863e-06,
    3.4513793103448278e-06,
    3.6234482758620693e-06,
    3.7955172413793103e-06,
    3.967586206896552e-06,
    4.139655172413793e-06,
    4.311724137931034e-06,
    4.483793103448276e-06,
    4.655862068965517e-06,
    4.8279310344827585e-06,
    5e-06
  ],
  "mu": 0,
  "samples": 250,
  "sequence_length": 1000,
  "seeds": [
    704929149,
    1354817266,
    2071921976,
    345828170,
    1053029053,
    1618531249,
    716407667,
    35105477,
    336593311,
    1551732820,
    1927649488,
    57549684,
    1639581967,
    265710522,
    1939944815,
    2080666295,
    1288889258,
    421692668,
    1405650711,
    1123315103,
    1639892751,
    273204601,
    376514425,
    429932335,
    610853115,
    967582013,
    483889897,
    171589927,
    1775314274,
    613069985,
    366340185,
    1061855818,
    1814069514,
    957776714,
    1956462803,
    746161650,
    818815364,
    776518454,
    1241011807,
    1653165132,
    1508317818,
    1947833571,
    195751,
    104384388,
    981670436,
    1738970132,
    1414604026,
    1410881602,
    1411401987,
    1728233949
  ]
}