{
  "mode": "branch",
  "rep": 696,
  "ne": 10000,
  "r": [
    1e-08,
    1e-08,
    1.820689655172414e-07,
    1.820689655172414e-07,
    3.541379310344828e-07,
    3.541379310344828e-07,
    5.262068965517242e-07,
    5.262068965517242e-07,
    6.982758620689656e-07,
    6.982758620689656e-07,
    8.70344827586207e-07,
    8.70344827586207e-07,
    1.0424137931034483e-06,
    1.0424137931034483e-06,
    1.2144827586206895e-06,
    1.2144827586206895e-06,
    1.386551724137931e-06,
    1.386551724137931e-06,
    1.5586206896551725e-06,
    1.5586206896551725e-06,
    1.7306896551724138e-06,
    1.7306896551724138e-06,
    1.9027586206896551e-06,
    1.9027586206896551e-06,
    2.0748275862068966e-06,
    2.0748275862068966e-06,
    2.246896551724138e-06,
    2.246896551724138e-06,
    2.418965517241379e-06,
    2.418965517241379e-06,
    2.5910344827586207e-06,
    2.5910344827586207e-06,
    2.763103448275862e-06,
    2.763103448275862e-06,
    2.9351724137931037e-06,
    2.9351724137931037e-06,
    3.107241379310345e-06,
    3.107241379310345e-06,
    3.2793103448275863e-06,
    3.2793103448275863e-06,
    3.4513793103448278e-06,
    3.6234482758620693e-06,
    3.7955172413793103e-06,
    3.967586206896552e-06,
    4.139655172413793e-06,
    4.311724137931034e-06,
    4.483793103448276e-06,
    4.655862068965517e-06,
    4.8279310344827585e-06,
    5e-06
  ],
  "mu": 0,
  "samples": 250,
  "sequence_length": 1000,
  "seeds": [
    448130244,
    1642353397,
    1495770076,
    463690462,
    1690086613,
    871404852,
    302066362,
    1048581911,
    419827383,
    265612453,
    199740159,
    1200807024,
    203895438,
    1207567508,
    868757615,
    675145230,
    1800168694,
    755912565,
    1970159388,
    292442023,
    300224502,
    876782432,
    903846759,
    1180942545,
    947569745,
    1440368723,
    349229914,
    565244298,
    799579346,
    1333175629,
    1127417343,
    1197265156,
    648917470,
    1393125397,
    1493662613,
    1351010819,
    487462740,
    1206427156,
    549880543,
    1133406747,
    1822734077,
    910009815,
    2047449980,
    248277693,
    1263282308,
    1622118926,
    914889068,
    845007225,
    495049073,
    1671224126
  ]
}