{
  "mode": "site",
  "rep": 394,
  "ne": 10000,
  "r": 1e-05,
  "mu": [
    1e-07,
    1e-07,
    4.413793103448276e-07,
    4.413793103448276e-07,
    7.827586206896552e-07,
    7.827586206896552e-07,
    1.1241379310344827e-06,
    1.1241379310344827e-06,
    1.4655172413793102e-06,
    1.4655172413793102e-06,
    1.8068965517241377e-06,
    1.8068965517241377e-06,
    2.1482758620689656e-06,
    2.1482758620689656e-06,
    2.489655172413793e-06,
    2.489655172413793e-06,
    2.8310344827586205e-06,
    2.8310344827586205e-06,
    3.172413793103448e-06,
    3.172413793103448e-06,
    3.5137931034482755e-06,
    3.855172413793104e-06,
    4.196551724137931e-06,
    4.537931034482759e-06,
    4.879310344827586e-06,
    5.220689655172414e-06,
    5.562068965517241e-06,
    5.903448275862069e-06,
    6.244827586206896e-06,
    6.5862068965517236e-06,
    6.927586206896551e-06,
    6.927586206896551e-06,
    7.268965517241379e-06,
    7.268965517241379e-06,
    7.610344827586207e-06,
    7.610344827586207e-06,
    7.951724137931034e-06,
    7.951724137931034e-06,
    8.293103448275863e-06,
    8.293103448275863e-06,
    8.634482758620691e-06,
    8.634482758620691e-06,
    8.975862068965518e-06,
    8.975862068965518e-06,
    9.317241379310346e-06,
    9.317241379310346e-06,
    9.658620689655173e-06,
    9.658620689655173e-06,
    1e-05,
    1e-05
  ],
  "samples": 500,
  "sequence_length": 50000,
  "seeds": [
    1341348523,
    752079261,
    492820175,
    1930093904,
    1320996860,
    1552102166,
    1507074398,
    605955971,
    156496205,
    1710224733,
    1623779539,
    889061219,
    1288031865,
    1238976346,
    1038785915,
    1026721238,
    56636161,
    60823838,
    1335208518,
    1764317202,
    712326692,
    1574069605,
    1869005505,
    303112862,
    222237924,
    1718007492,
    2048668267,
    1208159550,
    686847500,
    763617960,
    1578771768,
    993473088,
    980014105,
    898597955,
    871724797,
    1894536724,
    427299575,
    999975297,
    273384990,
    387932749,
    1377982987,
    1610362344,
    1853915180,
    1832978455,
    1655538051,
    1815205791,
    1674771626,
    1483226570,
    2045221625,
    313419306
  ]
}