{
  "mode": "site",
  "rep": 415,
  "ne": 10000,
  "r": 1e-05,
  "mu": [
    1e-07,
    1e-07,
    4.413793103448276e-07,
    4.413793103448276e-07,
    7.827586206896552e-07,
    7.827586206896552e-07,
    1.1241379310344827e-06,
    1.1241379310344827e-06,
    1.4655172413793102e-06,
    1.4655172413793102e-06,
    1.8068965517241377e-06,
    1.8068965517241377e-06,
    2.1482758620689656e-06,
    2.1482758620689656e-06,
    2.489655172413793e-06,
    2.489655172413793e-06,
    2.8310344827586205e-06,
    2.8310344827586205e-06,
    3.172413793103448e-06,
    3.172413793103448e-06,
    3.5137931034482755e-06,
    3.855172413793104e-06,
    4.196551724137931e-06,
    4.537931034482759e-06,
    4.879310344827586e-06,
    5.220689655172414e-06,
    5.562068965517241e-06,
    5.903448275862069e-06,
    6.244827586206896e-06,
    6.5862068965517236e-06,
    6.927586206896551e-06,
    6.927586206896551e-06,
    7.268965517241379e-06,
    7.268965517241379e-06,
    7.610344827586207e-06,
    7.610344827586207e-06,
    7.951724137931034e-06,
    7.951724137931034e-06,
    8.293103448275863e-06,
    8.293103448275863e-06,
    8.634482758620691e-06,
    8.634482758620691e-06,
    8.975862068965518e-06,
    8.975862068965518e-06,
    9.317241379310346e-06,
    9.317241379310346e-06,
    9.658620689655173e-06,
    9.658620689655173e-06,
    1e-05,
    1e-05
  ],
  "samples": 500,
  "sequence_length": 50000,
  "seeds": [
    1609869437,
    460802524,
    1629124500,
    1204904321,
    1948920938,
    1289546942,
    668255528,
    1524196899,
    427254347,
    1628378983,
    1623764761,
    1792895184,
    434778999,
    1892632656,
    381877705,
    845212976,
    1055864631,
    1497896243,
    1286943056,
    2063903801,
    1694771032,
    804351870,
    790426159,
    619251726,
    98617534,
    212947637,
    1746692417,
    1744032300,
    1439615154,
    2025566268,
    473402673,
    1414013063,
    1847017408,
    1429667894,
    1056745798,
    182921815,
    377370263,
    2072140973,
    650980038,
    168592541,
    2127179035,
    791112549,
    149786014,
    1310312879,
    1660406797,
    249883767,
    1954831072,
    487419450,
    1756245131,
    1935688538
  ]
}