{
  "mode": "site",
  "rep": 402,
  "ne": 10000,
  "r": 1e-05,
  "mu": [
    1e-07,
    1e-07,
    4.413793103448276e-07,
    4.413793103448276e-07,
    7.827586206896552e-07,
    7.827586206896552e-07,
    1.1241379310344827e-06,
    1.1241379310344827e-06,
    1.4655172413793102e-06,
    1.4655172413793102e-06,
    1.8068965517241377e-06,
    1.8068965517241377e-06,
    2.1482758620689656e-06,
    2.1482758620689656e-06,
    2.489655172413793e-06,
    2.489655172413793e-06,
    2.8310344827586205e-06,
    2.8310344827586205e-06,
    3.172413793103448e-06,
    3.172413793103448e-06,
    3.5137931034482755e-06,
    3.5137931034482755e-06,
    3.855172413793104e-06,
    3.855172413793104e-06,
    4.196551724137931e-06,
    4.196551724137931e-06,
    4.537931034482759e-06,
    4.537931034482759e-06,
    4.879310344827586e-06,
    4.879310344827586e-06,
    5.220689655172414e-06,
    5.220689655172414e-06,
    5.562068965517241e-06,
    5.562068965517241e-06,
    5.903448275862069e-06,
    5.903448275862069e-06,
    6.244827586206896e-06,
    6.244827586206896e-06,
    6.5862068965517236e-06,
    6.5862068965517236e-06,
    6.927586206896551e-06,
    7.268965517241379e-06,
    7.610344827586207e-06,
    7.951724137931034e-06,
    8.293103448275863e-06,
    8.634482758620691e-06,
    8.975862068965518e-06,
    9.317241379310346e-06,
    9.658620689655173e-06,
    1e-05
  ],
  "samples": 500,
  "sequence_length": 50000,
  "seeds": [
    678664613,
    167633769,
    1424520716,
    1484302706,
    1423888480,
    2020132443,
    689310792,
    2008697190,
    2003593690,
    834114064,
    789870380,
    874458509,
    1115572201,
    2068588026,
    945703783,
    1756523579,
    1825302017,
    1074075456,
    1814517391,
    1184066082,
    748799262,
    1337697039,
    1409039625,
    1010586181,
    1394428274,
    1932622400,
    803348017,
    1897229454,
    987417943,
    1098091359,
    1238177842,
    1724701160,
    702309092,
    813910668,
    2044403969,
    1399607010,
    670067447,
    1090003290,
    131406380,
    207312633,
    1119543661,
    1000157588,
    717697122,
    625928204,
    22559652,
    75837586,
    1031721414,
    2067149256,
    190298368,
    138524010
  ]
}