{
  "mode": "site",
  "rep": 515,
  "ne": 10000,
  "r": 1e-05,
  "mu": [
    1e-07,
    4.413793103448276e-07,
    7.827586206896552e-07,
    1.1241379310344827e-06,
    1.4655172413793102e-06,
    1.8068965517241377e-06,
    2.1482758620689656e-06,
    2.489655172413793e-06,
    2.8310344827586205e-06,
    3.172413793103448e-06,
    3.5137931034482755e-06,
    3.5137931034482755e-06,
    3.855172413793104e-06,
    3.855172413793104e-06,
    4.196551724137931e-06,
    4.196551724137931e-06,
    4.537931034482759e-06,
    4.537931034482759e-06,
    4.879310344827586e-06,
    4.879310344827586e-06,
    5.220689655172414e-06,
    5.220689655172414e-06,
    5.562068965517241e-06,
    5.562068965517241e-06,
    5.903448275862069e-06,
    5.903448275862069e-06,
    6.244827586206896e-06,
    6.244827586206896e-06,
    6.5862068965517236e-06,
    6.5862068965517236e-06,
    6.927586206896551e-06,
    6.927586206896551e-06,
    7.268965517241379e-06,
    7.268965517241379e-06,
    7.610344827586207e-06,
    7.610344827586207e-06,
    7.951724137931034e-06,
    7.951724137931034e-06,
    8.293103448275863e-06,
    8.293103448275863e-06,
    8.634482758620691e-06,
    8.634482758620691e-06,
    8.975862068965518e-06,
    8.975862068965518e-06,
    9.317241379310346e-06,
    9.317241379310346e-06,
    9.658620689655173e-06,
    9.658620689655173e-06,
    1e-05,
    1e-05
  ],
  "samples": 500,
  "sequence_length": 10000,
  "seeds": [
    2009991903,
    1696142299,
    534389691,
    1690234301,
    1723406102,
    1798648948,
    967229954,
    1800064579,
    616390190,
    2146573031,
    1566240164,
    1298987669,
    1091470576,
    2144802074,
    1984963814,
    1675007030,
    1404384450,
    461069624,
    604498618,
    1096542379,
    178431530,
    1833521185,
    657448970,
    857274401,
    1415126823,
    2056530318,
    593789910,
    1804863245,
    1428391795,
    121817234,
    2042475301,
    785659308,
    356416574,
    459663093,
    1980228591,
    408599990,
    916559810,
    662303928,
    1982963576,
    724197313,
    651999768,
    1200414690,
    823650012,
    579394014,
    1491060511,
    871529570,
    2111130171,
    1002016897,
    1874001453,
    870452307
  ]
}