{
  "mode": "branch",
  "rep": 847,
  "ne": 10000,
  "r": [
    1e-08,
    1e-08,
    1.820689655172414e-07,
    1.820689655172414e-07,
    3.541379310344828e-07,
    3.541379310344828e-07,
    5.262068965517242e-07,
    5.262068965517242e-07,
    6.982758620689656e-07,
    6.982758620689656e-07,
    8.70344827586207e-07,
    8.70344827586207e-07,
    1.0424137931034483e-06,
    1.0424137931034483e-06,
    1.2144827586206895e-06,
    1.2144827586206895e-06,
    1.386551724137931e-06,
    1.386551724137931e-06,
    1.5586206896551725e-06,
    1.5586206896551725e-06,
    1.7306896551724138e-06,
    1.9027586206896551e-06,
    2.0748275862068966e-06,
    2.246896551724138e-06,
    2.418965517241379e-06,
    2.5910344827586207e-06,
    2.763103448275862e-06,
    2.9351724137931037e-06,
    3.107241379310345e-06,
    3.2793103448275863e-06,
    3.4513793103448278e-06,
    3.4513793103448278e-06,
    3.6234482758620693e-06,
    3.6234482758620693e-06,
    3.7955172413793103e-06,
    3.7955172413793103e-06,
    3.967586206896552e-06,
    3.967586206896552e-06,
    4.139655172413793e-06,
    4.139655172413793e-06,
    4.311724137931034e-06,
    4.311724137931034e-06,
    4.483793103448276e-06,
    4.483793103448276e-06,
    4.655862068965517e-06,
    4.655862068965517e-06,
    4.8279310344827585e-06,
    4.8279310344827585e-06,
    5e-06,
    5e-06
  ],
  "mu": 0,
  "samples": 250,
  "sequence_length": 1000,
  "seeds": [
    1886537156,
    1202358184,
    1992805120,
    1949535238,
    1931783768,
    1219153640,
    2000879529,
    823099312,
    1843017229,
    1122677160,
    2058269183,
    1179977100,
    2085831694,
    1953944235,
    834087920,
    1383299379,
    182334908,
    1091576650,
    664528251,
    95618578,
    685643320,
    770867482,
    769236245,
    595863032,
    521391343,
    605803691,
    632477280,
    1252030756,
    93450538,
    661877676,
    1347528787,
    1862392098,
    1660462817,
    1736880083,
    873286251,
    1065653709,
    843369317,
    1276397591,
    1858890957,
    1393793961,
    1628001604,
    2131516361,
    2066260052,
    129527172,
    574419165,
    1451417428,
    1437203006,
    623877370,
    184427690,
    1976752027
  ]
}