{
  "mode": "site",
  "rep": 142,
  "ne": 10000,
  "r": 1e-05,
  "mu": [
    1e-07,
    1e-07,
    4.413793103448276e-07,
    4.413793103448276e-07,
    7.827586206896552e-07,
    7.827586206896552e-07,
    1.1241379310344827e-06,
    1.1241379310344827e-06,
    1.4655172413793102e-06,
    1.4655172413793102e-06,
    1.8068965517241377e-06,
    1.8068965517241377e-06,
    2.1482758620689656e-06,
    2.1482758620689656e-06,
    2.489655172413793e-06,
    2.489655172413793e-06,
    2.8310344827586205e-06,
    2.8310344827586205e-06,
    3.172413793103448e-06,
    3.172413793103448e-06,
    3.5137931034482755e-06,
    3.855172413793104e-06,
    4.196551724137931e-06,
    4.537931034482759e-06,
    4.879310344827586e-06,
    5.220689655172414e-06,
    5.562068965517241e-06,
    5.903448275862069e-06,
    6.244827586206896e-06,
    6.5862068965517236e-06,
    6.927586206896551e-06,
    6.927586206896551e-06,
    7.268965517241379e-06,
    7.268965517241379e-06,
    7.610344827586207e-06,
    7.610344827586207e-06,
    7.951724137931034e-06,
    7.951724137931034e-06,
    8.293103448275863e-06,
    8.293103448275863e-06,
    8.634482758620691e-06,
    8.634482758620691e-06,
    8.975862068965518e-06,
    8.975862068965518e-06,
    9.317241379310346e-06,
    9.317241379310346e-06,
    9.658620689655173e-06,
    9.658620689655173e-06,
    1e-05,
    1e-05
  ],
  "samples": 500,
  "sequence_length": 10000,
  "seeds": [
    1049957706,
    1653544922,
    74398529,
    1973127339,
    1244821680,
    1696596694,
    1777824707,
    292489757,
    773752430,
    1631296083,
    1045495026,
    2024859131,
    467288689,
    525419169,
    1267898693,
    929426019,
    819748634,
    488011945,
    1399778600,
    334773814,
    1619830380,
    375909790,
    674005689,
    1980281326,
    931775027,
    1868541519,
    1362960540,
    662207714,
    134436991,
    2131191207,
    2013619374,
    1484645315,
    1747343745,
    980345080,
    45011704,
    831284308,
    448332853,
    778543100,
    187776140,
    1950543697,
    706981381,
    1396286566,
    1861492998,
    903162742,
    872317867,
    1847680176,
    1642840219,
    41690783,
    738783711,
    160894288
  ]
}