{
  "mode": "branch",
  "rep": 603,
  "ne": 10000,
  "r": [
    1e-08,
    1e-08,
    1.820689655172414e-07,
    1.820689655172414e-07,
    3.541379310344828e-07,
    3.541379310344828e-07,
    5.262068965517242e-07,
    5.262068965517242e-07,
    6.982758620689656e-07,
    6.982758620689656e-07,
    8.70344827586207e-07,
    8.70344827586207e-07,
    1.0424137931034483e-06,
    1.0424137931034483e-06,
    1.2144827586206895e-06,
    1.2144827586206895e-06,
    1.386551724137931e-06,
    1.386551724137931e-06,
    1.5586206896551725e-06,
    1.5586206896551725e-06,
    1.7306896551724138e-06,
    1.7306896551724138e-06,
    1.9027586206896551e-06,
    1.9027586206896551e-06,
    2.0748275862068966e-06,
    2.0748275862068966e-06,
    2.246896551724138e-06,
    2.246896551724138e-06,
    2.418965517241379e-06,
    2.418965517241379e-06,
    2.5910344827586207e-06,
    2.5910344827586207e-06,
    2.763103448275862e-06,
    2.763103448275862e-06,
    2.9351724137931037e-06,
    2.9351724137931037e-06,
    3.107241379310345e-06,
    3.107241379310345e-06,
    3.2793103448275863e-06,
    3.2793103448275863e-06,
    3.4513793103448278e-06,
    3.6234482758620693e-06,
    3.7955172413793103e-06,
    3.967586206896552e-06,
    4.139655172413793e-06,
    4.311724137931034e-06,
    4.483793103448276e-06,
    4.655862068965517e-06,
    4.8279310344827585e-06,
    5e-06
  ],
  "mu": 0,
  "samples": 250,
  "sequence_length": 1000,
  "seeds": [
    727027013,
    1710857842,
    1990154134,
    802848475,
    53349354,
    359049919,
    99513290,
    1625483112,
    81611898,
    93823243,
    1726395788,
    564168759,
    152528058,
    2101591358,
    1127654636,
    899137872,
    81344220,
    1973405112,
    2052100468,
    1502586920,
    1255115601,
    989165658,
    1740323128,
    1350216202,
    2037075837,
    1593121407,
    1878709702,
    671315403,
    70329334,
    1448497523,
    882880861,
    394727813,
    1113609233,
    373005799,
    1170119181,
    1600046828,
    1999890868,
    403447750,
    964135986,
    1847993677,
    355760003,
    656107768,
    1499488933,
    1477596719,
    947681077,
    962272047,
    2106602165,
    573277457,
    1914887817,
    1688435156
  ]
}