{
  "mode": "site",
  "rep": 452,
  "ne": 10000,
  "r": 1e-05,
  "mu": [
    1e-07,
    4.413793103448276e-07,
    7.827586206896552e-07,
    1.1241379310344827e-06,
    1.4655172413793102e-06,
    1.8068965517241377e-06,
    2.1482758620689656e-06,
    2.489655172413793e-06,
    2.8310344827586205e-06,
    3.172413793103448e-06,
    3.5137931034482755e-06,
    3.5137931034482755e-06,
    3.855172413793104e-06,
    3.855172413793104e-06,
    4.196551724137931e-06,
    4.196551724137931e-06,
    4.537931034482759e-06,
    4.537931034482759e-06,
    4.879310344827586e-06,
    4.879310344827586e-06,
    5.220689655172414e-06,
    5.220689655172414e-06,
    5.562068965517241e-06,
    5.562068965517241e-06,
    5.903448275862069e-06,
    5.903448275862069e-06,
    6.244827586206896e-06,
    6.244827586206896e-06,
    6.5862068965517236e-06,
    6.5862068965517236e-06,
    6.927586206896551e-06,
    6.927586206896551e-06,
    7.268965517241379e-06,
    7.268965517241379e-06,
    7.610344827586207e-06,
    7.610344827586207e-06,
    7.951724137931034e-06,
    7.951724137931034e-06,
    8.293103448275863e-06,
    8.293103448275863e-06,
    8.634482758620691e-06,
    8.634482758620691e-06,
    8.975862068965518e-06,
    8.975862068965518e-06,
    9.317241379310346e-06,
    9.317241379310346e-06,
    9.658620689655173e-06,
    9.658620689655173e-06,
    1e-05,
    1e-05
  ],
  "samples": 500,
  "sequence_length": 10000,
  "seeds": [
    283020767,
    84209095,
    1695326615,
    1173884302,
    1981486221,
    988949128,
    1411622853,
    548147539,
    1924672903,
    334059670,
    2102277545,
    1432461250,
    1934954241,
    2012312832,
    440573840,
    539649628,
    1739089940,
    553141955,
    312344881,
    1811753639,
    1094676357,
    1573749962,
    1510750396,
    1234763748,
    514829028,
    1099107907,
    2055246075,
    1519112332,
    472885479,
    1741103429,
    112823943,
    724079080,
    1246438710,
    2036872116,
    889955620,
    806627849,
    2018544433,
    16811467,
    1862085376,
    1569939630,
    2001606342,
    62301536,
    126088659,
    2126898908,
    1188709991,
    1902590586,
    771571009,
    1183816021,
    1330068419,
    867208445
  ]
}