{
  "mode": "site",
  "rep": 55,
  "ne": 10000,
  "r": 1e-05,
  "mu": [
    1e-07,
    1e-07,
    4.413793103448276e-07,
    4.413793103448276e-07,
    7.827586206896552e-07,
    7.827586206896552e-07,
    1.1241379310344827e-06,
    1.1241379310344827e-06,
    1.4655172413793102e-06,
    1.4655172413793102e-06,
    1.8068965517241377e-06,
    1.8068965517241377e-06,
    2.1482758620689656e-06,
    2.1482758620689656e-06,
    2.489655172413793e-06,
    2.489655172413793e-06,
    2.8310344827586205e-06,
    2.8310344827586205e-06,
    3.172413793103448e-06,
    3.172413793103448e-06,
    3.5137931034482755e-06,
    3.855172413793104e-06,
    4.196551724137931e-06,
    4.537931034482759e-06,
    4.879310344827586e-06,
    5.220689655172414e-06,
    5.562068965517241e-06,
    5.903448275862069e-06,
    6.244827586206896e-06,
    6.5862068965517236e-06,
    6.927586206896551e-06,
    6.927586206896551e-06,
    7.268965517241379e-06,
    7.268965517241379e-06,
    7.610344827586207e-06,
    7.610344827586207e-06,
    7.951724137931034e-06,
    7.951724137931034e-06,
    8.293103448275863e-06,
    8.293103448275863e-06,
    8.634482758620691e-06,
    8.634482758620691e-06,
    8.975862068965518e-06,
    8.975862068965518e-06,
    9.317241379310346e-06,
    9.317241379310346e-06,
    9.658620689655173e-06,
    9.658620689655173e-06,
    1e-05,
    1e-05
  ],
  "samples": 500,
  "sequence_length": 50000,
  "seeds": [
    1691145001,
    1198318402,
    2003390815,
    2016823884,
    2054287129,
    611359600,
    1217151376,
    1236284755,
    703008482,
    1198110610,
    1462613938,
    108498011,
    708422092,
    1106079879,
    647744085,
    760122639,
    1351990940,
    587965711,
    1718263799,
    1684713402,
    2002727777,
    2075597000,
    311783732,
    1241024625,
    697442501,
    233587775,
    675511196,
    1000376766,
    1328075196,
    1764340644,
    1512284891,
    1960586936,
    2018704766,
    1097765064,
    2080983040,
    337745264,
    799188,
    462270468,
    588417971,
    1411392797,
    1573809083,
    491691673,
    1381449308,
    1509592928,
    1872734409,
    2072088798,
    1310499862,
    1545785465,
    2064814441,
    449437275
  ]
}