{
  "mode": "site",
  "rep": 221,
  "ne": 10000,
  "r": 1e-05,
  "mu": [
    1e-07,
    4.413793103448276e-07,
    7.827586206896552e-07,
    1.1241379310344827e-06,
    1.4655172413793102e-06,
    1.8068965517241377e-06,
    2.1482758620689656e-06,
    2.489655172413793e-06,
    2.8310344827586205e-06,
    3.172413793103448e-06,
    3.5137931034482755e-06,
    3.5137931034482755e-06,
    3.855172413793104e-06,
    3.855172413793104e-06,
    4.196551724137931e-06,
    4.196551724137931e-06,
    4.537931034482759e-06,
    4.537931034482759e-06,
    4.879310344827586e-06,
    4.879310344827586e-06,
    5.220689655172414e-06,
    5.220689655172414e-06,
    5.562068965517241e-06,
    5.562068965517241e-06,
    5.903448275862069e-06,
    5.903448275862069e-06,
    6.244827586206896e-06,
    6.244827586206896e-06,
    6.5862068965517236e-06,
    6.5862068965517236e-06,
    6.927586206896551e-06,
    6.927586206896551e-06,
    7.268965517241379e-06,
    7.268965517241379e-06,
    7.610344827586207e-06,
    7.610344827586207e-06,
    7.951724137931034e-06,
    7.951724137931034e-06,
    8.293103448275863e-06,
    8.293103448275863e-06,
    8.634482758620691e-06,
    8.634482758620691e-06,
    8.975862068965518e-06,
    8.975862068965518e-06,
    9.317241379310346e-06,
    9.317241379310346e-06,
    9.658620689655173e-06,
    9.658620689655173e-06,
    1e-05,
    1e-05
  ],
  "samples": 500,
  "sequence_length": 50000,
  "seeds": [
    1703094602,
    1830579779,
    905730760,
    1246568459,
    1213101915,
    87934328,
    556656488,
    871396081,
    903846801,
    751640807,
    1014399410,
    1411393966,
    455103046,
    525580172,
    61111764,
    379826952,
    686499049,
    794866579,
    1912575847,
    1912906742,
    2113799945,
    1589987703,
    1722731280,
    137517473,
    1334243625,
    1895033577,
    1719549135,
    1565933386,
    1788635515,
    897174428,
    1573836772,
    269653626,
    1423157580,
    898817264,
    1231906355,
    1611301161,
    2064900561,
    1993379659,
    1556800677,
    1890079633,
    1932406017,
    2112468669,
    943363306,
    1849739820,
    369076599,
    141889314,
    303489379,
    303842471,
    1609013321,
    329154621
  ]
}