{
  "mode": "site",
  "rep": 146,
  "ne": 10000,
  "r": 1e-05,
  "mu": [
    1e-07,
    4.413793103448276e-07,
    7.827586206896552e-07,
    1.1241379310344827e-06,
    1.4655172413793102e-06,
    1.8068965517241377e-06,
    2.1482758620689656e-06,
    2.489655172413793e-06,
    2.8310344827586205e-06,
    3.172413793103448e-06,
    3.5137931034482755e-06,
    3.5137931034482755e-06,
    3.855172413793104e-06,
    3.855172413793104e-06,
    4.196551724137931e-06,
    4.196551724137931e-06,
    4.537931034482759e-06,
    4.537931034482759e-06,
    4.879310344827586e-06,
    4.879310344827586e-06,
    5.220689655172414e-06,
    5.220689655172414e-06,
    5.562068965517241e-06,
    5.562068965517241e-06,
    5.903448275862069e-06,
    5.903448275862069e-06,
    6.244827586206896e-06,
    6.244827586206896e-06,
    6.5862068965517236e-06,
    6.5862068965517236e-06,
    6.927586206896551e-06,
    6.927586206896551e-06,
    7.268965517241379e-06,
    7.268965517241379e-06,
    7.610344827586207e-06,
    7.610344827586207e-06,
    7.951724137931034e-06,
    7.951724137931034e-06,
    8.293103448275863e-06,
    8.293103448275863e-06,
    8.634482758620691e-06,
    8.634482758620691e-06,
    8.975862068965518e-06,
    8.975862068965518e-06,
    9.317241379310346e-06,
    9.317241379310346e-06,
    9.658620689655173e-06,
    9.658620689655173e-06,
    1e-05,
    1e-05
  ],
  "samples": 500,
  "sequence_length": 10000,
  "seeds": [
    1264723541,
    1622426785,
    202770056,
    1817156330,
    838879820,
    997418657,
    1970460113,
    119922452,
    1727902374,
    1835768919,
    1583817084,
    1467360173,
    109742996,
    74281674,
    600873639,
    454295076,
    993171485,
    1790962568,
    1250469667,
    1745508629,
    218671941,
    2023301786,
    324423082,
    2137848790,
    2139864856,
    225250590,
    1656183396,
    1698752392,
    1841039042,
    554315858,
    3362870,
    1002604979,
    363846325,
    1494363969,
    1184248004,
    1905437228,
    775638792,
    25390314,
    977196762,
    141437030,
    1102982515,
    92997604,
    760866103,
    2071355288,
    174695462,
    463723460,
    1290077744,
    1908626614,
    1206375787,
    1905263941
  ]
}