{
  "mode": "site",
  "rep": 392,
  "ne": 10000,
  "r": 1e-05,
  "mu": [
    1e-07,
    4.413793103448276e-07,
    7.827586206896552e-07,
    1.1241379310344827e-06,
    1.4655172413793102e-06,
    1.8068965517241377e-06,
    2.1482758620689656e-06,
    2.489655172413793e-06,
    2.8310344827586205e-06,
    3.172413793103448e-06,
    3.5137931034482755e-06,
    3.5137931034482755e-06,
    3.855172413793104e-06,
    3.855172413793104e-06,
    4.196551724137931e-06,
    4.196551724137931e-06,
    4.537931034482759e-06,
    4.537931034482759e-06,
    4.879310344827586e-06,
    4.879310344827586e-06,
    5.220689655172414e-06,
    5.220689655172414e-06,
    5.562068965517241e-06,
    5.562068965517241e-06,
    5.903448275862069e-06,
    5.903448275862069e-06,
    6.244827586206896e-06,
    6.244827586206896e-06,
    6.5862068965517236e-06,
    6.5862068965517236e-06,
    6.927586206896551e-06,
    6.927586206896551e-06,
    7.268965517241379e-06,
    7.268965517241379e-06,
    7.610344827586207e-06,
    7.610344827586207e-06,
    7.951724137931034e-06,
    7.951724137931034e-06,
    8.293103448275863e-06,
    8.293103448275863e-06,
    8.634482758620691e-06,
    8.634482758620691e-06,
    8.975862068965518e-06,
    8.975862068965518e-06,
    9.317241379310346e-06,
    9.317241379310346e-06,
    9.658620689655173e-06,
    9.658620689655173e-06,
    1e-05,
    1e-05
  ],
  "samples": 500,
  "sequence_length": 50000,
  "seeds": [
    2039171691,
    1816309285,
    1166149261,
    518770433,
    819744659,
    1425879965,
    227173884,
    355152460,
    457809529,
    1371224340,
    604846087,
    277838193,
    978585326,
    1795182125,
    2030701452,
    874702197,
    523460954,
    1893727647,
    1626407749,
    1868501816,
    1384891088,
    1881036760,
    1366335500,
    1507835786,
    1761700018,
    708323919,
    862235010,
    2046545165,
    898010509,
    307926132,
    418856132,
    1171113763,
    1060190459,
    1719223990,
    1625927310,
    691572649,
    1015930865,
    1789423157,
    172487697,
    349197755,
    1411434493,
    499930352,
    1831823048,
    1705951134,
    2047104811,
    1807327990,
    479322653,
    1332232845,
    1430815484,
    1577418899
  ]
}