{
  "mode": "branch",
  "rep": 618,
  "ne": 10000,
  "r": [
    1e-08,
    1e-08,
    1.820689655172414e-07,
    1.820689655172414e-07,
    3.541379310344828e-07,
    3.541379310344828e-07,
    5.262068965517242e-07,
    5.262068965517242e-07,
    6.982758620689656e-07,
    6.982758620689656e-07,
    8.70344827586207e-07,
    8.70344827586207e-07,
    1.0424137931034483e-06,
    1.0424137931034483e-06,
    1.2144827586206895e-06,
    1.2144827586206895e-06,
    1.386551724137931e-06,
    1.386551724137931e-06,
    1.5586206896551725e-06,
    1.5586206896551725e-06,
    1.7306896551724138e-06,
    1.7306896551724138e-06,
    1.9027586206896551e-06,
    1.9027586206896551e-06,
    2.0748275862068966e-06,
    2.0748275862068966e-06,
    2.246896551724138e-06,
    2.246896551724138e-06,
    2.418965517241379e-06,
    2.418965517241379e-06,
    2.5910344827586207e-06,
    2.5910344827586207e-06,
    2.763103448275862e-06,
    2.763103448275862e-06,
    2.9351724137931037e-06,
    2.9351724137931037e-06,
    3.107241379310345e-06,
    3.107241379310345e-06,
    3.2793103448275863e-06,
    3.2793103448275863e-06,
    3.4513793103448278e-06,
    3.6234482758620693e-06,
    3.7955172413793103e-06,
    3.967586206896552e-06,
    4.139655172413793e-06,
    4.311724137931034e-06,
    4.483793103448276e-06,
    4.655862068965517e-06,
    4.8279310344827585e-06,
    5e-06
  ],
  "mu": 0,
  "samples": 250,
  "sequence_length": 1000,
  "seeds": [
    938714772,
    884811247,
    1184428175,
    245437865,
    1464972584,
    2132246219,
    309442532,
    502984250,
    1891102304,
    367183586,
    2136486168,
    1271627061,
    493167077,
    517123944,
    1987234899,
    1250361737,
    132193198,
    1031567873,
    453353128,
    2046563305,
    128703860,
    1764470579,
    32818536,
    1559382776,
    1024122891,
    842183763,
    688237824,
    1155503851,
    476069912,
    190381731,
    2028058604,
    624326198,
    113438456,
    27197943,
    1985591675,
    241806545,
    1598370953,
    2087829607,
    432086238,
    2100471660,
    498098222,
    525234490,
    256245707,
    2142696767,
    246677750,
    235076521,
    63244944,
    452929814,
    542375815,
    823278857
  ]
}