{
  "mode": "branch",
  "rep": 836,
  "ne": 10000,
  "r": [
    1e-08,
    1.820689655172414e-07,
    3.541379310344828e-07,
    5.262068965517242e-07,
    6.982758620689656e-07,
    8.70344827586207e-07,
    1.0424137931034483e-06,
    1.2144827586206895e-06,
    1.386551724137931e-06,
    1.5586206896551725e-06,
    1.7306896551724138e-06,
    1.7306896551724138e-06,
    1.9027586206896551e-06,
    1.9027586206896551e-06,
    2.0748275862068966e-06,
    2.0748275862068966e-06,
    2.246896551724138e-06,
    2.246896551724138e-06,
    2.418965517241379e-06,
    2.418965517241379e-06,
    2.5910344827586207e-06,
    2.5910344827586207e-06,
    2.763103448275862e-06,
    2.763103448275862e-06,
    2.9351724137931037e-06,
    2.9351724137931037e-06,
    3.107241379310345e-06,
    3.107241379310345e-06,
    3.2793103448275863e-06,
    3.2793103448275863e-06,
    3.4513793103448278e-06,
    3.4513793103448278e-06,
    3.6234482758620693e-06,
    3.6234482758620693e-06,
    3.7955172413793103e-06,
    3.7955172413793103e-06,
    3.967586206896552e-06,
    3.967586206896552e-06,
    4.139655172413793e-06,
    4.139655172413793e-06,
    4.311724137931034e-06,
    4.311724137931034e-06,
    4.483793103448276e-06,
    4.483793103448276e-06,
    4.655862068965517e-06,
    4.655862068965517e-06,
    4.8279310344827585e-06,
    4.8279310344827585e-06,
    5e-06,
    5e-06
  ],
  "mu": 0,
  "samples": 250,
  "sequence_length": 1000,
  "seeds": [
    1047723768,
    2109206989,
    634240727,
    887189849,
    284973463,
    1247249541,
    910550535,
    668329100,
    1846785459,
    1660954514,
    1692375515,
    611848796,
    236676957,
    141733363,
    25710012,
    1081995305,
    559463662,
    295743164,
    1259553618,
    1704769818,
    1318100681,
    390192801,
    1240902856,
    600857808,
    303680298,
    184189156,
    1539295535,
    1828432600,
    381578512,
    710994406,
    1086423882,
    1069140209,
    267352841,
    2069103166,
    420659301,
    773523361,
    1853071520,
    266327813,
    164722097,
    657547476,
    1304818426,
    1233926918,
    1289600238,
    2137397276,
    104439031,
    1468032956,
    117343066,
    266901708,
    94581473,
    1032672190
  ]
}