{
  "mode": "site",
  "rep": 553,
  "ne": 10000,
  "r": 1e-05,
  "mu": [
    1e-07,
    1e-07,
    4.413793103448276e-07,
    4.413793103448276e-07,
    7.827586206896552e-07,
    7.827586206896552e-07,
    1.1241379310344827e-06,
    1.1241379310344827e-06,
    1.4655172413793102e-06,
    1.4655172413793102e-06,
    1.8068965517241377e-06,
    1.8068965517241377e-06,
    2.1482758620689656e-06,
    2.1482758620689656e-06,
    2.489655172413793e-06,
    2.489655172413793e-06,
    2.8310344827586205e-06,
    2.8310344827586205e-06,
    3.172413793103448e-06,
    3.172413793103448e-06,
    3.5137931034482755e-06,
    3.855172413793104e-06,
    4.196551724137931e-06,
    4.537931034482759e-06,
    4.879310344827586e-06,
    5.220689655172414e-06,
    5.562068965517241e-06,
    5.903448275862069e-06,
    6.244827586206896e-06,
    6.5862068965517236e-06,
    6.927586206896551e-06,
    6.927586206896551e-06,
    7.268965517241379e-06,
    7.268965517241379e-06,
    7.610344827586207e-06,
    7.610344827586207e-06,
    7.951724137931034e-06,
    7.951724137931034e-06,
    8.293103448275863e-06,
    8.293103448275863e-06,
    8.634482758620691e-06,
    8.634482758620691e-06,
    8.975862068965518e-06,
    8.975862068965518e-06,
    9.317241379310346e-06,
    9.317241379310346e-06,
    9.658620689655173e-06,
    9.658620689655173e-06,
    1e-05,
    1e-05
  ],
  "samples": 500,
  "sequence_length": 10000,
  "seeds": [
    1317090748,
    455888782,
    626183143,
    310073715,
    1157361180,
    678463695,
    836426120,
    1778925380,
    2082957008,
    522372269,
    1707583678,
    1645165295,
    1162582401,
    1168741540,
    1040907422,
    701786795,
    1145407777,
    537595987,
    55143143,
    367225217,
    5714205,
    662905522,
    1233313900,
    1194392351,
    132282410,
    672824465,
    653884245,
    1443495762,
    1476172638,
    1541233523,
    1321649301,
    1070022278,
    1525154584,
    1191178232,
    632256963,
    1026478179,
    1209921398,
    1888979661,
    1591294860,
    649201233,
    962075573,
    372367254,
    480430476,
    1848271733,
    13067107,
    2123470665,
    1162225247,
    48184699,
    1935644881,
    2029340414
  ]
}