{
  "mode": "site",
  "rep": 495,
  "ne": 10000,
  "r": 1e-05,
  "mu": [
    1e-07,
    1e-07,
    4.413793103448276e-07,
    4.413793103448276e-07,
    7.827586206896552e-07,
    7.827586206896552e-07,
    1.1241379310344827e-06,
    1.1241379310344827e-06,
    1.4655172413793102e-06,
    1.4655172413793102e-06,
    1.8068965517241377e-06,
    1.8068965517241377e-06,
    2.1482758620689656e-06,
    2.1482758620689656e-06,
    2.489655172413793e-06,
    2.489655172413793e-06,
    2.8310344827586205e-06,
    2.8310344827586205e-06,
    3.172413793103448e-06,
    3.172413793103448e-06,
    3.5137931034482755e-06,
    3.5137931034482755e-06,
    3.855172413793104e-06,
    3.855172413793104e-06,
    4.196551724137931e-06,
    4.196551724137931e-06,
    4.537931034482759e-06,
    4.537931034482759e-06,
    4.879310344827586e-06,
    4.879310344827586e-06,
    5.220689655172414e-06,
    5.220689655172414e-06,
    5.562068965517241e-06,
    5.562068965517241e-06,
    5.903448275862069e-06,
    5.903448275862069e-06,
    6.244827586206896e-06,
    6.244827586206896e-06,
    6.5862068965517236e-06,
    6.5862068965517236e-06,
    6.927586206896551e-06,
    7.268965517241379e-06,
    7.610344827586207e-06,
    7.951724137931034e-06,
    8.293103448275863e-06,
    8.634482758620691e-06,
    8.975862068965518e-06,
    9.317241379310346e-06,
    9.658620689655173e-06,
    1e-05
  ],
  "samples": 500,
  "sequence_length": 50000,
  "seeds": [
    1572472783,
    1379171136,
    1336593225,
    484749916,
    715226457,
    1083193131,
    409924055,
    1605374532,
    1853978153,
    683400261,
    1701416876,
    1474635819,
    1729095814,
    1590588331,
    1594084243,
    742105459,
    652514172,
    230670673,
    318937675,
    933701158,
    860319705,
    144882987,
    1610212709,
    1142086385,
    29851091,
    275944348,
    1641979378,
    1977671926,
    2037479768,
    1396149292,
    2144303946,
    1684492077,
    1596499340,
    1429924281,
    18355569,
    1029668778,
    1868229880,
    893624032,
    572070568,
    360682200,
    205891295,
    1334874061,
    1061397387,
    769636329,
    179424341,
    69901694,
    1568718884,
    1262826880,
    1802335411,
    1761832151
  ]
}