{
  "mode": "site",
  "rep": 500,
  "ne": 10000,
  "r": 1e-05,
  "mu": [
    1e-07,
    4.413793103448276e-07,
    7.827586206896552e-07,
    1.1241379310344827e-06,
    1.4655172413793102e-06,
    1.8068965517241377e-06,
    2.1482758620689656e-06,
    2.489655172413793e-06,
    2.8310344827586205e-06,
    3.172413793103448e-06,
    3.5137931034482755e-06,
    3.5137931034482755e-06,
    3.855172413793104e-06,
    3.855172413793104e-06,
    4.196551724137931e-06,
    4.196551724137931e-06,
    4.537931034482759e-06,
    4.537931034482759e-06,
    4.879310344827586e-06,
    4.879310344827586e-06,
    5.220689655172414e-06,
    5.220689655172414e-06,
    5.562068965517241e-06,
    5.562068965517241e-06,
    5.903448275862069e-06,
    5.903448275862069e-06,
    6.244827586206896e-06,
    6.244827586206896e-06,
    6.5862068965517236e-06,
    6.5862068965517236e-06,
    6.927586206896551e-06,
    6.927586206896551e-06,
    7.268965517241379e-06,
    7.268965517241379e-06,
    7.610344827586207e-06,
    7.610344827586207e-06,
    7.951724137931034e-06,
    7.951724137931034e-06,
    8.293103448275863e-06,
    8.293103448275863e-06,
    8.634482758620691e-06,
    8.634482758620691e-06,
    8.975862068965518e-06,
    8.975862068965518e-06,
    9.317241379310346e-06,
    9.317241379310346e-06,
    9.658620689655173e-06,
    9.658620689655173e-06,
    1e-05,
    1e-05
  ],
  "samples": 500,
  "sequence_length": 10000,
  "seeds": [
    305028894,
    702451067,
    1423478480,
    804289157,
    1071390417,
    1553179890,
    1265650888,
    1482480443,
    380480649,
    360054520,
    635075932,
    1303406878,
    323265211,
    411160316,
    942957188,
    1871804502,
    2146571824,
    783226387,
    674739476,
    472211672,
    1316321879,
    1837445484,
    1346503609,
    1322101093,
    841741969,
    1584412769,
    871420187,
    1242105824,
    861222855,
    105094407,
    336868082,
    2066188843,
    1027001090,
    136491725,
    809419587,
    1151564044,
    266248224,
    1175995535,
    1893836664,
    373695239,
    856579110,
    728409284,
    82656394,
    1543360619,
    1490452156,
    92172622,
    305657039,
    578836109,
    504998857,
    26101269
  ]
}