{
  "mode": "branch",
  "rep": 757,
  "ne": 10000,
  "r": [
    1e-08,
    1e-08,
    1.820689655172414e-07,
    1.820689655172414e-07,
    3.541379310344828e-07,
    3.541379310344828e-07,
    5.262068965517242e-07,
    5.262068965517242e-07,
    6.982758620689656e-07,
    6.982758620689656e-07,
    8.70344827586207e-07,
    8.70344827586207e-07,
    1.0424137931034483e-06,
    1.0424137931034483e-06,
    1.2144827586206895e-06,
    1.2144827586206895e-06,
    1.386551724137931e-06,
    1.386551724137931e-06,
    1.5586206896551725e-06,
    1.5586206896551725e-06,
    1.7306896551724138e-06,
    1.9027586206896551e-06,
    2.0748275862068966e-06,
    2.246896551724138e-06,
    2.418965517241379e-06,
    2.5910344827586207e-06,
    2.763103448275862e-06,
    2.9351724137931037e-06,
    3.107241379310345e-06,
    3.2793103448275863e-06,
    3.4513793103448278e-06,
    3.4513793103448278e-06,
    3.6234482758620693e-06,
    3.6234482758620693e-06,
    3.7955172413793103e-06,
    3.7955172413793103e-06,
    3.967586206896552e-06,
    3.967586206896552e-06,
    4.139655172413793e-06,
    4.139655172413793e-06,
    4.311724137931034e-06,
    4.311724137931034e-06,
    4.483793103448276e-06,
    4.483793103448276e-06,
    4.655862068965517e-06,
    4.655862068965517e-06,
    4.8279310344827585e-06,
    4.8279310344827585e-06,
    5e-06,
    5e-06
  ],
  "mu": 0,
  "samples": 250,
  "sequence_length": 1000,
  "seeds": [
    1351218598,
    1739557973,
    1790163883,
    211942702,
    1405539521,
    595379640,
    929490409,
    1828172621,
    1539280607,
    1956998398,
    2015595365,
    778609395,
    1714361377,
    1356774878,
    100559748,
    897142874,
    1947219458,
    1108709486,
    1448020291,
    396274953,
    322703772,
    1465200550,
    581208329,
    2111173478,
    40567237,
    2072686550,
    1639408954,
    221670498,
    1235625302,
    489133266,
    693510446,
    16452704,
    616107942,
    924874644,
    1436542199,
    1309901982,
    1446103171,
    824686248,
    1547815098,
    467148687,
    504500989,
    1899819414,
    1410607292,
    921256299,
    99267019,
    1498807199,
    1415819193,
    527686076,
    2140019816,
    1602777387
  ]
}