{
  "mode": "branch",
  "rep": 1011,
  "ne": 10000,
  "r": [
    1e-08,
    1e-08,
    1.820689655172414e-07,
    1.820689655172414e-07,
    3.541379310344828e-07,
    3.541379310344828e-07,
    5.262068965517242e-07,
    5.262068965517242e-07,
    6.982758620689656e-07,
    6.982758620689656e-07,
    8.70344827586207e-07,
    8.70344827586207e-07,
    1.0424137931034483e-06,
    1.0424137931034483e-06,
    1.2144827586206895e-06,
    1.2144827586206895e-06,
    1.386551724137931e-06,
    1.386551724137931e-06,
    1.5586206896551725e-06,
    1.5586206896551725e-06,
    1.7306896551724138e-06,
    1.7306896551724138e-06,
    1.9027586206896551e-06,
    1.9027586206896551e-06,
    2.0748275862068966e-06,
    2.0748275862068966e-06,
    2.246896551724138e-06,
    2.246896551724138e-06,
    2.418965517241379e-06,
    2.418965517241379e-06,
    2.5910344827586207e-06,
    2.5910344827586207e-06,
    2.763103448275862e-06,
    2.763103448275862e-06,
    2.9351724137931037e-06,
    2.9351724137931037e-06,
    3.107241379310345e-06,
    3.107241379310345e-06,
    3.2793103448275863e-06,
    3.2793103448275863e-06,
    3.4513793103448278e-06,
    3.6234482758620693e-06,
    3.7955172413793103e-06,
    3.967586206896552e-06,
    4.139655172413793e-06,
    4.311724137931034e-06,
    4.483793103448276e-06,
    4.655862068965517e-06,
    4.8279310344827585e-06,
    5e-06
  ],
  "mu": 0,
  "samples": 250,
  "sequence_length": 1000,
  "seeds": [
    2027532698,
    611401554,
    1524374310,
    219716309,
    4247166,
    1220907373,
    70561014,
    749414877,
    926354997,
    434102691,
    1433714526,
    1741472215,
    1776506120,
    1948367410,
    2055767243,
    1668652979,
    1046456501,
    1185578638,
    1094435437,
    1826468491,
    1076140467,
    918658465,
    2078250993,
    1046478067,
    448205147,
    1731288532,
    607436060,
    1330251112,
    225297643,
    204549298,
    1630307792,
    450429178,
    1471064062,
    2066647476,
    1595667918,
    914825631,
    1801514689,
    1949535035,
    738359885,
    397648233,
    650881600,
    1005748112,
    1859915973,
    1591363477,
    1093698902,
    292680002,
    282632340,
    1196555820,
    1112276232,
    493418910
  ]
}