{
  "mode": "site",
  "rep": 57,
  "ne": 10000,
  "r": 1e-05,
  "mu": [
    1e-07,
    1e-07,
    4.413793103448276e-07,
    4.413793103448276e-07,
    7.827586206896552e-07,
    7.827586206896552e-07,
    1.1241379310344827e-06,
    1.1241379310344827e-06,
    1.4655172413793102e-06,
    1.4655172413793102e-06,
    1.8068965517241377e-06,
    1.8068965517241377e-06,
    2.1482758620689656e-06,
    2.1482758620689656e-06,
    2.489655172413793e-06,
    2.489655172413793e-06,
    2.8310344827586205e-06,
    2.8310344827586205e-06,
    3.172413793103448e-06,
    3.172413793103448e-06,
    3.5137931034482755e-06,
    3.5137931034482755e-06,
    3.855172413793104e-06,
    3.855172413793104e-06,
    4.196551724137931e-06,
    4.196551724137931e-06,
    4.537931034482759e-06,
    4.537931034482759e-06,
    4.879310344827586e-06,
    4.879310344827586e-06,
    5.220689655172414e-06,
    5.220689655172414e-06,
    5.562068965517241e-06,
    5.562068965517241e-06,
    5.903448275862069e-06,
    5.903448275862069e-06,
    6.244827586206896e-06,
    6.244827586206896e-06,
    6.5862068965517236e-06,
    6.5862068965517236e-06,
    6.927586206896551e-06,
    7.268965517241379e-06,
    7.610344827586207e-06,
    7.951724137931034e-06,
    8.293103448275863e-06,
    8.634482758620691e-06,
    8.975862068965518e-06,
    9.317241379310346e-06,
    9.658620689655173e-06,
    1e-05
  ],
  "samples": 500,
  "sequence_length": 10000,
  "seeds": [
    1360079196,
    1886835550,
    1746845537,
    1547977834,
    577673718,
    365404342,
    671907560,
    1475582489,
    765428954,
    513976919,
    939564760,
    1157541731,
    1402449996,
    1754369971,
    367680455,
    657099203,
    1740179437,
    2145086025,
    198005816,
    1831104929,
    590273674,
    296312600,
    1763845051,
    1266284746,
    2087980771,
    1906364332,
    1550905945,
    334223059,
    37012433,
    1360637286,
    1376974788,
    802261263,
    1516791356,
    1005415497,
    1103713280,
    909912610,
    1587116626,
    1237664717,
    1867588207,
    1159188663,
    605051118,
    1415175640,
    1094386591,
    374685778,
    300464563,
    842450944,
    1856240390,
    2036413410,
    109619911,
    1064178446
  ]
}