{
  "mode": "site",
  "rep": 63,
  "ne": 10000,
  "r": 1e-05,
  "mu": [
    1e-07,
    1e-07,
    4.413793103448276e-07,
    4.413793103448276e-07,
    7.827586206896552e-07,
    7.827586206896552e-07,
    1.1241379310344827e-06,
    1.1241379310344827e-06,
    1.4655172413793102e-06,
    1.4655172413793102e-06,
    1.8068965517241377e-06,
    1.8068965517241377e-06,
    2.1482758620689656e-06,
    2.1482758620689656e-06,
    2.489655172413793e-06,
    2.489655172413793e-06,
    2.8310344827586205e-06,
    2.8310344827586205e-06,
    3.172413793103448e-06,
    3.172413793103448e-06,
    3.5137931034482755e-06,
    3.5137931034482755e-06,
    3.855172413793104e-06,
    3.855172413793104e-06,
    4.196551724137931e-06,
    4.196551724137931e-06,
    4.537931034482759e-06,
    4.537931034482759e-06,
    4.879310344827586e-06,
    4.879310344827586e-06,
    5.220689655172414e-06,
    5.220689655172414e-06,
    5.562068965517241e-06,
    5.562068965517241e-06,
    5.903448275862069e-06,
    5.903448275862069e-06,
    6.244827586206896e-06,
    6.244827586206896e-06,
    6.5862068965517236e-06,
    6.5862068965517236e-06,
    6.927586206896551e-06,
    7.268965517241379e-06,
    7.610344827586207e-06,
    7.951724137931034e-06,
    8.293103448275863e-06,
    8.634482758620691e-06,
    8.975862068965518e-06,
    9.317241379310346e-06,
    9.658620689655173e-06,
    1e-05
  ],
  "samples": 500,
  "sequence_length": 50000,
  "seeds": [
    913359268,
    312905858,
    1743266907,
    497927278,
    1570799005,
    1020064100,
    23736428,
    1213834073,
    743457137,
    748400476,
    63061491,
    1043627819,
    741495356,
    1053615101,
    399155016,
    1805237699,
    187579305,
    1817099859,
    240772861,
    1234627879,
    1770312858,
    1994258067,
    1871020078,
    1831872551,
    1485024227,
    1651361107,
    1605696727,
    1440338090,
    816453590,
    72120153,
    2064173489,
    1918168491,
    1002011281,
    1954039769,
    1109637520,
    392719657,
    858241003,
    848967005,
    281316966,
    755574141,
    455591297,
    1434578884,
    182630929,
    2036997565,
    830991192,
    1626260029,
    1854957039,
    499932145,
    2050201618,
    2072413152
  ]
}