{
  "mode": "site",
  "rep": 122,
  "ne": 10000,
  "r": 1e-05,
  "mu": [
    1e-07,
    4.413793103448276e-07,
    7.827586206896552e-07,
    1.1241379310344827e-06,
    1.4655172413793102e-06,
    1.8068965517241377e-06,
    2.1482758620689656e-06,
    2.489655172413793e-06,
    2.8310344827586205e-06,
    3.172413793103448e-06,
    3.5137931034482755e-06,
    3.5137931034482755e-06,
    3.855172413793104e-06,
    3.855172413793104e-06,
    4.196551724137931e-06,
    4.196551724137931e-06,
    4.537931034482759e-06,
    4.537931034482759e-06,
    4.879310344827586e-06,
    4.879310344827586e-06,
    5.220689655172414e-06,
    5.220689655172414e-06,
    5.562068965517241e-06,
    5.562068965517241e-06,
    5.903448275862069e-06,
    5.903448275862069e-06,
    6.244827586206896e-06,
    6.244827586206896e-06,
    6.5862068965517236e-06,
    6.5862068965517236e-06,
    6.927586206896551e-06,
    6.927586206896551e-06,
    7.268965517241379e-06,
    7.268965517241379e-06,
    7.610344827586207e-06,
    7.610344827586207e-06,
    7.951724137931034e-06,
    7.951724137931034e-06,
    8.293103448275863e-06,
    8.293103448275863e-06,
    8.634482758620691e-06,
    8.634482758620691e-06,
    8.975862068965518e-06,
    8.975862068965518e-06,
    9.317241379310346e-06,
    9.317241379310346e-06,
    9.658620689655173e-06,
    9.658620689655173e-06,
    1e-05,
    1e-05
  ],
  "samples": 500,
  "sequence_length": 50000,
  "seeds": [
    1892201641,
    1455779406,
    2096861982,
    1914502449,
    1132750002,
    609673066,
    545256767,
    167489654,
    125551786,
    24198407,
    1325268757,
    1559675509,
    544052412,
    580462289,
    1350007664,
    2121066879,
    1182648191,
    1850739368,
    64152076,
    1246507517,
    20321464,
    1068350206,
    1247324496,
    393770246,
    614335377,
    1920021408,
    280967723,
    370750134,
    442984231,
    1750682353,
    812990221,
    1979779506,
    63275031,
    1377665900,
    1108000966,
    1605016296,
    375692447,
    1524244689,
    1626897614,
    2043348193,
    1949342710,
    349751322,
    724288774,
    1391814009,
    1562523130,
    195453298,
    1529685079,
    354633510,
    787850078,
    1848265734
  ]
}