{
  "mode": "branch",
  "rep": 961,
  "ne": 10000,
  "r": [
    1e-08,
    1e-08,
    1.820689655172414e-07,
    1.820689655172414e-07,
    3.541379310344828e-07,
    3.541379310344828e-07,
    5.262068965517242e-07,
    5.262068965517242e-07,
    6.982758620689656e-07,
    6.982758620689656e-07,
    8.70344827586207e-07,
    8.70344827586207e-07,
    1.0424137931034483e-06,
    1.0424137931034483e-06,
    1.2144827586206895e-06,
    1.2144827586206895e-06,
    1.386551724137931e-06,
    1.386551724137931e-06,
    1.5586206896551725e-06,
    1.5586206896551725e-06,
    1.7306896551724138e-06,
    1.9027586206896551e-06,
    2.0748275862068966e-06,
    2.246896551724138e-06,
    2.418965517241379e-06,
    2.5910344827586207e-06,
    2.763103448275862e-06,
    2.9351724137931037e-06,
    3.107241379310345e-06,
    3.2793103448275863e-06,
    3.4513793103448278e-06,
    3.4513793103448278e-06,
    3.6234482758620693e-06,
    3.6234482758620693e-06,
    3.7955172413793103e-06,
    3.7955172413793103e-06,
    3.967586206896552e-06,
    3.967586206896552e-06,
    4.139655172413793e-06,
    4.139655172413793e-06,
    4.311724137931034e-06,
    4.311724137931034e-06,
    4.483793103448276e-06,
    4.483793103448276e-06,
    4.655862068965517e-06,
    4.655862068965517e-06,
    4.8279310344827585e-06,
    4.8279310344827585e-06,
    5e-06,
    5e-06
  ],
  "mu": 0,
  "samples": 250,
  "sequence_length": 1000,
  "seeds": [
    1663518928,
    882491923,
    1357787452,
    1763514775,
    509252200,
    1717245572,
    1425129674,
    1143362243,
    715183580,
    1705301664,
    766075965,
    1566575891,
    210335044,
    1934660934,
    300457934,
    1584965493,
    1675000884,
    464220372,
    15487622,
    12159024,
    1166892905,
    303455087,
    1276041392,
    1398722338,
    555654802,
    309618104,
    1053542533,
    377891969,
    2126592151,
    950176840,
    1605337461,
    783605534,
    912908845,
    313319052,
    785446856,
    920631876,
    281286576,
    2060535928,
    1221867329,
    709786649,
    2018745854,
    255764992,
    830001636,
    1921642430,
    335351192,
    28255384,
    301767418,
    424302952,
    392800794,
    469058312
  ]
}