{
  "mode": "branch",
  "rep": 627,
  "ne": 10000,
  "r": [
    1e-08,
    1e-08,
    1.820689655172414e-07,
    1.820689655172414e-07,
    3.541379310344828e-07,
    3.541379310344828e-07,
    5.262068965517242e-07,
    5.262068965517242e-07,
    6.982758620689656e-07,
    6.982758620689656e-07,
    8.70344827586207e-07,
    8.70344827586207e-07,
    1.0424137931034483e-06,
    1.0424137931034483e-06,
    1.2144827586206895e-06,
    1.2144827586206895e-06,
    1.386551724137931e-06,
    1.386551724137931e-06,
    1.5586206896551725e-06,
    1.5586206896551725e-06,
    1.7306896551724138e-06,
    1.7306896551724138e-06,
    1.9027586206896551e-06,
    1.9027586206896551e-06,
    2.0748275862068966e-06,
    2.0748275862068966e-06,
    2.246896551724138e-06,
    2.246896551724138e-06,
    2.418965517241379e-06,
    2.418965517241379e-06,
    2.5910344827586207e-06,
    2.5910344827586207e-06,
    2.763103448275862e-06,
    2.763103448275862e-06,
    2.9351724137931037e-06,
    2.9351724137931037e-06,
    3.107241379310345e-06,
    3.107241379310345e-06,
    3.2793103448275863e-06,
    3.2793103448275863e-06,
    3.4513793103448278e-06,
    3.6234482758620693e-06,
    3.7955172413793103e-06,
    3.967586206896552e-06,
    4.139655172413793e-06,
    4.311724137931034e-06,
    4.483793103448276e-06,
    4.655862068965517e-06,
    4.8279310344827585e-06,
    5e-06
  ],
  "mu": 0,
  "samples": 250,
  "sequence_length": 1000,
  "seeds": [
    1270848416,
    408170686,
    538547068,
    34539558,
    1445490579,
    287238037,
    1964497303,
    787396543,
    671463296,
    509118655,
    1189343472,
    1573771104,
    828212670,
    2140584281,
    1358397625,
    1521261907,
    1907830376,
    603715197,
    1179472871,
    1872413399,
    2000656119,
    1161685674,
    632215564,
    1819404661,
    1988310425,
    375429567,
    971219388,
    2085949973,
    688486627,
    2065526290,
    1313601484,
    187619011,
    615155570,
    1465929953,
    1287582815,
    1919576507,
    1343488754,
    858276709,
    966447227,
    1452766577,
    1945408658,
    739298395,
    392978836,
    1386985590,
    509458073,
    1555920985,
    1197823203,
    43177950,
    563421526,
    1948901061
  ]
}