{
  "mode": "site",
  "rep": 395,
  "ne": 10000,
  "r": 1e-05,
  "mu": [
    1e-07,
    4.413793103448276e-07,
    7.827586206896552e-07,
    1.1241379310344827e-06,
    1.4655172413793102e-06,
    1.8068965517241377e-06,
    2.1482758620689656e-06,
    2.489655172413793e-06,
    2.8310344827586205e-06,
    3.172413793103448e-06,
    3.5137931034482755e-06,
    3.5137931034482755e-06,
    3.855172413793104e-06,
    3.855172413793104e-06,
    4.196551724137931e-06,
    4.196551724137931e-06,
    4.537931034482759e-06,
    4.537931034482759e-06,
    4.879310344827586e-06,
    4.879310344827586e-06,
    5.220689655172414e-06,
    5.220689655172414e-06,
    5.562068965517241e-06,
    5.562068965517241e-06,
    5.903448275862069e-06,
    5.903448275862069e-06,
    6.244827586206896e-06,
    6.244827586206896e-06,
    6.5862068965517236e-06,
    6.5862068965517236e-06,
    6.927586206896551e-06,
    6.927586206896551e-06,
    7.268965517241379e-06,
    7.268965517241379e-06,
    7.610344827586207e-06,
    7.610344827586207e-06,
    7.951724137931034e-06,
    7.951724137931034e-06,
    8.293103448275863e-06,
    8.293103448275863e-06,
    8.634482758620691e-06,
    8.634482758620691e-06,
    8.975862068965518e-06,
    8.975862068965518e-06,
    9.317241379310346e-06,
    9.317241379310346e-06,
    9.658620689655173e-06,
    9.658620689655173e-06,
    1e-05,
    1e-05
  ],
  "samples": 500,
  "sequence_length": 10000,
  "seeds": [
    906970532,
    1696831168,
    1830976234,
    895693116,
    831651502,
    1966989686,
    87579016,
    655739087,
    243807744,
    1385441879,
    1804605483,
    2090549534,
    1698661495,
    926339184,
    674880053,
    733123542,
    933014703,
    1047361575,
    1417203986,
    118833635,
    279745842,
    1817368744,
    2008932650,
    1390978260,
    1301347383,
    1424658662,
    1468768192,
    752925051,
    826962505,
    357489938,
    1648525021,
    248128079,
    562549167,
    974093705,
    1896913529,
    1356010311,
    2033463475,
    789222139,
    1130375859,
    70143634,
    269452031,
    17967050,
    915860037,
    507864422,
    570437032,
    1824428644,
    358237197,
    605318526,
    1218889238,
    269692025
  ]
}