{
  "mode": "site",
  "rep": 272,
  "ne": 10000,
  "r": 1e-05,
  "mu": [
    1e-07,
    4.413793103448276e-07,
    7.827586206896552e-07,
    1.1241379310344827e-06,
    1.4655172413793102e-06,
    1.8068965517241377e-06,
    2.1482758620689656e-06,
    2.489655172413793e-06,
    2.8310344827586205e-06,
    3.172413793103448e-06,
    3.5137931034482755e-06,
    3.5137931034482755e-06,
    3.855172413793104e-06,
    3.855172413793104e-06,
    4.196551724137931e-06,
    4.196551724137931e-06,
    4.537931034482759e-06,
    4.537931034482759e-06,
    4.879310344827586e-06,
    4.879310344827586e-06,
    5.220689655172414e-06,
    5.220689655172414e-06,
    5.562068965517241e-06,
    5.562068965517241e-06,
    5.903448275862069e-06,
    5.903448275862069e-06,
    6.244827586206896e-06,
    6.244827586206896e-06,
    6.5862068965517236e-06,
    6.5862068965517236e-06,
    6.927586206896551e-06,
    6.927586206896551e-06,
    7.268965517241379e-06,
    7.268965517241379e-06,
    7.610344827586207e-06,
    7.610344827586207e-06,
    7.951724137931034e-06,
    7.951724137931034e-06,
    8.293103448275863e-06,
    8.293103448275863e-06,
    8.634482758620691e-06,
    8.634482758620691e-06,
    8.975862068965518e-06,
    8.975862068965518e-06,
    9.317241379310346e-06,
    9.317241379310346e-06,
    9.658620689655173e-06,
    9.658620689655173e-06,
    1e-05,
    1e-05
  ],
  "samples": 500,
  "sequence_length": 50000,
  "seeds": [
    661814655,
    1433342780,
    766337529,
    609295716,
    1080622742,
    454039911,
    656752493,
    1917635371,
    1522642178,
    81753677,
    154859046,
    776516679,
    1507470959,
    769836292,
    1194110784,
    1096149846,
    459719672,
    1752929811,
    1995903945,
    1040538949,
    894021833,
    411885311,
    164843882,
    191244319,
    310817459,
    1237082085,
    747655175,
    870790575,
    903820523,
    124158874,
    1697506895,
    591032759,
    675848393,
    221616030,
    855813499,
    940409872,
    823572365,
    829054432,
    556194113,
    591935701,
    737420312,
    1231203087,
    916629979,
    655021635,
    466512673,
    1537223407,
    23009225,
    37336057,
    2002069844,
    923098396
  ]
}