{
  "mode": "branch",
  "rep": 1156,
  "ne": 10000,
  "r": [
    1e-08,
    1e-08,
    1.820689655172414e-07,
    1.820689655172414e-07,
    3.541379310344828e-07,
    3.541379310344828e-07,
    5.262068965517242e-07,
    5.262068965517242e-07,
    6.982758620689656e-07,
    6.982758620689656e-07,
    8.70344827586207e-07,
    8.70344827586207e-07,
    1.0424137931034483e-06,
    1.0424137931034483e-06,
    1.2144827586206895e-06,
    1.2144827586206895e-06,
    1.386551724137931e-06,
    1.386551724137931e-06,
    1.5586206896551725e-06,
    1.5586206896551725e-06,
    1.7306896551724138e-06,
    1.9027586206896551e-06,
    2.0748275862068966e-06,
    2.246896551724138e-06,
    2.418965517241379e-06,
    2.5910344827586207e-06,
    2.763103448275862e-06,
    2.9351724137931037e-06,
    3.107241379310345e-06,
    3.2793103448275863e-06,
    3.4513793103448278e-06,
    3.4513793103448278e-06,
    3.6234482758620693e-06,
    3.6234482758620693e-06,
    3.7955172413793103e-06,
    3.7955172413793103e-06,
    3.967586206896552e-06,
    3.967586206896552e-06,
    4.139655172413793e-06,
    4.139655172413793e-06,
    4.311724137931034e-06,
    4.311724137931034e-06,
    4.483793103448276e-06,
    4.483793103448276e-06,
    4.655862068965517e-06,
    4.655862068965517e-06,
    4.8279310344827585e-06,
    4.8279310344827585e-06,
    5e-06,
    5e-06
  ],
  "mu": 0,
  "samples": 250,
  "sequence_length": 1000,
  "seeds": [
    802806992,
    493029273,
    967187255,
    862130065,
    1801062014,
    300365121,
    981339441,
    1740605265,
    662988659,
    1049124667,
    1842792605,
    803183248,
    1795309749,
    1446517603,
    333438824,
    507127660,
    527630378,
    942978251,
    569423011,
    1656404503,
    56545494,
    1048126080,
    1862894258,
    2124352085,
    1445042165,
    2077242710,
    1374098971,
    296885637,
    306334901,
    1106699038,
    1250375382,
    1184448421,
    2073872798,
    1250818704,
    753607097,
    48321587,
    325537589,
    482499245,
    1397830576,
    797233619,
    1520439069,
    950735824,
    2080844781,
    556521474,
    1349251643,
    245000023,
    177656687,
    1537323565,
    1709947902,
    310749071
  ]
}