{
  "mode": "branch",
  "rep": 874,
  "ne": 10000,
  "r": [
    1e-08,
    1e-08,
    1.820689655172414e-07,
    1.820689655172414e-07,
    3.541379310344828e-07,
    3.541379310344828e-07,
    5.262068965517242e-07,
    5.262068965517242e-07,
    6.982758620689656e-07,
    6.982758620689656e-07,
    8.70344827586207e-07,
    8.70344827586207e-07,
    1.0424137931034483e-06,
    1.0424137931034483e-06,
    1.2144827586206895e-06,
    1.2144827586206895e-06,
    1.386551724137931e-06,
    1.386551724137931e-06,
    1.5586206896551725e-06,
    1.5586206896551725e-06,
    1.7306896551724138e-06,
    1.9027586206896551e-06,
    2.0748275862068966e-06,
    2.246896551724138e-06,
    2.418965517241379e-06,
    2.5910344827586207e-06,
    2.763103448275862e-06,
    2.9351724137931037e-06,
    3.107241379310345e-06,
    3.2793103448275863e-06,
    3.4513793103448278e-06,
    3.4513793103448278e-06,
    3.6234482758620693e-06,
    3.6234482758620693e-06,
    3.7955172413793103e-06,
    3.7955172413793103e-06,
    3.967586206896552e-06,
    3.967586206896552e-06,
    4.139655172413793e-06,
    4.139655172413793e-06,
    4.311724137931034e-06,
    4.311724137931034e-06,
    4.483793103448276e-06,
    4.483793103448276e-06,
    4.655862068965517e-06,
    4.655862068965517e-06,
    4.8279310344827585e-06,
    4.8279310344827585e-06,
    5e-06,
    5e-06
  ],
  "mu": 0,
  "samples": 250,
  "sequence_length": 1000,
  "seeds": [
    1477894903,
    1449588470,
    1711944245,
    958313627,
    1080560954,
    393253005,
    1270615690,
    977589521,
    1114615475,
    1784789530,
    1574324450,
    1600603803,
    29695246,
    2017863964,
    923397636,
    976251739,
    935017780,
    1020043572,
    2062192001,
    272440430,
    1159060331,
    1324053958,
    1096236982,
    583311393,
    94548752,
    1848519976,
    1672172427,
    1376582535,
    1108403741,
    1953934421,
    1761974993,
    787871233,
    830011466,
    56951398,
    1095769022,
    1878585057,
    468162484,
    962525365,
    568158009,
    659780406,
    157895045,
    1017420422,
    2012077553,
    2125962204,
    107414092,
    1132581082,
    1206599681,
    352364818,
    462338801,
    1478672008
  ]
}