{
  "mode": "branch",
  "rep": 1087,
  "ne": 10000,
  "r": [
    1e-08,
    1e-08,
    1.820689655172414e-07,
    1.820689655172414e-07,
    3.541379310344828e-07,
    3.541379310344828e-07,
    5.262068965517242e-07,
    5.262068965517242e-07,
    6.982758620689656e-07,
    6.982758620689656e-07,
    8.70344827586207e-07,
    8.70344827586207e-07,
    1.0424137931034483e-06,
    1.0424137931034483e-06,
    1.2144827586206895e-06,
    1.2144827586206895e-06,
    1.386551724137931e-06,
    1.386551724137931e-06,
    1.5586206896551725e-06,
    1.5586206896551725e-06,
    1.7306896551724138e-06,
    1.9027586206896551e-06,
    2.0748275862068966e-06,
    2.246896551724138e-06,
    2.418965517241379e-06,
    2.5910344827586207e-06,
    2.763103448275862e-06,
    2.9351724137931037e-06,
    3.107241379310345e-06,
    3.2793103448275863e-06,
    3.4513793103448278e-06,
    3.4513793103448278e-06,
    3.6234482758620693e-06,
    3.6234482758620693e-06,
    3.7955172413793103e-06,
    3.7955172413793103e-06,
    3.967586206896552e-06,
    3.967586206896552e-06,
    4.139655172413793e-06,
    4.139655172413793e-06,
    4.311724137931034e-06,
    4.311724137931034e-06,
    4.483793103448276e-06,
    4.483793103448276e-06,
    4.655862068965517e-06,
    4.655862068965517e-06,
    4.8279310344827585e-06,
    4.8279310344827585e-06,
    5e-06,
    5e-06
  ],
  "mu": 0,
  "samples": 250,
  "sequence_length": 1000,
  "seeds": [
    968227536,
    1122532196,
    1415014587,
    1439339415,
    55449983,
    1951971109,
    1438144897,
    107425909,
    1734385148,
    2110332908,
    13482536,
    1355451505,
    1172920230,
    834019402,
    1190796427,
    1324144730,
    671252906,
    374935913,
    1872289832,
    7321374,
    517865405,
    1961304052,
    1351515862,
    413869463,
    1930332367,
    65640573,
    1605468247,
    1547663454,
    1530186394,
    1129477006,
    928322613,
    719991877,
    1890548248,
    1516994428,
    502783859,
    658810623,
    890801785,
    595444882,
    386083934,
    1980971500,
    904650305,
    1280527278,
    1943770871,
    15287164,
    21787571,
    1883755775,
    851532641,
    671900737,
    135683066,
    753505290
  ]
}