{
  "mode": "site",
  "rep": 87,
  "ne": 10000,
  "r": 1e-05,
  "mu": [
    1e-07,
    1e-07,
    4.413793103448276e-07,
    4.413793103448276e-07,
    7.827586206896552e-07,
    7.827586206896552e-07,
    1.1241379310344827e-06,
    1.1241379310344827e-06,
    1.4655172413793102e-06,
    1.4655172413793102e-06,
    1.8068965517241377e-06,
    1.8068965517241377e-06,
    2.1482758620689656e-06,
    2.1482758620689656e-06,
    2.489655172413793e-06,
    2.489655172413793e-06,
    2.8310344827586205e-06,
    2.8310344827586205e-06,
    3.172413793103448e-06,
    3.172413793103448e-06,
    3.5137931034482755e-06,
    3.5137931034482755e-06,
    3.855172413793104e-06,
    3.855172413793104e-06,
    4.196551724137931e-06,
    4.196551724137931e-06,
    4.537931034482759e-06,
    4.537931034482759e-06,
    4.879310344827586e-06,
    4.879310344827586e-06,
    5.220689655172414e-06,
    5.220689655172414e-06,
    5.562068965517241e-06,
    5.562068965517241e-06,
    5.903448275862069e-06,
    5.903448275862069e-06,
    6.244827586206896e-06,
    6.244827586206896e-06,
    6.5862068965517236e-06,
    6.5862068965517236e-06,
    6.927586206896551e-06,
    7.268965517241379e-06,
    7.610344827586207e-06,
    7.951724137931034e-06,
    8.293103448275863e-06,
    8.634482758620691e-06,
    8.975862068965518e-06,
    9.317241379310346e-06,
    9.658620689655173e-06,
    1e-05
  ],
  "samples": 500,
  "sequence_length": 50000,
  "seeds": [
    325415079,
    788776238,
    2027823652,
    826331220,
    1216112904,
    1012830108,
    11260623,
    144173122,
    1698606132,
    1725920662,
    47424813,
    955111351,
    825940793,
    1228262613,
    626967312,
    1599977369,
    995680510,
    1502425307,
    1560249262,
    1943271049,
    1688853761,
    1467545335,
    1048670603,
    1189261469,
    285794784,
    440591691,
    1063360069,
    201749753,
    389147722,
    1057231311,
    502378637,
    1121920777,
    1717301146,
    1549877211,
    1029310908,
    92269994,
    187789288,
    1362897639,
    2143213203,
    1416911744,
    1476685288,
    1490988359,
    385226657,
    1807094256,
    143572429,
    512675746,
    1374359722,
    1163273586,
    1967298410,
    2019411833
  ]
}