{
  "mode": "site",
  "rep": 597,
  "ne": 10000,
  "r": 1e-05,
  "mu": [
    1e-07,
    1e-07,
    4.413793103448276e-07,
    4.413793103448276e-07,
    7.827586206896552e-07,
    7.827586206896552e-07,
    1.1241379310344827e-06,
    1.1241379310344827e-06,
    1.4655172413793102e-06,
    1.4655172413793102e-06,
    1.8068965517241377e-06,
    1.8068965517241377e-06,
    2.1482758620689656e-06,
    2.1482758620689656e-06,
    2.489655172413793e-06,
    2.489655172413793e-06,
    2.8310344827586205e-06,
    2.8310344827586205e-06,
    3.172413793103448e-06,
    3.172413793103448e-06,
    3.5137931034482755e-06,
    3.5137931034482755e-06,
    3.855172413793104e-06,
    3.855172413793104e-06,
    4.196551724137931e-06,
    4.196551724137931e-06,
    4.537931034482759e-06,
    4.537931034482759e-06,
    4.879310344827586e-06,
    4.879310344827586e-06,
    5.220689655172414e-06,
    5.220689655172414e-06,
    5.562068965517241e-06,
    5.562068965517241e-06,
    5.903448275862069e-06,
    5.903448275862069e-06,
    6.244827586206896e-06,
    6.244827586206896e-06,
    6.5862068965517236e-06,
    6.5862068965517236e-06,
    6.927586206896551e-06,
    7.268965517241379e-06,
    7.610344827586207e-06,
    7.951724137931034e-06,
    8.293103448275863e-06,
    8.634482758620691e-06,
    8.975862068965518e-06,
    9.317241379310346e-06,
    9.658620689655173e-06,
    1e-05
  ],
  "samples": 500,
  "sequence_length": 10000,
  "seeds": [
    1150408975,
    1297448780,
    321078272,
    1493020721,
    874998715,
    1078050045,
    862694084,
    752630114,
    378027777,
    53580071,
    1881762844,
    371877983,
    924615247,
    78299865,
    1423368778,
    1820468136,
    1447614821,
    1521385119,
    1256382107,
    490834477,
    1558365715,
    2007429342,
    1779122353,
    1855604588,
    1873911865,
    312402421,
    374512220,
    535095408,
    1412671585,
    957807062,
    677799283,
    997262920,
    644629220,
    993707140,
    766336388,
    1280888315,
    520679400,
    1068220758,
    350545100,
    1589221799,
    1348165173,
    1538518047,
    1272489382,
    2073093488,
    252475688,
    544382976,
    404208331,
    348273582,
    1315084275,
    1323098192
  ]
}