{
  "mode": "branch",
  "rep": 1053,
  "ne": 10000,
  "r": [
    1e-08,
    1e-08,
    1.820689655172414e-07,
    1.820689655172414e-07,
    3.541379310344828e-07,
    3.541379310344828e-07,
    5.262068965517242e-07,
    5.262068965517242e-07,
    6.982758620689656e-07,
    6.982758620689656e-07,
    8.70344827586207e-07,
    8.70344827586207e-07,
    1.0424137931034483e-06,
    1.0424137931034483e-06,
    1.2144827586206895e-06,
    1.2144827586206895e-06,
    1.386551724137931e-06,
    1.386551724137931e-06,
    1.5586206896551725e-06,
    1.5586206896551725e-06,
    1.7306896551724138e-06,
    1.7306896551724138e-06,
    1.9027586206896551e-06,
    1.9027586206896551e-06,
    2.0748275862068966e-06,
    2.0748275862068966e-06,
    2.246896551724138e-06,
    2.246896551724138e-06,
    2.418965517241379e-06,
    2.418965517241379e-06,
    2.5910344827586207e-06,
    2.5910344827586207e-06,
    2.763103448275862e-06,
    2.763103448275862e-06,
    2.9351724137931037e-06,
    2.9351724137931037e-06,
    3.107241379310345e-06,
    3.107241379310345e-06,
    3.2793103448275863e-06,
    3.2793103448275863e-06,
    3.4513793103448278e-06,
    3.6234482758620693e-06,
    3.7955172413793103e-06,
    3.967586206896552e-06,
    4.139655172413793e-06,
    4.311724137931034e-06,
    4.483793103448276e-06,
    4.655862068965517e-06,
    4.8279310344827585e-06,
    5e-06
  ],
  "mu": 0,
  "samples": 250,
  "sequence_length": 1000,
  "seeds": [
    1172550068,
    2137910335,
    1525987449,
    167827429,
    1139891326,
    1762320427,
    64767790,
    1932179727,
    945531111,
    1796332804,
    1466700442,
    1014355977,
    1175330133,
    1259197933,
    1929706232,
    1585183273,
    938074410,
    1189731052,
    1233764702,
    840706649,
    211188116,
    470946428,
    1583143672,
    1571489683,
    460297926,
    634205413,
    852949555,
    1343968735,
    1679150642,
    496786076,
    823906584,
    1734396658,
    1744487170,
    458088464,
    1959508157,
    703774787,
    70432733,
    823287118,
    264703243,
    845574337,
    1116567163,
    465473009,
    2034663333,
    1777669772,
    425056099,
    620022263,
    1456009868,
    1379920580,
    2052173614,
    160334353
  ]
}