{
  "mode": "branch",
  "rep": 1167,
  "ne": 10000,
  "r": [
    1e-08,
    1e-08,
    1.820689655172414e-07,
    1.820689655172414e-07,
    3.541379310344828e-07,
    3.541379310344828e-07,
    5.262068965517242e-07,
    5.262068965517242e-07,
    6.982758620689656e-07,
    6.982758620689656e-07,
    8.70344827586207e-07,
    8.70344827586207e-07,
    1.0424137931034483e-06,
    1.0424137931034483e-06,
    1.2144827586206895e-06,
    1.2144827586206895e-06,
    1.386551724137931e-06,
    1.386551724137931e-06,
    1.5586206896551725e-06,
    1.5586206896551725e-06,
    1.7306896551724138e-06,
    1.7306896551724138e-06,
    1.9027586206896551e-06,
    1.9027586206896551e-06,
    2.0748275862068966e-06,
    2.0748275862068966e-06,
    2.246896551724138e-06,
    2.246896551724138e-06,
    2.418965517241379e-06,
    2.418965517241379e-06,
    2.5910344827586207e-06,
    2.5910344827586207e-06,
    2.763103448275862e-06,
    2.763103448275862e-06,
    2.9351724137931037e-06,
    2.9351724137931037e-06,
    3.107241379310345e-06,
    3.107241379310345e-06,
    3.2793103448275863e-06,
    3.2793103448275863e-06,
    3.4513793103448278e-06,
    3.6234482758620693e-06,
    3.7955172413793103e-06,
    3.967586206896552e-06,
    4.139655172413793e-06,
    4.311724137931034e-06,
    4.483793103448276e-06,
    4.655862068965517e-06,
    4.8279310344827585e-06,
    5e-06
  ],
  "mu": 0,
  "samples": 250,
  "sequence_length": 1000,
  "seeds": [
    1125529935,
    1243021324,
    1394166394,
    364136179,
    1746050562,
    1690950919,
    1954980002,
    1077170878,
    26275313,
    1693242780,
    838098804,
    1815205781,
    584140062,
    701405620,
    476252801,
    326479459,
    1580907798,
    671876627,
    1314136092,
    964740182,
    1908615093,
    1721997113,
    655895396,
    1421529358,
    673957199,
    953334924,
    1177543039,
    671331234,
    1947613930,
    1801696835,
    954337328,
    772554930,
    1837206480,
    2007360368,
    804344271,
    562862930,
    551416945,
    1444018856,
    66387503,
    32647951,
    1233018371,
    1965713260,
    112392390,
    1805113974,
    1097389892,
    1676311508,
    796205691,
    1633828344,
    1019128161,
    1307937029
  ]
}