{
  "mode": "branch",
  "rep": 1086,
  "ne": 10000,
  "r": [
    1e-08,
    1e-08,
    1.820689655172414e-07,
    1.820689655172414e-07,
    3.541379310344828e-07,
    3.541379310344828e-07,
    5.262068965517242e-07,
    5.262068965517242e-07,
    6.982758620689656e-07,
    6.982758620689656e-07,
    8.70344827586207e-07,
    8.70344827586207e-07,
    1.0424137931034483e-06,
    1.0424137931034483e-06,
    1.2144827586206895e-06,
    1.2144827586206895e-06,
    1.386551724137931e-06,
    1.386551724137931e-06,
    1.5586206896551725e-06,
    1.5586206896551725e-06,
    1.7306896551724138e-06,
    1.7306896551724138e-06,
    1.9027586206896551e-06,
    1.9027586206896551e-06,
    2.0748275862068966e-06,
    2.0748275862068966e-06,
    2.246896551724138e-06,
    2.246896551724138e-06,
    2.418965517241379e-06,
    2.418965517241379e-06,
    2.5910344827586207e-06,
    2.5910344827586207e-06,
    2.763103448275862e-06,
    2.763103448275862e-06,
    2.9351724137931037e-06,
    2.9351724137931037e-06,
    3.107241379310345e-06,
    3.107241379310345e-06,
    3.2793103448275863e-06,
    3.2793103448275863e-06,
    3.4513793103448278e-06,
    3.6234482758620693e-06,
    3.7955172413793103e-06,
    3.967586206896552e-06,
    4.139655172413793e-06,
    4.311724137931034e-06,
    4.483793103448276e-06,
    4.655862068965517e-06,
    4.8279310344827585e-06,
    5e-06
  ],
  "mu": 0,
  "samples": 250,
  "sequence_length": 1000,
  "seeds": [
    471583093,
    552225973,
    2097715947,
    432333748,
    1770860741,
    428983306,
    704748691,
    380235605,
    431389786,
    1227811375,
    809566903,
    480429871,
    1574071967,
    776335091,
    973205876,
    1711439992,
    1569553553,
    1687940438,
    806181107,
    280345507,
    1270990567,
    770412293,
    569100324,
    1790201963,
    1928665327,
    2044315044,
    1089362943,
    1205156530,
    1469287813,
    1113818257,
    2084786083,
    558347312,
    1991078672,
    109345021,
    1556793709,
    1691285481,
    885707715,
    513838487,
    878042657,
    818951770,
    713725356,
    1349238718,
    1042224414,
    1873069637,
    383767938,
    1045037550,
    1247289045,
    340360663,
    2104711157,
    1666055597
  ]
}