{
  "mode": "site",
  "rep": 502,
  "ne": 10000,
  "r": 1e-05,
  "mu": [
    1e-07,
    1e-07,
    4.413793103448276e-07,
    4.413793103448276e-07,
    7.827586206896552e-07,
    7.827586206896552e-07,
    1.1241379310344827e-06,
    1.1241379310344827e-06,
    1.4655172413793102e-06,
    1.4655172413793102e-06,
    1.8068965517241377e-06,
    1.8068965517241377e-06,
    2.1482758620689656e-06,
    2.1482758620689656e-06,
    2.489655172413793e-06,
    2.489655172413793e-06,
    2.8310344827586205e-06,
    2.8310344827586205e-06,
    3.172413793103448e-06,
    3.172413793103448e-06,
    3.5137931034482755e-06,
    3.855172413793104e-06,
    4.196551724137931e-06,
    4.537931034482759e-06,
    4.879310344827586e-06,
    5.220689655172414e-06,
    5.562068965517241e-06,
    5.903448275862069e-06,
    6.244827586206896e-06,
    6.5862068965517236e-06,
    6.927586206896551e-06,
    6.927586206896551e-06,
    7.268965517241379e-06,
    7.268965517241379e-06,
    7.610344827586207e-06,
    7.610344827586207e-06,
    7.951724137931034e-06,
    7.951724137931034e-06,
    8.293103448275863e-06,
    8.293103448275863e-06,
    8.634482758620691e-06,
    8.634482758620691e-06,
    8.975862068965518e-06,
    8.975862068965518e-06,
    9.317241379310346e-06,
    9.317241379310346e-06,
    9.658620689655173e-06,
    9.658620689655173e-06,
    1e-05,
    1e-05
  ],
  "samples": 500,
  "sequence_length": 50000,
  "seeds": [
    985981795,
    683452174,
    1245554563,
    1305623253,
    1049675946,
    1360336969,
    694859312,
    2039511002,
    483916197,
    1818721849,
    674722723,
    1977446668,
    396851566,
    1393085346,
    342357512,
    1858010491,
    1103361554,
    1271460116,
    949171916,
    1589883145,
    1313527282,
    956831817,
    1522714514,
    350298580,
    1276312921,
    1515362056,
    1926788845,
    1433560331,
    828912865,
    750679594,
    1718309054,
    1422025096,
    1940531185,
    169321177,
    25129100,
    1749050765,
    1479956787,
    306938475,
    1214075686,
    454592107,
    1869028880,
    73058267,
    1845443882,
    1713900823,
    321984549,
    1008043416,
    1351398919,
    776077252,
    135047215,
    977225193
  ]
}