{
  "mode": "branch",
  "rep": 858,
  "ne": 10000,
  "r": [
    1e-08,
    1e-08,
    1.820689655172414e-07,
    1.820689655172414e-07,
    3.541379310344828e-07,
    3.541379310344828e-07,
    5.262068965517242e-07,
    5.262068965517242e-07,
    6.982758620689656e-07,
    6.982758620689656e-07,
    8.70344827586207e-07,
    8.70344827586207e-07,
    1.0424137931034483e-06,
    1.0424137931034483e-06,
    1.2144827586206895e-06,
    1.2144827586206895e-06,
    1.386551724137931e-06,
    1.386551724137931e-06,
    1.5586206896551725e-06,
    1.5586206896551725e-06,
    1.7306896551724138e-06,
    1.7306896551724138e-06,
    1.9027586206896551e-06,
    1.9027586206896551e-06,
    2.0748275862068966e-06,
    2.0748275862068966e-06,
    2.246896551724138e-06,
    2.246896551724138e-06,
    2.418965517241379e-06,
    2.418965517241379e-06,
    2.5910344827586207e-06,
    2.5910344827586207e-06,
    2.763103448275862e-06,
    2.763103448275862e-06,
    2.9351724137931037e-06,
    2.9351724137931037e-06,
    3.107241379310345e-06,
    3.107241379310345e-06,
    3.2793103448275863e-06,
    3.2793103448275863e-06,
    3.4513793103448278e-06,
    3.6234482758620693e-06,
    3.7955172413793103e-06,
    3.967586206896552e-06,
    4.139655172413793e-06,
    4.311724137931034e-06,
    4.483793103448276e-06,
    4.655862068965517e-06,
    4.8279310344827585e-06,
    5e-06
  ],
  "mu": 0,
  "samples": 250,
  "sequence_length": 1000,
  "seeds": [
    1230330267,
    363958829,
    437897211,
    708157470,
    522618965,
    2012318051,
    506065661,
    671569677,
    1147168688,
    1912175032,
    1090048911,
    1253748997,
    1306182821,
    1066735685,
    2116689102,
    1752714994,
    1411792283,
    99266309,
    387491919,
    1551797024,
    37646091,
    585404745,
    553326400,
    1311295980,
    387921318,
    1166363239,
    839370425,
    1707009760,
    1505580011,
    841810790,
    880357693,
    1655696791,
    1774557124,
    1215557138,
    169161832,
    1341260105,
    1557176621,
    1133137690,
    855761885,
    1323933227,
    2044584141,
    1396347811,
    935462025,
    490948830,
    709670043,
    1662976037,
    1489767346,
    1770178528,
    1519354579,
    1834482462
  ]
}