{
  "mode": "branch",
  "rep": 649,
  "ne": 10000,
  "r": [
    1e-08,
    1e-08,
    1.820689655172414e-07,
    1.820689655172414e-07,
    3.541379310344828e-07,
    3.541379310344828e-07,
    5.262068965517242e-07,
    5.262068965517242e-07,
    6.982758620689656e-07,
    6.982758620689656e-07,
    8.70344827586207e-07,
    8.70344827586207e-07,
    1.0424137931034483e-06,
    1.0424137931034483e-06,
    1.2144827586206895e-06,
    1.2144827586206895e-06,
    1.386551724137931e-06,
    1.386551724137931e-06,
    1.5586206896551725e-06,
    1.5586206896551725e-06,
    1.7306896551724138e-06,
    1.9027586206896551e-06,
    2.0748275862068966e-06,
    2.246896551724138e-06,
    2.418965517241379e-06,
    2.5910344827586207e-06,
    2.763103448275862e-06,
    2.9351724137931037e-06,
    3.107241379310345e-06,
    3.2793103448275863e-06,
    3.4513793103448278e-06,
    3.4513793103448278e-06,
    3.6234482758620693e-06,
    3.6234482758620693e-06,
    3.7955172413793103e-06,
    3.7955172413793103e-06,
    3.967586206896552e-06,
    3.967586206896552e-06,
    4.139655172413793e-06,
    4.139655172413793e-06,
    4.311724137931034e-06,
    4.311724137931034e-06,
    4.483793103448276e-06,
    4.483793103448276e-06,
    4.655862068965517e-06,
    4.655862068965517e-06,
    4.8279310344827585e-06,
    4.8279310344827585e-06,
    5e-06,
    5e-06
  ],
  "mu": 0,
  "samples": 250,
  "sequence_length": 1000,
  "seeds": [
    809905286,
    1866904909,
    1732429070,
    92649915,
    1388010548,
    468424585,
    1987144448,
    1591654396,
    307943136,
    1985184985,
    696835838,
    1890614775,
    2076472033,
    1229063245,
    1834078935,
    679866297,
    603186855,
    1768489328,
    849634248,
    1058389082,
    1753528174,
    1393457063,
    902294137,
    1656514822,
    1535076335,
    1630807806,
    1451546490,
    1238174512,
    900944241,
    325148867,
    1039061647,
    1566709681,
    1000185350,
    1150299382,
    667718293,
    419026398,
    1342597870,
    1949638633,
    360904349,
    1188530301,
    36688666,
    696512864,
    1850996823,
    453298646,
    960666502,
    202405471,
    657511019,
    1142644954,
    947696917,
    1852665288
  ]
}