{
  "mode": "branch",
  "rep": 904,
  "ne": 10000,
  "r": [
    1e-08,
    1e-08,
    1.820689655172414e-07,
    1.820689655172414e-07,
    3.541379310344828e-07,
    3.541379310344828e-07,
    5.262068965517242e-07,
    5.262068965517242e-07,
    6.982758620689656e-07,
    6.982758620689656e-07,
    8.70344827586207e-07,
    8.70344827586207e-07,
    1.0424137931034483e-06,
    1.0424137931034483e-06,
    1.2144827586206895e-06,
    1.2144827586206895e-06,
    1.386551724137931e-06,
    1.386551724137931e-06,
    1.5586206896551725e-06,
    1.5586206896551725e-06,
    1.7306896551724138e-06,
    1.9027586206896551e-06,
    2.0748275862068966e-06,
    2.246896551724138e-06,
    2.418965517241379e-06,
    2.5910344827586207e-06,
    2.763103448275862e-06,
    2.9351724137931037e-06,
    3.107241379310345e-06,
    3.2793103448275863e-06,
    3.4513793103448278e-06,
    3.4513793103448278e-06,
    3.6234482758620693e-06,
    3.6234482758620693e-06,
    3.7955172413793103e-06,
    3.7955172413793103e-06,
    3.967586206896552e-06,
    3.967586206896552e-06,
    4.139655172413793e-06,
    4.139655172413793e-06,
    4.311724137931034e-06,
    4.311724137931034e-06,
    4.483793103448276e-06,
    4.483793103448276e-06,
    4.655862068965517e-06,
    4.655862068965517e-06,
    4.8279310344827585e-06,
    4.8279310344827585e-06,
    5e-06,
    5e-06
  ],
  "mu": 0,
  "samples": 250,
  "sequence_length": 1000,
  "seeds": [
    1433448872,
    1784637644,
    364315441,
    399103267,
    833838863,
    1883622583,
    754152108,
    441174453,
    1054907938,
    1772611612,
    1826090410,
    311423002,
    221639654,
    579898801,
    98169997,
    27447492,
    1489228842,
    1273770232,
    1100846163,
    971458245,
    1930602410,
    1772280383,
    100348590,
    1975894939,
    1802262436,
    798977710,
    1973175210,
    1655644941,
    1200498881,
    680909156,
    920539049,
    586370,
    130351999,
    1342045652,
    1608278520,
    1836170441,
    1939143172,
    469500239,
    1344751614,
    268557152,
    470456676,
    1053161105,
    2027503355,
    696329746,
    1085710933,
    1385768503,
    671976299,
    154132614,
    1518730671,
    1118507285
  ]
}