{
  "mode": "branch",
  "rep": 1019,
  "ne": 10000,
  "r": [
    1e-08,
    1.820689655172414e-07,
    3.541379310344828e-07,
    5.262068965517242e-07,
    6.982758620689656e-07,
    8.70344827586207e-07,
    1.0424137931034483e-06,
    1.2144827586206895e-06,
    1.386551724137931e-06,
    1.5586206896551725e-06,
    1.7306896551724138e-06,
    1.7306896551724138e-06,
    1.9027586206896551e-06,
    1.9027586206896551e-06,
    2.0748275862068966e-06,
    2.0748275862068966e-06,
    2.246896551724138e-06,
    2.246896551724138e-06,
    2.418965517241379e-06,
    2.418965517241379e-06,
    2.5910344827586207e-06,
    2.5910344827586207e-06,
    2.763103448275862e-06,
    2.763103448275862e-06,
    2.9351724137931037e-06,
    2.9351724137931037e-06,
    3.107241379310345e-06,
    3.107241379310345e-06,
    3.2793103448275863e-06,
    3.2793103448275863e-06,
    3.4513793103448278e-06,
    3.4513793103448278e-06,
    3.6234482758620693e-06,
    3.6234482758620693e-06,
    3.7955172413793103e-06,
    3.7955172413793103e-06,
    3.967586206896552e-06,
    3.967586206896552e-06,
    4.139655172413793e-06,
    4.139655172413793e-06,
    4.311724137931034e-06,
    4.311724137931034e-06,
    4.483793103448276e-06,
    4.483793103448276e-06,
    4.655862068965517e-06,
    4.655862068965517e-06,
    4.8279310344827585e-06,
    4.8279310344827585e-06,
    5e-06,
    5e-06
  ],
  "mu": 0,
  "samples": 250,
  "sequence_length": 1000,
  "seeds": [
    1573985036,
    671692663,
    1996373527,
    63038425,
    916273306,
    1475643193,
    1345765633,
    1466118417,
    1796969869,
    854785792,
    839747088,
    264599143,
    1471987665,
    1747637182,
    256739199,
    1065648321,
    590452139,
    2113895569,
    753426771,
    866202616,
    843774629,
    1362815929,
    1602380048,
    1921752066,
    1990043288,
    783702587,
    789228182,
    1377185804,
    411220736,
    1536587013,
    269917532,
    1932716355,
    1497976814,
    1147851416,
    2025381803,
    1580915109,
    686102263,
    1011286847,
    475958511,
    155828332,
    1879216413,
    835045043,
    142517342,
    136363850,
    1973138175,
    739126155,
    138478369,
    987952408,
    526576809,
    1272037721
  ]
}