{
  "mode": "branch",
  "rep": 1016,
  "ne": 10000,
  "r": [
    1e-08,
    1.820689655172414e-07,
    3.541379310344828e-07,
    5.262068965517242e-07,
    6.982758620689656e-07,
    8.70344827586207e-07,
    1.0424137931034483e-06,
    1.2144827586206895e-06,
    1.386551724137931e-06,
    1.5586206896551725e-06,
    1.7306896551724138e-06,
    1.7306896551724138e-06,
    1.9027586206896551e-06,
    1.9027586206896551e-06,
    2.0748275862068966e-06,
    2.0748275862068966e-06,
    2.246896551724138e-06,
    2.246896551724138e-06,
    2.418965517241379e-06,
    2.418965517241379e-06,
    2.5910344827586207e-06,
    2.5910344827586207e-06,
    2.763103448275862e-06,
    2.763103448275862e-06,
    2.9351724137931037e-06,
    2.9351724137931037e-06,
    3.107241379310345e-06,
    3.107241379310345e-06,
    3.2793103448275863e-06,
    3.2793103448275863e-06,
    3.4513793103448278e-06,
    3.4513793103448278e-06,
    3.6234482758620693e-06,
    3.6234482758620693e-06,
    3.7955172413793103e-06,
    3.7955172413793103e-06,
    3.967586206896552e-06,
    3.967586206896552e-06,
    4.139655172413793e-06,
    4.139655172413793e-06,
    4.311724137931034e-06,
    4.311724137931034e-06,
    4.483793103448276e-06,
    4.483793103448276e-06,
    4.655862068965517e-06,
    4.655862068965517e-06,
    4.8279310344827585e-06,
    4.8279310344827585e-06,
    5e-06,
    5e-06
  ],
  "mu": 0,
  "samples": 250,
  "sequence_length": 1000,
  "seeds": [
    2121886929,
    2047210079,
    1524338916,
    663766445,
    55802284,
    1990878343,
    1076295945,
    1879506553,
    1347006443,
    1745469905,
    460751236,
    1102039827,
    158047716,
    1472053412,
    1762727269,
    918038521,
    1343394014,
    1992007027,
    1171486241,
    1113895133,
    1435846708,
    784829881,
    401837922,
    1370349808,
    1948116091,
    1698784619,
    971681684,
    369702032,
    131866637,
    576656870,
    1351121678,
    517950211,
    1942631813,
    747498379,
    111370681,
    314857447,
    743412977,
    653846961,
    1600606937,
    174461201,
    1803468144,
    52454341,
    1615411138,
    485394117,
    650700421,
    1582168995,
    1252955456,
    1869754820,
    1802095009,
    2126737474
  ]
}