{
  "mode": "branch",
  "rep": 795,
  "ne": 10000,
  "r": [
    1e-08,
    1e-08,
    1.820689655172414e-07,
    1.820689655172414e-07,
    3.541379310344828e-07,
    3.541379310344828e-07,
    5.262068965517242e-07,
    5.262068965517242e-07,
    6.982758620689656e-07,
    6.982758620689656e-07,
    8.70344827586207e-07,
    8.70344827586207e-07,
    1.0424137931034483e-06,
    1.0424137931034483e-06,
    1.2144827586206895e-06,
    1.2144827586206895e-06,
    1.386551724137931e-06,
    1.386551724137931e-06,
    1.5586206896551725e-06,
    1.5586206896551725e-06,
    1.7306896551724138e-06,
    1.7306896551724138e-06,
    1.9027586206896551e-06,
    1.9027586206896551e-06,
    2.0748275862068966e-06,
    2.0748275862068966e-06,
    2.246896551724138e-06,
    2.246896551724138e-06,
    2.418965517241379e-06,
    2.418965517241379e-06,
    2.5910344827586207e-06,
    2.5910344827586207e-06,
    2.763103448275862e-06,
    2.763103448275862e-06,
    2.9351724137931037e-06,
    2.9351724137931037e-06,
    3.107241379310345e-06,
    3.107241379310345e-06,
    3.2793103448275863e-06,
    3.2793103448275863e-06,
    3.4513793103448278e-06,
    3.6234482758620693e-06,
    3.7955172413793103e-06,
    3.967586206896552e-06,
    4.139655172413793e-06,
    4.311724137931034e-06,
    4.483793103448276e-06,
    4.655862068965517e-06,
    4.8279310344827585e-06,
    5e-06
  ],
  "mu": 0,
  "samples": 250,
  "sequence_length": 1000,
  "seeds": [
    874485076,
    7758659,
    1637698929,
    1515064507,
    1078144822,
    1498992657,
    1819433077,
    817908072,
    1224772388,
    198909398,
    2106103485,
    1096867779,
    1485942538,
    586995295,
    672797793,
    2042952477,
    877049893,
    992403331,
    410511370,
    67854606,
    1620144221,
    1375973214,
    928664598,
    2022881841,
    727297927,
    1620712205,
    707301793,
    1239268882,
    616319761,
    1702495024,
    1883534597,
    885419305,
    2013263867,
    18151201,
    2028124413,
    124377683,
    1062740079,
    231546137,
    2047844249,
    485957064,
    549298241,
    634620578,
    897184470,
    1953247902,
    371273006,
    2144754458,
    1047279268,
    856926979,
    1092290630,
    2092645776
  ]
}