{
  "mode": "site",
  "rep": 220,
  "ne": 10000,
  "r": 1e-05,
  "mu": [
    1e-07,
    1e-07,
    4.413793103448276e-07,
    4.413793103448276e-07,
    7.827586206896552e-07,
    7.827586206896552e-07,
    1.1241379310344827e-06,
    1.1241379310344827e-06,
    1.4655172413793102e-06,
    1.4655172413793102e-06,
    1.8068965517241377e-06,
    1.8068965517241377e-06,
    2.1482758620689656e-06,
    2.1482758620689656e-06,
    2.489655172413793e-06,
    2.489655172413793e-06,
    2.8310344827586205e-06,
    2.8310344827586205e-06,
    3.172413793103448e-06,
    3.172413793103448e-06,
    3.5137931034482755e-06,
    3.855172413793104e-06,
    4.196551724137931e-06,
    4.537931034482759e-06,
    4.879310344827586e-06,
    5.220689655172414e-06,
    5.562068965517241e-06,
    5.903448275862069e-06,
    6.244827586206896e-06,
    6.5862068965517236e-06,
    6.927586206896551e-06,
    6.927586206896551e-06,
    7.268965517241379e-06,
    7.268965517241379e-06,
    7.610344827586207e-06,
    7.610344827586207e-06,
    7.951724137931034e-06,
    7.951724137931034e-06,
    8.293103448275863e-06,
    8.293103448275863e-06,
    8.634482758620691e-06,
    8.634482758620691e-06,
    8.975862068965518e-06,
    8.975862068965518e-06,
    9.317241379310346e-06,
    9.317241379310346e-06,
    9.658620689655173e-06,
    9.658620689655173e-06,
    1e-05,
    1e-05
  ],
  "samples": 500,
  "sequence_length": 10000,
  "seeds": [
    459530347,
    57493928,
    1484026969,
    1238278535,
    1019874099,
    1927864945,
    933692461,
    2066130362,
    856470982,
    867711322,
    1010482148,
    1796887691,
    832592410,
    14569911,
    1374758263,
    1941081623,
    1988562337,
    1571194519,
    1395509930,
    1455205383,
    1121050448,
    1956335724,
    1630749958,
    1344440888,
    736682066,
    2119057258,
    461184321,
    165369522,
    2072035002,
    554757874,
    1154613860,
    145481058,
    1403939649,
    1029644706,
    164576586,
    2061265580,
    1672905797,
    1019448097,
    74845395,
    1098436572,
    1579841653,
    1925544356,
    2043449730,
    1477195999,
    1481530118,
    1161927333,
    812383481,
    903194277,
    678310401,
    815499738
  ]
}