{
  "mode": "site",
  "rep": 135,
  "ne": 10000,
  "r": 1e-05,
  "mu": [
    1e-07,
    1e-07,
    4.413793103448276e-07,
    4.413793103448276e-07,
    7.827586206896552e-07,
    7.827586206896552e-07,
    1.1241379310344827e-06,
    1.1241379310344827e-06,
    1.4655172413793102e-06,
    1.4655172413793102e-06,
    1.8068965517241377e-06,
    1.8068965517241377e-06,
    2.1482758620689656e-06,
    2.1482758620689656e-06,
    2.489655172413793e-06,
    2.489655172413793e-06,
    2.8310344827586205e-06,
    2.8310344827586205e-06,
    3.172413793103448e-06,
    3.172413793103448e-06,
    3.5137931034482755e-06,
    3.5137931034482755e-06,
    3.855172413793104e-06,
    3.855172413793104e-06,
    4.196551724137931e-06,
    4.196551724137931e-06,
    4.537931034482759e-06,
    4.537931034482759e-06,
    4.879310344827586e-06,
    4.879310344827586e-06,
    5.220689655172414e-06,
    5.220689655172414e-06,
    5.562068965517241e-06,
    5.562068965517241e-06,
    5.903448275862069e-06,
    5.903448275862069e-06,
    6.244827586206896e-06,
    6.244827586206896e-06,
    6.5862068965517236e-06,
    6.5862068965517236e-06,
    6.927586206896551e-06,
    7.268965517241379e-06,
    7.610344827586207e-06,
    7.951724137931034e-06,
    8.293103448275863e-06,
    8.634482758620691e-06,
    8.975862068965518e-06,
    9.317241379310346e-06,
    9.658620689655173e-06,
    1e-05
  ],
  "samples": 500,
  "sequence_length": 50000,
  "seeds": [
    2068478542,
    1327991254,
    190671268,
    762271149,
    1304055413,
    1431582577,
    4811155,
    481996993,
    1102407571,
    1854956612,
    1221182660,
    1608871141,
    1554209141,
    904341129,
    1271477282,
    1934141939,
    936521327,
    589510935,
    292174763,
    1542440744,
    965158441,
    416335025,
    1603080800,
    1713997648,
    2032183500,
    315265409,
    1394409526,
    1088693229,
    749204749,
    174764715,
    940378248,
    65142906,
    608528851,
    181661140,
    1632287594,
    393118215,
    1912535256,
    1511539799,
    1680612611,
    1843221583,
    659062625,
    745147141,
    2127786299,
    915614103,
    337494509,
    1118882800,
    247412881,
    351801060,
    1382518837,
    628232158
  ]
}