{
  "mode": "branch",
  "rep": 1081,
  "ne": 10000,
  "r": [
    1e-08,
    1e-08,
    1.820689655172414e-07,
    1.820689655172414e-07,
    3.541379310344828e-07,
    3.541379310344828e-07,
    5.262068965517242e-07,
    5.262068965517242e-07,
    6.982758620689656e-07,
    6.982758620689656e-07,
    8.70344827586207e-07,
    8.70344827586207e-07,
    1.0424137931034483e-06,
    1.0424137931034483e-06,
    1.2144827586206895e-06,
    1.2144827586206895e-06,
    1.386551724137931e-06,
    1.386551724137931e-06,
    1.5586206896551725e-06,
    1.5586206896551725e-06,
    1.7306896551724138e-06,
    1.9027586206896551e-06,
    2.0748275862068966e-06,
    2.246896551724138e-06,
    2.418965517241379e-06,
    2.5910344827586207e-06,
    2.763103448275862e-06,
    2.9351724137931037e-06,
    3.107241379310345e-06,
    3.2793103448275863e-06,
    3.4513793103448278e-06,
    3.4513793103448278e-06,
    3.6234482758620693e-06,
    3.6234482758620693e-06,
    3.7955172413793103e-06,
    3.7955172413793103e-06,
    3.967586206896552e-06,
    3.967586206896552e-06,
    4.139655172413793e-06,
    4.139655172413793e-06,
    4.311724137931034e-06,
    4.311724137931034e-06,
    4.483793103448276e-06,
    4.483793103448276e-06,
    4.655862068965517e-06,
    4.655862068965517e-06,
    4.8279310344827585e-06,
    4.8279310344827585e-06,
    5e-06,
    5e-06
  ],
  "mu": 0,
  "samples": 250,
  "sequence_length": 1000,
  "seeds": [
    2054862852,
    1229903573,
    481294910,
    1604532910,
    2097559974,
    1696572243,
    771062825,
    1085188346,
    770239054,
    362048610,
    1653068838,
    1274883051,
    1638087519,
    962831759,
    1350398070,
    1870706599,
    460092760,
    705001921,
    857506261,
    936711187,
    1835796889,
    1694137048,
    1648409300,
    545351786,
    590712055,
    1252695844,
    521198386,
    883334924,
    541742950,
    1587788468,
    19765150,
    1197282011,
    444939052,
    1270327200,
    2053421764,
    297301239,
    71956233,
    183454646,
    283349115,
    865103606,
    563837184,
    427520018,
    1008222383,
    896592743,
    1553387380,
    705056690,
    711311896,
    556064799,
    790690286,
    601136791
  ]
}