{
  "mode": "branch",
  "rep": 645,
  "ne": 10000,
  "r": [
    1e-08,
    1e-08,
    1.820689655172414e-07,
    1.820689655172414e-07,
    3.541379310344828e-07,
    3.541379310344828e-07,
    5.262068965517242e-07,
    5.262068965517242e-07,
    6.982758620689656e-07,
    6.982758620689656e-07,
    8.70344827586207e-07,
    8.70344827586207e-07,
    1.0424137931034483e-06,
    1.0424137931034483e-06,
    1.2144827586206895e-06,
    1.2144827586206895e-06,
    1.386551724137931e-06,
    1.386551724137931e-06,
    1.5586206896551725e-06,
    1.5586206896551725e-06,
    1.7306896551724138e-06,
    1.7306896551724138e-06,
    1.9027586206896551e-06,
    1.9027586206896551e-06,
    2.0748275862068966e-06,
    2.0748275862068966e-06,
    2.246896551724138e-06,
    2.246896551724138e-06,
    2.418965517241379e-06,
    2.418965517241379e-06,
    2.5910344827586207e-06,
    2.5910344827586207e-06,
    2.763103448275862e-06,
    2.763103448275862e-06,
    2.9351724137931037e-06,
    2.9351724137931037e-06,
    3.107241379310345e-06,
    3.107241379310345e-06,
    3.2793103448275863e-06,
    3.2793103448275863e-06,
    3.4513793103448278e-06,
    3.6234482758620693e-06,
    3.7955172413793103e-06,
    3.967586206896552e-06,
    4.139655172413793e-06,
    4.311724137931034e-06,
    4.483793103448276e-06,
    4.655862068965517e-06,
    4.8279310344827585e-06,
    5e-06
  ],
  "mu": 0,
  "samples": 250,
  "sequence_length": 1000,
  "seeds": [
    1360079196,
    1886835550,
    1746845537,
    1547977834,
    577673718,
    365404342,
    671907560,
    1475582489,
    765428954,
    513976919,
    939564760,
    1157541731,
    1402449996,
    1754369971,
    367680455,
    657099203,
    1740179437,
    2145086025,
    198005816,
    1831104929,
    590273674,
    296312600,
    1763845051,
    1266284746,
    2087980771,
    1906364332,
    1550905945,
    334223059,
    37012433,
    1360637286,
    1376974788,
    802261263,
    1516791356,
    1005415497,
    1103713280,
    909912610,
    1587116626,
    1237664717,
    1867588207,
    1159188663,
    605051118,
    1415175640,
    1094386591,
    374685778,
    300464563,
    842450944,
    1856240390,
    2036413410,
    109619911,
    1064178446
  ]
}