{
  "mode": "branch",
  "rep": 1151,
  "ne": 10000,
  "r": [
    1e-08,
    1.820689655172414e-07,
    3.541379310344828e-07,
    5.262068965517242e-07,
    6.982758620689656e-07,
    8.70344827586207e-07,
    1.0424137931034483e-06,
    1.2144827586206895e-06,
    1.386551724137931e-06,
    1.5586206896551725e-06,
    1.7306896551724138e-06,
    1.7306896551724138e-06,
    1.9027586206896551e-06,
    1.9027586206896551e-06,
    2.0748275862068966e-06,
    2.0748275862068966e-06,
    2.246896551724138e-06,
    2.246896551724138e-06,
    2.418965517241379e-06,
    2.418965517241379e-06,
    2.5910344827586207e-06,
    2.5910344827586207e-06,
    2.763103448275862e-06,
    2.763103448275862e-06,
    2.9351724137931037e-06,
    2.9351724137931037e-06,
    3.107241379310345e-06,
    3.107241379310345e-06,
    3.2793103448275863e-06,
    3.2793103448275863e-06,
    3.4513793103448278e-06,
    3.4513793103448278e-06,
    3.6234482758620693e-06,
    3.6234482758620693e-06,
    3.7955172413793103e-06,
    3.7955172413793103e-06,
    3.967586206896552e-06,
    3.967586206896552e-06,
    4.139655172413793e-06,
    4.139655172413793e-06,
    4.311724137931034e-06,
    4.311724137931034e-06,
    4.483793103448276e-06,
    4.483793103448276e-06,
    4.655862068965517e-06,
    4.655862068965517e-06,
    4.8279310344827585e-06,
    4.8279310344827585e-06,
    5e-06,
    5e-06
  ],
  "mu": 0,
  "samples": 250,
  "sequence_length": 1000,
  "seeds": [
    1064604492,
    166542332,
    1325629735,
    504295822,
    1597056608,
    103052712,
    883720673,
    554228406,
    1673473752,
    1078513689,
    2051166857,
    1277966630,
    1774247701,
    932268941,
    266295342,
    760365331,
    117125110,
    2048291431,
    410570745,
    1913271534,
    579039449,
    1640580436,
    2067364914,
    1242310260,
    1395456534,
    1351886800,
    795141070,
    791333710,
    2014849963,
    38772586,
    586983510,
    1517873430,
    665765143,
    939908841,
    1196616244,
    1083811624,
    1336800312,
    308672753,
    1104258141,
    2074711616,
    1291398676,
    1746408105,
    506853527,
    1871557263,
    704877760,
    1833452608,
    1756044545,
    1590062192,
    1905734267,
    2028023230
  ]
}