{
  "mode": "branch",
  "rep": 993,
  "ne": 10000,
  "r": [
    1e-08,
    1e-08,
    1.820689655172414e-07,
    1.820689655172414e-07,
    3.541379310344828e-07,
    3.541379310344828e-07,
    5.262068965517242e-07,
    5.262068965517242e-07,
    6.982758620689656e-07,
    6.982758620689656e-07,
    8.70344827586207e-07,
    8.70344827586207e-07,
    1.0424137931034483e-06,
    1.0424137931034483e-06,
    1.2144827586206895e-06,
    1.2144827586206895e-06,
    1.386551724137931e-06,
    1.386551724137931e-06,
    1.5586206896551725e-06,
    1.5586206896551725e-06,
    1.7306896551724138e-06,
    1.7306896551724138e-06,
    1.9027586206896551e-06,
    1.9027586206896551e-06,
    2.0748275862068966e-06,
    2.0748275862068966e-06,
    2.246896551724138e-06,
    2.246896551724138e-06,
    2.418965517241379e-06,
    2.418965517241379e-06,
    2.5910344827586207e-06,
    2.5910344827586207e-06,
    2.763103448275862e-06,
    2.763103448275862e-06,
    2.9351724137931037e-06,
    2.9351724137931037e-06,
    3.107241379310345e-06,
    3.107241379310345e-06,
    3.2793103448275863e-06,
    3.2793103448275863e-06,
    3.4513793103448278e-06,
    3.6234482758620693e-06,
    3.7955172413793103e-06,
    3.967586206896552e-06,
    4.139655172413793e-06,
    4.311724137931034e-06,
    4.483793103448276e-06,
    4.655862068965517e-06,
    4.8279310344827585e-06,
    5e-06
  ],
  "mu": 0,
  "samples": 250,
  "sequence_length": 1000,
  "seeds": [
    2022001589,
    1151685871,
    2003813466,
    1899743037,
    1805565086,
    1600018751,
    1326980241,
    1268413370,
    449787708,
    1468308270,
    1324275302,
    1172575689,
    1057720289,
    269722376,
    1110799482,
    1096504230,
    816896222,
    1063799099,
    733946494,
    1789002636,
    2065569539,
    206602458,
    1531083665,
    1701878009,
    804730144,
    1121171543,
    1646501744,
    127503719,
    495370645,
    1409919669,
    354083232,
    294137770,
    26305713,
    1988444586,
    1046814177,
    406694274,
    522472923,
    1265533514,
    838770000,
    1930308961,
    1171286194,
    888390336,
    1809743345,
    1578286165,
    82837135,
    1632540735,
    570054851,
    1144717099,
    1895073984,
    2072628274
  ]
}