{
  "mode": "site",
  "rep": 371,
  "ne": 10000,
  "r": 1e-05,
  "mu": [
    1e-07,
    4.413793103448276e-07,
    7.827586206896552e-07,
    1.1241379310344827e-06,
    1.4655172413793102e-06,
    1.8068965517241377e-06,
    2.1482758620689656e-06,
    2.489655172413793e-06,
    2.8310344827586205e-06,
    3.172413793103448e-06,
    3.5137931034482755e-06,
    3.5137931034482755e-06,
    3.855172413793104e-06,
    3.855172413793104e-06,
    4.196551724137931e-06,
    4.196551724137931e-06,
    4.537931034482759e-06,
    4.537931034482759e-06,
    4.879310344827586e-06,
    4.879310344827586e-06,
    5.220689655172414e-06,
    5.220689655172414e-06,
    5.562068965517241e-06,
    5.562068965517241e-06,
    5.903448275862069e-06,
    5.903448275862069e-06,
    6.244827586206896e-06,
    6.244827586206896e-06,
    6.5862068965517236e-06,
    6.5862068965517236e-06,
    6.927586206896551e-06,
    6.927586206896551e-06,
    7.268965517241379e-06,
    7.268965517241379e-06,
    7.610344827586207e-06,
    7.610344827586207e-06,
    7.951724137931034e-06,
    7.951724137931034e-06,
    8.293103448275863e-06,
    8.293103448275863e-06,
    8.634482758620691e-06,
    8.634482758620691e-06,
    8.975862068965518e-06,
    8.975862068965518e-06,
    9.317241379310346e-06,
    9.317241379310346e-06,
    9.658620689655173e-06,
    9.658620689655173e-06,
    1e-05,
    1e-05
  ],
  "samples": 500,
  "sequence_length": 10000,
  "seeds": [
    2143932647,
    1321352175,
    1739882626,
    1603871397,
    118616996,
    1571614844,
    529952065,
    879772259,
    289568633,
    750090563,
    1685428894,
    1215102625,
    599479941,
    990756523,
    1329981916,
    1878337641,
    2075799184,
    978313040,
    819915039,
    1378574331,
    508966256,
    1415965082,
    1554582365,
    1641793130,
    633052758,
    1960808312,
    1159083943,
    500887010,
    1607426529,
    1712095436,
    2013757106,
    1225717998,
    791835434,
    989398603,
    4376683,
    1263298425,
    351651575,
    2039247417,
    1672066469,
    1786164335,
    1366214191,
    1608967666,
    461895390,
    1546117693,
    117193137,
    1442452731,
    1757842517,
    1238271832,
    1280295496,
    2006893319
  ]
}