{
  "mode": "branch",
  "rep": 974,
  "ne": 10000,
  "r": [
    1e-08,
    1.820689655172414e-07,
    3.541379310344828e-07,
    5.262068965517242e-07,
    6.982758620689656e-07,
    8.70344827586207e-07,
    1.0424137931034483e-06,
    1.2144827586206895e-06,
    1.386551724137931e-06,
    1.5586206896551725e-06,
    1.7306896551724138e-06,
    1.7306896551724138e-06,
    1.9027586206896551e-06,
    1.9027586206896551e-06,
    2.0748275862068966e-06,
    2.0748275862068966e-06,
    2.246896551724138e-06,
    2.246896551724138e-06,
    2.418965517241379e-06,
    2.418965517241379e-06,
    2.5910344827586207e-06,
    2.5910344827586207e-06,
    2.763103448275862e-06,
    2.763103448275862e-06,
    2.9351724137931037e-06,
    2.9351724137931037e-06,
    3.107241379310345e-06,
    3.107241379310345e-06,
    3.2793103448275863e-06,
    3.2793103448275863e-06,
    3.4513793103448278e-06,
    3.4513793103448278e-06,
    3.6234482758620693e-06,
    3.6234482758620693e-06,
    3.7955172413793103e-06,
    3.7955172413793103e-06,
    3.967586206896552e-06,
    3.967586206896552e-06,
    4.139655172413793e-06,
    4.139655172413793e-06,
    4.311724137931034e-06,
    4.311724137931034e-06,
    4.483793103448276e-06,
    4.483793103448276e-06,
    4.655862068965517e-06,
    4.655862068965517e-06,
    4.8279310344827585e-06,
    4.8279310344827585e-06,
    5e-06,
    5e-06
  ],
  "mu": 0,
  "samples": 250,
  "sequence_length": 1000,
  "seeds": [
    1547161534,
    144470735,
    543477289,
    964032052,
    525917682,
    1107560139,
    872342973,
    653875487,
    646703689,
    832569389,
    530862897,
    951855191,
    283239609,
    1827425045,
    862179932,
    1648657965,
    780090148,
    105718609,
    1339472325,
    721933625,
    632203949,
    935957800,
    1581107670,
    198926320,
    1270832189,
    548821841,
    735416559,
    2086708087,
    213303083,
    1510676718,
    1775717554,
    1939744892,
    1324436267,
    1909743811,
    776571827,
    1287060252,
    765089363,
    951767618,
    51274827,
    1181513424,
    939621136,
    376608485,
    2011932006,
    707143655,
    417026813,
    1107254612,
    743488373,
    259979191,
    1448707447,
    1764940331
  ]
}