{
  "mode": "branch",
  "rep": 1195,
  "ne": 10000,
  "r": [
    1e-08,
    1e-08,
    1.820689655172414e-07,
    1.820689655172414e-07,
    3.541379310344828e-07,
    3.541379310344828e-07,
    5.262068965517242e-07,
    5.262068965517242e-07,
    6.982758620689656e-07,
    6.982758620689656e-07,
    8.70344827586207e-07,
    8.70344827586207e-07,
    1.0424137931034483e-06,
    1.0424137931034483e-06,
    1.2144827586206895e-06,
    1.2144827586206895e-06,
    1.386551724137931e-06,
    1.386551724137931e-06,
    1.5586206896551725e-06,
    1.5586206896551725e-06,
    1.7306896551724138e-06,
    1.9027586206896551e-06,
    2.0748275862068966e-06,
    2.246896551724138e-06,
    2.418965517241379e-06,
    2.5910344827586207e-06,
    2.763103448275862e-06,
    2.9351724137931037e-06,
    3.107241379310345e-06,
    3.2793103448275863e-06,
    3.4513793103448278e-06,
    3.4513793103448278e-06,
    3.6234482758620693e-06,
    3.6234482758620693e-06,
    3.7955172413793103e-06,
    3.7955172413793103e-06,
    3.967586206896552e-06,
    3.967586206896552e-06,
    4.139655172413793e-06,
    4.139655172413793e-06,
    4.311724137931034e-06,
    4.311724137931034e-06,
    4.483793103448276e-06,
    4.483793103448276e-06,
    4.655862068965517e-06,
    4.655862068965517e-06,
    4.8279310344827585e-06,
    4.8279310344827585e-06,
    5e-06,
    5e-06
  ],
  "mu": 0,
  "samples": 250,
  "sequence_length": 1000,
  "seeds": [
    216292940,
    1259700296,
    377076684,
    1253189045,
    1702734687,
    37658018,
    1835464156,
    198897697,
    1922785604,
    2061927638,
    83375161,
    812128915,
    573588891,
    2091970034,
    2132348853,
    555548614,
    1144398557,
    1157513584,
    1718722458,
    2003632047,
    2109438865,
    1117230142,
    380649405,
    1395605036,
    1332421551,
    1243504344,
    1998101576,
    698308162,
    357504220,
    1775617123,
    2117729685,
    399896778,
    1388491148,
    755608268,
    1013395497,
    19403984,
    1363169377,
    1557256665,
    1606183983,
    702357900,
    1733601966,
    245695561,
    799793201,
    1773935991,
    1602641206,
    181810041,
    1391503327,
    1224925909,
    1241043637,
    1940360464
  ]
}