{
  "mode": "branch",
  "rep": 908,
  "ne": 10000,
  "r": [
    1e-08,
    1.820689655172414e-07,
    3.541379310344828e-07,
    5.262068965517242e-07,
    6.982758620689656e-07,
    8.70344827586207e-07,
    1.0424137931034483e-06,
    1.2144827586206895e-06,
    1.386551724137931e-06,
    1.5586206896551725e-06,
    1.7306896551724138e-06,
    1.7306896551724138e-06,
    1.9027586206896551e-06,
    1.9027586206896551e-06,
    2.0748275862068966e-06,
    2.0748275862068966e-06,
    2.246896551724138e-06,
    2.246896551724138e-06,
    2.418965517241379e-06,
    2.418965517241379e-06,
    2.5910344827586207e-06,
    2.5910344827586207e-06,
    2.763103448275862e-06,
    2.763103448275862e-06,
    2.9351724137931037e-06,
    2.9351724137931037e-06,
    3.107241379310345e-06,
    3.107241379310345e-06,
    3.2793103448275863e-06,
    3.2793103448275863e-06,
    3.4513793103448278e-06,
    3.4513793103448278e-06,
    3.6234482758620693e-06,
    3.6234482758620693e-06,
    3.7955172413793103e-06,
    3.7955172413793103e-06,
    3.967586206896552e-06,
    3.967586206896552e-06,
    4.139655172413793e-06,
    4.139655172413793e-06,
    4.311724137931034e-06,
    4.311724137931034e-06,
    4.483793103448276e-06,
    4.483793103448276e-06,
    4.655862068965517e-06,
    4.655862068965517e-06,
    4.8279310344827585e-06,
    4.8279310344827585e-06,
    5e-06,
    5e-06
  ],
  "mu": 0,
  "samples": 250,
  "sequence_length": 1000,
  "seeds": [
    1175526594,
    258809226,
    2022007648,
    916636537,
    941726789,
    1473338783,
    740534262,
    1441840391,
    796298691,
    515873522,
    161778671,
    1247034370,
    1461115304,
    158652973,
    1447331266,
    2084137632,
    927424634,
    566322052,
    1226135358,
    1474828986,
    796767558,
    69851436,
    64570862,
    1923336057,
    1356879708,
    1204505133,
    1894457200,
    557542954,
    1896360801,
    955902524,
    1100951286,
    1357471806,
    920396356,
    580987507,
    1887317936,
    477472028,
    1438752758,
    1065916832,
    793454960,
    31596353,
    1787019812,
    1427056522,
    65556231,
    1344352592,
    1999925632,
    55262242,
    1516557080,
    761442389,
    1314586564,
    1197450064
  ]
}