{
  "mode": "site",
  "rep": 587,
  "ne": 10000,
  "r": 1e-05,
  "mu": [
    1e-07,
    4.413793103448276e-07,
    7.827586206896552e-07,
    1.1241379310344827e-06,
    1.4655172413793102e-06,
    1.8068965517241377e-06,
    2.1482758620689656e-06,
    2.489655172413793e-06,
    2.8310344827586205e-06,
    3.172413793103448e-06,
    3.5137931034482755e-06,
    3.5137931034482755e-06,
    3.855172413793104e-06,
    3.855172413793104e-06,
    4.196551724137931e-06,
    4.196551724137931e-06,
    4.537931034482759e-06,
    4.537931034482759e-06,
    4.879310344827586e-06,
    4.879310344827586e-06,
    5.220689655172414e-06,
    5.220689655172414e-06,
    5.562068965517241e-06,
    5.562068965517241e-06,
    5.903448275862069e-06,
    5.903448275862069e-06,
    6.244827586206896e-06,
    6.244827586206896e-06,
    6.5862068965517236e-06,
    6.5862068965517236e-06,
    6.927586206896551e-06,
    6.927586206896551e-06,
    7.268965517241379e-06,
    7.268965517241379e-06,
    7.610344827586207e-06,
    7.610344827586207e-06,
    7.951724137931034e-06,
    7.951724137931034e-06,
    8.293103448275863e-06,
    8.293103448275863e-06,
    8.634482758620691e-06,
    8.634482758620691e-06,
    8.975862068965518e-06,
    8.975862068965518e-06,
    9.317241379310346e-06,
    9.317241379310346e-06,
    9.658620689655173e-06,
    9.658620689655173e-06,
    1e-05,
    1e-05
  ],
  "samples": 500,
  "sequence_length": 10000,
  "seeds": [
    2003588855,
    84941967,
    1355248944,
    894205201,
    1716821421,
    2017944766,
    381629814,
    207274326,
    382252260,
    993940230,
    1495824753,
    686397037,
    668436511,
    1342422890,
    1915924615,
    174386272,
    530976146,
    2103146889,
    1885738662,
    1262939574,
    971008722,
    393367537,
    2042651979,
    1200551767,
    664283207,
    961364250,
    470737458,
    1338521512,
    1678590116,
    1195306707,
    286718947,
    473139194,
    16928382,
    1412067365,
    1302613353,
    669496767,
    882378615,
    1289690361,
    1028894929,
    1936624761,
    280673393,
    1188033252,
    314063916,
    1537172361,
    1241179138,
    920785857,
    1191142378,
    885461948,
    852276835,
    663107045
  ]
}