{
  "mode": "branch",
  "rep": 709,
  "ne": 10000,
  "r": [
    1e-08,
    1e-08,
    1.820689655172414e-07,
    1.820689655172414e-07,
    3.541379310344828e-07,
    3.541379310344828e-07,
    5.262068965517242e-07,
    5.262068965517242e-07,
    6.982758620689656e-07,
    6.982758620689656e-07,
    8.70344827586207e-07,
    8.70344827586207e-07,
    1.0424137931034483e-06,
    1.0424137931034483e-06,
    1.2144827586206895e-06,
    1.2144827586206895e-06,
    1.386551724137931e-06,
    1.386551724137931e-06,
    1.5586206896551725e-06,
    1.5586206896551725e-06,
    1.7306896551724138e-06,
    1.9027586206896551e-06,
    2.0748275862068966e-06,
    2.246896551724138e-06,
    2.418965517241379e-06,
    2.5910344827586207e-06,
    2.763103448275862e-06,
    2.9351724137931037e-06,
    3.107241379310345e-06,
    3.2793103448275863e-06,
    3.4513793103448278e-06,
    3.4513793103448278e-06,
    3.6234482758620693e-06,
    3.6234482758620693e-06,
    3.7955172413793103e-06,
    3.7955172413793103e-06,
    3.967586206896552e-06,
    3.967586206896552e-06,
    4.139655172413793e-06,
    4.139655172413793e-06,
    4.311724137931034e-06,
    4.311724137931034e-06,
    4.483793103448276e-06,
    4.483793103448276e-06,
    4.655862068965517e-06,
    4.655862068965517e-06,
    4.8279310344827585e-06,
    4.8279310344827585e-06,
    5e-06,
    5e-06
  ],
  "mu": 0,
  "samples": 250,
  "sequence_length": 1000,
  "seeds": [
    2128741026,
    478183884,
    1114431549,
    409562803,
    1235869411,
    277277716,
    1109816054,
    929610314,
    640856957,
    1977510144,
    192401096,
    1323241267,
    648959136,
    1499093736,
    1447170556,
    769922183,
    1964222097,
    632793036,
    103026344,
    364580382,
    675100450,
    1858739236,
    856393218,
    1220076491,
    1774667421,
    369498148,
    320047039,
    1748769839,
    1704084480,
    69578434,
    118405962,
    983666634,
    641866493,
    2009448075,
    641150426,
    1483554031,
    261651286,
    1711423059,
    120190913,
    1845266934,
    953921257,
    717044917,
    144651156,
    929710411,
    3651737,
    1935599891,
    1664671242,
    1785256133,
    1674075405,
    872564249
  ]
}