{
  "mode": "site",
  "rep": 388,
  "ne": 10000,
  "r": 1e-05,
  "mu": [
    1e-07,
    1e-07,
    4.413793103448276e-07,
    4.413793103448276e-07,
    7.827586206896552e-07,
    7.827586206896552e-07,
    1.1241379310344827e-06,
    1.1241379310344827e-06,
    1.4655172413793102e-06,
    1.4655172413793102e-06,
    1.8068965517241377e-06,
    1.8068965517241377e-06,
    2.1482758620689656e-06,
    2.1482758620689656e-06,
    2.489655172413793e-06,
    2.489655172413793e-06,
    2.8310344827586205e-06,
    2.8310344827586205e-06,
    3.172413793103448e-06,
    3.172413793103448e-06,
    3.5137931034482755e-06,
    3.855172413793104e-06,
    4.196551724137931e-06,
    4.537931034482759e-06,
    4.879310344827586e-06,
    5.220689655172414e-06,
    5.562068965517241e-06,
    5.903448275862069e-06,
    6.244827586206896e-06,
    6.5862068965517236e-06,
    6.927586206896551e-06,
    6.927586206896551e-06,
    7.268965517241379e-06,
    7.268965517241379e-06,
    7.610344827586207e-06,
    7.610344827586207e-06,
    7.951724137931034e-06,
    7.951724137931034e-06,
    8.293103448275863e-06,
    8.293103448275863e-06,
    8.634482758620691e-06,
    8.634482758620691e-06,
    8.975862068965518e-06,
    8.975862068965518e-06,
    9.317241379310346e-06,
    9.317241379310346e-06,
    9.658620689655173e-06,
    9.658620689655173e-06,
    1e-05,
    1e-05
  ],
  "samples": 500,
  "sequence_length": 10000,
  "seeds": [
    379565132,
    1558047928,
    603093477,
    1101571594,
    268808671,
    2119010623,
    1942754557,
    501486354,
    1193625216,
    1968110355,
    347605375,
    983241013,
    1360998421,
    286317548,
    496629595,
    701366518,
    1369979496,
    1266348029,
    105833354,
    43055271,
    1934587329,
    980198520,
    2030124546,
    2084835342,
    1273712390,
    1396044658,
    1790887393,
    1118472659,
    2091840229,
    119088994,
    848384299,
    506465934,
    892612578,
    230280260,
    123604048,
    647584905,
    518851765,
    1779661486,
    1549380637,
    1309946417,
    1805793477,
    651972750,
    1809505117,
    660406389,
    1612504439,
    1628011464,
    1241799577,
    790197092,
    211642090,
    498710948
  ]
}