{
  "mode": "branch",
  "rep": 662,
  "ne": 10000,
  "r": [
    1e-08,
    1.820689655172414e-07,
    3.541379310344828e-07,
    5.262068965517242e-07,
    6.982758620689656e-07,
    8.70344827586207e-07,
    1.0424137931034483e-06,
    1.2144827586206895e-06,
    1.386551724137931e-06,
    1.5586206896551725e-06,
    1.7306896551724138e-06,
    1.7306896551724138e-06,
    1.9027586206896551e-06,
    1.9027586206896551e-06,
    2.0748275862068966e-06,
    2.0748275862068966e-06,
    2.246896551724138e-06,
    2.246896551724138e-06,
    2.418965517241379e-06,
    2.418965517241379e-06,
    2.5910344827586207e-06,
    2.5910344827586207e-06,
    2.763103448275862e-06,
    2.763103448275862e-06,
    2.9351724137931037e-06,
    2.9351724137931037e-06,
    3.107241379310345e-06,
    3.107241379310345e-06,
    3.2793103448275863e-06,
    3.2793103448275863e-06,
    3.4513793103448278e-06,
    3.4513793103448278e-06,
    3.6234482758620693e-06,
    3.6234482758620693e-06,
    3.7955172413793103e-06,
    3.7955172413793103e-06,
    3.967586206896552e-06,
    3.967586206896552e-06,
    4.139655172413793e-06,
    4.139655172413793e-06,
    4.311724137931034e-06,
    4.311724137931034e-06,
    4.483793103448276e-06,
    4.483793103448276e-06,
    4.655862068965517e-06,
    4.655862068965517e-06,
    4.8279310344827585e-06,
    4.8279310344827585e-06,
    5e-06,
    5e-06
  ],
  "mu": 0,
  "samples": 250,
  "sequence_length": 1000,
  "seeds": [
    522134582,
    403327371,
    1152226301,
    1774481964,
    775522511,
    1377187419,
    343567926,
    1491887734,
    1539019967,
    1353618791,
    299982784,
    371696797,
    1809002177,
    1390722280,
    1218281198,
    802218223,
    176122659,
    955814238,
    1828864251,
    362816372,
    2081353578,
    49490558,
    290570169,
    1729969698,
    1733035554,
    1292214886,
    93741210,
    560559831,
    703822732,
    1858071590,
    1051987541,
    1252725789,
    283511945,
    1539944397,
    1401691315,
    2000483764,
    373138674,
    579546115,
    1231676629,
    602437409,
    1281246315,
    835750417,
    1554417469,
    1221720233,
    1877351450,
    1387417445,
    179360032,
    1505987327,
    655899959,
    1122654435
  ]
}