{
  "mode": "branch",
  "rep": 706,
  "ne": 10000,
  "r": [
    1e-08,
    1e-08,
    1.820689655172414e-07,
    1.820689655172414e-07,
    3.541379310344828e-07,
    3.541379310344828e-07,
    5.262068965517242e-07,
    5.262068965517242e-07,
    6.982758620689656e-07,
    6.982758620689656e-07,
    8.70344827586207e-07,
    8.70344827586207e-07,
    1.0424137931034483e-06,
    1.0424137931034483e-06,
    1.2144827586206895e-06,
    1.2144827586206895e-06,
    1.386551724137931e-06,
    1.386551724137931e-06,
    1.5586206896551725e-06,
    1.5586206896551725e-06,
    1.7306896551724138e-06,
    1.9027586206896551e-06,
    2.0748275862068966e-06,
    2.246896551724138e-06,
    2.418965517241379e-06,
    2.5910344827586207e-06,
    2.763103448275862e-06,
    2.9351724137931037e-06,
    3.107241379310345e-06,
    3.2793103448275863e-06,
    3.4513793103448278e-06,
    3.4513793103448278e-06,
    3.6234482758620693e-06,
    3.6234482758620693e-06,
    3.7955172413793103e-06,
    3.7955172413793103e-06,
    3.967586206896552e-06,
    3.967586206896552e-06,
    4.139655172413793e-06,
    4.139655172413793e-06,
    4.311724137931034e-06,
    4.311724137931034e-06,
    4.483793103448276e-06,
    4.483793103448276e-06,
    4.655862068965517e-06,
    4.655862068965517e-06,
    4.8279310344827585e-06,
    4.8279310344827585e-06,
    5e-06,
    5e-06
  ],
  "mu": 0,
  "samples": 250,
  "sequence_length": 1000,
  "seeds": [
    405298087,
    239275756,
    1343594897,
    1695601748,
    854447134,
    808451565,
    83323889,
    1259477074,
    1792980301,
    64529864,
    1542288102,
    563990280,
    64455383,
    1969383389,
    730135956,
    1634740977,
    705410040,
    3583177,
    845323768,
    510269349,
    5498232,
    572574786,
    639527035,
    1285614444,
    329971758,
    1664668365,
    1865101998,
    1268138312,
    1140525895,
    849293582,
    1969291266,
    1461957788,
    1487563341,
    1226797836,
    44050898,
    186839947,
    826633197,
    1570601910,
    1093194098,
    1950923955,
    1408744955,
    841017431,
    1482491373,
    1193335939,
    858370961,
    468580844,
    170792871,
    1337334077,
    1355234957,
    1146381634
  ]
}