{
  "mode": "branch",
  "rep": 1109,
  "ne": 10000,
  "r": [
    1e-08,
    1.820689655172414e-07,
    3.541379310344828e-07,
    5.262068965517242e-07,
    6.982758620689656e-07,
    8.70344827586207e-07,
    1.0424137931034483e-06,
    1.2144827586206895e-06,
    1.386551724137931e-06,
    1.5586206896551725e-06,
    1.7306896551724138e-06,
    1.7306896551724138e-06,
    1.9027586206896551e-06,
    1.9027586206896551e-06,
    2.0748275862068966e-06,
    2.0748275862068966e-06,
    2.246896551724138e-06,
    2.246896551724138e-06,
    2.418965517241379e-06,
    2.418965517241379e-06,
    2.5910344827586207e-06,
    2.5910344827586207e-06,
    2.763103448275862e-06,
    2.763103448275862e-06,
    2.9351724137931037e-06,
    2.9351724137931037e-06,
    3.107241379310345e-06,
    3.107241379310345e-06,
    3.2793103448275863e-06,
    3.2793103448275863e-06,
    3.4513793103448278e-06,
    3.4513793103448278e-06,
    3.6234482758620693e-06,
    3.6234482758620693e-06,
    3.7955172413793103e-06,
    3.7955172413793103e-06,
    3.967586206896552e-06,
    3.967586206896552e-06,
    4.139655172413793e-06,
    4.139655172413793e-06,
    4.311724137931034e-06,
    4.311724137931034e-06,
    4.483793103448276e-06,
    4.483793103448276e-06,
    4.655862068965517e-06,
    4.655862068965517e-06,
    4.8279310344827585e-06,
    4.8279310344827585e-06,
    5e-06,
    5e-06
  ],
  "mu": 0,
  "samples": 250,
  "sequence_length": 1000,
  "seeds": [
    976917933,
    1684964108,
    1065805704,
    1126711151,
    131106457,
    454317618,
    393516681,
    563588630,
    1842467693,
    720381774,
    1912875503,
    1501458134,
    1900675827,
    1684994763,
    512306687,
    1958652756,
    183778916,
    745233778,
    1856303538,
    757082136,
    2035380648,
    1562430653,
    186759175,
    1363376582,
    1983069040,
    1900481957,
    2117333698,
    372121468,
    1455121137,
    139571190,
    1049638892,
    1734528683,
    286491285,
    940760046,
    2009906973,
    2003992870,
    52514258,
    1256816372,
    1194134852,
    796300852,
    1475740185,
    373109053,
    1497465300,
    1604795720,
    1999295658,
    1181400552,
    511481264,
    1503752010,
    1598417876,
    1503756603
  ]
}