{
  "mode": "branch",
  "rep": 1171,
  "ne": 10000,
  "r": [
    1e-08,
    1e-08,
    1.820689655172414e-07,
    1.820689655172414e-07,
    3.541379310344828e-07,
    3.541379310344828e-07,
    5.262068965517242e-07,
    5.262068965517242e-07,
    6.982758620689656e-07,
    6.982758620689656e-07,
    8.70344827586207e-07,
    8.70344827586207e-07,
    1.0424137931034483e-06,
    1.0424137931034483e-06,
    1.2144827586206895e-06,
    1.2144827586206895e-06,
    1.386551724137931e-06,
    1.386551724137931e-06,
    1.5586206896551725e-06,
    1.5586206896551725e-06,
    1.7306896551724138e-06,
    1.9027586206896551e-06,
    2.0748275862068966e-06,
    2.246896551724138e-06,
    2.418965517241379e-06,
    2.5910344827586207e-06,
    2.763103448275862e-06,
    2.9351724137931037e-06,
    3.107241379310345e-06,
    3.2793103448275863e-06,
    3.4513793103448278e-06,
    3.4513793103448278e-06,
    3.6234482758620693e-06,
    3.6234482758620693e-06,
    3.7955172413793103e-06,
    3.7955172413793103e-06,
    3.967586206896552e-06,
    3.967586206896552e-06,
    4.139655172413793e-06,
    4.139655172413793e-06,
    4.311724137931034e-06,
    4.311724137931034e-06,
    4.483793103448276e-06,
    4.483793103448276e-06,
    4.655862068965517e-06,
    4.655862068965517e-06,
    4.8279310344827585e-06,
    4.8279310344827585e-06,
    5e-06,
    5e-06
  ],
  "mu": 0,
  "samples": 250,
  "sequence_length": 1000,
  "seeds": [
    1756944222,
    1515256071,
    583781653,
    1657243841,
    1177663801,
    351054189,
    1887145950,
    1148704659,
    416851954,
    2141660169,
    2001672176,
    988741165,
    1005670345,
    692571369,
    1399896008,
    2098613689,
    567778244,
    1653910395,
    2089915130,
    55885625,
    1671504717,
    2131454008,
    1213139636,
    1008384372,
    750336206,
    973662785,
    1797616632,
    2128737424,
    308053296,
    484338749,
    1325460794,
    442433256,
    1950621972,
    2017202804,
    201879825,
    1230649911,
    1004804021,
    1585652062,
    1108274591,
    759956395,
    1753537658,
    1968362958,
    954632559,
    2134826623,
    436663598,
    972868655,
    2073668442,
    1909282358,
    1156303216,
    140613611
  ]
}