{
  "mode": "site",
  "rep": 98,
  "ne": 10000,
  "r": 1e-05,
  "mu": [
    1e-07,
    4.413793103448276e-07,
    7.827586206896552e-07,
    1.1241379310344827e-06,
    1.4655172413793102e-06,
    1.8068965517241377e-06,
    2.1482758620689656e-06,
    2.489655172413793e-06,
    2.8310344827586205e-06,
    3.172413793103448e-06,
    3.5137931034482755e-06,
    3.5137931034482755e-06,
    3.855172413793104e-06,
    3.855172413793104e-06,
    4.196551724137931e-06,
    4.196551724137931e-06,
    4.537931034482759e-06,
    4.537931034482759e-06,
    4.879310344827586e-06,
    4.879310344827586e-06,
    5.220689655172414e-06,
    5.220689655172414e-06,
    5.562068965517241e-06,
    5.562068965517241e-06,
    5.903448275862069e-06,
    5.903448275862069e-06,
    6.244827586206896e-06,
    6.244827586206896e-06,
    6.5862068965517236e-06,
    6.5862068965517236e-06,
    6.927586206896551e-06,
    6.927586206896551e-06,
    7.268965517241379e-06,
    7.268965517241379e-06,
    7.610344827586207e-06,
    7.610344827586207e-06,
    7.951724137931034e-06,
    7.951724137931034e-06,
    8.293103448275863e-06,
    8.293103448275863e-06,
    8.634482758620691e-06,
    8.634482758620691e-06,
    8.975862068965518e-06,
    8.975862068965518e-06,
    9.317241379310346e-06,
    9.317241379310346e-06,
    9.658620689655173e-06,
    9.658620689655173e-06,
    1e-05,
    1e-05
  ],
  "samples": 500,
  "sequence_length": 10000,
  "seeds": [
    1779002201,
    523938177,
    1586183434,
    383440496,
    1199937733,
    464570858,
    1855273351,
    1851469933,
    1879965068,
    1560539185,
    235907194,
    855971413,
    210492764,
    164591852,
    445239841,
    297148324,
    40307291,
    1591618186,
    278613877,
    363801065,
    524945032,
    99969115,
    1461194646,
    625797927,
    1122420241,
    1365062154,
    477082272,
    1464922109,
    923895083,
    1888827775,
    198398732,
    951731166,
    1160993670,
    1108720174,
    1131542897,
    695202528,
    897495661,
    208129011,
    948152972,
    524597557,
    1052130626,
    1778322164,
    1868617046,
    1966656889,
    1754052173,
    1751640549,
    832708858,
    722842781,
    1408270542,
    1592479060
  ]
}