{
  "mode": "site",
  "rep": 470,
  "ne": 10000,
  "r": 1e-05,
  "mu": [
    1e-07,
    4.413793103448276e-07,
    7.827586206896552e-07,
    1.1241379310344827e-06,
    1.4655172413793102e-06,
    1.8068965517241377e-06,
    2.1482758620689656e-06,
    2.489655172413793e-06,
    2.8310344827586205e-06,
    3.172413793103448e-06,
    3.5137931034482755e-06,
    3.5137931034482755e-06,
    3.855172413793104e-06,
    3.855172413793104e-06,
    4.196551724137931e-06,
    4.196551724137931e-06,
    4.537931034482759e-06,
    4.537931034482759e-06,
    4.879310344827586e-06,
    4.879310344827586e-06,
    5.220689655172414e-06,
    5.220689655172414e-06,
    5.562068965517241e-06,
    5.562068965517241e-06,
    5.903448275862069e-06,
    5.903448275862069e-06,
    6.244827586206896e-06,
    6.244827586206896e-06,
    6.5862068965517236e-06,
    6.5862068965517236e-06,
    6.927586206896551e-06,
    6.927586206896551e-06,
    7.268965517241379e-06,
    7.268965517241379e-06,
    7.610344827586207e-06,
    7.610344827586207e-06,
    7.951724137931034e-06,
    7.951724137931034e-06,
    8.293103448275863e-06,
    8.293103448275863e-06,
    8.634482758620691e-06,
    8.634482758620691e-06,
    8.975862068965518e-06,
    8.975862068965518e-06,
    9.317241379310346e-06,
    9.317241379310346e-06,
    9.658620689655173e-06,
    9.658620689655173e-06,
    1e-05,
    1e-05
  ],
  "samples": 500,
  "sequence_length": 50000,
  "seeds": [
    637290250,
    682026104,
    2006996022,
    690843752,
    385541121,
    3964419,
    187734912,
    2044934482,
    1781932580,
    1813841933,
    2139378148,
    593771589,
    386176404,
    1953634140,
    2099470060,
    2055613054,
    2137550656,
    1517713753,
    1925687829,
    1583856387,
    1017449352,
    177443737,
    815568769,
    1356044994,
    1889904376,
    111178763,
    630009901,
    443496117,
    1722114224,
    543447404,
    1101356828,
    948434642,
    751330756,
    2009614427,
    632721867,
    257118771,
    570460247,
    1277380241,
    2118571229,
    648995292,
    804718491,
    210472981,
    2064046911,
    1329509728,
    1179021079,
    202833811,
    129825721,
    1564347499,
    859694432,
    640507029
  ]
}