{
  "mode": "branch",
  "rep": 846,
  "ne": 10000,
  "r": [
    1e-08,
    1e-08,
    1.820689655172414e-07,
    1.820689655172414e-07,
    3.541379310344828e-07,
    3.541379310344828e-07,
    5.262068965517242e-07,
    5.262068965517242e-07,
    6.982758620689656e-07,
    6.982758620689656e-07,
    8.70344827586207e-07,
    8.70344827586207e-07,
    1.0424137931034483e-06,
    1.0424137931034483e-06,
    1.2144827586206895e-06,
    1.2144827586206895e-06,
    1.386551724137931e-06,
    1.386551724137931e-06,
    1.5586206896551725e-06,
    1.5586206896551725e-06,
    1.7306896551724138e-06,
    1.7306896551724138e-06,
    1.9027586206896551e-06,
    1.9027586206896551e-06,
    2.0748275862068966e-06,
    2.0748275862068966e-06,
    2.246896551724138e-06,
    2.246896551724138e-06,
    2.418965517241379e-06,
    2.418965517241379e-06,
    2.5910344827586207e-06,
    2.5910344827586207e-06,
    2.763103448275862e-06,
    2.763103448275862e-06,
    2.9351724137931037e-06,
    2.9351724137931037e-06,
    3.107241379310345e-06,
    3.107241379310345e-06,
    3.2793103448275863e-06,
    3.2793103448275863e-06,
    3.4513793103448278e-06,
    3.6234482758620693e-06,
    3.7955172413793103e-06,
    3.967586206896552e-06,
    4.139655172413793e-06,
    4.311724137931034e-06,
    4.483793103448276e-06,
    4.655862068965517e-06,
    4.8279310344827585e-06,
    5e-06
  ],
  "mu": 0,
  "samples": 250,
  "sequence_length": 1000,
  "seeds": [
    141903119,
    499227283,
    291092421,
    644175136,
    2372970,
    1805733887,
    1357114735,
    200215163,
    320904829,
    151299952,
    2028497283,
    490065532,
    641488693,
    1127352057,
    1118697575,
    432834807,
    109379933,
    1095134632,
    555539981,
    1293277236,
    443816049,
    695884033,
    816648328,
    1821295448,
    1191372401,
    1008362584,
    429158645,
    1160396147,
    776355233,
    2094205280,
    2029260955,
    865462240,
    1493747597,
    1266121762,
    94829501,
    1057845157,
    833093870,
    1439230285,
    1054610770,
    838612533,
    605913164,
    339329509,
    2146044188,
    1657806641,
    1039752318,
    37472085,
    908940263,
    1136567876,
    307774685,
    1165990593
  ]
}