{
  "mode": "site",
  "rep": 148,
  "ne": 10000,
  "r": 1e-05,
  "mu": [
    1e-07,
    1e-07,
    4.413793103448276e-07,
    4.413793103448276e-07,
    7.827586206896552e-07,
    7.827586206896552e-07,
    1.1241379310344827e-06,
    1.1241379310344827e-06,
    1.4655172413793102e-06,
    1.4655172413793102e-06,
    1.8068965517241377e-06,
    1.8068965517241377e-06,
    2.1482758620689656e-06,
    2.1482758620689656e-06,
    2.489655172413793e-06,
    2.489655172413793e-06,
    2.8310344827586205e-06,
    2.8310344827586205e-06,
    3.172413793103448e-06,
    3.172413793103448e-06,
    3.5137931034482755e-06,
    3.855172413793104e-06,
    4.196551724137931e-06,
    4.537931034482759e-06,
    4.879310344827586e-06,
    5.220689655172414e-06,
    5.562068965517241e-06,
    5.903448275862069e-06,
    6.244827586206896e-06,
    6.5862068965517236e-06,
    6.927586206896551e-06,
    6.927586206896551e-06,
    7.268965517241379e-06,
    7.268965517241379e-06,
    7.610344827586207e-06,
    7.610344827586207e-06,
    7.951724137931034e-06,
    7.951724137931034e-06,
    8.293103448275863e-06,
    8.293103448275863e-06,
    8.634482758620691e-06,
    8.634482758620691e-06,
    8.975862068965518e-06,
    8.975862068965518e-06,
    9.317241379310346e-06,
    9.317241379310346e-06,
    9.658620689655173e-06,
    9.658620689655173e-06,
    1e-05,
    1e-05
  ],
  "samples": 500,
  "sequence_length": 10000,
  "seeds": [
    830701611,
    32798758,
    766782121,
    490500529,
    746120884,
    420136087,
    1210174613,
    1891802863,
    104697990,
    1679026943,
    1821192915,
    905727304,
    1527570560,
    564439395,
    1305390457,
    378302348,
    341144113,
    204724543,
    1123361416,
    1725588145,
    813937952,
    600975869,
    612165218,
    1117115432,
    2094490240,
    192016899,
    711220961,
    99783154,
    1299500505,
    446046205,
    1797674111,
    1487554511,
    1673579598,
    974046573,
    647292443,
    1813474784,
    1041747079,
    1061016443,
    313796285,
    846244127,
    520683836,
    1137409217,
    1606089652,
    194343916,
    629674293,
    1966491498,
    661858029,
    1746995153,
    1385891678,
    1110550581
  ]
}