{
  "mode": "site",
  "rep": 588,
  "ne": 10000,
  "r": 1e-05,
  "mu": [
    1e-07,
    1e-07,
    4.413793103448276e-07,
    4.413793103448276e-07,
    7.827586206896552e-07,
    7.827586206896552e-07,
    1.1241379310344827e-06,
    1.1241379310344827e-06,
    1.4655172413793102e-06,
    1.4655172413793102e-06,
    1.8068965517241377e-06,
    1.8068965517241377e-06,
    2.1482758620689656e-06,
    2.1482758620689656e-06,
    2.489655172413793e-06,
    2.489655172413793e-06,
    2.8310344827586205e-06,
    2.8310344827586205e-06,
    3.172413793103448e-06,
    3.172413793103448e-06,
    3.5137931034482755e-06,
    3.5137931034482755e-06,
    3.855172413793104e-06,
    3.855172413793104e-06,
    4.196551724137931e-06,
    4.196551724137931e-06,
    4.537931034482759e-06,
    4.537931034482759e-06,
    4.879310344827586e-06,
    4.879310344827586e-06,
    5.220689655172414e-06,
    5.220689655172414e-06,
    5.562068965517241e-06,
    5.562068965517241e-06,
    5.903448275862069e-06,
    5.903448275862069e-06,
    6.244827586206896e-06,
    6.244827586206896e-06,
    6.5862068965517236e-06,
    6.5862068965517236e-06,
    6.927586206896551e-06,
    7.268965517241379e-06,
    7.610344827586207e-06,
    7.951724137931034e-06,
    8.293103448275863e-06,
    8.634482758620691e-06,
    8.975862068965518e-06,
    9.317241379310346e-06,
    9.658620689655173e-06,
    1e-05
  ],
  "samples": 500,
  "sequence_length": 50000,
  "seeds": [
    1001364089,
    2067616851,
    546311643,
    1643254646,
    1451847663,
    593727921,
    1145567145,
    2097789180,
    200271172,
    461568591,
    198526255,
    2080283544,
    1639583974,
    1866859461,
    1953894031,
    339323566,
    1047791055,
    1724234421,
    156300372,
    932245451,
    230212620,
    1937500114,
    1489425851,
    1422744143,
    1960269951,
    1486773221,
    397144893,
    973431082,
    388027711,
    1852757055,
    1372256863,
    1874867542,
    1700168676,
    136748805,
    668528912,
    1484681181,
    1258513322,
    1199113332,
    1366263751,
    272558352,
    1164467452,
    1413543469,
    957438046,
    747074058,
    112526680,
    1856452526,
    1825106139,
    2017385354,
    2122201920,
    1021331994
  ]
}