{
  "mode": "branch",
  "rep": 1197,
  "ne": 10000,
  "r": [
    1e-08,
    1e-08,
    1.820689655172414e-07,
    1.820689655172414e-07,
    3.541379310344828e-07,
    3.541379310344828e-07,
    5.262068965517242e-07,
    5.262068965517242e-07,
    6.982758620689656e-07,
    6.982758620689656e-07,
    8.70344827586207e-07,
    8.70344827586207e-07,
    1.0424137931034483e-06,
    1.0424137931034483e-06,
    1.2144827586206895e-06,
    1.2144827586206895e-06,
    1.386551724137931e-06,
    1.386551724137931e-06,
    1.5586206896551725e-06,
    1.5586206896551725e-06,
    1.7306896551724138e-06,
    1.7306896551724138e-06,
    1.9027586206896551e-06,
    1.9027586206896551e-06,
    2.0748275862068966e-06,
    2.0748275862068966e-06,
    2.246896551724138e-06,
    2.246896551724138e-06,
    2.418965517241379e-06,
    2.418965517241379e-06,
    2.5910344827586207e-06,
    2.5910344827586207e-06,
    2.763103448275862e-06,
    2.763103448275862e-06,
    2.9351724137931037e-06,
    2.9351724137931037e-06,
    3.107241379310345e-06,
    3.107241379310345e-06,
    3.2793103448275863e-06,
    3.2793103448275863e-06,
    3.4513793103448278e-06,
    3.6234482758620693e-06,
    3.7955172413793103e-06,
    3.967586206896552e-06,
    4.139655172413793e-06,
    4.311724137931034e-06,
    4.483793103448276e-06,
    4.655862068965517e-06,
    4.8279310344827585e-06,
    5e-06
  ],
  "mu": 0,
  "samples": 250,
  "sequence_length": 1000,
  "seeds": [
    344558680,
    1480016454,
    1643269004,
    1488789328,
    36467324,
    1757439383,
    1292005540,
    770014674,
    1339316992,
    1158147453,
    36822385,
    471403408,
    78984753,
    634562836,
    554687831,
    1348990192,
    292383037,
    1822102343,
    1916407815,
    1991387738,
    138765905,
    243073597,
    234347120,
    777334138,
    694487624,
    878574915,
    1929185067,
    705696917,
    1183868777,
    1143187386,
    418902499,
    1040430240,
    1405635517,
    1407337225,
    176791523,
    518822983,
    1663671588,
    1844158641,
    798744135,
    2103856590,
    1710899458,
    1193602928,
    239618254,
    341255938,
    2037176509,
    730998604,
    1695853771,
    1023524976,
    1683073856,
    1871803866
  ]
}