{
  "mode": "branch",
  "rep": 1143,
  "ne": 10000,
  "r": [
    1e-08,
    1e-08,
    1.820689655172414e-07,
    1.820689655172414e-07,
    3.541379310344828e-07,
    3.541379310344828e-07,
    5.262068965517242e-07,
    5.262068965517242e-07,
    6.982758620689656e-07,
    6.982758620689656e-07,
    8.70344827586207e-07,
    8.70344827586207e-07,
    1.0424137931034483e-06,
    1.0424137931034483e-06,
    1.2144827586206895e-06,
    1.2144827586206895e-06,
    1.386551724137931e-06,
    1.386551724137931e-06,
    1.5586206896551725e-06,
    1.5586206896551725e-06,
    1.7306896551724138e-06,
    1.7306896551724138e-06,
    1.9027586206896551e-06,
    1.9027586206896551e-06,
    2.0748275862068966e-06,
    2.0748275862068966e-06,
    2.246896551724138e-06,
    2.246896551724138e-06,
    2.418965517241379e-06,
    2.418965517241379e-06,
    2.5910344827586207e-06,
    2.5910344827586207e-06,
    2.763103448275862e-06,
    2.763103448275862e-06,
    2.9351724137931037e-06,
    2.9351724137931037e-06,
    3.107241379310345e-06,
    3.107241379310345e-06,
    3.2793103448275863e-06,
    3.2793103448275863e-06,
    3.4513793103448278e-06,
    3.6234482758620693e-06,
    3.7955172413793103e-06,
    3.967586206896552e-06,
    4.139655172413793e-06,
    4.311724137931034e-06,
    4.483793103448276e-06,
    4.655862068965517e-06,
    4.8279310344827585e-06,
    5e-06
  ],
  "mu": 0,
  "samples": 250,
  "sequence_length": 1000,
  "seeds": [
    463225566,
    1519606645,
    1511846145,
    1986590553,
    67219965,
    881328402,
    1700521233,
    1409774528,
    1069661189,
    580464188,
    1525398132,
    966362830,
    584094218,
    1362098622,
    317256213,
    1430541896,
    221516053,
    2113108576,
    832510128,
    1088180439,
    60524975,
    2023256539,
    1484216560,
    994183544,
    1034380542,
    687578809,
    413266575,
    1689318574,
    909297699,
    1883718505,
    866419011,
    916053503,
    2121926581,
    622912369,
    1594030699,
    1876255174,
    1212057688,
    681978922,
    2077528268,
    806626430,
    412927958,
    166491145,
    776956809,
    1340149050,
    767675942,
    59078658,
    1272490673,
    129989540,
    2067579106,
    112850708
  ]
}