{
  "mode": "site",
  "rep": 409,
  "ne": 10000,
  "r": 1e-05,
  "mu": [
    1e-07,
    1e-07,
    4.413793103448276e-07,
    4.413793103448276e-07,
    7.827586206896552e-07,
    7.827586206896552e-07,
    1.1241379310344827e-06,
    1.1241379310344827e-06,
    1.4655172413793102e-06,
    1.4655172413793102e-06,
    1.8068965517241377e-06,
    1.8068965517241377e-06,
    2.1482758620689656e-06,
    2.1482758620689656e-06,
    2.489655172413793e-06,
    2.489655172413793e-06,
    2.8310344827586205e-06,
    2.8310344827586205e-06,
    3.172413793103448e-06,
    3.172413793103448e-06,
    3.5137931034482755e-06,
    3.855172413793104e-06,
    4.196551724137931e-06,
    4.537931034482759e-06,
    4.879310344827586e-06,
    5.220689655172414e-06,
    5.562068965517241e-06,
    5.903448275862069e-06,
    6.244827586206896e-06,
    6.5862068965517236e-06,
    6.927586206896551e-06,
    6.927586206896551e-06,
    7.268965517241379e-06,
    7.268965517241379e-06,
    7.610344827586207e-06,
    7.610344827586207e-06,
    7.951724137931034e-06,
    7.951724137931034e-06,
    8.293103448275863e-06,
    8.293103448275863e-06,
    8.634482758620691e-06,
    8.634482758620691e-06,
    8.975862068965518e-06,
    8.975862068965518e-06,
    9.317241379310346e-06,
    9.317241379310346e-06,
    9.658620689655173e-06,
    9.658620689655173e-06,
    1e-05,
    1e-05
  ],
  "samples": 500,
  "sequence_length": 50000,
  "seeds": [
    1423698762,
    81568549,
    167060721,
    177015736,
    609383574,
    155380361,
    1304412527,
    1930414278,
    301028134,
    1921071963,
    890411355,
    784437888,
    646313901,
    496800510,
    1973345778,
    1248434657,
    483727936,
    1825721764,
    1716488874,
    1225827428,
    2055974628,
    1592917261,
    175375965,
    56038434,
    592433877,
    349115736,
    2055804135,
    444838782,
    1357464654,
    1327250349,
    267724319,
    1464080604,
    1982279385,
    791773300,
    1193841511,
    2106672733,
    1022520640,
    442893351,
    1348786685,
    1460932476,
    543438761,
    1155815114,
    116472497,
    181607943,
    1468345582,
    598300685,
    1276952638,
    255962458,
    1771461101,
    515148348
  ]
}