{
  "mode": "branch",
  "rep": 1094,
  "ne": 10000,
  "r": [
    1e-08,
    1.820689655172414e-07,
    3.541379310344828e-07,
    5.262068965517242e-07,
    6.982758620689656e-07,
    8.70344827586207e-07,
    1.0424137931034483e-06,
    1.2144827586206895e-06,
    1.386551724137931e-06,
    1.5586206896551725e-06,
    1.7306896551724138e-06,
    1.7306896551724138e-06,
    1.9027586206896551e-06,
    1.9027586206896551e-06,
    2.0748275862068966e-06,
    2.0748275862068966e-06,
    2.246896551724138e-06,
    2.246896551724138e-06,
    2.418965517241379e-06,
    2.418965517241379e-06,
    2.5910344827586207e-06,
    2.5910344827586207e-06,
    2.763103448275862e-06,
    2.763103448275862e-06,
    2.9351724137931037e-06,
    2.9351724137931037e-06,
    3.107241379310345e-06,
    3.107241379310345e-06,
    3.2793103448275863e-06,
    3.2793103448275863e-06,
    3.4513793103448278e-06,
    3.4513793103448278e-06,
    3.6234482758620693e-06,
    3.6234482758620693e-06,
    3.7955172413793103e-06,
    3.7955172413793103e-06,
    3.967586206896552e-06,
    3.967586206896552e-06,
    4.139655172413793e-06,
    4.139655172413793e-06,
    4.311724137931034e-06,
    4.311724137931034e-06,
    4.483793103448276e-06,
    4.483793103448276e-06,
    4.655862068965517e-06,
    4.655862068965517e-06,
    4.8279310344827585e-06,
    4.8279310344827585e-06,
    5e-06,
    5e-06
  ],
  "mu": 0,
  "samples": 250,
  "sequence_length": 1000,
  "seeds": [
    914929682,
    1808241973,
    367212223,
    893623382,
    1929261418,
    270151218,
    976187545,
    1781107607,
    127441002,
    1473470979,
    724899755,
    1143085657,
    925686673,
    519031191,
    2104068884,
    1530214501,
    1257001490,
    402331693,
    397079608,
    955315568,
    1210855241,
    1366679294,
    886956097,
    1571245423,
    368939930,
    1044507170,
    1767469501,
    1104998895,
    374405422,
    1304857754,
    97932659,
    1460775076,
    872116440,
    2134625793,
    2120345347,
    828894507,
    634272765,
    705321345,
    23250082,
    1545900422,
    601951445,
    643687596,
    1802018449,
    1827659098,
    125122224,
    146102452,
    1843618608,
    1703467941,
    1436108017,
    127453909
  ]
}