{
  "mode": "branch",
  "rep": 628,
  "ne": 10000,
  "r": [
    1e-08,
    1e-08,
    1.820689655172414e-07,
    1.820689655172414e-07,
    3.541379310344828e-07,
    3.541379310344828e-07,
    5.262068965517242e-07,
    5.262068965517242e-07,
    6.982758620689656e-07,
    6.982758620689656e-07,
    8.70344827586207e-07,
    8.70344827586207e-07,
    1.0424137931034483e-06,
    1.0424137931034483e-06,
    1.2144827586206895e-06,
    1.2144827586206895e-06,
    1.386551724137931e-06,
    1.386551724137931e-06,
    1.5586206896551725e-06,
    1.5586206896551725e-06,
    1.7306896551724138e-06,
    1.9027586206896551e-06,
    2.0748275862068966e-06,
    2.246896551724138e-06,
    2.418965517241379e-06,
    2.5910344827586207e-06,
    2.763103448275862e-06,
    2.9351724137931037e-06,
    3.107241379310345e-06,
    3.2793103448275863e-06,
    3.4513793103448278e-06,
    3.4513793103448278e-06,
    3.6234482758620693e-06,
    3.6234482758620693e-06,
    3.7955172413793103e-06,
    3.7955172413793103e-06,
    3.967586206896552e-06,
    3.967586206896552e-06,
    4.139655172413793e-06,
    4.139655172413793e-06,
    4.311724137931034e-06,
    4.311724137931034e-06,
    4.483793103448276e-06,
    4.483793103448276e-06,
    4.655862068965517e-06,
    4.655862068965517e-06,
    4.8279310344827585e-06,
    4.8279310344827585e-06,
    5e-06,
    5e-06
  ],
  "mu": 0,
  "samples": 250,
  "sequence_length": 1000,
  "seeds": [
    1988513780,
    17748346,
    1417550882,
    737822953,
    313083098,
    1660635856,
    1382366412,
    577452323,
    1946052676,
    819544433,
    883891177,
    1565267763,
    1827618797,
    1975630386,
    592159375,
    2137862861,
    2020070480,
    451657427,
    353812598,
    1599198039,
    637858154,
    1955994044,
    867284226,
    2118036836,
    1368234436,
    470780119,
    1058790833,
    1055035642,
    1463285523,
    1976702027,
    1442127374,
    1415209245,
    1116170546,
    957587815,
    1417207290,
    540895597,
    1269957349,
    1464247942,
    1098358149,
    73864829,
    1459097045,
    118558686,
    1096500744,
    2129406128,
    1271079026,
    1576610005,
    1538023834,
    619509934,
    1975431261,
    226663416
  ]
}