{
  "mode": "branch",
  "rep": 612,
  "ne": 10000,
  "r": [
    1e-08,
    1e-08,
    1.820689655172414e-07,
    1.820689655172414e-07,
    3.541379310344828e-07,
    3.541379310344828e-07,
    5.262068965517242e-07,
    5.262068965517242e-07,
    6.982758620689656e-07,
    6.982758620689656e-07,
    8.70344827586207e-07,
    8.70344827586207e-07,
    1.0424137931034483e-06,
    1.0424137931034483e-06,
    1.2144827586206895e-06,
    1.2144827586206895e-06,
    1.386551724137931e-06,
    1.386551724137931e-06,
    1.5586206896551725e-06,
    1.5586206896551725e-06,
    1.7306896551724138e-06,
    1.7306896551724138e-06,
    1.9027586206896551e-06,
    1.9027586206896551e-06,
    2.0748275862068966e-06,
    2.0748275862068966e-06,
    2.246896551724138e-06,
    2.246896551724138e-06,
    2.418965517241379e-06,
    2.418965517241379e-06,
    2.5910344827586207e-06,
    2.5910344827586207e-06,
    2.763103448275862e-06,
    2.763103448275862e-06,
    2.9351724137931037e-06,
    2.9351724137931037e-06,
    3.107241379310345e-06,
    3.107241379310345e-06,
    3.2793103448275863e-06,
    3.2793103448275863e-06,
    3.4513793103448278e-06,
    3.6234482758620693e-06,
    3.7955172413793103e-06,
    3.967586206896552e-06,
    4.139655172413793e-06,
    4.311724137931034e-06,
    4.483793103448276e-06,
    4.655862068965517e-06,
    4.8279310344827585e-06,
    5e-06
  ],
  "mu": 0,
  "samples": 250,
  "sequence_length": 1000,
  "seeds": [
    1109688740,
    676490445,
    1738274472,
    1399233962,
    1981578758,
    1394788278,
    990086678,
    155792098,
    785773138,
    2093363594,
    1079561598,
    607964560,
    581367416,
    854732253,
    361654804,
    490568653,
    43200869,
    1541546710,
    1464026274,
    2105881339,
    1427715079,
    1907084962,
    478044115,
    1309663275,
    1878949593,
    1535666407,
    1143940178,
    1951945795,
    1595208151,
    1842780499,
    395705469,
    821483040,
    1478566910,
    1438925755,
    1081570578,
    235220212,
    641602041,
    1352946516,
    810392865,
    1452459420,
    231469055,
    1950442822,
    1181417047,
    340390484,
    813738411,
    1848576986,
    823780237,
    1873530830,
    1533255351,
    1556906121
  ]
}