{
  "mode": "site",
  "rep": 194,
  "ne": 10000,
  "r": 1e-05,
  "mu": [
    1e-07,
    4.413793103448276e-07,
    7.827586206896552e-07,
    1.1241379310344827e-06,
    1.4655172413793102e-06,
    1.8068965517241377e-06,
    2.1482758620689656e-06,
    2.489655172413793e-06,
    2.8310344827586205e-06,
    3.172413793103448e-06,
    3.5137931034482755e-06,
    3.5137931034482755e-06,
    3.855172413793104e-06,
    3.855172413793104e-06,
    4.196551724137931e-06,
    4.196551724137931e-06,
    4.537931034482759e-06,
    4.537931034482759e-06,
    4.879310344827586e-06,
    4.879310344827586e-06,
    5.220689655172414e-06,
    5.220689655172414e-06,
    5.562068965517241e-06,
    5.562068965517241e-06,
    5.903448275862069e-06,
    5.903448275862069e-06,
    6.244827586206896e-06,
    6.244827586206896e-06,
    6.5862068965517236e-06,
    6.5862068965517236e-06,
    6.927586206896551e-06,
    6.927586206896551e-06,
    7.268965517241379e-06,
    7.268965517241379e-06,
    7.610344827586207e-06,
    7.610344827586207e-06,
    7.951724137931034e-06,
    7.951724137931034e-06,
    8.293103448275863e-06,
    8.293103448275863e-06,
    8.634482758620691e-06,
    8.634482758620691e-06,
    8.975862068965518e-06,
    8.975862068965518e-06,
    9.317241379310346e-06,
    9.317241379310346e-06,
    9.658620689655173e-06,
    9.658620689655173e-06,
    1e-05,
    1e-05
  ],
  "samples": 500,
  "sequence_length": 50000,
  "seeds": [
    712146802,
    661005905,
    314519132,
    1818058607,
    1979076124,
    887785741,
    342187399,
    1466925916,
    1056969967,
    401278232,
    1337145993,
    1312035557,
    1007382159,
    741819021,
    1028764440,
    1008166262,
    603916919,
    1788925613,
    659368118,
    1062627121,
    1484191842,
    394562507,
    2047715238,
    180510171,
    118167894,
    2052075045,
    1170720717,
    1668998986,
    355347849,
    1458790383,
    1977875819,
    1109665584,
    1882023095,
    976996767,
    1697110159,
    1927065937,
    292300074,
    1052488060,
    1082541917,
    735127585,
    998788764,
    1222060378,
    1596761524,
    1651130608,
    1769883812,
    1990584408,
    1016180916,
    1389020961,
    1247600609,
    1866644916
  ]
}