{
  "mode": "branch",
  "rep": 893,
  "ne": 10000,
  "r": [
    1e-08,
    1.820689655172414e-07,
    3.541379310344828e-07,
    5.262068965517242e-07,
    6.982758620689656e-07,
    8.70344827586207e-07,
    1.0424137931034483e-06,
    1.2144827586206895e-06,
    1.386551724137931e-06,
    1.5586206896551725e-06,
    1.7306896551724138e-06,
    1.7306896551724138e-06,
    1.9027586206896551e-06,
    1.9027586206896551e-06,
    2.0748275862068966e-06,
    2.0748275862068966e-06,
    2.246896551724138e-06,
    2.246896551724138e-06,
    2.418965517241379e-06,
    2.418965517241379e-06,
    2.5910344827586207e-06,
    2.5910344827586207e-06,
    2.763103448275862e-06,
    2.763103448275862e-06,
    2.9351724137931037e-06,
    2.9351724137931037e-06,
    3.107241379310345e-06,
    3.107241379310345e-06,
    3.2793103448275863e-06,
    3.2793103448275863e-06,
    3.4513793103448278e-06,
    3.4513793103448278e-06,
    3.6234482758620693e-06,
    3.6234482758620693e-06,
    3.7955172413793103e-06,
    3.7955172413793103e-06,
    3.967586206896552e-06,
    3.967586206896552e-06,
    4.139655172413793e-06,
    4.139655172413793e-06,
    4.311724137931034e-06,
    4.311724137931034e-06,
    4.483793103448276e-06,
    4.483793103448276e-06,
    4.655862068965517e-06,
    4.655862068965517e-06,
    4.8279310344827585e-06,
    4.8279310344827585e-06,
    5e-06,
    5e-06
  ],
  "mu": 0,
  "samples": 250,
  "sequence_length": 1000,
  "seeds": [
    1935648855,
    2055779972,
    318534282,
    66920640,
    1440837807,
    5191538,
    1873119014,
    549062826,
    289731500,
    2000380098,
    1035685154,
    1868494386,
    108572680,
    1079787703,
    954955026,
    1055577375,
    119324709,
    923419117,
    1777064353,
    1063604648,
    1252256466,
    1477284197,
    1475926032,
    1644422049,
    23218918,
    1008679097,
    314378101,
    195720138,
    1388067330,
    968832283,
    1974065,
    1205228007,
    44916754,
    1300428395,
    820850043,
    1559212843,
    1340192987,
    1045911625,
    2001100831,
    1500346708,
    1007946186,
    186192631,
    60941530,
    2005145757,
    846289263,
    1132782600,
    1821238071,
    1373782482,
    1522812903,
    136001159
  ]
}