{
  "mode": "site",
  "rep": 181,
  "ne": 10000,
  "r": 1e-05,
  "mu": [
    1e-07,
    1e-07,
    4.413793103448276e-07,
    4.413793103448276e-07,
    7.827586206896552e-07,
    7.827586206896552e-07,
    1.1241379310344827e-06,
    1.1241379310344827e-06,
    1.4655172413793102e-06,
    1.4655172413793102e-06,
    1.8068965517241377e-06,
    1.8068965517241377e-06,
    2.1482758620689656e-06,
    2.1482758620689656e-06,
    2.489655172413793e-06,
    2.489655172413793e-06,
    2.8310344827586205e-06,
    2.8310344827586205e-06,
    3.172413793103448e-06,
    3.172413793103448e-06,
    3.5137931034482755e-06,
    3.855172413793104e-06,
    4.196551724137931e-06,
    4.537931034482759e-06,
    4.879310344827586e-06,
    5.220689655172414e-06,
    5.562068965517241e-06,
    5.903448275862069e-06,
    6.244827586206896e-06,
    6.5862068965517236e-06,
    6.927586206896551e-06,
    6.927586206896551e-06,
    7.268965517241379e-06,
    7.268965517241379e-06,
    7.610344827586207e-06,
    7.610344827586207e-06,
    7.951724137931034e-06,
    7.951724137931034e-06,
    8.293103448275863e-06,
    8.293103448275863e-06,
    8.634482758620691e-06,
    8.634482758620691e-06,
    8.975862068965518e-06,
    8.975862068965518e-06,
    9.317241379310346e-06,
    9.317241379310346e-06,
    9.658620689655173e-06,
    9.658620689655173e-06,
    1e-05,
    1e-05
  ],
  "samples": 500,
  "sequence_length": 10000,
  "seeds": [
    447932488,
    1221088825,
    1358466402,
    1101924345,
    1541168357,
    709943046,
    1170383184,
    79880457,
    312152270,
    31425589,
    2048103605,
    11022395,
    165132028,
    242430644,
    1724486364,
    1055058735,
    1231723627,
    359864324,
    966041454,
    303775613,
    1186190109,
    1905530802,
    547310613,
    1944711269,
    493884990,
    1093487289,
    1189637354,
    639885799,
    1025161747,
    730133664,
    273518289,
    163472135,
    1646321102,
    1642593655,
    613164851,
    2079920736,
    1570085947,
    737827945,
    1767739705,
    77052779,
    756816556,
    1754133851,
    576787432,
    1912673673,
    1101321036,
    1102173811,
    1908154892,
    1648045961,
    455958145,
    1189244422
  ]
}