{
  "mode": "site",
  "rep": 197,
  "ne": 10000,
  "r": 1e-05,
  "mu": [
    1e-07,
    4.413793103448276e-07,
    7.827586206896552e-07,
    1.1241379310344827e-06,
    1.4655172413793102e-06,
    1.8068965517241377e-06,
    2.1482758620689656e-06,
    2.489655172413793e-06,
    2.8310344827586205e-06,
    3.172413793103448e-06,
    3.5137931034482755e-06,
    3.5137931034482755e-06,
    3.855172413793104e-06,
    3.855172413793104e-06,
    4.196551724137931e-06,
    4.196551724137931e-06,
    4.537931034482759e-06,
    4.537931034482759e-06,
    4.879310344827586e-06,
    4.879310344827586e-06,
    5.220689655172414e-06,
    5.220689655172414e-06,
    5.562068965517241e-06,
    5.562068965517241e-06,
    5.903448275862069e-06,
    5.903448275862069e-06,
    6.244827586206896e-06,
    6.244827586206896e-06,
    6.5862068965517236e-06,
    6.5862068965517236e-06,
    6.927586206896551e-06,
    6.927586206896551e-06,
    7.268965517241379e-06,
    7.268965517241379e-06,
    7.610344827586207e-06,
    7.610344827586207e-06,
    7.951724137931034e-06,
    7.951724137931034e-06,
    8.293103448275863e-06,
    8.293103448275863e-06,
    8.634482758620691e-06,
    8.634482758620691e-06,
    8.975862068965518e-06,
    8.975862068965518e-06,
    9.317241379310346e-06,
    9.317241379310346e-06,
    9.658620689655173e-06,
    9.658620689655173e-06,
    1e-05,
    1e-05
  ],
  "samples": 500,
  "sequence_length": 50000,
  "seeds": [
    614981023,
    1695238451,
    358303825,
    436026023,
    1129131532,
    951000533,
    1189694956,
    1908569558,
    508079032,
    338020400,
    751120774,
    569980211,
    1924105902,
    1701814119,
    2047235576,
    1951985288,
    1174518368,
    1014862804,
    203667084,
    600020968,
    947504173,
    1563632982,
    1821633987,
    675022873,
    1184278686,
    1979758497,
    1972632861,
    169851240,
    1404564336,
    62802406,
    1617509604,
    321972357,
    1140675334,
    1399710706,
    633304874,
    349501798,
    2073426420,
    1244574201,
    1398079760,
    757667491,
    522873538,
    534089720,
    1084568536,
    1456644134,
    1070566509,
    1744270242,
    784606853,
    1147760938,
    1039404358,
    773186658
  ]
}