{
  "mode": "site",
  "rep": 160,
  "ne": 10000,
  "r": 1e-05,
  "mu": [
    1e-07,
    1e-07,
    4.413793103448276e-07,
    4.413793103448276e-07,
    7.827586206896552e-07,
    7.827586206896552e-07,
    1.1241379310344827e-06,
    1.1241379310344827e-06,
    1.4655172413793102e-06,
    1.4655172413793102e-06,
    1.8068965517241377e-06,
    1.8068965517241377e-06,
    2.1482758620689656e-06,
    2.1482758620689656e-06,
    2.489655172413793e-06,
    2.489655172413793e-06,
    2.8310344827586205e-06,
    2.8310344827586205e-06,
    3.172413793103448e-06,
    3.172413793103448e-06,
    3.5137931034482755e-06,
    3.855172413793104e-06,
    4.196551724137931e-06,
    4.537931034482759e-06,
    4.879310344827586e-06,
    5.220689655172414e-06,
    5.562068965517241e-06,
    5.903448275862069e-06,
    6.244827586206896e-06,
    6.5862068965517236e-06,
    6.927586206896551e-06,
    6.927586206896551e-06,
    7.268965517241379e-06,
    7.268965517241379e-06,
    7.610344827586207e-06,
    7.610344827586207e-06,
    7.951724137931034e-06,
    7.951724137931034e-06,
    8.293103448275863e-06,
    8.293103448275863e-06,
    8.634482758620691e-06,
    8.634482758620691e-06,
    8.975862068965518e-06,
    8.975862068965518e-06,
    9.317241379310346e-06,
    9.317241379310346e-06,
    9.658620689655173e-06,
    9.658620689655173e-06,
    1e-05,
    1e-05
  ],
  "samples": 500,
  "sequence_length": 10000,
  "seeds": [
    1913214144,
    954878830,
    264099335,
    1801686511,
    845049774,
    1882596967,
    1373750662,
    1723426815,
    290370151,
    690248827,
    609787246,
    550203605,
    1278645224,
    1715587058,
    1744376209,
    853772334,
    302327645,
    490388249,
    235429253,
    827122994,
    1852068621,
    1291677319,
    2008871961,
    1527437173,
    571969288,
    798525970,
    991604590,
    1664490511,
    639401477,
    745091943,
    1721302459,
    495044998,
    113254763,
    396762069,
    2048557286,
    794615293,
    1538347144,
    747554053,
    851510344,
    13416304,
    1019499738,
    199373503,
    1668656744,
    1716362244,
    1584949965,
    1545771563,
    1546927066,
    200043724,
    953999486,
    1642400307
  ]
}