{
  "mode": "site",
  "rep": 511,
  "ne": 10000,
  "r": 1e-05,
  "mu": [
    1e-07,
    1e-07,
    4.413793103448276e-07,
    4.413793103448276e-07,
    7.827586206896552e-07,
    7.827586206896552e-07,
    1.1241379310344827e-06,
    1.1241379310344827e-06,
    1.4655172413793102e-06,
    1.4655172413793102e-06,
    1.8068965517241377e-06,
    1.8068965517241377e-06,
    2.1482758620689656e-06,
    2.1482758620689656e-06,
    2.489655172413793e-06,
    2.489655172413793e-06,
    2.8310344827586205e-06,
    2.8310344827586205e-06,
    3.172413793103448e-06,
    3.172413793103448e-06,
    3.5137931034482755e-06,
    3.855172413793104e-06,
    4.196551724137931e-06,
    4.537931034482759e-06,
    4.879310344827586e-06,
    5.220689655172414e-06,
    5.562068965517241e-06,
    5.903448275862069e-06,
    6.244827586206896e-06,
    6.5862068965517236e-06,
    6.927586206896551e-06,
    6.927586206896551e-06,
    7.268965517241379e-06,
    7.268965517241379e-06,
    7.610344827586207e-06,
    7.610344827586207e-06,
    7.951724137931034e-06,
    7.951724137931034e-06,
    8.293103448275863e-06,
    8.293103448275863e-06,
    8.634482758620691e-06,
    8.634482758620691e-06,
    8.975862068965518e-06,
    8.975862068965518e-06,
    9.317241379310346e-06,
    9.317241379310346e-06,
    9.658620689655173e-06,
    9.658620689655173e-06,
    1e-05,
    1e-05
  ],
  "samples": 500,
  "sequence_length": 10000,
  "seeds": [
    239508789,
    84518622,
    1044899182,
    1167384151,
    110101379,
    1764051107,
    2005130215,
    692851964,
    1957217249,
    1183833020,
    1318289341,
    191254170,
    1333990317,
    1412507720,
    1676986349,
    228290131,
    2021292622,
    1609315078,
    1362110151,
    1426491307,
    1165467413,
    1375304210,
    528413247,
    183397749,
    952278363,
    172069906,
    770476604,
    242319201,
    1759925140,
    2044588908,
    2079236905,
    876506321,
    2083241323,
    1778512752,
    101958788,
    41720207,
    2048350440,
    95032815,
    624481184,
    723609982,
    789356454,
    431978876,
    1383668378,
    1662391448,
    435018160,
    696944401,
    1803897527,
    690453030,
    1667682221,
    2121408568
  ]
}