{
  "mode": "branch",
  "rep": 906,
  "ne": 10000,
  "r": [
    1e-08,
    1e-08,
    1.820689655172414e-07,
    1.820689655172414e-07,
    3.541379310344828e-07,
    3.541379310344828e-07,
    5.262068965517242e-07,
    5.262068965517242e-07,
    6.982758620689656e-07,
    6.982758620689656e-07,
    8.70344827586207e-07,
    8.70344827586207e-07,
    1.0424137931034483e-06,
    1.0424137931034483e-06,
    1.2144827586206895e-06,
    1.2144827586206895e-06,
    1.386551724137931e-06,
    1.386551724137931e-06,
    1.5586206896551725e-06,
    1.5586206896551725e-06,
    1.7306896551724138e-06,
    1.7306896551724138e-06,
    1.9027586206896551e-06,
    1.9027586206896551e-06,
    2.0748275862068966e-06,
    2.0748275862068966e-06,
    2.246896551724138e-06,
    2.246896551724138e-06,
    2.418965517241379e-06,
    2.418965517241379e-06,
    2.5910344827586207e-06,
    2.5910344827586207e-06,
    2.763103448275862e-06,
    2.763103448275862e-06,
    2.9351724137931037e-06,
    2.9351724137931037e-06,
    3.107241379310345e-06,
    3.107241379310345e-06,
    3.2793103448275863e-06,
    3.2793103448275863e-06,
    3.4513793103448278e-06,
    3.6234482758620693e-06,
    3.7955172413793103e-06,
    3.967586206896552e-06,
    4.139655172413793e-06,
    4.311724137931034e-06,
    4.483793103448276e-06,
    4.655862068965517e-06,
    4.8279310344827585e-06,
    5e-06
  ],
  "mu": 0,
  "samples": 250,
  "sequence_length": 1000,
  "seeds": [
    803074917,
    728625175,
    1426647740,
    53185584,
    1831770230,
    904963910,
    1569964964,
    1616874416,
    461355436,
    1050513307,
    1020471901,
    1655736251,
    83474929,
    1443078258,
    853488506,
    513360085,
    785256395,
    2043883355,
    711728798,
    1921351128,
    1395789905,
    1812580778,
    1564085242,
    125271684,
    1681410951,
    1787935201,
    1132394897,
    164150296,
    1459038482,
    2081597165,
    876799123,
    715744102,
    1023405121,
    908563291,
    922048898,
    1846383127,
    2122180076,
    1736465814,
    1950677271,
    1394553510,
    218021775,
    1028934843,
    1260378076,
    584934412,
    319771045,
    1402947282,
    247556242,
    500894046,
    1364944540,
    2075269150
  ]
}