{
  "mode": "site",
  "rep": 545,
  "ne": 10000,
  "r": 1e-05,
  "mu": [
    1e-07,
    4.413793103448276e-07,
    7.827586206896552e-07,
    1.1241379310344827e-06,
    1.4655172413793102e-06,
    1.8068965517241377e-06,
    2.1482758620689656e-06,
    2.489655172413793e-06,
    2.8310344827586205e-06,
    3.172413793103448e-06,
    3.5137931034482755e-06,
    3.5137931034482755e-06,
    3.855172413793104e-06,
    3.855172413793104e-06,
    4.196551724137931e-06,
    4.196551724137931e-06,
    4.537931034482759e-06,
    4.537931034482759e-06,
    4.879310344827586e-06,
    4.879310344827586e-06,
    5.220689655172414e-06,
    5.220689655172414e-06,
    5.562068965517241e-06,
    5.562068965517241e-06,
    5.903448275862069e-06,
    5.903448275862069e-06,
    6.244827586206896e-06,
    6.244827586206896e-06,
    6.5862068965517236e-06,
    6.5862068965517236e-06,
    6.927586206896551e-06,
    6.927586206896551e-06,
    7.268965517241379e-06,
    7.268965517241379e-06,
    7.610344827586207e-06,
    7.610344827586207e-06,
    7.951724137931034e-06,
    7.951724137931034e-06,
    8.293103448275863e-06,
    8.293103448275863e-06,
    8.634482758620691e-06,
    8.634482758620691e-06,
    8.975862068965518e-06,
    8.975862068965518e-06,
    9.317241379310346e-06,
    9.317241379310346e-06,
    9.658620689655173e-06,
    9.658620689655173e-06,
    1e-05,
    1e-05
  ],
  "samples": 500,
  "sequence_length": 50000,
  "seeds": [
    1622217213,
    1025403647,
    39360141,
    1303349533,
    1935581132,
    2054603976,
    1006729932,
    2094208838,
    1693296404,
    839164372,
    488454096,
    701696995,
    1117103327,
    730893357,
    1990738463,
    2014630663,
    2053261898,
    523348274,
    1478058294,
    1363828237,
    206305617,
    1720835803,
    1697234074,
    141979579,
    1021545814,
    652836049,
    1034555143,
    1587806115,
    268539765,
    1854622907,
    322807595,
    2002437584,
    1833504436,
    780515373,
    113579421,
    2110469680,
    394474040,
    2022221818,
    1119534225,
    1594934808,
    46293312,
    1278245666,
    227964091,
    1830409954,
    1995641773,
    516579554,
    1607244950,
    1331603549,
    253989073,
    2096056038
  ]
}