{
  "mode": "site",
  "rep": 342,
  "ne": 10000,
  "r": 1e-05,
  "mu": [
    1e-07,
    1e-07,
    4.413793103448276e-07,
    4.413793103448276e-07,
    7.827586206896552e-07,
    7.827586206896552e-07,
    1.1241379310344827e-06,
    1.1241379310344827e-06,
    1.4655172413793102e-06,
    1.4655172413793102e-06,
    1.8068965517241377e-06,
    1.8068965517241377e-06,
    2.1482758620689656e-06,
    2.1482758620689656e-06,
    2.489655172413793e-06,
    2.489655172413793e-06,
    2.8310344827586205e-06,
    2.8310344827586205e-06,
    3.172413793103448e-06,
    3.172413793103448e-06,
    3.5137931034482755e-06,
    3.5137931034482755e-06,
    3.855172413793104e-06,
    3.855172413793104e-06,
    4.196551724137931e-06,
    4.196551724137931e-06,
    4.537931034482759e-06,
    4.537931034482759e-06,
    4.879310344827586e-06,
    4.879310344827586e-06,
    5.220689655172414e-06,
    5.220689655172414e-06,
    5.562068965517241e-06,
    5.562068965517241e-06,
    5.903448275862069e-06,
    5.903448275862069e-06,
    6.244827586206896e-06,
    6.244827586206896e-06,
    6.5862068965517236e-06,
    6.5862068965517236e-06,
    6.927586206896551e-06,
    7.268965517241379e-06,
    7.610344827586207e-06,
    7.951724137931034e-06,
    8.293103448275863e-06,
    8.634482758620691e-06,
    8.975862068965518e-06,
    9.317241379310346e-06,
    9.658620689655173e-06,
    1e-05
  ],
  "samples": 500,
  "sequence_length": 10000,
  "seeds": [
    1015977654,
    804640557,
    1280241517,
    913517646,
    132678904,
    873719979,
    1671725248,
    513918937,
    1059755817,
    1355456087,
    76826782,
    1891779228,
    1619359079,
    1789407416,
    1518188686,
    36603643,
    84146296,
    2032392065,
    509113882,
    13391038,
    1039121310,
    1433052434,
    552999739,
    1415381573,
    770558426,
    2147211769,
    201392225,
    1887602514,
    494648180,
    2075320391,
    1328432685,
    627276896,
    1882344044,
    884940472,
    1920291872,
    1245328309,
    887947962,
    137931481,
    147553524,
    2141865659,
    2141779040,
    1224981715,
    231068669,
    1597526445,
    505343902,
    1986009959,
    1700118079,
    164642332,
    1737511686,
    180736450
  ]
}