{
  "mode": "branch",
  "rep": 862,
  "ne": 10000,
  "r": [
    1e-08,
    1e-08,
    1.820689655172414e-07,
    1.820689655172414e-07,
    3.541379310344828e-07,
    3.541379310344828e-07,
    5.262068965517242e-07,
    5.262068965517242e-07,
    6.982758620689656e-07,
    6.982758620689656e-07,
    8.70344827586207e-07,
    8.70344827586207e-07,
    1.0424137931034483e-06,
    1.0424137931034483e-06,
    1.2144827586206895e-06,
    1.2144827586206895e-06,
    1.386551724137931e-06,
    1.386551724137931e-06,
    1.5586206896551725e-06,
    1.5586206896551725e-06,
    1.7306896551724138e-06,
    1.9027586206896551e-06,
    2.0748275862068966e-06,
    2.246896551724138e-06,
    2.418965517241379e-06,
    2.5910344827586207e-06,
    2.763103448275862e-06,
    2.9351724137931037e-06,
    3.107241379310345e-06,
    3.2793103448275863e-06,
    3.4513793103448278e-06,
    3.4513793103448278e-06,
    3.6234482758620693e-06,
    3.6234482758620693e-06,
    3.7955172413793103e-06,
    3.7955172413793103e-06,
    3.967586206896552e-06,
    3.967586206896552e-06,
    4.139655172413793e-06,
    4.139655172413793e-06,
    4.311724137931034e-06,
    4.311724137931034e-06,
    4.483793103448276e-06,
    4.483793103448276e-06,
    4.655862068965517e-06,
    4.655862068965517e-06,
    4.8279310344827585e-06,
    4.8279310344827585e-06,
    5e-06,
    5e-06
  ],
  "mu": 0,
  "samples": 250,
  "sequence_length": 1000,
  "seeds": [
    1196724543,
    870879230,
    162166587,
    131371159,
    1614436274,
    1390405276,
    903346192,
    1880906904,
    1779025718,
    1639505238,
    2018369881,
    1252173225,
    1876206689,
    1262440107,
    1285609814,
    1247747008,
    1053778197,
    39028989,
    734672720,
    15953371,
    352363424,
    1406472846,
    287515009,
    663264887,
    1341746776,
    450324737,
    1937669033,
    117810423,
    904702414,
    19360445,
    1864873535,
    670022062,
    850415003,
    216482349,
    493311182,
    1107764882,
    2065982784,
    562963201,
    2045794980,
    1438332847,
    2129061298,
    414694882,
    1717136474,
    719798474,
    1833315132,
    428148512,
    278299117,
    938809753,
    1212205861,
    1542618755
  ]
}