{
  "mode": "branch",
  "rep": 812,
  "ne": 10000,
  "r": [
    1e-08,
    1.820689655172414e-07,
    3.541379310344828e-07,
    5.262068965517242e-07,
    6.982758620689656e-07,
    8.70344827586207e-07,
    1.0424137931034483e-06,
    1.2144827586206895e-06,
    1.386551724137931e-06,
    1.5586206896551725e-06,
    1.7306896551724138e-06,
    1.7306896551724138e-06,
    1.9027586206896551e-06,
    1.9027586206896551e-06,
    2.0748275862068966e-06,
    2.0748275862068966e-06,
    2.246896551724138e-06,
    2.246896551724138e-06,
    2.418965517241379e-06,
    2.418965517241379e-06,
    2.5910344827586207e-06,
    2.5910344827586207e-06,
    2.763103448275862e-06,
    2.763103448275862e-06,
    2.9351724137931037e-06,
    2.9351724137931037e-06,
    3.107241379310345e-06,
    3.107241379310345e-06,
    3.2793103448275863e-06,
    3.2793103448275863e-06,
    3.4513793103448278e-06,
    3.4513793103448278e-06,
    3.6234482758620693e-06,
    3.6234482758620693e-06,
    3.7955172413793103e-06,
    3.7955172413793103e-06,
    3.967586206896552e-06,
    3.967586206896552e-06,
    4.139655172413793e-06,
    4.139655172413793e-06,
    4.311724137931034e-06,
    4.311724137931034e-06,
    4.483793103448276e-06,
    4.483793103448276e-06,
    4.655862068965517e-06,
    4.655862068965517e-06,
    4.8279310344827585e-06,
    4.8279310344827585e-06,
    5e-06,
    5e-06
  ],
  "mu": 0,
  "samples": 250,
  "sequence_length": 1000,
  "seeds": [
    1780986111,
    789596010,
    1006113769,
    410336969,
    595797245,
    1066154614,
    191015633,
    501798550,
    1843383559,
    597549167,
    166309012,
    1797981279,
    361108931,
    741326656,
    1502063785,
    1252244640,
    1386297445,
    639307193,
    117563807,
    1867299100,
    1027831802,
    1217078321,
    952304880,
    109954670,
    1170607108,
    2119892798,
    82158567,
    2044811445,
    45715321,
    1208770179,
    715728027,
    1793542539,
    485790333,
    93242083,
    1283040291,
    1257235976,
    1392940452,
    1633309332,
    1597538307,
    806834237,
    41187406,
    228326303,
    233378674,
    1354736259,
    443855622,
    81108597,
    1027035668,
    496400221,
    1733955856,
    2064386612
  ]
}