{
  "mode": "branch",
  "rep": 1126,
  "ne": 10000,
  "r": [
    1e-08,
    1e-08,
    1.820689655172414e-07,
    1.820689655172414e-07,
    3.541379310344828e-07,
    3.541379310344828e-07,
    5.262068965517242e-07,
    5.262068965517242e-07,
    6.982758620689656e-07,
    6.982758620689656e-07,
    8.70344827586207e-07,
    8.70344827586207e-07,
    1.0424137931034483e-06,
    1.0424137931034483e-06,
    1.2144827586206895e-06,
    1.2144827586206895e-06,
    1.386551724137931e-06,
    1.386551724137931e-06,
    1.5586206896551725e-06,
    1.5586206896551725e-06,
    1.7306896551724138e-06,
    1.9027586206896551e-06,
    2.0748275862068966e-06,
    2.246896551724138e-06,
    2.418965517241379e-06,
    2.5910344827586207e-06,
    2.763103448275862e-06,
    2.9351724137931037e-06,
    3.107241379310345e-06,
    3.2793103448275863e-06,
    3.4513793103448278e-06,
    3.4513793103448278e-06,
    3.6234482758620693e-06,
    3.6234482758620693e-06,
    3.7955172413793103e-06,
    3.7955172413793103e-06,
    3.967586206896552e-06,
    3.967586206896552e-06,
    4.139655172413793e-06,
    4.139655172413793e-06,
    4.311724137931034e-06,
    4.311724137931034e-06,
    4.483793103448276e-06,
    4.483793103448276e-06,
    4.655862068965517e-06,
    4.655862068965517e-06,
    4.8279310344827585e-06,
    4.8279310344827585e-06,
    5e-06,
    5e-06
  ],
  "mu": 0,
  "samples": 250,
  "sequence_length": 1000,
  "seeds": [
    485907344,
    992839138,
    46715912,
    1509555467,
    1247299926,
    1397446722,
    431947242,
    1705515112,
    387087053,
    916160711,
    1631891732,
    250697536,
    712093076,
    146189752,
    780315906,
    321454556,
    1939524983,
    187404694,
    2123587432,
    576271552,
    438962659,
    118012919,
    859486383,
    298953476,
    1571220235,
    90617983,
    1497259653,
    1662565663,
    1198871515,
    123759724,
    542399086,
    1257089688,
    388465563,
    26192042,
    1893321461,
    1960610235,
    2069839727,
    2004674773,
    1573063514,
    968511749,
    388816951,
    492726150,
    1999098593,
    1960451881,
    1362420591,
    475500983,
    897977855,
    1419542786,
    545590125,
    506830619
  ]
}