{
  "mode": "branch",
  "rep": 819,
  "ne": 10000,
  "r": [
    1e-08,
    1e-08,
    1.820689655172414e-07,
    1.820689655172414e-07,
    3.541379310344828e-07,
    3.541379310344828e-07,
    5.262068965517242e-07,
    5.262068965517242e-07,
    6.982758620689656e-07,
    6.982758620689656e-07,
    8.70344827586207e-07,
    8.70344827586207e-07,
    1.0424137931034483e-06,
    1.0424137931034483e-06,
    1.2144827586206895e-06,
    1.2144827586206895e-06,
    1.386551724137931e-06,
    1.386551724137931e-06,
    1.5586206896551725e-06,
    1.5586206896551725e-06,
    1.7306896551724138e-06,
    1.7306896551724138e-06,
    1.9027586206896551e-06,
    1.9027586206896551e-06,
    2.0748275862068966e-06,
    2.0748275862068966e-06,
    2.246896551724138e-06,
    2.246896551724138e-06,
    2.418965517241379e-06,
    2.418965517241379e-06,
    2.5910344827586207e-06,
    2.5910344827586207e-06,
    2.763103448275862e-06,
    2.763103448275862e-06,
    2.9351724137931037e-06,
    2.9351724137931037e-06,
    3.107241379310345e-06,
    3.107241379310345e-06,
    3.2793103448275863e-06,
    3.2793103448275863e-06,
    3.4513793103448278e-06,
    3.6234482758620693e-06,
    3.7955172413793103e-06,
    3.967586206896552e-06,
    4.139655172413793e-06,
    4.311724137931034e-06,
    4.483793103448276e-06,
    4.655862068965517e-06,
    4.8279310344827585e-06,
    5e-06
  ],
  "mu": 0,
  "samples": 250,
  "sequence_length": 1000,
  "seeds": [
    928355835,
    788490191,
    872421832,
    1633981625,
    1285901861,
    1715013618,
    385090505,
    1645793531,
    1128659636,
    249550450,
    1181040417,
    1610770553,
    819135077,
    2095642053,
    1191637935,
    525313241,
    1599807902,
    833066644,
    24533609,
    17370865,
    2136197355,
    1438877012,
    1529830342,
    599614348,
    795742481,
    279416929,
    513812340,
    659604573,
    458062998,
    259082318,
    1400094339,
    911304166,
    972900946,
    728510031,
    540865369,
    1809509547,
    1767409083,
    274184830,
    1218334803,
    2117962964,
    106515930,
    1561568693,
    194860077,
    166082622,
    131297636,
    1357254504,
    697029652,
    1060589102,
    244813341,
    1394027465
  ]
}