{
  "mode": "branch",
  "rep": 1051,
  "ne": 10000,
  "r": [
    1e-08,
    1e-08,
    1.820689655172414e-07,
    1.820689655172414e-07,
    3.541379310344828e-07,
    3.541379310344828e-07,
    5.262068965517242e-07,
    5.262068965517242e-07,
    6.982758620689656e-07,
    6.982758620689656e-07,
    8.70344827586207e-07,
    8.70344827586207e-07,
    1.0424137931034483e-06,
    1.0424137931034483e-06,
    1.2144827586206895e-06,
    1.2144827586206895e-06,
    1.386551724137931e-06,
    1.386551724137931e-06,
    1.5586206896551725e-06,
    1.5586206896551725e-06,
    1.7306896551724138e-06,
    1.9027586206896551e-06,
    2.0748275862068966e-06,
    2.246896551724138e-06,
    2.418965517241379e-06,
    2.5910344827586207e-06,
    2.763103448275862e-06,
    2.9351724137931037e-06,
    3.107241379310345e-06,
    3.2793103448275863e-06,
    3.4513793103448278e-06,
    3.4513793103448278e-06,
    3.6234482758620693e-06,
    3.6234482758620693e-06,
    3.7955172413793103e-06,
    3.7955172413793103e-06,
    3.967586206896552e-06,
    3.967586206896552e-06,
    4.139655172413793e-06,
    4.139655172413793e-06,
    4.311724137931034e-06,
    4.311724137931034e-06,
    4.483793103448276e-06,
    4.483793103448276e-06,
    4.655862068965517e-06,
    4.655862068965517e-06,
    4.8279310344827585e-06,
    4.8279310344827585e-06,
    5e-06,
    5e-06
  ],
  "mu": 0,
  "samples": 250,
  "sequence_length": 1000,
  "seeds": [
    244845922,
    488212124,
    1851862246,
    1959193101,
    1913548890,
    590972639,
    304271804,
    1606654233,
    380950267,
    442617958,
    1654369250,
    1216094466,
    1086969980,
    100385159,
    1798012560,
    464355614,
    2081438617,
    569484527,
    1511570717,
    1237357649,
    54801356,
    2057982111,
    1032390285,
    1243530085,
    783441808,
    353111325,
    1977969904,
    1612817834,
    1941358564,
    411425830,
    1765934131,
    2100305604,
    401569233,
    883328420,
    750774261,
    675501423,
    1376972971,
    536897228,
    1115242935,
    2036704936,
    2002634909,
    1952779554,
    1498359649,
    580705454,
    1367199903,
    2004957629,
    901011044,
    1942354088,
    1462382167,
    19406166
  ]
}