{
  "mode": "branch",
  "rep": 716,
  "ne": 10000,
  "r": [
    1e-08,
    1.820689655172414e-07,
    3.541379310344828e-07,
    5.262068965517242e-07,
    6.982758620689656e-07,
    8.70344827586207e-07,
    1.0424137931034483e-06,
    1.2144827586206895e-06,
    1.386551724137931e-06,
    1.5586206896551725e-06,
    1.7306896551724138e-06,
    1.7306896551724138e-06,
    1.9027586206896551e-06,
    1.9027586206896551e-06,
    2.0748275862068966e-06,
    2.0748275862068966e-06,
    2.246896551724138e-06,
    2.246896551724138e-06,
    2.418965517241379e-06,
    2.418965517241379e-06,
    2.5910344827586207e-06,
    2.5910344827586207e-06,
    2.763103448275862e-06,
    2.763103448275862e-06,
    2.9351724137931037e-06,
    2.9351724137931037e-06,
    3.107241379310345e-06,
    3.107241379310345e-06,
    3.2793103448275863e-06,
    3.2793103448275863e-06,
    3.4513793103448278e-06,
    3.4513793103448278e-06,
    3.6234482758620693e-06,
    3.6234482758620693e-06,
    3.7955172413793103e-06,
    3.7955172413793103e-06,
    3.967586206896552e-06,
    3.967586206896552e-06,
    4.139655172413793e-06,
    4.139655172413793e-06,
    4.311724137931034e-06,
    4.311724137931034e-06,
    4.483793103448276e-06,
    4.483793103448276e-06,
    4.655862068965517e-06,
    4.655862068965517e-06,
    4.8279310344827585e-06,
    4.8279310344827585e-06,
    5e-06,
    5e-06
  ],
  "mu": 0,
  "samples": 250,
  "sequence_length": 1000,
  "seeds": [
    1890973564,
    1710038144,
    151909898,
    1358569277,
    1482806590,
    379409495,
    1866926331,
    1710637922,
    554480810,
    1421280835,
    737899052,
    923387005,
    402647295,
    788754342,
    1566369717,
    903375622,
    684280156,
    2142463695,
    268244864,
    1128103793,
    1248149938,
    993500953,
    178208216,
    1259874016,
    175693300,
    896840591,
    95552433,
    1582063450,
    1749761325,
    806729399,
    1876003573,
    529959177,
    390497947,
    1156625535,
    1327444992,
    1769479982,
    892990634,
    1694705491,
    37595173,
    2011756703,
    207132947,
    1912980341,
    1306269900,
    1251427052,
    1299792630,
    182838253,
    830454687,
    452504814,
    505302303,
    1771926808
  ]
}