{
  "mode": "site",
  "rep": 61,
  "ne": 10000,
  "r": 1e-05,
  "mu": [
    1e-07,
    1e-07,
    4.413793103448276e-07,
    4.413793103448276e-07,
    7.827586206896552e-07,
    7.827586206896552e-07,
    1.1241379310344827e-06,
    1.1241379310344827e-06,
    1.4655172413793102e-06,
    1.4655172413793102e-06,
    1.8068965517241377e-06,
    1.8068965517241377e-06,
    2.1482758620689656e-06,
    2.1482758620689656e-06,
    2.489655172413793e-06,
    2.489655172413793e-06,
    2.8310344827586205e-06,
    2.8310344827586205e-06,
    3.172413793103448e-06,
    3.172413793103448e-06,
    3.5137931034482755e-06,
    3.855172413793104e-06,
    4.196551724137931e-06,
    4.537931034482759e-06,
    4.879310344827586e-06,
    5.220689655172414e-06,
    5.562068965517241e-06,
    5.903448275862069e-06,
    6.244827586206896e-06,
    6.5862068965517236e-06,
    6.927586206896551e-06,
    6.927586206896551e-06,
    7.268965517241379e-06,
    7.268965517241379e-06,
    7.610344827586207e-06,
    7.610344827586207e-06,
    7.951724137931034e-06,
    7.951724137931034e-06,
    8.293103448275863e-06,
    8.293103448275863e-06,
    8.634482758620691e-06,
    8.634482758620691e-06,
    8.975862068965518e-06,
    8.975862068965518e-06,
    9.317241379310346e-06,
    9.317241379310346e-06,
    9.658620689655173e-06,
    9.658620689655173e-06,
    1e-05,
    1e-05
  ],
  "samples": 500,
  "sequence_length": 10000,
  "seeds": [
    809905286,
    1866904909,
    1732429070,
    92649915,
    1388010548,
    468424585,
    1987144448,
    1591654396,
    307943136,
    1985184985,
    696835838,
    1890614775,
    2076472033,
    1229063245,
    1834078935,
    679866297,
    603186855,
    1768489328,
    849634248,
    1058389082,
    1753528174,
    1393457063,
    902294137,
    1656514822,
    1535076335,
    1630807806,
    1451546490,
    1238174512,
    900944241,
    325148867,
    1039061647,
    1566709681,
    1000185350,
    1150299382,
    667718293,
    419026398,
    1342597870,
    1949638633,
    360904349,
    1188530301,
    36688666,
    696512864,
    1850996823,
    453298646,
    960666502,
    202405471,
    657511019,
    1142644954,
    947696917,
    1852665288
  ]
}