{
  "mode": "site",
  "rep": 176,
  "ne": 10000,
  "r": 1e-05,
  "mu": [
    1e-07,
    4.413793103448276e-07,
    7.827586206896552e-07,
    1.1241379310344827e-06,
    1.4655172413793102e-06,
    1.8068965517241377e-06,
    2.1482758620689656e-06,
    2.489655172413793e-06,
    2.8310344827586205e-06,
    3.172413793103448e-06,
    3.5137931034482755e-06,
    3.5137931034482755e-06,
    3.855172413793104e-06,
    3.855172413793104e-06,
    4.196551724137931e-06,
    4.196551724137931e-06,
    4.537931034482759e-06,
    4.537931034482759e-06,
    4.879310344827586e-06,
    4.879310344827586e-06,
    5.220689655172414e-06,
    5.220689655172414e-06,
    5.562068965517241e-06,
    5.562068965517241e-06,
    5.903448275862069e-06,
    5.903448275862069e-06,
    6.244827586206896e-06,
    6.244827586206896e-06,
    6.5862068965517236e-06,
    6.5862068965517236e-06,
    6.927586206896551e-06,
    6.927586206896551e-06,
    7.268965517241379e-06,
    7.268965517241379e-06,
    7.610344827586207e-06,
    7.610344827586207e-06,
    7.951724137931034e-06,
    7.951724137931034e-06,
    8.293103448275863e-06,
    8.293103448275863e-06,
    8.634482758620691e-06,
    8.634482758620691e-06,
    8.975862068965518e-06,
    8.975862068965518e-06,
    9.317241379310346e-06,
    9.317241379310346e-06,
    9.658620689655173e-06,
    9.658620689655173e-06,
    1e-05,
    1e-05
  ],
  "samples": 500,
  "sequence_length": 50000,
  "seeds": [
    1726184854,
    1627273550,
    237938571,
    531724949,
    2136461159,
    489680130,
    783022567,
    518524373,
    2006044327,
    2137644539,
    1979193654,
    1870403687,
    13728440,
    755379630,
    962899775,
    2051855383,
    1768213069,
    1059460464,
    1255952856,
    710487502,
    194748975,
    407084268,
    1706153278,
    1500929157,
    1923564422,
    1520540333,
    1046757165,
    810362186,
    1580527543,
    486107006,
    220718352,
    1317717654,
    365047356,
    1124566795,
    885302700,
    476972063,
    2013126739,
    1790262442,
    2138448452,
    1967067353,
    753825478,
    869137972,
    1006550955,
    1583313015,
    155783139,
    1202212176,
    2046587875,
    510300645,
    345374422,
    328972280
  ]
}