{
  "mode": "site",
  "rep": 169,
  "ne": 10000,
  "r": 1e-05,
  "mu": [
    1e-07,
    1e-07,
    4.413793103448276e-07,
    4.413793103448276e-07,
    7.827586206896552e-07,
    7.827586206896552e-07,
    1.1241379310344827e-06,
    1.1241379310344827e-06,
    1.4655172413793102e-06,
    1.4655172413793102e-06,
    1.8068965517241377e-06,
    1.8068965517241377e-06,
    2.1482758620689656e-06,
    2.1482758620689656e-06,
    2.489655172413793e-06,
    2.489655172413793e-06,
    2.8310344827586205e-06,
    2.8310344827586205e-06,
    3.172413793103448e-06,
    3.172413793103448e-06,
    3.5137931034482755e-06,
    3.855172413793104e-06,
    4.196551724137931e-06,
    4.537931034482759e-06,
    4.879310344827586e-06,
    5.220689655172414e-06,
    5.562068965517241e-06,
    5.903448275862069e-06,
    6.244827586206896e-06,
    6.5862068965517236e-06,
    6.927586206896551e-06,
    6.927586206896551e-06,
    7.268965517241379e-06,
    7.268965517241379e-06,
    7.610344827586207e-06,
    7.610344827586207e-06,
    7.951724137931034e-06,
    7.951724137931034e-06,
    8.293103448275863e-06,
    8.293103448275863e-06,
    8.634482758620691e-06,
    8.634482758620691e-06,
    8.975862068965518e-06,
    8.975862068965518e-06,
    9.317241379310346e-06,
    9.317241379310346e-06,
    9.658620689655173e-06,
    9.658620689655173e-06,
    1e-05,
    1e-05
  ],
  "samples": 500,
  "sequence_length": 50000,
  "seeds": [
    1351218598,
    1739557973,
    1790163883,
    211942702,
    1405539521,
    595379640,
    929490409,
    1828172621,
    1539280607,
    1956998398,
    2015595365,
    778609395,
    1714361377,
    1356774878,
    100559748,
    897142874,
    1947219458,
    1108709486,
    1448020291,
    396274953,
    322703772,
    1465200550,
    581208329,
    2111173478,
    40567237,
    2072686550,
    1639408954,
    221670498,
    1235625302,
    489133266,
    693510446,
    16452704,
    616107942,
    924874644,
    1436542199,
    1309901982,
    1446103171,
    824686248,
    1547815098,
    467148687,
    504500989,
    1899819414,
    1410607292,
    921256299,
    99267019,
    1498807199,
    1415819193,
    527686076,
    2140019816,
    1602777387
  ]
}