{
  "mode": "site",
  "rep": 105,
  "ne": 10000,
  "r": 1e-05,
  "mu": [
    1e-07,
    1e-07,
    4.413793103448276e-07,
    4.413793103448276e-07,
    7.827586206896552e-07,
    7.827586206896552e-07,
    1.1241379310344827e-06,
    1.1241379310344827e-06,
    1.4655172413793102e-06,
    1.4655172413793102e-06,
    1.8068965517241377e-06,
    1.8068965517241377e-06,
    2.1482758620689656e-06,
    2.1482758620689656e-06,
    2.489655172413793e-06,
    2.489655172413793e-06,
    2.8310344827586205e-06,
    2.8310344827586205e-06,
    3.172413793103448e-06,
    3.172413793103448e-06,
    3.5137931034482755e-06,
    3.5137931034482755e-06,
    3.855172413793104e-06,
    3.855172413793104e-06,
    4.196551724137931e-06,
    4.196551724137931e-06,
    4.537931034482759e-06,
    4.537931034482759e-06,
    4.879310344827586e-06,
    4.879310344827586e-06,
    5.220689655172414e-06,
    5.220689655172414e-06,
    5.562068965517241e-06,
    5.562068965517241e-06,
    5.903448275862069e-06,
    5.903448275862069e-06,
    6.244827586206896e-06,
    6.244827586206896e-06,
    6.5862068965517236e-06,
    6.5862068965517236e-06,
    6.927586206896551e-06,
    7.268965517241379e-06,
    7.610344827586207e-06,
    7.951724137931034e-06,
    8.293103448275863e-06,
    8.634482758620691e-06,
    8.975862068965518e-06,
    9.317241379310346e-06,
    9.658620689655173e-06,
    1e-05
  ],
  "samples": 500,
  "sequence_length": 50000,
  "seeds": [
    2076673855,
    1094673481,
    15545129,
    570952604,
    28415993,
    309514536,
    98460450,
    1470334475,
    1102503011,
    1288919540,
    874214145,
    1037394433,
    998188677,
    748401496,
    1715786219,
    127211935,
    237739449,
    634484292,
    586935175,
    921752772,
    1750644343,
    1369371819,
    1371826157,
    733823560,
    2103023336,
    1502906422,
    1509473262,
    155183882,
    930278890,
    995574571,
    599417997,
    2101939437,
    1764114613,
    145904126,
    2126368839,
    2069472824,
    1990485859,
    1063822708,
    2147474147,
    2043673495,
    1218187187,
    1742241291,
    2018026574,
    4360248,
    204077391,
    85487452,
    214649937,
    1918544870,
    2139444605,
    1708637288
  ]
}