{
  "mode": "site",
  "rep": 418,
  "ne": 10000,
  "r": 1e-05,
  "mu": [
    1e-07,
    1e-07,
    4.413793103448276e-07,
    4.413793103448276e-07,
    7.827586206896552e-07,
    7.827586206896552e-07,
    1.1241379310344827e-06,
    1.1241379310344827e-06,
    1.4655172413793102e-06,
    1.4655172413793102e-06,
    1.8068965517241377e-06,
    1.8068965517241377e-06,
    2.1482758620689656e-06,
    2.1482758620689656e-06,
    2.489655172413793e-06,
    2.489655172413793e-06,
    2.8310344827586205e-06,
    2.8310344827586205e-06,
    3.172413793103448e-06,
    3.172413793103448e-06,
    3.5137931034482755e-06,
    3.855172413793104e-06,
    4.196551724137931e-06,
    4.537931034482759e-06,
    4.879310344827586e-06,
    5.220689655172414e-06,
    5.562068965517241e-06,
    5.903448275862069e-06,
    6.244827586206896e-06,
    6.5862068965517236e-06,
    6.927586206896551e-06,
    6.927586206896551e-06,
    7.268965517241379e-06,
    7.268965517241379e-06,
    7.610344827586207e-06,
    7.610344827586207e-06,
    7.951724137931034e-06,
    7.951724137931034e-06,
    8.293103448275863e-06,
    8.293103448275863e-06,
    8.634482758620691e-06,
    8.634482758620691e-06,
    8.975862068965518e-06,
    8.975862068965518e-06,
    9.317241379310346e-06,
    9.317241379310346e-06,
    9.658620689655173e-06,
    9.658620689655173e-06,
    1e-05,
    1e-05
  ],
  "samples": 500,
  "sequence_length": 10000,
  "seeds": [
    849893621,
    1443644389,
    1162628518,
    1408269493,
    676287665,
    1501486751,
    689938515,
    2039375272,
    80127288,
    383386227,
    102074713,
    2104959861,
    269413295,
    390404065,
    1296367828,
    1742237864,
    40127001,
    177216899,
    411232102,
    1753271410,
    1306831630,
    1732911195,
    1725138962,
    1200714627,
    352684994,
    1201921562,
    1370720289,
    553187680,
    1449632561,
    493252046,
    2048904799,
    224377371,
    236348923,
    1719618004,
    948360528,
    1046543444,
    866410174,
    551354928,
    184843162,
    1297669849,
    1968926716,
    2050279142,
    1422410277,
    452339887,
    1977239508,
    1119849995,
    9827894,
    653267009,
    1283177210,
    1822774050
  ]
}