{
  "mode": "branch",
  "rep": 1049,
  "ne": 10000,
  "r": [
    1e-08,
    1.820689655172414e-07,
    3.541379310344828e-07,
    5.262068965517242e-07,
    6.982758620689656e-07,
    8.70344827586207e-07,
    1.0424137931034483e-06,
    1.2144827586206895e-06,
    1.386551724137931e-06,
    1.5586206896551725e-06,
    1.7306896551724138e-06,
    1.7306896551724138e-06,
    1.9027586206896551e-06,
    1.9027586206896551e-06,
    2.0748275862068966e-06,
    2.0748275862068966e-06,
    2.246896551724138e-06,
    2.246896551724138e-06,
    2.418965517241379e-06,
    2.418965517241379e-06,
    2.5910344827586207e-06,
    2.5910344827586207e-06,
    2.763103448275862e-06,
    2.763103448275862e-06,
    2.9351724137931037e-06,
    2.9351724137931037e-06,
    3.107241379310345e-06,
    3.107241379310345e-06,
    3.2793103448275863e-06,
    3.2793103448275863e-06,
    3.4513793103448278e-06,
    3.4513793103448278e-06,
    3.6234482758620693e-06,
    3.6234482758620693e-06,
    3.7955172413793103e-06,
    3.7955172413793103e-06,
    3.967586206896552e-06,
    3.967586206896552e-06,
    4.139655172413793e-06,
    4.139655172413793e-06,
    4.311724137931034e-06,
    4.311724137931034e-06,
    4.483793103448276e-06,
    4.483793103448276e-06,
    4.655862068965517e-06,
    4.655862068965517e-06,
    4.8279310344827585e-06,
    4.8279310344827585e-06,
    5e-06,
    5e-06
  ],
  "mu": 0,
  "samples": 250,
  "sequence_length": 1000,
  "seeds": [
    434885990,
    2120627430,
    90634056,
    1151904538,
    1651086735,
    982567125,
    1578090516,
    290751563,
    1361901966,
    1138692201,
    1039319462,
    330660588,
    2097856544,
    2040158352,
    1261311259,
    668292868,
    466010400,
    2054655103,
    1276155026,
    675708141,
    467062029,
    1188327647,
    1034222731,
    1852853362,
    1154669830,
    635579276,
    1723211928,
    1003969267,
    1032060182,
    415322928,
    1002900169,
    244235636,
    94611525,
    586435004,
    1783734972,
    2123718054,
    96866722,
    440181453,
    318634801,
    564515673,
    1025717603,
    833750558,
    1232260177,
    2023954912,
    1006301237,
    829483186,
    1811965626,
    390116015,
    1049541725,
    2121012107
  ]
}