{
  "mode": "site",
  "rep": 413,
  "ne": 10000,
  "r": 1e-05,
  "mu": [
    1e-07,
    4.413793103448276e-07,
    7.827586206896552e-07,
    1.1241379310344827e-06,
    1.4655172413793102e-06,
    1.8068965517241377e-06,
    2.1482758620689656e-06,
    2.489655172413793e-06,
    2.8310344827586205e-06,
    3.172413793103448e-06,
    3.5137931034482755e-06,
    3.5137931034482755e-06,
    3.855172413793104e-06,
    3.855172413793104e-06,
    4.196551724137931e-06,
    4.196551724137931e-06,
    4.537931034482759e-06,
    4.537931034482759e-06,
    4.879310344827586e-06,
    4.879310344827586e-06,
    5.220689655172414e-06,
    5.220689655172414e-06,
    5.562068965517241e-06,
    5.562068965517241e-06,
    5.903448275862069e-06,
    5.903448275862069e-06,
    6.244827586206896e-06,
    6.244827586206896e-06,
    6.5862068965517236e-06,
    6.5862068965517236e-06,
    6.927586206896551e-06,
    6.927586206896551e-06,
    7.268965517241379e-06,
    7.268965517241379e-06,
    7.610344827586207e-06,
    7.610344827586207e-06,
    7.951724137931034e-06,
    7.951724137931034e-06,
    8.293103448275863e-06,
    8.293103448275863e-06,
    8.634482758620691e-06,
    8.634482758620691e-06,
    8.975862068965518e-06,
    8.975862068965518e-06,
    9.317241379310346e-06,
    9.317241379310346e-06,
    9.658620689655173e-06,
    9.658620689655173e-06,
    1e-05,
    1e-05
  ],
  "samples": 500,
  "sequence_length": 10000,
  "seeds": [
    79443498,
    1869097757,
    1138727002,
    1479768880,
    1861396540,
    1746674219,
    880373340,
    1884082780,
    1229960042,
    632437844,
    15540763,
    1866220642,
    1589723747,
    137847686,
    1492099140,
    964412491,
    1764586162,
    729625846,
    1636826071,
    914005271,
    229097639,
    471813607,
    1513862025,
    1651944068,
    1431969036,
    371190571,
    283712095,
    679404753,
    1627693732,
    2144923311,
    1889591953,
    1065553314,
    118372303,
    1753148940,
    1790179157,
    442607909,
    1319001141,
    1794031161,
    2046698862,
    519269590,
    1954058403,
    815567893,
    769185914,
    1289027611,
    342386260,
    1564691293,
    1541997645,
    1766773293,
    1848757055,
    80518890
  ]
}