{
  "mode": "site",
  "rep": 45,
  "ne": 10000,
  "r": 1e-05,
  "mu": [
    1e-07,
    1e-07,
    4.413793103448276e-07,
    4.413793103448276e-07,
    7.827586206896552e-07,
    7.827586206896552e-07,
    1.1241379310344827e-06,
    1.1241379310344827e-06,
    1.4655172413793102e-06,
    1.4655172413793102e-06,
    1.8068965517241377e-06,
    1.8068965517241377e-06,
    2.1482758620689656e-06,
    2.1482758620689656e-06,
    2.489655172413793e-06,
    2.489655172413793e-06,
    2.8310344827586205e-06,
    2.8310344827586205e-06,
    3.172413793103448e-06,
    3.172413793103448e-06,
    3.5137931034482755e-06,
    3.5137931034482755e-06,
    3.855172413793104e-06,
    3.855172413793104e-06,
    4.196551724137931e-06,
    4.196551724137931e-06,
    4.537931034482759e-06,
    4.537931034482759e-06,
    4.879310344827586e-06,
    4.879310344827586e-06,
    5.220689655172414e-06,
    5.220689655172414e-06,
    5.562068965517241e-06,
    5.562068965517241e-06,
    5.903448275862069e-06,
    5.903448275862069e-06,
    6.244827586206896e-06,
    6.244827586206896e-06,
    6.5862068965517236e-06,
    6.5862068965517236e-06,
    6.927586206896551e-06,
    7.268965517241379e-06,
    7.610344827586207e-06,
    7.951724137931034e-06,
    8.293103448275863e-06,
    8.634482758620691e-06,
    8.975862068965518e-06,
    9.317241379310346e-06,
    9.658620689655173e-06,
    1e-05
  ],
  "samples": 500,
  "sequence_length": 50000,
  "seeds": [
    432369593,
    2048969187,
    841120801,
    191190463,
    1293957186,
    138884816,
    140124934,
    33252756,
    295651330,
    1113311110,
    1417571490,
    1557135954,
    2025878224,
    965802386,
    782224515,
    1294553630,
    1848428904,
    874844762,
    654389929,
    694489899,
    1268885290,
    1882658124,
    1674905877,
    1653846097,
    862089841,
    906773246,
    1440182501,
    1610043137,
    903928440,
    574316375,
    486663818,
    1082145924,
    1281807251,
    734956473,
    947768723,
    1038328535,
    1590587172,
    669099489,
    1565855800,
    1372254208,
    1349403275,
    1015533892,
    507488338,
    883868702,
    1559742193,
    692447844,
    2036134398,
    827359233,
    2017369461,
    546217201
  ]
}