{
  "mode": "site",
  "rep": 114,
  "ne": 10000,
  "r": 1e-05,
  "mu": [
    1e-07,
    1e-07,
    4.413793103448276e-07,
    4.413793103448276e-07,
    7.827586206896552e-07,
    7.827586206896552e-07,
    1.1241379310344827e-06,
    1.1241379310344827e-06,
    1.4655172413793102e-06,
    1.4655172413793102e-06,
    1.8068965517241377e-06,
    1.8068965517241377e-06,
    2.1482758620689656e-06,
    2.1482758620689656e-06,
    2.489655172413793e-06,
    2.489655172413793e-06,
    2.8310344827586205e-06,
    2.8310344827586205e-06,
    3.172413793103448e-06,
    3.172413793103448e-06,
    3.5137931034482755e-06,
    3.5137931034482755e-06,
    3.855172413793104e-06,
    3.855172413793104e-06,
    4.196551724137931e-06,
    4.196551724137931e-06,
    4.537931034482759e-06,
    4.537931034482759e-06,
    4.879310344827586e-06,
    4.879310344827586e-06,
    5.220689655172414e-06,
    5.220689655172414e-06,
    5.562068965517241e-06,
    5.562068965517241e-06,
    5.903448275862069e-06,
    5.903448275862069e-06,
    6.244827586206896e-06,
    6.244827586206896e-06,
    6.5862068965517236e-06,
    6.5862068965517236e-06,
    6.927586206896551e-06,
    7.268965517241379e-06,
    7.610344827586207e-06,
    7.951724137931034e-06,
    8.293103448275863e-06,
    8.634482758620691e-06,
    8.975862068965518e-06,
    9.317241379310346e-06,
    9.658620689655173e-06,
    1e-05
  ],
  "samples": 500,
  "sequence_length": 50000,
  "seeds": [
    1947478835,
    1814389608,
    1688125260,
    869456198,
    371840046,
    236164629,
    1046705324,
    1591060834,
    52970864,
    1458533003,
    1969928239,
    415695220,
    1604069114,
    2138366387,
    771700005,
    1499663603,
    1012557268,
    1622567398,
    1727841727,
    757139208,
    1052499772,
    1812179352,
    941449296,
    1851442096,
    994670191,
    972303679,
    1778463582,
    813077961,
    1354207358,
    1951409252,
    416739464,
    175428530,
    226437382,
    659355379,
    1126459870,
    993121006,
    657111106,
    800009899,
    1545802575,
    246979892,
    1403538626,
    206106414,
    1877640408,
    1185622096,
    2074404051,
    565654051,
    1274643477,
    493418470,
    15479903,
    527552665
  ]
}