{
  "mode": "branch",
  "rep": 660,
  "ne": 10000,
  "r": [
    1e-08,
    1e-08,
    1.820689655172414e-07,
    1.820689655172414e-07,
    3.541379310344828e-07,
    3.541379310344828e-07,
    5.262068965517242e-07,
    5.262068965517242e-07,
    6.982758620689656e-07,
    6.982758620689656e-07,
    8.70344827586207e-07,
    8.70344827586207e-07,
    1.0424137931034483e-06,
    1.0424137931034483e-06,
    1.2144827586206895e-06,
    1.2144827586206895e-06,
    1.386551724137931e-06,
    1.386551724137931e-06,
    1.5586206896551725e-06,
    1.5586206896551725e-06,
    1.7306896551724138e-06,
    1.7306896551724138e-06,
    1.9027586206896551e-06,
    1.9027586206896551e-06,
    2.0748275862068966e-06,
    2.0748275862068966e-06,
    2.246896551724138e-06,
    2.246896551724138e-06,
    2.418965517241379e-06,
    2.418965517241379e-06,
    2.5910344827586207e-06,
    2.5910344827586207e-06,
    2.763103448275862e-06,
    2.763103448275862e-06,
    2.9351724137931037e-06,
    2.9351724137931037e-06,
    3.107241379310345e-06,
    3.107241379310345e-06,
    3.2793103448275863e-06,
    3.2793103448275863e-06,
    3.4513793103448278e-06,
    3.6234482758620693e-06,
    3.7955172413793103e-06,
    3.967586206896552e-06,
    4.139655172413793e-06,
    4.311724137931034e-06,
    4.483793103448276e-06,
    4.655862068965517e-06,
    4.8279310344827585e-06,
    5e-06
  ],
  "mu": 0,
  "samples": 250,
  "sequence_length": 1000,
  "seeds": [
    1535269517,
    1074700108,
    1026424517,
    2071894484,
    521850690,
    406269649,
    982352019,
    716932494,
    1156804884,
    288027586,
    399060635,
    2106451386,
    249398564,
    782788726,
    1674344749,
    999853630,
    1596961256,
    772564610,
    2101196502,
    1387247254,
    2060826871,
    2087136608,
    1266740808,
    9887306,
    1142437794,
    147083084,
    1249601925,
    1492265453,
    141859813,
    92281599,
    851581727,
    1824758878,
    806369535,
    1287541896,
    950706724,
    872817822,
    1056792146,
    1796126773,
    174306342,
    1684222676,
    588639666,
    780789241,
    1803154432,
    1860713043,
    1455358973,
    1550225136,
    1856012512,
    1101105146,
    73189893,
    1548521334
  ]
}