{
  "mode": "branch",
  "rep": 1199,
  "ne": 10000,
  "r": [
    1e-08,
    1.820689655172414e-07,
    3.541379310344828e-07,
    5.262068965517242e-07,
    6.982758620689656e-07,
    8.70344827586207e-07,
    1.0424137931034483e-06,
    1.2144827586206895e-06,
    1.386551724137931e-06,
    1.5586206896551725e-06,
    1.7306896551724138e-06,
    1.7306896551724138e-06,
    1.9027586206896551e-06,
    1.9027586206896551e-06,
    2.0748275862068966e-06,
    2.0748275862068966e-06,
    2.246896551724138e-06,
    2.246896551724138e-06,
    2.418965517241379e-06,
    2.418965517241379e-06,
    2.5910344827586207e-06,
    2.5910344827586207e-06,
    2.763103448275862e-06,
    2.763103448275862e-06,
    2.9351724137931037e-06,
    2.9351724137931037e-06,
    3.107241379310345e-06,
    3.107241379310345e-06,
    3.2793103448275863e-06,
    3.2793103448275863e-06,
    3.4513793103448278e-06,
    3.4513793103448278e-06,
    3.6234482758620693e-06,
    3.6234482758620693e-06,
    3.7955172413793103e-06,
    3.7955172413793103e-06,
    3.967586206896552e-06,
    3.967586206896552e-06,
    4.139655172413793e-06,
    4.139655172413793e-06,
    4.311724137931034e-06,
    4.311724137931034e-06,
    4.483793103448276e-06,
    4.483793103448276e-06,
    4.655862068965517e-06,
    4.655862068965517e-06,
    4.8279310344827585e-06,
    4.8279310344827585e-06,
    5e-06,
    5e-06
  ],
  "mu": 0,
  "samples": 250,
  "sequence_length": 1000,
  "seeds": [
    2139848901,
    78789214,
    864495082,
    700448066,
    177767230,
    1090891477,
    468578437,
    1221703329,
    660623980,
    1403545479,
    399324542,
    838971556,
    1557814250,
    1888817821,
    579860664,
    1815177987,
    827058936,
    229165313,
    202428323,
    403318175,
    42897550,
    726706259,
    1363377808,
    792677034,
    1567724294,
    570972766,
    1684713225,
    1477080576,
    1021572829,
    1882501552,
    45750267,
    102606329,
    20322005,
    1169922553,
    1622072364,
    1668315238,
    173544915,
    2028426129,
    160301059,
    912555614,
    1709515370,
    850298651,
    497386551,
    71990328,
    1399440865,
    1528958607,
    2102619851,
    2039541188,
    1957184851,
    1876840001
  ]
}