{
  "mode": "site",
  "rep": 441,
  "ne": 10000,
  "r": 1e-05,
  "mu": [
    1e-07,
    1e-07,
    4.413793103448276e-07,
    4.413793103448276e-07,
    7.827586206896552e-07,
    7.827586206896552e-07,
    1.1241379310344827e-06,
    1.1241379310344827e-06,
    1.4655172413793102e-06,
    1.4655172413793102e-06,
    1.8068965517241377e-06,
    1.8068965517241377e-06,
    2.1482758620689656e-06,
    2.1482758620689656e-06,
    2.489655172413793e-06,
    2.489655172413793e-06,
    2.8310344827586205e-06,
    2.8310344827586205e-06,
    3.172413793103448e-06,
    3.172413793103448e-06,
    3.5137931034482755e-06,
    3.5137931034482755e-06,
    3.855172413793104e-06,
    3.855172413793104e-06,
    4.196551724137931e-06,
    4.196551724137931e-06,
    4.537931034482759e-06,
    4.537931034482759e-06,
    4.879310344827586e-06,
    4.879310344827586e-06,
    5.220689655172414e-06,
    5.220689655172414e-06,
    5.562068965517241e-06,
    5.562068965517241e-06,
    5.903448275862069e-06,
    5.903448275862069e-06,
    6.244827586206896e-06,
    6.244827586206896e-06,
    6.5862068965517236e-06,
    6.5862068965517236e-06,
    6.927586206896551e-06,
    7.268965517241379e-06,
    7.610344827586207e-06,
    7.951724137931034e-06,
    8.293103448275863e-06,
    8.634482758620691e-06,
    8.975862068965518e-06,
    9.317241379310346e-06,
    9.658620689655173e-06,
    1e-05
  ],
  "samples": 500,
  "sequence_length": 50000,
  "seeds": [
    765980118,
    157556797,
    1986329417,
    500996212,
    1185385174,
    489812156,
    939204813,
    1160629580,
    915706821,
    2123374449,
    1139310787,
    356351029,
    23318386,
    836144799,
    266450824,
    801230177,
    655511062,
    408460754,
    1994159401,
    303178377,
    952809285,
    1238815759,
    963681562,
    2083310381,
    845770597,
    942956818,
    9388721,
    1595988009,
    2073629150,
    657387967,
    1244289808,
    1136892796,
    551729463,
    1671016005,
    1302131610,
    261342283,
    361047430,
    1734931049,
    1660401401,
    1984845255,
    1898395381,
    360566707,
    1366571955,
    1491821648,
    1696262851,
    920409403,
    778983805,
    836493957,
    1786616258,
    1691915356
  ]
}