{
  "mode": "branch",
  "rep": 1032,
  "ne": 10000,
  "r": [
    1e-08,
    1e-08,
    1.820689655172414e-07,
    1.820689655172414e-07,
    3.541379310344828e-07,
    3.541379310344828e-07,
    5.262068965517242e-07,
    5.262068965517242e-07,
    6.982758620689656e-07,
    6.982758620689656e-07,
    8.70344827586207e-07,
    8.70344827586207e-07,
    1.0424137931034483e-06,
    1.0424137931034483e-06,
    1.2144827586206895e-06,
    1.2144827586206895e-06,
    1.386551724137931e-06,
    1.386551724137931e-06,
    1.5586206896551725e-06,
    1.5586206896551725e-06,
    1.7306896551724138e-06,
    1.7306896551724138e-06,
    1.9027586206896551e-06,
    1.9027586206896551e-06,
    2.0748275862068966e-06,
    2.0748275862068966e-06,
    2.246896551724138e-06,
    2.246896551724138e-06,
    2.418965517241379e-06,
    2.418965517241379e-06,
    2.5910344827586207e-06,
    2.5910344827586207e-06,
    2.763103448275862e-06,
    2.763103448275862e-06,
    2.9351724137931037e-06,
    2.9351724137931037e-06,
    3.107241379310345e-06,
    3.107241379310345e-06,
    3.2793103448275863e-06,
    3.2793103448275863e-06,
    3.4513793103448278e-06,
    3.6234482758620693e-06,
    3.7955172413793103e-06,
    3.967586206896552e-06,
    4.139655172413793e-06,
    4.311724137931034e-06,
    4.483793103448276e-06,
    4.655862068965517e-06,
    4.8279310344827585e-06,
    5e-06
  ],
  "mu": 0,
  "samples": 250,
  "sequence_length": 1000,
  "seeds": [
    405577503,
    12612111,
    1087225998,
    1151412372,
    1241933168,
    1007042456,
    121111714,
    1164700866,
    403651429,
    109789168,
    682340724,
    105536204,
    2069553589,
    241585410,
    940647109,
    546140074,
    160868338,
    1143074663,
    1127218395,
    32973482,
    1365787332,
    874967267,
    1324406519,
    1243237259,
    757656726,
    1786539143,
    289977975,
    420113537,
    1573478435,
    381383054,
    1583945923,
    2037041481,
    586810437,
    1459851175,
    616051389,
    1881751251,
    2039236399,
    1427585970,
    803038879,
    774735158,
    821481134,
    48354624,
    2073906507,
    959903296,
    1749850894,
    2124346597,
    2060051894,
    526900009,
    349891411,
    1275837200
  ]
}