{
  "mode": "branch",
  "rep": 792,
  "ne": 10000,
  "r": [
    1e-08,
    1e-08,
    1.820689655172414e-07,
    1.820689655172414e-07,
    3.541379310344828e-07,
    3.541379310344828e-07,
    5.262068965517242e-07,
    5.262068965517242e-07,
    6.982758620689656e-07,
    6.982758620689656e-07,
    8.70344827586207e-07,
    8.70344827586207e-07,
    1.0424137931034483e-06,
    1.0424137931034483e-06,
    1.2144827586206895e-06,
    1.2144827586206895e-06,
    1.386551724137931e-06,
    1.386551724137931e-06,
    1.5586206896551725e-06,
    1.5586206896551725e-06,
    1.7306896551724138e-06,
    1.7306896551724138e-06,
    1.9027586206896551e-06,
    1.9027586206896551e-06,
    2.0748275862068966e-06,
    2.0748275862068966e-06,
    2.246896551724138e-06,
    2.246896551724138e-06,
    2.418965517241379e-06,
    2.418965517241379e-06,
    2.5910344827586207e-06,
    2.5910344827586207e-06,
    2.763103448275862e-06,
    2.763103448275862e-06,
    2.9351724137931037e-06,
    2.9351724137931037e-06,
    3.107241379310345e-06,
    3.107241379310345e-06,
    3.2793103448275863e-06,
    3.2793103448275863e-06,
    3.4513793103448278e-06,
    3.6234482758620693e-06,
    3.7955172413793103e-06,
    3.967586206896552e-06,
    4.139655172413793e-06,
    4.311724137931034e-06,
    4.483793103448276e-06,
    4.655862068965517e-06,
    4.8279310344827585e-06,
    5e-06
  ],
  "mu": 0,
  "samples": 250,
  "sequence_length": 1000,
  "seeds": [
    780239969,
    1277961795,
    421476612,
    1228027534,
    1574000955,
    666821340,
    2103447092,
    727738549,
    1401001633,
    468994171,
    815430863,
    1968837008,
    256026801,
    1035333634,
    1572460589,
    824552918,
    1563140250,
    1760932035,
    561064657,
    1711688266,
    1137791966,
    378273132,
    830015498,
    1995311464,
    1913374531,
    2101750731,
    1148136924,
    196434793,
    529581746,
    790013757,
    770453922,
    1760957262,
    1466528160,
    914339160,
    570096752,
    1089931781,
    828431242,
    583286733,
    1971986632,
    1812172777,
    561529495,
    1913407910,
    1321423434,
    1181134357,
    1125952425,
    386996366,
    2135979227,
    70836041,
    1235754356,
    499479225
  ]
}