{
  "mode": "site",
  "rep": 459,
  "ne": 10000,
  "r": 1e-05,
  "mu": [
    1e-07,
    1e-07,
    4.413793103448276e-07,
    4.413793103448276e-07,
    7.827586206896552e-07,
    7.827586206896552e-07,
    1.1241379310344827e-06,
    1.1241379310344827e-06,
    1.4655172413793102e-06,
    1.4655172413793102e-06,
    1.8068965517241377e-06,
    1.8068965517241377e-06,
    2.1482758620689656e-06,
    2.1482758620689656e-06,
    2.489655172413793e-06,
    2.489655172413793e-06,
    2.8310344827586205e-06,
    2.8310344827586205e-06,
    3.172413793103448e-06,
    3.172413793103448e-06,
    3.5137931034482755e-06,
    3.5137931034482755e-06,
    3.855172413793104e-06,
    3.855172413793104e-06,
    4.196551724137931e-06,
    4.196551724137931e-06,
    4.537931034482759e-06,
    4.537931034482759e-06,
    4.879310344827586e-06,
    4.879310344827586e-06,
    5.220689655172414e-06,
    5.220689655172414e-06,
    5.562068965517241e-06,
    5.562068965517241e-06,
    5.903448275862069e-06,
    5.903448275862069e-06,
    6.244827586206896e-06,
    6.244827586206896e-06,
    6.5862068965517236e-06,
    6.5862068965517236e-06,
    6.927586206896551e-06,
    7.268965517241379e-06,
    7.610344827586207e-06,
    7.951724137931034e-06,
    8.293103448275863e-06,
    8.634482758620691e-06,
    8.975862068965518e-06,
    9.317241379310346e-06,
    9.658620689655173e-06,
    1e-05
  ],
  "samples": 500,
  "sequence_length": 50000,
  "seeds": [
    898023245,
    686969036,
    1883585985,
    647518034,
    1845963520,
    353153654,
    436983408,
    1576313676,
    651367222,
    1723351640,
    450148338,
    97479265,
    1665615304,
    458561932,
    1149665586,
    1371353701,
    1644797674,
    1709918329,
    235932205,
    1938429940,
    462103242,
    530346380,
    980867456,
    1448700275,
    1148331964,
    276223866,
    1648778750,
    2024144062,
    821218512,
    163772164,
    1325216418,
    1998606972,
    100451969,
    8866993,
    2108022973,
    722926914,
    356849771,
    1131678469,
    75938811,
    1368457735,
    670404228,
    787362579,
    882731679,
    210793009,
    1039824929,
    410219264,
    1980981378,
    64387523,
    1519120908,
    2140853030
  ]
}