{
  "mode": "branch",
  "rep": 1101,
  "ne": 10000,
  "r": [
    1e-08,
    1e-08,
    1.820689655172414e-07,
    1.820689655172414e-07,
    3.541379310344828e-07,
    3.541379310344828e-07,
    5.262068965517242e-07,
    5.262068965517242e-07,
    6.982758620689656e-07,
    6.982758620689656e-07,
    8.70344827586207e-07,
    8.70344827586207e-07,
    1.0424137931034483e-06,
    1.0424137931034483e-06,
    1.2144827586206895e-06,
    1.2144827586206895e-06,
    1.386551724137931e-06,
    1.386551724137931e-06,
    1.5586206896551725e-06,
    1.5586206896551725e-06,
    1.7306896551724138e-06,
    1.7306896551724138e-06,
    1.9027586206896551e-06,
    1.9027586206896551e-06,
    2.0748275862068966e-06,
    2.0748275862068966e-06,
    2.246896551724138e-06,
    2.246896551724138e-06,
    2.418965517241379e-06,
    2.418965517241379e-06,
    2.5910344827586207e-06,
    2.5910344827586207e-06,
    2.763103448275862e-06,
    2.763103448275862e-06,
    2.9351724137931037e-06,
    2.9351724137931037e-06,
    3.107241379310345e-06,
    3.107241379310345e-06,
    3.2793103448275863e-06,
    3.2793103448275863e-06,
    3.4513793103448278e-06,
    3.6234482758620693e-06,
    3.7955172413793103e-06,
    3.967586206896552e-06,
    4.139655172413793e-06,
    4.311724137931034e-06,
    4.483793103448276e-06,
    4.655862068965517e-06,
    4.8279310344827585e-06,
    5e-06
  ],
  "mu": 0,
  "samples": 250,
  "sequence_length": 1000,
  "seeds": [
    1831290757,
    205714746,
    2145780083,
    2041983153,
    1140507702,
    1647729781,
    1151032708,
    1319904641,
    174811325,
    1707474498,
    1315998116,
    491331966,
    1146636008,
    2035506076,
    35763900,
    661250148,
    33862694,
    237323958,
    494353337,
    941838257,
    191896521,
    683136567,
    704994795,
    483273335,
    1934037594,
    63162376,
    1486626440,
    55281729,
    1633020372,
    1204985580,
    133391246,
    601175860,
    218945572,
    1346958549,
    1332523920,
    1609476577,
    200894168,
    1460426336,
    992489671,
    801446671,
    1687764344,
    70547633,
    1717209882,
    234687394,
    1394439541,
    2114875589,
    1769029539,
    1989811935,
    43117440,
    2050248031
  ]
}