{
  "mode": "branch",
  "rep": 669,
  "ne": 10000,
  "r": [
    1e-08,
    1e-08,
    1.820689655172414e-07,
    1.820689655172414e-07,
    3.541379310344828e-07,
    3.541379310344828e-07,
    5.262068965517242e-07,
    5.262068965517242e-07,
    6.982758620689656e-07,
    6.982758620689656e-07,
    8.70344827586207e-07,
    8.70344827586207e-07,
    1.0424137931034483e-06,
    1.0424137931034483e-06,
    1.2144827586206895e-06,
    1.2144827586206895e-06,
    1.386551724137931e-06,
    1.386551724137931e-06,
    1.5586206896551725e-06,
    1.5586206896551725e-06,
    1.7306896551724138e-06,
    1.7306896551724138e-06,
    1.9027586206896551e-06,
    1.9027586206896551e-06,
    2.0748275862068966e-06,
    2.0748275862068966e-06,
    2.246896551724138e-06,
    2.246896551724138e-06,
    2.418965517241379e-06,
    2.418965517241379e-06,
    2.5910344827586207e-06,
    2.5910344827586207e-06,
    2.763103448275862e-06,
    2.763103448275862e-06,
    2.9351724137931037e-06,
    2.9351724137931037e-06,
    3.107241379310345e-06,
    3.107241379310345e-06,
    3.2793103448275863e-06,
    3.2793103448275863e-06,
    3.4513793103448278e-06,
    3.6234482758620693e-06,
    3.7955172413793103e-06,
    3.967586206896552e-06,
    4.139655172413793e-06,
    4.311724137931034e-06,
    4.483793103448276e-06,
    4.655862068965517e-06,
    4.8279310344827585e-06,
    5e-06
  ],
  "mu": 0,
  "samples": 250,
  "sequence_length": 1000,
  "seeds": [
    1148071117,
    2099116610,
    1074788385,
    372319195,
    156862853,
    264277559,
    1302317287,
    1326827103,
    118064279,
    221435927,
    1935306755,
    642466577,
    1036102983,
    879580155,
    1591043180,
    1890359734,
    617171092,
    1034615076,
    823841531,
    38259365,
    1529986802,
    288653279,
    1879039830,
    1259544009,
    2021584908,
    460238798,
    1176343755,
    206003273,
    1435635817,
    162791068,
    1711509251,
    2097063121,
    913445978,
    1768233602,
    126856449,
    1292515363,
    1672040371,
    1921768736,
    1848349751,
    2147482327,
    1721491704,
    2042794869,
    55919266,
    452005812,
    1456193326,
    1615977309,
    1382714518,
    1644369906,
    192800530,
    1933524996
  ]
}