{
  "mode": "site",
  "rep": 341,
  "ne": 10000,
  "r": 1e-05,
  "mu": [
    1e-07,
    4.413793103448276e-07,
    7.827586206896552e-07,
    1.1241379310344827e-06,
    1.4655172413793102e-06,
    1.8068965517241377e-06,
    2.1482758620689656e-06,
    2.489655172413793e-06,
    2.8310344827586205e-06,
    3.172413793103448e-06,
    3.5137931034482755e-06,
    3.5137931034482755e-06,
    3.855172413793104e-06,
    3.855172413793104e-06,
    4.196551724137931e-06,
    4.196551724137931e-06,
    4.537931034482759e-06,
    4.537931034482759e-06,
    4.879310344827586e-06,
    4.879310344827586e-06,
    5.220689655172414e-06,
    5.220689655172414e-06,
    5.562068965517241e-06,
    5.562068965517241e-06,
    5.903448275862069e-06,
    5.903448275862069e-06,
    6.244827586206896e-06,
    6.244827586206896e-06,
    6.5862068965517236e-06,
    6.5862068965517236e-06,
    6.927586206896551e-06,
    6.927586206896551e-06,
    7.268965517241379e-06,
    7.268965517241379e-06,
    7.610344827586207e-06,
    7.610344827586207e-06,
    7.951724137931034e-06,
    7.951724137931034e-06,
    8.293103448275863e-06,
    8.293103448275863e-06,
    8.634482758620691e-06,
    8.634482758620691e-06,
    8.975862068965518e-06,
    8.975862068965518e-06,
    9.317241379310346e-06,
    9.317241379310346e-06,
    9.658620689655173e-06,
    9.658620689655173e-06,
    1e-05,
    1e-05
  ],
  "samples": 500,
  "sequence_length": 50000,
  "seeds": [
    1463682922,
    302151313,
    1820250259,
    607507537,
    1891337121,
    921937573,
    1483924164,
    1729766178,
    1062955975,
    1731253321,
    230668674,
    173151055,
    972274639,
    1388155886,
    514925516,
    710688169,
    1452756811,
    1944925319,
    1239475836,
    1918133704,
    1971173999,
    483649319,
    194585619,
    1266842954,
    648701645,
    229777472,
    884269878,
    175591910,
    1789442659,
    1322316622,
    702438273,
    1189440677,
    1723977043,
    1789167812,
    771146189,
    995691958,
    1432180507,
    258541424,
    1318400830,
    2100201544,
    1198384184,
    799734697,
    65779646,
    681220970,
    853426916,
    1550201599,
    1070423431,
    1452969967,
    359367365,
    1835639543
  ]
}