{
  "mode": "site",
  "rep": 162,
  "ne": 10000,
  "r": 1e-05,
  "mu": [
    1e-07,
    1e-07,
    4.413793103448276e-07,
    4.413793103448276e-07,
    7.827586206896552e-07,
    7.827586206896552e-07,
    1.1241379310344827e-06,
    1.1241379310344827e-06,
    1.4655172413793102e-06,
    1.4655172413793102e-06,
    1.8068965517241377e-06,
    1.8068965517241377e-06,
    2.1482758620689656e-06,
    2.1482758620689656e-06,
    2.489655172413793e-06,
    2.489655172413793e-06,
    2.8310344827586205e-06,
    2.8310344827586205e-06,
    3.172413793103448e-06,
    3.172413793103448e-06,
    3.5137931034482755e-06,
    3.5137931034482755e-06,
    3.855172413793104e-06,
    3.855172413793104e-06,
    4.196551724137931e-06,
    4.196551724137931e-06,
    4.537931034482759e-06,
    4.537931034482759e-06,
    4.879310344827586e-06,
    4.879310344827586e-06,
    5.220689655172414e-06,
    5.220689655172414e-06,
    5.562068965517241e-06,
    5.562068965517241e-06,
    5.903448275862069e-06,
    5.903448275862069e-06,
    6.244827586206896e-06,
    6.244827586206896e-06,
    6.5862068965517236e-06,
    6.5862068965517236e-06,
    6.927586206896551e-06,
    7.268965517241379e-06,
    7.610344827586207e-06,
    7.951724137931034e-06,
    8.293103448275863e-06,
    8.634482758620691e-06,
    8.975862068965518e-06,
    9.317241379310346e-06,
    9.658620689655173e-06,
    1e-05
  ],
  "samples": 500,
  "sequence_length": 10000,
  "seeds": [
    973380248,
    653174581,
    1923390399,
    1832163023,
    64760092,
    1927422106,
    1896417171,
    220700880,
    1099377692,
    426051925,
    147469451,
    1429784705,
    809429765,
    186438353,
    722970452,
    1588875284,
    1798297941,
    158861849,
    1809425710,
    1228075821,
    1361580878,
    2089374099,
    113285610,
    1930194402,
    1627414942,
    787434343,
    592494408,
    803315602,
    582112223,
    895960592,
    1192084150,
    1346790236,
    1639779818,
    1293783880,
    432213848,
    1800218001,
    478028555,
    2099716935,
    635400511,
    370236465,
    623051498,
    1003321484,
    1106029413,
    1601642932,
    1448344757,
    1035354157,
    1381947343,
    1040966613,
    396366813,
    363133058
  ]
}