{
  "mode": "branch",
  "rep": 697,
  "ne": 10000,
  "r": [
    1e-08,
    1e-08,
    1.820689655172414e-07,
    1.820689655172414e-07,
    3.541379310344828e-07,
    3.541379310344828e-07,
    5.262068965517242e-07,
    5.262068965517242e-07,
    6.982758620689656e-07,
    6.982758620689656e-07,
    8.70344827586207e-07,
    8.70344827586207e-07,
    1.0424137931034483e-06,
    1.0424137931034483e-06,
    1.2144827586206895e-06,
    1.2144827586206895e-06,
    1.386551724137931e-06,
    1.386551724137931e-06,
    1.5586206896551725e-06,
    1.5586206896551725e-06,
    1.7306896551724138e-06,
    1.9027586206896551e-06,
    2.0748275862068966e-06,
    2.246896551724138e-06,
    2.418965517241379e-06,
    2.5910344827586207e-06,
    2.763103448275862e-06,
    2.9351724137931037e-06,
    3.107241379310345e-06,
    3.2793103448275863e-06,
    3.4513793103448278e-06,
    3.4513793103448278e-06,
    3.6234482758620693e-06,
    3.6234482758620693e-06,
    3.7955172413793103e-06,
    3.7955172413793103e-06,
    3.967586206896552e-06,
    3.967586206896552e-06,
    4.139655172413793e-06,
    4.139655172413793e-06,
    4.311724137931034e-06,
    4.311724137931034e-06,
    4.483793103448276e-06,
    4.483793103448276e-06,
    4.655862068965517e-06,
    4.655862068965517e-06,
    4.8279310344827585e-06,
    4.8279310344827585e-06,
    5e-06,
    5e-06
  ],
  "mu": 0,
  "samples": 250,
  "sequence_length": 1000,
  "seeds": [
    1357447527,
    1500715208,
    457188905,
    1591384537,
    2056264888,
    1365306598,
    1636335421,
    2130468583,
    1368069918,
    381460889,
    827602246,
    143212358,
    1707146056,
    1468397814,
    1280423100,
    432139601,
    1745465496,
    2060473989,
    242582157,
    1798327715,
    1915327115,
    732267880,
    573471511,
    2049967899,
    174788659,
    1666805053,
    69290521,
    1320712930,
    2100697146,
    1911818027,
    1259204544,
    617091935,
    1834001254,
    1285984079,
    1640869005,
    1761547381,
    1554497943,
    373988906,
    1900432624,
    640880276,
    2079549822,
    889162648,
    867526097,
    1217062582,
    657559233,
    1690920218,
    1046757151,
    370638826,
    1602298712,
    78553902
  ]
}