{
  "mode": "site",
  "rep": 284,
  "ne": 10000,
  "r": 1e-05,
  "mu": [
    1e-07,
    4.413793103448276e-07,
    7.827586206896552e-07,
    1.1241379310344827e-06,
    1.4655172413793102e-06,
    1.8068965517241377e-06,
    2.1482758620689656e-06,
    2.489655172413793e-06,
    2.8310344827586205e-06,
    3.172413793103448e-06,
    3.5137931034482755e-06,
    3.5137931034482755e-06,
    3.855172413793104e-06,
    3.855172413793104e-06,
    4.196551724137931e-06,
    4.196551724137931e-06,
    4.537931034482759e-06,
    4.537931034482759e-06,
    4.879310344827586e-06,
    4.879310344827586e-06,
    5.220689655172414e-06,
    5.220689655172414e-06,
    5.562068965517241e-06,
    5.562068965517241e-06,
    5.903448275862069e-06,
    5.903448275862069e-06,
    6.244827586206896e-06,
    6.244827586206896e-06,
    6.5862068965517236e-06,
    6.5862068965517236e-06,
    6.927586206896551e-06,
    6.927586206896551e-06,
    7.268965517241379e-06,
    7.268965517241379e-06,
    7.610344827586207e-06,
    7.610344827586207e-06,
    7.951724137931034e-06,
    7.951724137931034e-06,
    8.293103448275863e-06,
    8.293103448275863e-06,
    8.634482758620691e-06,
    8.634482758620691e-06,
    8.975862068965518e-06,
    8.975862068965518e-06,
    9.317241379310346e-06,
    9.317241379310346e-06,
    9.658620689655173e-06,
    9.658620689655173e-06,
    1e-05,
    1e-05
  ],
  "samples": 500,
  "sequence_length": 10000,
  "seeds": [
    183912319,
    1379209559,
    163230241,
    1859106003,
    826613827,
    418489119,
    2057594229,
    1531660097,
    1543493319,
    990269676,
    1796347547,
    1697163151,
    1049759614,
    1373216362,
    528678848,
    1580184527,
    1170206770,
    828571798,
    1654702203,
    1045226232,
    950007094,
    1069622375,
    468931006,
    1344683203,
    1365190911,
    1142168984,
    1420290606,
    2034668613,
    823916412,
    597594986,
    669909965,
    1995590365,
    1729955836,
    607911021,
    1139596778,
    179269279,
    1115833616,
    1393783232,
    1066511870,
    1004330988,
    54272915,
    1715562038,
    1795572800,
    830859491,
    947284063,
    972252406,
    1794668303,
    1110422961,
    2137082586,
    1395174872
  ]
}