{
  "mode": "site",
  "rep": 259,
  "ne": 10000,
  "r": 1e-05,
  "mu": [
    1e-07,
    1e-07,
    4.413793103448276e-07,
    4.413793103448276e-07,
    7.827586206896552e-07,
    7.827586206896552e-07,
    1.1241379310344827e-06,
    1.1241379310344827e-06,
    1.4655172413793102e-06,
    1.4655172413793102e-06,
    1.8068965517241377e-06,
    1.8068965517241377e-06,
    2.1482758620689656e-06,
    2.1482758620689656e-06,
    2.489655172413793e-06,
    2.489655172413793e-06,
    2.8310344827586205e-06,
    2.8310344827586205e-06,
    3.172413793103448e-06,
    3.172413793103448e-06,
    3.5137931034482755e-06,
    3.855172413793104e-06,
    4.196551724137931e-06,
    4.537931034482759e-06,
    4.879310344827586e-06,
    5.220689655172414e-06,
    5.562068965517241e-06,
    5.903448275862069e-06,
    6.244827586206896e-06,
    6.5862068965517236e-06,
    6.927586206896551e-06,
    6.927586206896551e-06,
    7.268965517241379e-06,
    7.268965517241379e-06,
    7.610344827586207e-06,
    7.610344827586207e-06,
    7.951724137931034e-06,
    7.951724137931034e-06,
    8.293103448275863e-06,
    8.293103448275863e-06,
    8.634482758620691e-06,
    8.634482758620691e-06,
    8.975862068965518e-06,
    8.975862068965518e-06,
    9.317241379310346e-06,
    9.317241379310346e-06,
    9.658620689655173e-06,
    9.658620689655173e-06,
    1e-05,
    1e-05
  ],
  "samples": 500,
  "sequence_length": 50000,
  "seeds": [
    1886537156,
    1202358184,
    1992805120,
    1949535238,
    1931783768,
    1219153640,
    2000879529,
    823099312,
    1843017229,
    1122677160,
    2058269183,
    1179977100,
    2085831694,
    1953944235,
    834087920,
    1383299379,
    182334908,
    1091576650,
    664528251,
    95618578,
    685643320,
    770867482,
    769236245,
    595863032,
    521391343,
    605803691,
    632477280,
    1252030756,
    93450538,
    661877676,
    1347528787,
    1862392098,
    1660462817,
    1736880083,
    873286251,
    1065653709,
    843369317,
    1276397591,
    1858890957,
    1393793961,
    1628001604,
    2131516361,
    2066260052,
    129527172,
    574419165,
    1451417428,
    1437203006,
    623877370,
    184427690,
    1976752027
  ]
}