{
  "mode": "site",
  "rep": 103,
  "ne": 10000,
  "r": 1e-05,
  "mu": [
    1e-07,
    1e-07,
    4.413793103448276e-07,
    4.413793103448276e-07,
    7.827586206896552e-07,
    7.827586206896552e-07,
    1.1241379310344827e-06,
    1.1241379310344827e-06,
    1.4655172413793102e-06,
    1.4655172413793102e-06,
    1.8068965517241377e-06,
    1.8068965517241377e-06,
    2.1482758620689656e-06,
    2.1482758620689656e-06,
    2.489655172413793e-06,
    2.489655172413793e-06,
    2.8310344827586205e-06,
    2.8310344827586205e-06,
    3.172413793103448e-06,
    3.172413793103448e-06,
    3.5137931034482755e-06,
    3.855172413793104e-06,
    4.196551724137931e-06,
    4.537931034482759e-06,
    4.879310344827586e-06,
    5.220689655172414e-06,
    5.562068965517241e-06,
    5.903448275862069e-06,
    6.244827586206896e-06,
    6.5862068965517236e-06,
    6.927586206896551e-06,
    6.927586206896551e-06,
    7.268965517241379e-06,
    7.268965517241379e-06,
    7.610344827586207e-06,
    7.610344827586207e-06,
    7.951724137931034e-06,
    7.951724137931034e-06,
    8.293103448275863e-06,
    8.293103448275863e-06,
    8.634482758620691e-06,
    8.634482758620691e-06,
    8.975862068965518e-06,
    8.975862068965518e-06,
    9.317241379310346e-06,
    9.317241379310346e-06,
    9.658620689655173e-06,
    9.658620689655173e-06,
    1e-05,
    1e-05
  ],
  "samples": 500,
  "sequence_length": 50000,
  "seeds": [
    239155228,
    1123725194,
    1713722816,
    741168030,
    1371294084,
    364778169,
    603040392,
    1596044086,
    1702239072,
    124428671,
    1403585741,
    1769945722,
    948470804,
    1095740602,
    279385919,
    1163540543,
    2049461186,
    636584132,
    847991371,
    806147430,
    1836164100,
    48250834,
    1367231144,
    1748542054,
    1591217650,
    114356484,
    1550554263,
    1318212363,
    1124900032,
    1865862520,
    1321950546,
    1633983851,
    885729277,
    4054812,
    367874467,
    646775771,
    2138949293,
    1377854026,
    512729498,
    364347605,
    880712559,
    204838055,
    1971889377,
    784062737,
    2128991064,
    178870192,
    419246970,
    1619693909,
    359286171,
    496963589
  ]
}