{
  "mode": "branch",
  "rep": 962,
  "ne": 10000,
  "r": [
    1e-08,
    1.820689655172414e-07,
    3.541379310344828e-07,
    5.262068965517242e-07,
    6.982758620689656e-07,
    8.70344827586207e-07,
    1.0424137931034483e-06,
    1.2144827586206895e-06,
    1.386551724137931e-06,
    1.5586206896551725e-06,
    1.7306896551724138e-06,
    1.7306896551724138e-06,
    1.9027586206896551e-06,
    1.9027586206896551e-06,
    2.0748275862068966e-06,
    2.0748275862068966e-06,
    2.246896551724138e-06,
    2.246896551724138e-06,
    2.418965517241379e-06,
    2.418965517241379e-06,
    2.5910344827586207e-06,
    2.5910344827586207e-06,
    2.763103448275862e-06,
    2.763103448275862e-06,
    2.9351724137931037e-06,
    2.9351724137931037e-06,
    3.107241379310345e-06,
    3.107241379310345e-06,
    3.2793103448275863e-06,
    3.2793103448275863e-06,
    3.4513793103448278e-06,
    3.4513793103448278e-06,
    3.6234482758620693e-06,
    3.6234482758620693e-06,
    3.7955172413793103e-06,
    3.7955172413793103e-06,
    3.967586206896552e-06,
    3.967586206896552e-06,
    4.139655172413793e-06,
    4.139655172413793e-06,
    4.311724137931034e-06,
    4.311724137931034e-06,
    4.483793103448276e-06,
    4.483793103448276e-06,
    4.655862068965517e-06,
    4.655862068965517e-06,
    4.8279310344827585e-06,
    4.8279310344827585e-06,
    5e-06,
    5e-06
  ],
  "mu": 0,
  "samples": 250,
  "sequence_length": 1000,
  "seeds": [
    1123197998,
    556392501,
    1276580810,
    256206994,
    1682168583,
    2031316042,
    386943474,
    1531878506,
    195037805,
    962729524,
    596762376,
    1528877407,
    922368343,
    1735177286,
    883283949,
    301110054,
    335640748,
    85318690,
    1593372539,
    833352286,
    1377348303,
    1644553276,
    628233287,
    585172386,
    988841322,
    1884310126,
    1848704318,
    644042322,
    1809993087,
    1848754993,
    1896462224,
    498142564,
    293117547,
    1002491582,
    1410783438,
    530063118,
    104802823,
    1070628379,
    435082181,
    1538192609,
    21381069,
    2038474238,
    1285760385,
    1114273752,
    1062739978,
    1437362851,
    1586782132,
    2023208120,
    313432714,
    640352719
  ]
}