{
  "mode": "branch",
  "rep": 809,
  "ne": 10000,
  "r": [
    1e-08,
    1.820689655172414e-07,
    3.541379310344828e-07,
    5.262068965517242e-07,
    6.982758620689656e-07,
    8.70344827586207e-07,
    1.0424137931034483e-06,
    1.2144827586206895e-06,
    1.386551724137931e-06,
    1.5586206896551725e-06,
    1.7306896551724138e-06,
    1.7306896551724138e-06,
    1.9027586206896551e-06,
    1.9027586206896551e-06,
    2.0748275862068966e-06,
    2.0748275862068966e-06,
    2.246896551724138e-06,
    2.246896551724138e-06,
    2.418965517241379e-06,
    2.418965517241379e-06,
    2.5910344827586207e-06,
    2.5910344827586207e-06,
    2.763103448275862e-06,
    2.763103448275862e-06,
    2.9351724137931037e-06,
    2.9351724137931037e-06,
    3.107241379310345e-06,
    3.107241379310345e-06,
    3.2793103448275863e-06,
    3.2793103448275863e-06,
    3.4513793103448278e-06,
    3.4513793103448278e-06,
    3.6234482758620693e-06,
    3.6234482758620693e-06,
    3.7955172413793103e-06,
    3.7955172413793103e-06,
    3.967586206896552e-06,
    3.967586206896552e-06,
    4.139655172413793e-06,
    4.139655172413793e-06,
    4.311724137931034e-06,
    4.311724137931034e-06,
    4.483793103448276e-06,
    4.483793103448276e-06,
    4.655862068965517e-06,
    4.655862068965517e-06,
    4.8279310344827585e-06,
    4.8279310344827585e-06,
    5e-06,
    5e-06
  ],
  "mu": 0,
  "samples": 250,
  "sequence_length": 1000,
  "seeds": [
    1703094602,
    1830579779,
    905730760,
    1246568459,
    1213101915,
    87934328,
    556656488,
    871396081,
    903846801,
    751640807,
    1014399410,
    1411393966,
    455103046,
    525580172,
    61111764,
    379826952,
    686499049,
    794866579,
    1912575847,
    1912906742,
    2113799945,
    1589987703,
    1722731280,
    137517473,
    1334243625,
    1895033577,
    1719549135,
    1565933386,
    1788635515,
    897174428,
    1573836772,
    269653626,
    1423157580,
    898817264,
    1231906355,
    1611301161,
    2064900561,
    1993379659,
    1556800677,
    1890079633,
    1932406017,
    2112468669,
    943363306,
    1849739820,
    369076599,
    141889314,
    303489379,
    303842471,
    1609013321,
    329154621
  ]
}