{
  "mode": "site",
  "rep": 199,
  "ne": 10000,
  "r": 1e-05,
  "mu": [
    1e-07,
    1e-07,
    4.413793103448276e-07,
    4.413793103448276e-07,
    7.827586206896552e-07,
    7.827586206896552e-07,
    1.1241379310344827e-06,
    1.1241379310344827e-06,
    1.4655172413793102e-06,
    1.4655172413793102e-06,
    1.8068965517241377e-06,
    1.8068965517241377e-06,
    2.1482758620689656e-06,
    2.1482758620689656e-06,
    2.489655172413793e-06,
    2.489655172413793e-06,
    2.8310344827586205e-06,
    2.8310344827586205e-06,
    3.172413793103448e-06,
    3.172413793103448e-06,
    3.5137931034482755e-06,
    3.855172413793104e-06,
    4.196551724137931e-06,
    4.537931034482759e-06,
    4.879310344827586e-06,
    5.220689655172414e-06,
    5.562068965517241e-06,
    5.903448275862069e-06,
    6.244827586206896e-06,
    6.5862068965517236e-06,
    6.927586206896551e-06,
    6.927586206896551e-06,
    7.268965517241379e-06,
    7.268965517241379e-06,
    7.610344827586207e-06,
    7.610344827586207e-06,
    7.951724137931034e-06,
    7.951724137931034e-06,
    8.293103448275863e-06,
    8.293103448275863e-06,
    8.634482758620691e-06,
    8.634482758620691e-06,
    8.975862068965518e-06,
    8.975862068965518e-06,
    9.317241379310346e-06,
    9.317241379310346e-06,
    9.658620689655173e-06,
    9.658620689655173e-06,
    1e-05,
    1e-05
  ],
  "samples": 500,
  "sequence_length": 50000,
  "seeds": [
    1694825702,
    570258434,
    196287699,
    2008514638,
    1025382575,
    1231176499,
    1224891094,
    510356452,
    1880794236,
    1516719016,
    1721432732,
    1745574400,
    1157694985,
    1332987445,
    2071241161,
    210253108,
    741440667,
    1290412414,
    724798486,
    1338298235,
    1334856956,
    1481825614,
    576539771,
    392463165,
    369337767,
    824572901,
    609371584,
    1681250949,
    876465572,
    1747567633,
    2119911786,
    1606112640,
    944975058,
    981060937,
    1373437296,
    105051594,
    1315131181,
    1899164184,
    1543337826,
    345041870,
    753910059,
    2003243696,
    1919980829,
    1062709908,
    44198677,
    674865007,
    1292745015,
    1874780904,
    1132653316,
    1302226712
  ]
}