{
  "mode": "site",
  "rep": 263,
  "ne": 10000,
  "r": 1e-05,
  "mu": [
    1e-07,
    4.413793103448276e-07,
    7.827586206896552e-07,
    1.1241379310344827e-06,
    1.4655172413793102e-06,
    1.8068965517241377e-06,
    2.1482758620689656e-06,
    2.489655172413793e-06,
    2.8310344827586205e-06,
    3.172413793103448e-06,
    3.5137931034482755e-06,
    3.5137931034482755e-06,
    3.855172413793104e-06,
    3.855172413793104e-06,
    4.196551724137931e-06,
    4.196551724137931e-06,
    4.537931034482759e-06,
    4.537931034482759e-06,
    4.879310344827586e-06,
    4.879310344827586e-06,
    5.220689655172414e-06,
    5.220689655172414e-06,
    5.562068965517241e-06,
    5.562068965517241e-06,
    5.903448275862069e-06,
    5.903448275862069e-06,
    6.244827586206896e-06,
    6.244827586206896e-06,
    6.5862068965517236e-06,
    6.5862068965517236e-06,
    6.927586206896551e-06,
    6.927586206896551e-06,
    7.268965517241379e-06,
    7.268965517241379e-06,
    7.610344827586207e-06,
    7.610344827586207e-06,
    7.951724137931034e-06,
    7.951724137931034e-06,
    8.293103448275863e-06,
    8.293103448275863e-06,
    8.634482758620691e-06,
    8.634482758620691e-06,
    8.975862068965518e-06,
    8.975862068965518e-06,
    9.317241379310346e-06,
    9.317241379310346e-06,
    9.658620689655173e-06,
    9.658620689655173e-06,
    1e-05,
    1e-05
  ],
  "samples": 500,
  "sequence_length": 10000,
  "seeds": [
    727449418,
    1959832461,
    2094529097,
    120873103,
    477480548,
    891077346,
    1100469105,
    266179033,
    1267051918,
    1075092955,
    711589446,
    999809595,
    832823649,
    151274988,
    719550406,
    487844704,
    2002917070,
    1335215630,
    1102130189,
    7441045,
    541216790,
    1011077011,
    813362738,
    451509433,
    128420392,
    1812981341,
    1622264649,
    686122532,
    112296754,
    738126382,
    214898879,
    1759122929,
    600832623,
    1551396605,
    1763522505,
    594624761,
    1857411684,
    1817449990,
    583980062,
    523668538,
    1384439553,
    1954582819,
    539667184,
    1817410632,
    1963631521,
    478404012,
    1533098093,
    1172610246,
    353675387,
    819720522
  ]
}