{
  "mode": "site",
  "rep": 262,
  "ne": 10000,
  "r": 1e-05,
  "mu": [
    1e-07,
    1e-07,
    4.413793103448276e-07,
    4.413793103448276e-07,
    7.827586206896552e-07,
    7.827586206896552e-07,
    1.1241379310344827e-06,
    1.1241379310344827e-06,
    1.4655172413793102e-06,
    1.4655172413793102e-06,
    1.8068965517241377e-06,
    1.8068965517241377e-06,
    2.1482758620689656e-06,
    2.1482758620689656e-06,
    2.489655172413793e-06,
    2.489655172413793e-06,
    2.8310344827586205e-06,
    2.8310344827586205e-06,
    3.172413793103448e-06,
    3.172413793103448e-06,
    3.5137931034482755e-06,
    3.855172413793104e-06,
    4.196551724137931e-06,
    4.537931034482759e-06,
    4.879310344827586e-06,
    5.220689655172414e-06,
    5.562068965517241e-06,
    5.903448275862069e-06,
    6.244827586206896e-06,
    6.5862068965517236e-06,
    6.927586206896551e-06,
    6.927586206896551e-06,
    7.268965517241379e-06,
    7.268965517241379e-06,
    7.610344827586207e-06,
    7.610344827586207e-06,
    7.951724137931034e-06,
    7.951724137931034e-06,
    8.293103448275863e-06,
    8.293103448275863e-06,
    8.634482758620691e-06,
    8.634482758620691e-06,
    8.975862068965518e-06,
    8.975862068965518e-06,
    9.317241379310346e-06,
    9.317241379310346e-06,
    9.658620689655173e-06,
    9.658620689655173e-06,
    1e-05,
    1e-05
  ],
  "samples": 500,
  "sequence_length": 50000,
  "seeds": [
    1095425272,
    305503519,
    1575673175,
    2028169734,
    1517179001,
    1015011682,
    1046885017,
    1765135505,
    1342121083,
    2030845441,
    1352457459,
    1174934834,
    675080258,
    1326511164,
    1808309064,
    79043926,
    549826709,
    88060702,
    1575300591,
    889335682,
    1432392480,
    1667044608,
    1570414490,
    85752790,
    510735184,
    1407751281,
    754458305,
    245798898,
    357648923,
    1096002201,
    741367311,
    126187622,
    1569403445,
    1787464651,
    1102900541,
    787594409,
    264144955,
    1023325910,
    1254849754,
    652151282,
    1537591531,
    1588000260,
    875795501,
    942025042,
    1753804222,
    1106196971,
    2066787701,
    1139403024,
    664691427,
    1501247138
  ]
}