{
  "mode": "site",
  "rep": 503,
  "ne": 10000,
  "r": 1e-05,
  "mu": [
    1e-07,
    4.413793103448276e-07,
    7.827586206896552e-07,
    1.1241379310344827e-06,
    1.4655172413793102e-06,
    1.8068965517241377e-06,
    2.1482758620689656e-06,
    2.489655172413793e-06,
    2.8310344827586205e-06,
    3.172413793103448e-06,
    3.5137931034482755e-06,
    3.5137931034482755e-06,
    3.855172413793104e-06,
    3.855172413793104e-06,
    4.196551724137931e-06,
    4.196551724137931e-06,
    4.537931034482759e-06,
    4.537931034482759e-06,
    4.879310344827586e-06,
    4.879310344827586e-06,
    5.220689655172414e-06,
    5.220689655172414e-06,
    5.562068965517241e-06,
    5.562068965517241e-06,
    5.903448275862069e-06,
    5.903448275862069e-06,
    6.244827586206896e-06,
    6.244827586206896e-06,
    6.5862068965517236e-06,
    6.5862068965517236e-06,
    6.927586206896551e-06,
    6.927586206896551e-06,
    7.268965517241379e-06,
    7.268965517241379e-06,
    7.610344827586207e-06,
    7.610344827586207e-06,
    7.951724137931034e-06,
    7.951724137931034e-06,
    8.293103448275863e-06,
    8.293103448275863e-06,
    8.634482758620691e-06,
    8.634482758620691e-06,
    8.975862068965518e-06,
    8.975862068965518e-06,
    9.317241379310346e-06,
    9.317241379310346e-06,
    9.658620689655173e-06,
    9.658620689655173e-06,
    1e-05,
    1e-05
  ],
  "samples": 500,
  "sequence_length": 10000,
  "seeds": [
    1943025754,
    518626959,
    1508220207,
    654710132,
    1227775810,
    954229875,
    2002862129,
    1898881083,
    1244099051,
    2012877646,
    481411946,
    1022529057,
    837504059,
    1014701423,
    63107074,
    1924315465,
    1501822335,
    1339451058,
    866500317,
    875808986,
    765282751,
    1007064126,
    740711464,
    979640900,
    136217033,
    1390283644,
    80937123,
    839773908,
    1996863005,
    825091432,
    1025134964,
    12383116,
    1109115056,
    1809698444,
    20679721,
    1621452231,
    1603775913,
    356952980,
    996156385,
    2085819066,
    2005730718,
    663115264,
    1803829365,
    346419449,
    1677473669,
    1839088655,
    935549135,
    668267148,
    2038340840,
    1521344569
  ]
}