{
  "mode": "site",
  "rep": 74,
  "ne": 10000,
  "r": 1e-05,
  "mu": [
    1e-07,
    4.413793103448276e-07,
    7.827586206896552e-07,
    1.1241379310344827e-06,
    1.4655172413793102e-06,
    1.8068965517241377e-06,
    2.1482758620689656e-06,
    2.489655172413793e-06,
    2.8310344827586205e-06,
    3.172413793103448e-06,
    3.5137931034482755e-06,
    3.5137931034482755e-06,
    3.855172413793104e-06,
    3.855172413793104e-06,
    4.196551724137931e-06,
    4.196551724137931e-06,
    4.537931034482759e-06,
    4.537931034482759e-06,
    4.879310344827586e-06,
    4.879310344827586e-06,
    5.220689655172414e-06,
    5.220689655172414e-06,
    5.562068965517241e-06,
    5.562068965517241e-06,
    5.903448275862069e-06,
    5.903448275862069e-06,
    6.244827586206896e-06,
    6.244827586206896e-06,
    6.5862068965517236e-06,
    6.5862068965517236e-06,
    6.927586206896551e-06,
    6.927586206896551e-06,
    7.268965517241379e-06,
    7.268965517241379e-06,
    7.610344827586207e-06,
    7.610344827586207e-06,
    7.951724137931034e-06,
    7.951724137931034e-06,
    8.293103448275863e-06,
    8.293103448275863e-06,
    8.634482758620691e-06,
    8.634482758620691e-06,
    8.975862068965518e-06,
    8.975862068965518e-06,
    9.317241379310346e-06,
    9.317241379310346e-06,
    9.658620689655173e-06,
    9.658620689655173e-06,
    1e-05,
    1e-05
  ],
  "samples": 500,
  "sequence_length": 10000,
  "seeds": [
    522134582,
    403327371,
    1152226301,
    1774481964,
    775522511,
    1377187419,
    343567926,
    1491887734,
    1539019967,
    1353618791,
    299982784,
    371696797,
    1809002177,
    1390722280,
    1218281198,
    802218223,
    176122659,
    955814238,
    1828864251,
    362816372,
    2081353578,
    49490558,
    290570169,
    1729969698,
    1733035554,
    1292214886,
    93741210,
    560559831,
    703822732,
    1858071590,
    1051987541,
    1252725789,
    283511945,
    1539944397,
    1401691315,
    2000483764,
    373138674,
    579546115,
    1231676629,
    602437409,
    1281246315,
    835750417,
    1554417469,
    1221720233,
    1877351450,
    1387417445,
    179360032,
    1505987327,
    655899959,
    1122654435
  ]
}