{
  "mode": "site",
  "rep": 139,
  "ne": 10000,
  "r": 1e-05,
  "mu": [
    1e-07,
    1e-07,
    4.413793103448276e-07,
    4.413793103448276e-07,
    7.827586206896552e-07,
    7.827586206896552e-07,
    1.1241379310344827e-06,
    1.1241379310344827e-06,
    1.4655172413793102e-06,
    1.4655172413793102e-06,
    1.8068965517241377e-06,
    1.8068965517241377e-06,
    2.1482758620689656e-06,
    2.1482758620689656e-06,
    2.489655172413793e-06,
    2.489655172413793e-06,
    2.8310344827586205e-06,
    2.8310344827586205e-06,
    3.172413793103448e-06,
    3.172413793103448e-06,
    3.5137931034482755e-06,
    3.855172413793104e-06,
    4.196551724137931e-06,
    4.537931034482759e-06,
    4.879310344827586e-06,
    5.220689655172414e-06,
    5.562068965517241e-06,
    5.903448275862069e-06,
    6.244827586206896e-06,
    6.5862068965517236e-06,
    6.927586206896551e-06,
    6.927586206896551e-06,
    7.268965517241379e-06,
    7.268965517241379e-06,
    7.610344827586207e-06,
    7.610344827586207e-06,
    7.951724137931034e-06,
    7.951724137931034e-06,
    8.293103448275863e-06,
    8.293103448275863e-06,
    8.634482758620691e-06,
    8.634482758620691e-06,
    8.975862068965518e-06,
    8.975862068965518e-06,
    9.317241379310346e-06,
    9.317241379310346e-06,
    9.658620689655173e-06,
    9.658620689655173e-06,
    1e-05,
    1e-05
  ],
  "samples": 500,
  "sequence_length": 10000,
  "seeds": [
    926398782,
    1088568015,
    383421652,
    368036301,
    63960167,
    1123666337,
    509796374,
    838778930,
    1007259520,
    494655356,
    659414795,
    183860419,
    1685099736,
    1969611657,
    361193732,
    873504980,
    899856118,
    338841865,
    1244955267,
    105023502,
    679238649,
    670659757,
    1620052704,
    311766054,
    1082711528,
    1923103720,
    949822121,
    656292072,
    1985532676,
    1225340362,
    848639091,
    517238423,
    1522679909,
    824097958,
    2054873475,
    1407039461,
    1093185678,
    1683267485,
    1599397503,
    937717458,
    94121989,
    1929726711,
    1322965315,
    745292162,
    469639754,
    912533649,
    937522018,
    1631158018,
    546659464,
    767742383
  ]
}