{
  "mode": "site",
  "rep": 382,
  "ne": 10000,
  "r": 1e-05,
  "mu": [
    1e-07,
    1e-07,
    4.413793103448276e-07,
    4.413793103448276e-07,
    7.827586206896552e-07,
    7.827586206896552e-07,
    1.1241379310344827e-06,
    1.1241379310344827e-06,
    1.4655172413793102e-06,
    1.4655172413793102e-06,
    1.8068965517241377e-06,
    1.8068965517241377e-06,
    2.1482758620689656e-06,
    2.1482758620689656e-06,
    2.489655172413793e-06,
    2.489655172413793e-06,
    2.8310344827586205e-06,
    2.8310344827586205e-06,
    3.172413793103448e-06,
    3.172413793103448e-06,
    3.5137931034482755e-06,
    3.855172413793104e-06,
    4.196551724137931e-06,
    4.537931034482759e-06,
    4.879310344827586e-06,
    5.220689655172414e-06,
    5.562068965517241e-06,
    5.903448275862069e-06,
    6.244827586206896e-06,
    6.5862068965517236e-06,
    6.927586206896551e-06,
    6.927586206896551e-06,
    7.268965517241379e-06,
    7.268965517241379e-06,
    7.610344827586207e-06,
    7.610344827586207e-06,
    7.951724137931034e-06,
    7.951724137931034e-06,
    8.293103448275863e-06,
    8.293103448275863e-06,
    8.634482758620691e-06,
    8.634482758620691e-06,
    8.975862068965518e-06,
    8.975862068965518e-06,
    9.317241379310346e-06,
    9.317241379310346e-06,
    9.658620689655173e-06,
    9.658620689655173e-06,
    1e-05,
    1e-05
  ],
  "samples": 500,
  "sequence_length": 10000,
  "seeds": [
    908828711,
    287954243,
    9184535,
    960087071,
    594876676,
    1007003180,
    1078775702,
    1526941155,
    477363551,
    1172617804,
    1449975968,
    2118341878,
    1451835819,
    1009203454,
    378679032,
    2127644145,
    1973394022,
    1654628017,
    663228100,
    967424400,
    956426884,
    1702739652,
    506898676,
    1539150733,
    1916126686,
    1258608144,
    417631850,
    439593274,
    1280875766,
    380745325,
    1814770801,
    597071553,
    1491394607,
    1805614633,
    158404877,
    1424689127,
    2014860644,
    1724212400,
    574598727,
    702748314,
    1296013746,
    1154237872,
    310987781,
    1000564519,
    686648760,
    650968192,
    1258218676,
    389307304,
    208265693,
    1198797945
  ]
}