{
  "mode": "site",
  "rep": 150,
  "ne": 10000,
  "r": 1e-05,
  "mu": [
    1e-07,
    1e-07,
    4.413793103448276e-07,
    4.413793103448276e-07,
    7.827586206896552e-07,
    7.827586206896552e-07,
    1.1241379310344827e-06,
    1.1241379310344827e-06,
    1.4655172413793102e-06,
    1.4655172413793102e-06,
    1.8068965517241377e-06,
    1.8068965517241377e-06,
    2.1482758620689656e-06,
    2.1482758620689656e-06,
    2.489655172413793e-06,
    2.489655172413793e-06,
    2.8310344827586205e-06,
    2.8310344827586205e-06,
    3.172413793103448e-06,
    3.172413793103448e-06,
    3.5137931034482755e-06,
    3.5137931034482755e-06,
    3.855172413793104e-06,
    3.855172413793104e-06,
    4.196551724137931e-06,
    4.196551724137931e-06,
    4.537931034482759e-06,
    4.537931034482759e-06,
    4.879310344827586e-06,
    4.879310344827586e-06,
    5.220689655172414e-06,
    5.220689655172414e-06,
    5.562068965517241e-06,
    5.562068965517241e-06,
    5.903448275862069e-06,
    5.903448275862069e-06,
    6.244827586206896e-06,
    6.244827586206896e-06,
    6.5862068965517236e-06,
    6.5862068965517236e-06,
    6.927586206896551e-06,
    7.268965517241379e-06,
    7.610344827586207e-06,
    7.951724137931034e-06,
    8.293103448275863e-06,
    8.634482758620691e-06,
    8.975862068965518e-06,
    9.317241379310346e-06,
    9.658620689655173e-06,
    1e-05
  ],
  "samples": 500,
  "sequence_length": 50000,
  "seeds": [
    765925868,
    439267521,
    1885197644,
    828077587,
    1337113615,
    1339646225,
    1634237391,
    1810195984,
    1952726915,
    140800870,
    1208068554,
    988514548,
    1596839636,
    1655255377,
    2126148694,
    1456058492,
    669613320,
    2121673318,
    86922454,
    1196917773,
    973392719,
    1388029086,
    1824751501,
    2019987019,
    1864785260,
    1158214448,
    1351403655,
    799162802,
    1795449694,
    597228974,
    1599975305,
    693975376,
    888762787,
    1419570775,
    1459083432,
    1671216494,
    1657557163,
    1834562712,
    961599426,
    426240107,
    299934223,
    1844310592,
    641399195,
    79433345,
    1128313332,
    1649443311,
    502502571,
    1499860719,
    1582893820,
    1930638830
  ]
}