{
  "mode": "site",
  "rep": 134,
  "ne": 10000,
  "r": 1e-05,
  "mu": [
    1e-07,
    4.413793103448276e-07,
    7.827586206896552e-07,
    1.1241379310344827e-06,
    1.4655172413793102e-06,
    1.8068965517241377e-06,
    2.1482758620689656e-06,
    2.489655172413793e-06,
    2.8310344827586205e-06,
    3.172413793103448e-06,
    3.5137931034482755e-06,
    3.5137931034482755e-06,
    3.855172413793104e-06,
    3.855172413793104e-06,
    4.196551724137931e-06,
    4.196551724137931e-06,
    4.537931034482759e-06,
    4.537931034482759e-06,
    4.879310344827586e-06,
    4.879310344827586e-06,
    5.220689655172414e-06,
    5.220689655172414e-06,
    5.562068965517241e-06,
    5.562068965517241e-06,
    5.903448275862069e-06,
    5.903448275862069e-06,
    6.244827586206896e-06,
    6.244827586206896e-06,
    6.5862068965517236e-06,
    6.5862068965517236e-06,
    6.927586206896551e-06,
    6.927586206896551e-06,
    7.268965517241379e-06,
    7.268965517241379e-06,
    7.610344827586207e-06,
    7.610344827586207e-06,
    7.951724137931034e-06,
    7.951724137931034e-06,
    8.293103448275863e-06,
    8.293103448275863e-06,
    8.634482758620691e-06,
    8.634482758620691e-06,
    8.975862068965518e-06,
    8.975862068965518e-06,
    9.317241379310346e-06,
    9.317241379310346e-06,
    9.658620689655173e-06,
    9.658620689655173e-06,
    1e-05,
    1e-05
  ],
  "samples": 500,
  "sequence_length": 50000,
  "seeds": [
    1526702458,
    180227234,
    655456942,
    1930009111,
    1904634885,
    1196860542,
    1160847056,
    1099287051,
    657805840,
    1729745731,
    1433718699,
    1089572077,
    629677865,
    485874456,
    542678109,
    1261229387,
    1195390114,
    1176643675,
    1506274612,
    523324522,
    122963357,
    509248546,
    524033505,
    1346933040,
    1032890605,
    778134053,
    202141880,
    1671496477,
    42996841,
    1902548158,
    728044647,
    156756501,
    91950858,
    1612527130,
    1566664334,
    1841868594,
    1656794630,
    296680382,
    1939306804,
    931245570,
    1064984839,
    1464353045,
    1125230,
    349199846,
    159669634,
    621226406,
    2145561290,
    1936661138,
    1499103426,
    825915696
  ]
}