{
  "mode": "site",
  "rep": 7,
  "ne": 10000,
  "r": 1e-05,
  "mu": [
    1e-07,
    1e-07,
    4.413793103448276e-07,
    4.413793103448276e-07,
    7.827586206896552e-07,
    7.827586206896552e-07,
    1.1241379310344827e-06,
    1.1241379310344827e-06,
    1.4655172413793102e-06,
    1.4655172413793102e-06,
    1.8068965517241377e-06,
    1.8068965517241377e-06,
    2.1482758620689656e-06,
    2.1482758620689656e-06,
    2.489655172413793e-06,
    2.489655172413793e-06,
    2.8310344827586205e-06,
    2.8310344827586205e-06,
    3.172413793103448e-06,
    3.172413793103448e-06,
    3.5137931034482755e-06,
    3.855172413793104e-06,
    4.196551724137931e-06,
    4.537931034482759e-06,
    4.879310344827586e-06,
    5.220689655172414e-06,
    5.562068965517241e-06,
    5.903448275862069e-06,
    6.244827586206896e-06,
    6.5862068965517236e-06,
    6.927586206896551e-06,
    6.927586206896551e-06,
    7.268965517241379e-06,
    7.268965517241379e-06,
    7.610344827586207e-06,
    7.610344827586207e-06,
    7.951724137931034e-06,
    7.951724137931034e-06,
    8.293103448275863e-06,
    8.293103448275863e-06,
    8.634482758620691e-06,
    8.634482758620691e-06,
    8.975862068965518e-06,
    8.975862068965518e-06,
    9.317241379310346e-06,
    9.317241379310346e-06,
    9.658620689655173e-06,
    9.658620689655173e-06,
    1e-05,
    1e-05
  ],
  "samples": 500,
  "sequence_length": 10000,
  "seeds": [
    1106877277,
    794842614,
    503548360,
    1801230128,
    1197918251,
    2102888832,
    834330328,
    923616861,
    1056494130,
    505816360,
    603715694,
    858993414,
    1718448009,
    1340822325,
    1987373572,
    1460783237,
    1132445422,
    144947273,
    733543121,
    389722772,
    511858313,
    1994160855,
    1418497373,
    2031397511,
    1282571464,
    1456132036,
    451345272,
    875659888,
    934130295,
    648481349,
    123583364,
    2099802048,
    55033806,
    2072054698,
    1887805012,
    1463159937,
    328774173,
    121748474,
    1946655630,
    1919312547,
    2064533771,
    1655604197,
    2107930830,
    2015588753,
    2118485313,
    854649813,
    1408178964,
    1380752722,
    1186624066,
    1537418001
  ]
}