{
  "mode": "site",
  "rep": 491,
  "ne": 10000,
  "r": 1e-05,
  "mu": [
    1e-07,
    4.413793103448276e-07,
    7.827586206896552e-07,
    1.1241379310344827e-06,
    1.4655172413793102e-06,
    1.8068965517241377e-06,
    2.1482758620689656e-06,
    2.489655172413793e-06,
    2.8310344827586205e-06,
    3.172413793103448e-06,
    3.5137931034482755e-06,
    3.5137931034482755e-06,
    3.855172413793104e-06,
    3.855172413793104e-06,
    4.196551724137931e-06,
    4.196551724137931e-06,
    4.537931034482759e-06,
    4.537931034482759e-06,
    4.879310344827586e-06,
    4.879310344827586e-06,
    5.220689655172414e-06,
    5.220689655172414e-06,
    5.562068965517241e-06,
    5.562068965517241e-06,
    5.903448275862069e-06,
    5.903448275862069e-06,
    6.244827586206896e-06,
    6.244827586206896e-06,
    6.5862068965517236e-06,
    6.5862068965517236e-06,
    6.927586206896551e-06,
    6.927586206896551e-06,
    7.268965517241379e-06,
    7.268965517241379e-06,
    7.610344827586207e-06,
    7.610344827586207e-06,
    7.951724137931034e-06,
    7.951724137931034e-06,
    8.293103448275863e-06,
    8.293103448275863e-06,
    8.634482758620691e-06,
    8.634482758620691e-06,
    8.975862068965518e-06,
    8.975862068965518e-06,
    9.317241379310346e-06,
    9.317241379310346e-06,
    9.658620689655173e-06,
    9.658620689655173e-06,
    1e-05,
    1e-05
  ],
  "samples": 500,
  "sequence_length": 50000,
  "seeds": [
    650375955,
    1650533648,
    1746850895,
    1129493397,
    1713817325,
    1849481365,
    1408507369,
    1164038524,
    1139674875,
    977797414,
    774826941,
    522393567,
    2090296381,
    1047185825,
    1929430893,
    1820273515,
    1951832562,
    910958503,
    2010567969,
    960749503,
    1623318484,
    2025474214,
    1216524515,
    1266019885,
    457568938,
    435574667,
    1101236516,
    1565388093,
    1428177310,
    1025587890,
    1188652023,
    960213619,
    1313553889,
    1628644004,
    1689076503,
    1205161014,
    1831117086,
    878933164,
    1642441250,
    1798920863,
    36793192,
    931723709,
    642066851,
    1010176086,
    940872494,
    893441443,
    1223626000,
    112055365,
    416825237,
    12708811
  ]
}