{
  "mode": "site",
  "rep": 420,
  "ne": 10000,
  "r": 1e-05,
  "mu": [
    1e-07,
    1e-07,
    4.413793103448276e-07,
    4.413793103448276e-07,
    7.827586206896552e-07,
    7.827586206896552e-07,
    1.1241379310344827e-06,
    1.1241379310344827e-06,
    1.4655172413793102e-06,
    1.4655172413793102e-06,
    1.8068965517241377e-06,
    1.8068965517241377e-06,
    2.1482758620689656e-06,
    2.1482758620689656e-06,
    2.489655172413793e-06,
    2.489655172413793e-06,
    2.8310344827586205e-06,
    2.8310344827586205e-06,
    3.172413793103448e-06,
    3.172413793103448e-06,
    3.5137931034482755e-06,
    3.5137931034482755e-06,
    3.855172413793104e-06,
    3.855172413793104e-06,
    4.196551724137931e-06,
    4.196551724137931e-06,
    4.537931034482759e-06,
    4.537931034482759e-06,
    4.879310344827586e-06,
    4.879310344827586e-06,
    5.220689655172414e-06,
    5.220689655172414e-06,
    5.562068965517241e-06,
    5.562068965517241e-06,
    5.903448275862069e-06,
    5.903448275862069e-06,
    6.244827586206896e-06,
    6.244827586206896e-06,
    6.5862068965517236e-06,
    6.5862068965517236e-06,
    6.927586206896551e-06,
    7.268965517241379e-06,
    7.610344827586207e-06,
    7.951724137931034e-06,
    8.293103448275863e-06,
    8.634482758620691e-06,
    8.975862068965518e-06,
    9.317241379310346e-06,
    9.658620689655173e-06,
    1e-05
  ],
  "samples": 500,
  "sequence_length": 10000,
  "seeds": [
    709806551,
    479397408,
    723740871,
    1946071030,
    915160129,
    1818871216,
    800116227,
    131422183,
    1114139731,
    327361387,
    1839391753,
    598228985,
    1853570369,
    1144092749,
    620344791,
    1110318860,
    247617500,
    1282430755,
    1104912866,
    273677010,
    739920602,
    850215720,
    165585092,
    1723006797,
    1538640225,
    1239675653,
    1207475206,
    591975988,
    2023699077,
    641006801,
    782311465,
    1077846208,
    954110579,
    399550881,
    2071096108,
    405750989,
    784485735,
    1303849951,
    681546999,
    2007028602,
    1878068835,
    232799256,
    1590103155,
    667624366,
    1687941138,
    1121025323,
    1810520980,
    1592390409,
    289926520,
    1570708343
  ]
}