{
  "mode": "branch",
  "rep": 623,
  "ne": 10000,
  "r": [
    1e-08,
    1.820689655172414e-07,
    3.541379310344828e-07,
    5.262068965517242e-07,
    6.982758620689656e-07,
    8.70344827586207e-07,
    1.0424137931034483e-06,
    1.2144827586206895e-06,
    1.386551724137931e-06,
    1.5586206896551725e-06,
    1.7306896551724138e-06,
    1.7306896551724138e-06,
    1.9027586206896551e-06,
    1.9027586206896551e-06,
    2.0748275862068966e-06,
    2.0748275862068966e-06,
    2.246896551724138e-06,
    2.246896551724138e-06,
    2.418965517241379e-06,
    2.418965517241379e-06,
    2.5910344827586207e-06,
    2.5910344827586207e-06,
    2.763103448275862e-06,
    2.763103448275862e-06,
    2.9351724137931037e-06,
    2.9351724137931037e-06,
    3.107241379310345e-06,
    3.107241379310345e-06,
    3.2793103448275863e-06,
    3.2793103448275863e-06,
    3.4513793103448278e-06,
    3.4513793103448278e-06,
    3.6234482758620693e-06,
    3.6234482758620693e-06,
    3.7955172413793103e-06,
    3.7955172413793103e-06,
    3.967586206896552e-06,
    3.967586206896552e-06,
    4.139655172413793e-06,
    4.139655172413793e-06,
    4.311724137931034e-06,
    4.311724137931034e-06,
    4.483793103448276e-06,
    4.483793103448276e-06,
    4.655862068965517e-06,
    4.655862068965517e-06,
    4.8279310344827585e-06,
    4.8279310344827585e-06,
    5e-06,
    5e-06
  ],
  "mu": 0,
  "samples": 250,
  "sequence_length": 1000,
  "seeds": [
    251447037,
    1674783567,
    644949948,
    1186087586,
    1755381048,
    1326919733,
    2084654552,
    1292137347,
    220820108,
    493096992,
    419328964,
    434854398,
    251369321,
    853807864,
    529779307,
    1402015962,
    1131756621,
    345658907,
    185132621,
    895491558,
    1305106180,
    1227003274,
    644345472,
    923418987,
    1432958601,
    1099314191,
    589724765,
    1236267462,
    1945453411,
    2066094588,
    2037726734,
    1449713674,
    569518997,
    1505098715,
    1241752318,
    1346874425,
    1658864304,
    28061188,
    173709263,
    1071632474,
    1041476173,
    1606722231,
    1578119275,
    381949162,
    1854390458,
    1282920664,
    984573592,
    273177414,
    2110243568,
    1482914467
  ]
}