{
  "mode": "site",
  "rep": 311,
  "ne": 10000,
  "r": 1e-05,
  "mu": [
    1e-07,
    4.413793103448276e-07,
    7.827586206896552e-07,
    1.1241379310344827e-06,
    1.4655172413793102e-06,
    1.8068965517241377e-06,
    2.1482758620689656e-06,
    2.489655172413793e-06,
    2.8310344827586205e-06,
    3.172413793103448e-06,
    3.5137931034482755e-06,
    3.5137931034482755e-06,
    3.855172413793104e-06,
    3.855172413793104e-06,
    4.196551724137931e-06,
    4.196551724137931e-06,
    4.537931034482759e-06,
    4.537931034482759e-06,
    4.879310344827586e-06,
    4.879310344827586e-06,
    5.220689655172414e-06,
    5.220689655172414e-06,
    5.562068965517241e-06,
    5.562068965517241e-06,
    5.903448275862069e-06,
    5.903448275862069e-06,
    6.244827586206896e-06,
    6.244827586206896e-06,
    6.5862068965517236e-06,
    6.5862068965517236e-06,
    6.927586206896551e-06,
    6.927586206896551e-06,
    7.268965517241379e-06,
    7.268965517241379e-06,
    7.610344827586207e-06,
    7.610344827586207e-06,
    7.951724137931034e-06,
    7.951724137931034e-06,
    8.293103448275863e-06,
    8.293103448275863e-06,
    8.634482758620691e-06,
    8.634482758620691e-06,
    8.975862068965518e-06,
    8.975862068965518e-06,
    9.317241379310346e-06,
    9.317241379310346e-06,
    9.658620689655173e-06,
    9.658620689655173e-06,
    1e-05,
    1e-05
  ],
  "samples": 500,
  "sequence_length": 10000,
  "seeds": [
    45111101,
    1405163965,
    1780237237,
    918225959,
    1656392776,
    1479667396,
    1315232957,
    1866508752,
    1261820570,
    1684032957,
    1646434533,
    1599011537,
    117443239,
    1107385744,
    2024721797,
    263231181,
    412593509,
    1307794959,
    1103552400,
    400394239,
    837176735,
    203386248,
    626665193,
    1427715130,
    914988969,
    960957154,
    392412336,
    1456548392,
    1268834047,
    179086025,
    553573781,
    1402177515,
    245361705,
    1866215773,
    1502971869,
    1014412856,
    1567991904,
    1992435764,
    1068808338,
    915033170,
    845741602,
    459878169,
    1212602758,
    47472665,
    146301121,
    170460138,
    2013008768,
    201670145,
    1323810040,
    1567915539
  ]
}