{
  "mode": "branch",
  "rep": 742,
  "ne": 10000,
  "r": [
    1e-08,
    1e-08,
    1.820689655172414e-07,
    1.820689655172414e-07,
    3.541379310344828e-07,
    3.541379310344828e-07,
    5.262068965517242e-07,
    5.262068965517242e-07,
    6.982758620689656e-07,
    6.982758620689656e-07,
    8.70344827586207e-07,
    8.70344827586207e-07,
    1.0424137931034483e-06,
    1.0424137931034483e-06,
    1.2144827586206895e-06,
    1.2144827586206895e-06,
    1.386551724137931e-06,
    1.386551724137931e-06,
    1.5586206896551725e-06,
    1.5586206896551725e-06,
    1.7306896551724138e-06,
    1.9027586206896551e-06,
    2.0748275862068966e-06,
    2.246896551724138e-06,
    2.418965517241379e-06,
    2.5910344827586207e-06,
    2.763103448275862e-06,
    2.9351724137931037e-06,
    3.107241379310345e-06,
    3.2793103448275863e-06,
    3.4513793103448278e-06,
    3.4513793103448278e-06,
    3.6234482758620693e-06,
    3.6234482758620693e-06,
    3.7955172413793103e-06,
    3.7955172413793103e-06,
    3.967586206896552e-06,
    3.967586206896552e-06,
    4.139655172413793e-06,
    4.139655172413793e-06,
    4.311724137931034e-06,
    4.311724137931034e-06,
    4.483793103448276e-06,
    4.483793103448276e-06,
    4.655862068965517e-06,
    4.655862068965517e-06,
    4.8279310344827585e-06,
    4.8279310344827585e-06,
    5e-06,
    5e-06
  ],
  "mu": 0,
  "samples": 250,
  "sequence_length": 1000,
  "seeds": [
    1061733347,
    292318953,
    1840704378,
    2143128112,
    1337815501,
    286286699,
    125685392,
    1511521444,
    1553906451,
    882040099,
    1055224621,
    1529511901,
    1353876097,
    1998879276,
    67583948,
    1482656958,
    1778057535,
    35236699,
    2106152204,
    1011023411,
    1205032212,
    1934756902,
    1990036326,
    50395442,
    1361724916,
    1971918844,
    1624868121,
    393480847,
    1845895182,
    962149910,
    362810503,
    1634183631,
    1927395921,
    1449748221,
    855267364,
    1868577409,
    1498308061,
    1381143182,
    664454652,
    1535992486,
    923703239,
    337488460,
    580801860,
    1612375703,
    972484232,
    836891703,
    942199845,
    80103191,
    2030564792,
    1845437921
  ]
}