{
  "mode": "site",
  "rep": 354,
  "ne": 10000,
  "r": 1e-05,
  "mu": [
    1e-07,
    1e-07,
    4.413793103448276e-07,
    4.413793103448276e-07,
    7.827586206896552e-07,
    7.827586206896552e-07,
    1.1241379310344827e-06,
    1.1241379310344827e-06,
    1.4655172413793102e-06,
    1.4655172413793102e-06,
    1.8068965517241377e-06,
    1.8068965517241377e-06,
    2.1482758620689656e-06,
    2.1482758620689656e-06,
    2.489655172413793e-06,
    2.489655172413793e-06,
    2.8310344827586205e-06,
    2.8310344827586205e-06,
    3.172413793103448e-06,
    3.172413793103448e-06,
    3.5137931034482755e-06,
    3.5137931034482755e-06,
    3.855172413793104e-06,
    3.855172413793104e-06,
    4.196551724137931e-06,
    4.196551724137931e-06,
    4.537931034482759e-06,
    4.537931034482759e-06,
    4.879310344827586e-06,
    4.879310344827586e-06,
    5.220689655172414e-06,
    5.220689655172414e-06,
    5.562068965517241e-06,
    5.562068965517241e-06,
    5.903448275862069e-06,
    5.903448275862069e-06,
    6.244827586206896e-06,
    6.244827586206896e-06,
    6.5862068965517236e-06,
    6.5862068965517236e-06,
    6.927586206896551e-06,
    7.268965517241379e-06,
    7.610344827586207e-06,
    7.951724137931034e-06,
    8.293103448275863e-06,
    8.634482758620691e-06,
    8.975862068965518e-06,
    9.317241379310346e-06,
    9.658620689655173e-06,
    1e-05
  ],
  "samples": 500,
  "sequence_length": 10000,
  "seeds": [
    1684742663,
    578080124,
    1721867942,
    929702849,
    660330724,
    733385688,
    1923282655,
    654345691,
    846282153,
    121047298,
    831253640,
    1798877413,
    1452842929,
    1479731983,
    923503913,
    1276024589,
    195800294,
    298926755,
    377173850,
    595568861,
    59098015,
    1061625357,
    1664710269,
    1139072150,
    1072711003,
    1307758314,
    1835606848,
    118674684,
    1141559673,
    986182984,
    532374886,
    942271118,
    2023281135,
    866563797,
    792590542,
    1271543359,
    300655546,
    1145970564,
    2027604851,
    1980742713,
    835685117,
    970239172,
    1330307529,
    920219782,
    974429305,
    1582185068,
    1884143448,
    701492742,
    813929574,
    912224913
  ]
}