{
  "mode": "site",
  "rep": 312,
  "ne": 10000,
  "r": 1e-05,
  "mu": [
    1e-07,
    1e-07,
    4.413793103448276e-07,
    4.413793103448276e-07,
    7.827586206896552e-07,
    7.827586206896552e-07,
    1.1241379310344827e-06,
    1.1241379310344827e-06,
    1.4655172413793102e-06,
    1.4655172413793102e-06,
    1.8068965517241377e-06,
    1.8068965517241377e-06,
    2.1482758620689656e-06,
    2.1482758620689656e-06,
    2.489655172413793e-06,
    2.489655172413793e-06,
    2.8310344827586205e-06,
    2.8310344827586205e-06,
    3.172413793103448e-06,
    3.172413793103448e-06,
    3.5137931034482755e-06,
    3.5137931034482755e-06,
    3.855172413793104e-06,
    3.855172413793104e-06,
    4.196551724137931e-06,
    4.196551724137931e-06,
    4.537931034482759e-06,
    4.537931034482759e-06,
    4.879310344827586e-06,
    4.879310344827586e-06,
    5.220689655172414e-06,
    5.220689655172414e-06,
    5.562068965517241e-06,
    5.562068965517241e-06,
    5.903448275862069e-06,
    5.903448275862069e-06,
    6.244827586206896e-06,
    6.244827586206896e-06,
    6.5862068965517236e-06,
    6.5862068965517236e-06,
    6.927586206896551e-06,
    7.268965517241379e-06,
    7.610344827586207e-06,
    7.951724137931034e-06,
    8.293103448275863e-06,
    8.634482758620691e-06,
    8.975862068965518e-06,
    9.317241379310346e-06,
    9.658620689655173e-06,
    1e-05
  ],
  "samples": 500,
  "sequence_length": 50000,
  "seeds": [
    804759994,
    1298098870,
    1889671201,
    1309555965,
    262975223,
    1184071032,
    1576290382,
    348464064,
    1736787192,
    1499759599,
    89994035,
    1255499643,
    1844748108,
    1935825907,
    115253020,
    1568520912,
    2082996778,
    581709371,
    1489632506,
    1214614243,
    2056753432,
    1836772440,
    1912577849,
    1282091268,
    838751791,
    1173415643,
    733404238,
    1366225945,
    29045263,
    784179093,
    2097721724,
    1832067690,
    1938757706,
    381563956,
    1011592648,
    1390098134,
    1180870274,
    1394093007,
    1024171437,
    1982967725,
    2046890717,
    367973744,
    1790427546,
    1429363826,
    1148832469,
    2115497291,
    786807136,
    1808162851,
    1389740199,
    335659153
  ]
}