{
  "mode": "site",
  "rep": 403,
  "ne": 10000,
  "r": 1e-05,
  "mu": [
    1e-07,
    1e-07,
    4.413793103448276e-07,
    4.413793103448276e-07,
    7.827586206896552e-07,
    7.827586206896552e-07,
    1.1241379310344827e-06,
    1.1241379310344827e-06,
    1.4655172413793102e-06,
    1.4655172413793102e-06,
    1.8068965517241377e-06,
    1.8068965517241377e-06,
    2.1482758620689656e-06,
    2.1482758620689656e-06,
    2.489655172413793e-06,
    2.489655172413793e-06,
    2.8310344827586205e-06,
    2.8310344827586205e-06,
    3.172413793103448e-06,
    3.172413793103448e-06,
    3.5137931034482755e-06,
    3.855172413793104e-06,
    4.196551724137931e-06,
    4.537931034482759e-06,
    4.879310344827586e-06,
    5.220689655172414e-06,
    5.562068965517241e-06,
    5.903448275862069e-06,
    6.244827586206896e-06,
    6.5862068965517236e-06,
    6.927586206896551e-06,
    6.927586206896551e-06,
    7.268965517241379e-06,
    7.268965517241379e-06,
    7.610344827586207e-06,
    7.610344827586207e-06,
    7.951724137931034e-06,
    7.951724137931034e-06,
    8.293103448275863e-06,
    8.293103448275863e-06,
    8.634482758620691e-06,
    8.634482758620691e-06,
    8.975862068965518e-06,
    8.975862068965518e-06,
    9.317241379310346e-06,
    9.317241379310346e-06,
    9.658620689655173e-06,
    9.658620689655173e-06,
    1e-05,
    1e-05
  ],
  "samples": 500,
  "sequence_length": 50000,
  "seeds": [
    1084588010,
    1876850656,
    1647776846,
    1758676402,
    1743148454,
    281572416,
    1519284220,
    1319846201,
    1024796577,
    1818864299,
    397413971,
    971146613,
    1319443303,
    1722156910,
    204033687,
    197432583,
    1406635154,
    1184884169,
    2070038991,
    1907875267,
    896773314,
    1232473922,
    1720498363,
    2034493848,
    241374697,
    2038532074,
    2092389798,
    1982335494,
    700331600,
    112305317,
    383695285,
    1440273701,
    1032704237,
    1651974091,
    887502386,
    894835815,
    1435644664,
    1929147499,
    691662682,
    608474049,
    1100624231,
    969990785,
    470704514,
    559777400,
    445844983,
    632131239,
    1408454885,
    461018431,
    1552954117,
    1109451606
  ]
}