{
  "mode": "branch",
  "rep": 827,
  "ne": 10000,
  "r": [
    1e-08,
    1.820689655172414e-07,
    3.541379310344828e-07,
    5.262068965517242e-07,
    6.982758620689656e-07,
    8.70344827586207e-07,
    1.0424137931034483e-06,
    1.2144827586206895e-06,
    1.386551724137931e-06,
    1.5586206896551725e-06,
    1.7306896551724138e-06,
    1.7306896551724138e-06,
    1.9027586206896551e-06,
    1.9027586206896551e-06,
    2.0748275862068966e-06,
    2.0748275862068966e-06,
    2.246896551724138e-06,
    2.246896551724138e-06,
    2.418965517241379e-06,
    2.418965517241379e-06,
    2.5910344827586207e-06,
    2.5910344827586207e-06,
    2.763103448275862e-06,
    2.763103448275862e-06,
    2.9351724137931037e-06,
    2.9351724137931037e-06,
    3.107241379310345e-06,
    3.107241379310345e-06,
    3.2793103448275863e-06,
    3.2793103448275863e-06,
    3.4513793103448278e-06,
    3.4513793103448278e-06,
    3.6234482758620693e-06,
    3.6234482758620693e-06,
    3.7955172413793103e-06,
    3.7955172413793103e-06,
    3.967586206896552e-06,
    3.967586206896552e-06,
    4.139655172413793e-06,
    4.139655172413793e-06,
    4.311724137931034e-06,
    4.311724137931034e-06,
    4.483793103448276e-06,
    4.483793103448276e-06,
    4.655862068965517e-06,
    4.655862068965517e-06,
    4.8279310344827585e-06,
    4.8279310344827585e-06,
    5e-06,
    5e-06
  ],
  "mu": 0,
  "samples": 250,
  "sequence_length": 1000,
  "seeds": [
    958041704,
    959796523,
    1137546151,
    1745794557,
    1733028072,
    1446242412,
    525069095,
    365624617,
    1011168502,
    1557219635,
    2004712493,
    1198845681,
    525277864,
    2009695833,
    394353968,
    1346824974,
    614306141,
    93817863,
    298202755,
    563058964,
    1370090547,
    1610727585,
    1921634476,
    2058402720,
    1698069656,
    461369224,
    1849793274,
    889700058,
    1790071222,
    2076149861,
    2093824068,
    1110825158,
    275861764,
    220654611,
    909482587,
    1565050831,
    2026935419,
    1529004844,
    1399614336,
    218631680,
    1901445370,
    1466282016,
    1297807630,
    790222873,
    540341953,
    645276704,
    2119441358,
    1132190499,
    560358459,
    867441784
  ]
}