{
  "mode": "branch",
  "rep": 1082,
  "ne": 10000,
  "r": [
    1e-08,
    1.820689655172414e-07,
    3.541379310344828e-07,
    5.262068965517242e-07,
    6.982758620689656e-07,
    8.70344827586207e-07,
    1.0424137931034483e-06,
    1.2144827586206895e-06,
    1.386551724137931e-06,
    1.5586206896551725e-06,
    1.7306896551724138e-06,
    1.7306896551724138e-06,
    1.9027586206896551e-06,
    1.9027586206896551e-06,
    2.0748275862068966e-06,
    2.0748275862068966e-06,
    2.246896551724138e-06,
    2.246896551724138e-06,
    2.418965517241379e-06,
    2.418965517241379e-06,
    2.5910344827586207e-06,
    2.5910344827586207e-06,
    2.763103448275862e-06,
    2.763103448275862e-06,
    2.9351724137931037e-06,
    2.9351724137931037e-06,
    3.107241379310345e-06,
    3.107241379310345e-06,
    3.2793103448275863e-06,
    3.2793103448275863e-06,
    3.4513793103448278e-06,
    3.4513793103448278e-06,
    3.6234482758620693e-06,
    3.6234482758620693e-06,
    3.7955172413793103e-06,
    3.7955172413793103e-06,
    3.967586206896552e-06,
    3.967586206896552e-06,
    4.139655172413793e-06,
    4.139655172413793e-06,
    4.311724137931034e-06,
    4.311724137931034e-06,
    4.483793103448276e-06,
    4.483793103448276e-06,
    4.655862068965517e-06,
    4.655862068965517e-06,
    4.8279310344827585e-06,
    4.8279310344827585e-06,
    5e-06,
    5e-06
  ],
  "mu": 0,
  "samples": 250,
  "sequence_length": 1000,
  "seeds": [
    2145153150,
    308527983,
    1537099359,
    1863713883,
    1373439473,
    1255254289,
    41317591,
    600740030,
    1192021784,
    1908202536,
    716155216,
    1602680253,
    211942783,
    1134499370,
    669398436,
    1646791443,
    720172473,
    1035604452,
    1399982745,
    105054127,
    530220257,
    634254293,
    746265967,
    1399628055,
    1442283174,
    839547835,
    1334957905,
    1103915761,
    1346379869,
    814453057,
    586350404,
    864272708,
    331860176,
    816706944,
    515409088,
    53812302,
    425954208,
    1681458186,
    1203965850,
    1502547852,
    247470333,
    34455707,
    1948558967,
    218970919,
    74954306,
    1321670570,
    1325104385,
    545515104,
    1612516777,
    101803616
  ]
}