{
  "mode": "site",
  "rep": 575,
  "ne": 10000,
  "r": 1e-05,
  "mu": [
    1e-07,
    4.413793103448276e-07,
    7.827586206896552e-07,
    1.1241379310344827e-06,
    1.4655172413793102e-06,
    1.8068965517241377e-06,
    2.1482758620689656e-06,
    2.489655172413793e-06,
    2.8310344827586205e-06,
    3.172413793103448e-06,
    3.5137931034482755e-06,
    3.5137931034482755e-06,
    3.855172413793104e-06,
    3.855172413793104e-06,
    4.196551724137931e-06,
    4.196551724137931e-06,
    4.537931034482759e-06,
    4.537931034482759e-06,
    4.879310344827586e-06,
    4.879310344827586e-06,
    5.220689655172414e-06,
    5.220689655172414e-06,
    5.562068965517241e-06,
    5.562068965517241e-06,
    5.903448275862069e-06,
    5.903448275862069e-06,
    6.244827586206896e-06,
    6.244827586206896e-06,
    6.5862068965517236e-06,
    6.5862068965517236e-06,
    6.927586206896551e-06,
    6.927586206896551e-06,
    7.268965517241379e-06,
    7.268965517241379e-06,
    7.610344827586207e-06,
    7.610344827586207e-06,
    7.951724137931034e-06,
    7.951724137931034e-06,
    8.293103448275863e-06,
    8.293103448275863e-06,
    8.634482758620691e-06,
    8.634482758620691e-06,
    8.975862068965518e-06,
    8.975862068965518e-06,
    9.317241379310346e-06,
    9.317241379310346e-06,
    9.658620689655173e-06,
    9.658620689655173e-06,
    1e-05,
    1e-05
  ],
  "samples": 500,
  "sequence_length": 10000,
  "seeds": [
    1771426368,
    1403883194,
    1047860271,
    1374822410,
    1124385695,
    1783252837,
    1935938224,
    51588859,
    1481892869,
    638895300,
    1533792898,
    1877582055,
    89848536,
    565066377,
    2123769795,
    1205624018,
    656071291,
    1267445695,
    1166023415,
    2098254646,
    2086267686,
    442437317,
    263194165,
    120251056,
    688982411,
    852211451,
    1414929887,
    1095284639,
    338079222,
    1038784018,
    1896639278,
    194566275,
    333030982,
    2101728822,
    2079690736,
    1985653255,
    427183256,
    1762700811,
    1357373646,
    1387871596,
    565121481,
    1364662044,
    1483737441,
    1735308815,
    1601832037,
    219063551,
    2017733987,
    153657315,
    1915227726,
    61725390
  ]
}