{
  "mode": "branch",
  "rep": 878,
  "ne": 10000,
  "r": [
    1e-08,
    1.820689655172414e-07,
    3.541379310344828e-07,
    5.262068965517242e-07,
    6.982758620689656e-07,
    8.70344827586207e-07,
    1.0424137931034483e-06,
    1.2144827586206895e-06,
    1.386551724137931e-06,
    1.5586206896551725e-06,
    1.7306896551724138e-06,
    1.7306896551724138e-06,
    1.9027586206896551e-06,
    1.9027586206896551e-06,
    2.0748275862068966e-06,
    2.0748275862068966e-06,
    2.246896551724138e-06,
    2.246896551724138e-06,
    2.418965517241379e-06,
    2.418965517241379e-06,
    2.5910344827586207e-06,
    2.5910344827586207e-06,
    2.763103448275862e-06,
    2.763103448275862e-06,
    2.9351724137931037e-06,
    2.9351724137931037e-06,
    3.107241379310345e-06,
    3.107241379310345e-06,
    3.2793103448275863e-06,
    3.2793103448275863e-06,
    3.4513793103448278e-06,
    3.4513793103448278e-06,
    3.6234482758620693e-06,
    3.6234482758620693e-06,
    3.7955172413793103e-06,
    3.7955172413793103e-06,
    3.967586206896552e-06,
    3.967586206896552e-06,
    4.139655172413793e-06,
    4.139655172413793e-06,
    4.311724137931034e-06,
    4.311724137931034e-06,
    4.483793103448276e-06,
    4.483793103448276e-06,
    4.655862068965517e-06,
    4.655862068965517e-06,
    4.8279310344827585e-06,
    4.8279310344827585e-06,
    5e-06,
    5e-06
  ],
  "mu": 0,
  "samples": 250,
  "sequence_length": 1000,
  "seeds": [
    2104832100,
    1767122333,
    1066581273,
    1163256517,
    62235697,
    1851018830,
    1034613853,
    218610174,
    1798412662,
    1572472057,
    384454204,
    173703116,
    1969843269,
    1929161893,
    1545788441,
    590243570,
    831321189,
    1491153317,
    1276853564,
    1167273210,
    1203653232,
    1333748257,
    789510687,
    633504080,
    542333245,
    637760387,
    2109947990,
    566877912,
    825172312,
    487862214,
    1417517735,
    76245401,
    2018524622,
    1756086456,
    654882740,
    1658240606,
    1353558957,
    186559614,
    1875170814,
    2087497108,
    805448433,
    2126735662,
    930194348,
    1566887730,
    1211991047,
    20386528,
    122047052,
    1867699291,
    245691779,
    194662800
  ]
}