{
  "mode": "site",
  "rep": 167,
  "ne": 10000,
  "r": 1e-05,
  "mu": [
    1e-07,
    4.413793103448276e-07,
    7.827586206896552e-07,
    1.1241379310344827e-06,
    1.4655172413793102e-06,
    1.8068965517241377e-06,
    2.1482758620689656e-06,
    2.489655172413793e-06,
    2.8310344827586205e-06,
    3.172413793103448e-06,
    3.5137931034482755e-06,
    3.5137931034482755e-06,
    3.855172413793104e-06,
    3.855172413793104e-06,
    4.196551724137931e-06,
    4.196551724137931e-06,
    4.537931034482759e-06,
    4.537931034482759e-06,
    4.879310344827586e-06,
    4.879310344827586e-06,
    5.220689655172414e-06,
    5.220689655172414e-06,
    5.562068965517241e-06,
    5.562068965517241e-06,
    5.903448275862069e-06,
    5.903448275862069e-06,
    6.244827586206896e-06,
    6.244827586206896e-06,
    6.5862068965517236e-06,
    6.5862068965517236e-06,
    6.927586206896551e-06,
    6.927586206896551e-06,
    7.268965517241379e-06,
    7.268965517241379e-06,
    7.610344827586207e-06,
    7.610344827586207e-06,
    7.951724137931034e-06,
    7.951724137931034e-06,
    8.293103448275863e-06,
    8.293103448275863e-06,
    8.634482758620691e-06,
    8.634482758620691e-06,
    8.975862068965518e-06,
    8.975862068965518e-06,
    9.317241379310346e-06,
    9.317241379310346e-06,
    9.658620689655173e-06,
    9.658620689655173e-06,
    1e-05,
    1e-05
  ],
  "samples": 500,
  "sequence_length": 10000,
  "seeds": [
    1014495264,
    1706044536,
    1645998267,
    468974617,
    1275129644,
    1356510257,
    1251826828,
    861013478,
    778431799,
    920742970,
    864603055,
    312565442,
    333099031,
    1329752968,
    647321158,
    372455992,
    1704594331,
    1696362012,
    558281615,
    2098464133,
    450173449,
    1310683869,
    212264680,
    698907574,
    513991198,
    2012032257,
    530556928,
    23600140,
    1137502625,
    2052396895,
    603934727,
    220367741,
    1109894928,
    654904870,
    902210798,
    1226088224,
    802317468,
    2103362486,
    1744581612,
    1792500925,
    761819246,
    198937999,
    1946363953,
    1773371202,
    1015449770,
    2081882914,
    1830167126,
    633854150,
    37186983,
    1725655588
  ]
}