{
  "mode": "branch",
  "rep": 844,
  "ne": 10000,
  "r": [
    1e-08,
    1e-08,
    1.820689655172414e-07,
    1.820689655172414e-07,
    3.541379310344828e-07,
    3.541379310344828e-07,
    5.262068965517242e-07,
    5.262068965517242e-07,
    6.982758620689656e-07,
    6.982758620689656e-07,
    8.70344827586207e-07,
    8.70344827586207e-07,
    1.0424137931034483e-06,
    1.0424137931034483e-06,
    1.2144827586206895e-06,
    1.2144827586206895e-06,
    1.386551724137931e-06,
    1.386551724137931e-06,
    1.5586206896551725e-06,
    1.5586206896551725e-06,
    1.7306896551724138e-06,
    1.9027586206896551e-06,
    2.0748275862068966e-06,
    2.246896551724138e-06,
    2.418965517241379e-06,
    2.5910344827586207e-06,
    2.763103448275862e-06,
    2.9351724137931037e-06,
    3.107241379310345e-06,
    3.2793103448275863e-06,
    3.4513793103448278e-06,
    3.4513793103448278e-06,
    3.6234482758620693e-06,
    3.6234482758620693e-06,
    3.7955172413793103e-06,
    3.7955172413793103e-06,
    3.967586206896552e-06,
    3.967586206896552e-06,
    4.139655172413793e-06,
    4.139655172413793e-06,
    4.311724137931034e-06,
    4.311724137931034e-06,
    4.483793103448276e-06,
    4.483793103448276e-06,
    4.655862068965517e-06,
    4.655862068965517e-06,
    4.8279310344827585e-06,
    4.8279310344827585e-06,
    5e-06,
    5e-06
  ],
  "mu": 0,
  "samples": 250,
  "sequence_length": 1000,
  "seeds": [
    1894416411,
    578238178,
    1449074151,
    127531460,
    1285552241,
    935110170,
    1021338186,
    224960379,
    838915587,
    926461287,
    1030770087,
    429137589,
    432656003,
    1377387766,
    1920502015,
    1926452293,
    1091020176,
    762802066,
    1164385614,
    85102856,
    1162643586,
    290791278,
    738341518,
    1086174835,
    1143782949,
    1849499403,
    1880846925,
    1408881787,
    1817478360,
    1390503896,
    966321305,
    879849391,
    645028989,
    641947837,
    328351973,
    1040151369,
    1725110077,
    1019483743,
    2066494387,
    1402915710,
    21027851,
    1454608225,
    1523011390,
    1190442436,
    1349779703,
    670080807,
    442254681,
    341690126,
    260196003,
    340053226
  ]
}