{
  "mode": "site",
  "rep": 524,
  "ne": 10000,
  "r": 1e-05,
  "mu": [
    1e-07,
    4.413793103448276e-07,
    7.827586206896552e-07,
    1.1241379310344827e-06,
    1.4655172413793102e-06,
    1.8068965517241377e-06,
    2.1482758620689656e-06,
    2.489655172413793e-06,
    2.8310344827586205e-06,
    3.172413793103448e-06,
    3.5137931034482755e-06,
    3.5137931034482755e-06,
    3.855172413793104e-06,
    3.855172413793104e-06,
    4.196551724137931e-06,
    4.196551724137931e-06,
    4.537931034482759e-06,
    4.537931034482759e-06,
    4.879310344827586e-06,
    4.879310344827586e-06,
    5.220689655172414e-06,
    5.220689655172414e-06,
    5.562068965517241e-06,
    5.562068965517241e-06,
    5.903448275862069e-06,
    5.903448275862069e-06,
    6.244827586206896e-06,
    6.244827586206896e-06,
    6.5862068965517236e-06,
    6.5862068965517236e-06,
    6.927586206896551e-06,
    6.927586206896551e-06,
    7.268965517241379e-06,
    7.268965517241379e-06,
    7.610344827586207e-06,
    7.610344827586207e-06,
    7.951724137931034e-06,
    7.951724137931034e-06,
    8.293103448275863e-06,
    8.293103448275863e-06,
    8.634482758620691e-06,
    8.634482758620691e-06,
    8.975862068965518e-06,
    8.975862068965518e-06,
    9.317241379310346e-06,
    9.317241379310346e-06,
    9.658620689655173e-06,
    9.658620689655173e-06,
    1e-05,
    1e-05
  ],
  "samples": 500,
  "sequence_length": 50000,
  "seeds": [
    24220057,
    2077679046,
    1009855946,
    403890392,
    303575684,
    775934194,
    377810281,
    1649981277,
    960806353,
    774056339,
    1034051333,
    1404237098,
    1027077161,
    51140272,
    1030232476,
    1151209422,
    1844472343,
    1377286108,
    99745274,
    227432105,
    1511975021,
    2115590315,
    228031704,
    1517230111,
    1254226369,
    1021395702,
    1719157582,
    390117925,
    970677962,
    408808296,
    1868045598,
    726140725,
    18859260,
    267036130,
    537401067,
    1250640683,
    1147684163,
    797916865,
    1510446888,
    879005259,
    1730506141,
    1272378504,
    17188872,
    1539042590,
    1174145770,
    878074912,
    305539008,
    912184332,
    1583317857,
    685320793
  ]
}