{
  "mode": "branch",
  "rep": 916,
  "ne": 10000,
  "r": [
    1e-08,
    1e-08,
    1.820689655172414e-07,
    1.820689655172414e-07,
    3.541379310344828e-07,
    3.541379310344828e-07,
    5.262068965517242e-07,
    5.262068965517242e-07,
    6.982758620689656e-07,
    6.982758620689656e-07,
    8.70344827586207e-07,
    8.70344827586207e-07,
    1.0424137931034483e-06,
    1.0424137931034483e-06,
    1.2144827586206895e-06,
    1.2144827586206895e-06,
    1.386551724137931e-06,
    1.386551724137931e-06,
    1.5586206896551725e-06,
    1.5586206896551725e-06,
    1.7306896551724138e-06,
    1.9027586206896551e-06,
    2.0748275862068966e-06,
    2.246896551724138e-06,
    2.418965517241379e-06,
    2.5910344827586207e-06,
    2.763103448275862e-06,
    2.9351724137931037e-06,
    3.107241379310345e-06,
    3.2793103448275863e-06,
    3.4513793103448278e-06,
    3.4513793103448278e-06,
    3.6234482758620693e-06,
    3.6234482758620693e-06,
    3.7955172413793103e-06,
    3.7955172413793103e-06,
    3.967586206896552e-06,
    3.967586206896552e-06,
    4.139655172413793e-06,
    4.139655172413793e-06,
    4.311724137931034e-06,
    4.311724137931034e-06,
    4.483793103448276e-06,
    4.483793103448276e-06,
    4.655862068965517e-06,
    4.655862068965517e-06,
    4.8279310344827585e-06,
    4.8279310344827585e-06,
    5e-06,
    5e-06
  ],
  "mu": 0,
  "samples": 250,
  "sequence_length": 1000,
  "seeds": [
    323073864,
    2015839492,
    310991256,
    1536186610,
    759461700,
    2016794015,
    94895188,
    692302258,
    92357801,
    1298861790,
    1003564767,
    1714642581,
    1762747330,
    1740285994,
    582459189,
    1319905885,
    166317739,
    973431062,
    424035879,
    1491988578,
    1878489963,
    1307966582,
    83204343,
    152692184,
    1527363068,
    1323196896,
    1903535688,
    22131465,
    1164357636,
    2092769179,
    1377278359,
    45582011,
    924601146,
    1660207011,
    1559187025,
    390172948,
    1957478872,
    1917428005,
    390422692,
    1053414655,
    199545367,
    1440156978,
    270219901,
    1816110920,
    857451645,
    169312518,
    1528277763,
    1502620731,
    534898099,
    1584544084
  ]
}