{
  "mode": "site",
  "rep": 246,
  "ne": 10000,
  "r": 1e-05,
  "mu": [
    1e-07,
    1e-07,
    4.413793103448276e-07,
    4.413793103448276e-07,
    7.827586206896552e-07,
    7.827586206896552e-07,
    1.1241379310344827e-06,
    1.1241379310344827e-06,
    1.4655172413793102e-06,
    1.4655172413793102e-06,
    1.8068965517241377e-06,
    1.8068965517241377e-06,
    2.1482758620689656e-06,
    2.1482758620689656e-06,
    2.489655172413793e-06,
    2.489655172413793e-06,
    2.8310344827586205e-06,
    2.8310344827586205e-06,
    3.172413793103448e-06,
    3.172413793103448e-06,
    3.5137931034482755e-06,
    3.5137931034482755e-06,
    3.855172413793104e-06,
    3.855172413793104e-06,
    4.196551724137931e-06,
    4.196551724137931e-06,
    4.537931034482759e-06,
    4.537931034482759e-06,
    4.879310344827586e-06,
    4.879310344827586e-06,
    5.220689655172414e-06,
    5.220689655172414e-06,
    5.562068965517241e-06,
    5.562068965517241e-06,
    5.903448275862069e-06,
    5.903448275862069e-06,
    6.244827586206896e-06,
    6.244827586206896e-06,
    6.5862068965517236e-06,
    6.5862068965517236e-06,
    6.927586206896551e-06,
    7.268965517241379e-06,
    7.610344827586207e-06,
    7.951724137931034e-06,
    8.293103448275863e-06,
    8.634482758620691e-06,
    8.975862068965518e-06,
    9.317241379310346e-06,
    9.658620689655173e-06,
    1e-05
  ],
  "samples": 500,
  "sequence_length": 50000,
  "seeds": [
    837814489,
    1670042712,
    345198824,
    2074636389,
    1007597405,
    1140919001,
    1702240793,
    1926574379,
    333462560,
    1708764218,
    486487778,
    120240345,
    200816969,
    593421663,
    1663239527,
    729175046,
    688691267,
    105122291,
    736819621,
    915430538,
    1997056585,
    1203265730,
    1062389367,
    672228615,
    1326621483,
    1291811710,
    1844791232,
    1277547501,
    2047584248,
    1939853773,
    1036217310,
    1650979587,
    1529368318,
    572797098,
    1060587311,
    1936825710,
    297703653,
    730620764,
    1884604731,
    394088549,
    1821643743,
    1804795644,
    990713010,
    1353011007,
    1992483774,
    999421725,
    2039671151,
    109588009,
    748857573,
    221810833
  ]
}