{
  "mode": "branch",
  "rep": 931,
  "ne": 10000,
  "r": [
    1e-08,
    1e-08,
    1.820689655172414e-07,
    1.820689655172414e-07,
    3.541379310344828e-07,
    3.541379310344828e-07,
    5.262068965517242e-07,
    5.262068965517242e-07,
    6.982758620689656e-07,
    6.982758620689656e-07,
    8.70344827586207e-07,
    8.70344827586207e-07,
    1.0424137931034483e-06,
    1.0424137931034483e-06,
    1.2144827586206895e-06,
    1.2144827586206895e-06,
    1.386551724137931e-06,
    1.386551724137931e-06,
    1.5586206896551725e-06,
    1.5586206896551725e-06,
    1.7306896551724138e-06,
    1.9027586206896551e-06,
    2.0748275862068966e-06,
    2.246896551724138e-06,
    2.418965517241379e-06,
    2.5910344827586207e-06,
    2.763103448275862e-06,
    2.9351724137931037e-06,
    3.107241379310345e-06,
    3.2793103448275863e-06,
    3.4513793103448278e-06,
    3.4513793103448278e-06,
    3.6234482758620693e-06,
    3.6234482758620693e-06,
    3.7955172413793103e-06,
    3.7955172413793103e-06,
    3.967586206896552e-06,
    3.967586206896552e-06,
    4.139655172413793e-06,
    4.139655172413793e-06,
    4.311724137931034e-06,
    4.311724137931034e-06,
    4.483793103448276e-06,
    4.483793103448276e-06,
    4.655862068965517e-06,
    4.655862068965517e-06,
    4.8279310344827585e-06,
    4.8279310344827585e-06,
    5e-06,
    5e-06
  ],
  "mu": 0,
  "samples": 250,
  "sequence_length": 1000,
  "seeds": [
    2108690589,
    1373908352,
    940535818,
    1586987764,
    2045302995,
    237403594,
    104199664,
    1485279826,
    865081697,
    802042315,
    1942772888,
    1009382826,
    391367539,
    1836882953,
    930730065,
    1084200377,
    1729300531,
    1747364741,
    467863234,
    478496842,
    1759313003,
    1729912855,
    1597749677,
    1398781207,
    1724592210,
    1922455743,
    1270278178,
    1153422443,
    348080969,
    1129671863,
    392142123,
    1134167442,
    1522876902,
    828483094,
    695472567,
    725109593,
    1617677124,
    1834849667,
    238169501,
    2089256261,
    1515380094,
    1304999632,
    1808400872,
    1265857147,
    1361978183,
    1824438448,
    779800211,
    1207156513,
    2094304318,
    126587420
  ]
}