{
  "mode": "branch",
  "rep": 735,
  "ne": 10000,
  "r": [
    1e-08,
    1e-08,
    1.820689655172414e-07,
    1.820689655172414e-07,
    3.541379310344828e-07,
    3.541379310344828e-07,
    5.262068965517242e-07,
    5.262068965517242e-07,
    6.982758620689656e-07,
    6.982758620689656e-07,
    8.70344827586207e-07,
    8.70344827586207e-07,
    1.0424137931034483e-06,
    1.0424137931034483e-06,
    1.2144827586206895e-06,
    1.2144827586206895e-06,
    1.386551724137931e-06,
    1.386551724137931e-06,
    1.5586206896551725e-06,
    1.5586206896551725e-06,
    1.7306896551724138e-06,
    1.7306896551724138e-06,
    1.9027586206896551e-06,
    1.9027586206896551e-06,
    2.0748275862068966e-06,
    2.0748275862068966e-06,
    2.246896551724138e-06,
    2.246896551724138e-06,
    2.418965517241379e-06,
    2.418965517241379e-06,
    2.5910344827586207e-06,
    2.5910344827586207e-06,
    2.763103448275862e-06,
    2.763103448275862e-06,
    2.9351724137931037e-06,
    2.9351724137931037e-06,
    3.107241379310345e-06,
    3.107241379310345e-06,
    3.2793103448275863e-06,
    3.2793103448275863e-06,
    3.4513793103448278e-06,
    3.6234482758620693e-06,
    3.7955172413793103e-06,
    3.967586206896552e-06,
    4.139655172413793e-06,
    4.311724137931034e-06,
    4.483793103448276e-06,
    4.655862068965517e-06,
    4.8279310344827585e-06,
    5e-06
  ],
  "mu": 0,
  "samples": 250,
  "sequence_length": 1000,
  "seeds": [
    1894207661,
    325526823,
    1743266905,
    1205897140,
    367423856,
    704001954,
    953226134,
    337598281,
    1995027079,
    702335662,
    276217883,
    639625722,
    1481430932,
    658361713,
    295877610,
    690739706,
    1797046448,
    1254871503,
    547157176,
    733030029,
    607484386,
    722013782,
    1990982965,
    1998854128,
    316092404,
    1136202377,
    265784933,
    396511100,
    1400192708,
    1507643999,
    2046893990,
    286504292,
    593191816,
    1570417621,
    798049319,
    1876384023,
    1638391869,
    1601880105,
    773292957,
    1715127862,
    1015478592,
    1658130825,
    1014363081,
    672183324,
    1552786266,
    1359921602,
    2115239959,
    545688357,
    1846546787,
    183532927
  ]
}