{
  "mode": "branch",
  "rep": 923,
  "ne": 10000,
  "r": [
    1e-08,
    1.820689655172414e-07,
    3.541379310344828e-07,
    5.262068965517242e-07,
    6.982758620689656e-07,
    8.70344827586207e-07,
    1.0424137931034483e-06,
    1.2144827586206895e-06,
    1.386551724137931e-06,
    1.5586206896551725e-06,
    1.7306896551724138e-06,
    1.7306896551724138e-06,
    1.9027586206896551e-06,
    1.9027586206896551e-06,
    2.0748275862068966e-06,
    2.0748275862068966e-06,
    2.246896551724138e-06,
    2.246896551724138e-06,
    2.418965517241379e-06,
    2.418965517241379e-06,
    2.5910344827586207e-06,
    2.5910344827586207e-06,
    2.763103448275862e-06,
    2.763103448275862e-06,
    2.9351724137931037e-06,
    2.9351724137931037e-06,
    3.107241379310345e-06,
    3.107241379310345e-06,
    3.2793103448275863e-06,
    3.2793103448275863e-06,
    3.4513793103448278e-06,
    3.4513793103448278e-06,
    3.6234482758620693e-06,
    3.6234482758620693e-06,
    3.7955172413793103e-06,
    3.7955172413793103e-06,
    3.967586206896552e-06,
    3.967586206896552e-06,
    4.139655172413793e-06,
    4.139655172413793e-06,
    4.311724137931034e-06,
    4.311724137931034e-06,
    4.483793103448276e-06,
    4.483793103448276e-06,
    4.655862068965517e-06,
    4.655862068965517e-06,
    4.8279310344827585e-06,
    4.8279310344827585e-06,
    5e-06,
    5e-06
  ],
  "mu": 0,
  "samples": 250,
  "sequence_length": 1000,
  "seeds": [
    104006995,
    1978074526,
    167405892,
    546776774,
    280559578,
    1254363165,
    76236650,
    728179394,
    1204469700,
    372686261,
    60087402,
    525166964,
    2059819608,
    1384998080,
    897502678,
    1498871361,
    837253801,
    853508668,
    1574487325,
    1701884117,
    1737095925,
    1667300571,
    2136345420,
    1657307105,
    1045591225,
    460258556,
    1619118270,
    819778379,
    1235216703,
    1442977465,
    1716100313,
    1318474389,
    1875507278,
    11098431,
    1860180582,
    1226792673,
    36822549,
    2068973068,
    1390761034,
    132439478,
    1055334617,
    1924572523,
    918238281,
    300915040,
    620301393,
    1008081042,
    1566429194,
    992856615,
    1367543967,
    1385119684
  ]
}