{
  "mode": "site",
  "rep": 290,
  "ne": 10000,
  "r": 1e-05,
  "mu": [
    1e-07,
    4.413793103448276e-07,
    7.827586206896552e-07,
    1.1241379310344827e-06,
    1.4655172413793102e-06,
    1.8068965517241377e-06,
    2.1482758620689656e-06,
    2.489655172413793e-06,
    2.8310344827586205e-06,
    3.172413793103448e-06,
    3.5137931034482755e-06,
    3.5137931034482755e-06,
    3.855172413793104e-06,
    3.855172413793104e-06,
    4.196551724137931e-06,
    4.196551724137931e-06,
    4.537931034482759e-06,
    4.537931034482759e-06,
    4.879310344827586e-06,
    4.879310344827586e-06,
    5.220689655172414e-06,
    5.220689655172414e-06,
    5.562068965517241e-06,
    5.562068965517241e-06,
    5.903448275862069e-06,
    5.903448275862069e-06,
    6.244827586206896e-06,
    6.244827586206896e-06,
    6.5862068965517236e-06,
    6.5862068965517236e-06,
    6.927586206896551e-06,
    6.927586206896551e-06,
    7.268965517241379e-06,
    7.268965517241379e-06,
    7.610344827586207e-06,
    7.610344827586207e-06,
    7.951724137931034e-06,
    7.951724137931034e-06,
    8.293103448275863e-06,
    8.293103448275863e-06,
    8.634482758620691e-06,
    8.634482758620691e-06,
    8.975862068965518e-06,
    8.975862068965518e-06,
    9.317241379310346e-06,
    9.317241379310346e-06,
    9.658620689655173e-06,
    9.658620689655173e-06,
    1e-05,
    1e-05
  ],
  "samples": 500,
  "sequence_length": 50000,
  "seeds": [
    2104832100,
    1767122333,
    1066581273,
    1163256517,
    62235697,
    1851018830,
    1034613853,
    218610174,
    1798412662,
    1572472057,
    384454204,
    173703116,
    1969843269,
    1929161893,
    1545788441,
    590243570,
    831321189,
    1491153317,
    1276853564,
    1167273210,
    1203653232,
    1333748257,
    789510687,
    633504080,
    542333245,
    637760387,
    2109947990,
    566877912,
    825172312,
    487862214,
    1417517735,
    76245401,
    2018524622,
    1756086456,
    654882740,
    1658240606,
    1353558957,
    186559614,
    1875170814,
    2087497108,
    805448433,
    2126735662,
    930194348,
    1566887730,
    1211991047,
    20386528,
    122047052,
    1867699291,
    245691779,
    194662800
  ]
}