{
  "mode": "branch",
  "rep": 651,
  "ne": 10000,
  "r": [
    1e-08,
    1e-08,
    1.820689655172414e-07,
    1.820689655172414e-07,
    3.541379310344828e-07,
    3.541379310344828e-07,
    5.262068965517242e-07,
    5.262068965517242e-07,
    6.982758620689656e-07,
    6.982758620689656e-07,
    8.70344827586207e-07,
    8.70344827586207e-07,
    1.0424137931034483e-06,
    1.0424137931034483e-06,
    1.2144827586206895e-06,
    1.2144827586206895e-06,
    1.386551724137931e-06,
    1.386551724137931e-06,
    1.5586206896551725e-06,
    1.5586206896551725e-06,
    1.7306896551724138e-06,
    1.7306896551724138e-06,
    1.9027586206896551e-06,
    1.9027586206896551e-06,
    2.0748275862068966e-06,
    2.0748275862068966e-06,
    2.246896551724138e-06,
    2.246896551724138e-06,
    2.418965517241379e-06,
    2.418965517241379e-06,
    2.5910344827586207e-06,
    2.5910344827586207e-06,
    2.763103448275862e-06,
    2.763103448275862e-06,
    2.9351724137931037e-06,
    2.9351724137931037e-06,
    3.107241379310345e-06,
    3.107241379310345e-06,
    3.2793103448275863e-06,
    3.2793103448275863e-06,
    3.4513793103448278e-06,
    3.6234482758620693e-06,
    3.7955172413793103e-06,
    3.967586206896552e-06,
    4.139655172413793e-06,
    4.311724137931034e-06,
    4.483793103448276e-06,
    4.655862068965517e-06,
    4.8279310344827585e-06,
    5e-06
  ],
  "mu": 0,
  "samples": 250,
  "sequence_length": 1000,
  "seeds": [
    913359268,
    312905858,
    1743266907,
    497927278,
    1570799005,
    1020064100,
    23736428,
    1213834073,
    743457137,
    748400476,
    63061491,
    1043627819,
    741495356,
    1053615101,
    399155016,
    1805237699,
    187579305,
    1817099859,
    240772861,
    1234627879,
    1770312858,
    1994258067,
    1871020078,
    1831872551,
    1485024227,
    1651361107,
    1605696727,
    1440338090,
    816453590,
    72120153,
    2064173489,
    1918168491,
    1002011281,
    1954039769,
    1109637520,
    392719657,
    858241003,
    848967005,
    281316966,
    755574141,
    455591297,
    1434578884,
    182630929,
    2036997565,
    830991192,
    1626260029,
    1854957039,
    499932145,
    2050201618,
    2072413152
  ]
}