{
  "mode": "site",
  "rep": 475,
  "ne": 10000,
  "r": 1e-05,
  "mu": [
    1e-07,
    1e-07,
    4.413793103448276e-07,
    4.413793103448276e-07,
    7.827586206896552e-07,
    7.827586206896552e-07,
    1.1241379310344827e-06,
    1.1241379310344827e-06,
    1.4655172413793102e-06,
    1.4655172413793102e-06,
    1.8068965517241377e-06,
    1.8068965517241377e-06,
    2.1482758620689656e-06,
    2.1482758620689656e-06,
    2.489655172413793e-06,
    2.489655172413793e-06,
    2.8310344827586205e-06,
    2.8310344827586205e-06,
    3.172413793103448e-06,
    3.172413793103448e-06,
    3.5137931034482755e-06,
    3.855172413793104e-06,
    4.196551724137931e-06,
    4.537931034482759e-06,
    4.879310344827586e-06,
    5.220689655172414e-06,
    5.562068965517241e-06,
    5.903448275862069e-06,
    6.244827586206896e-06,
    6.5862068965517236e-06,
    6.927586206896551e-06,
    6.927586206896551e-06,
    7.268965517241379e-06,
    7.268965517241379e-06,
    7.610344827586207e-06,
    7.610344827586207e-06,
    7.951724137931034e-06,
    7.951724137931034e-06,
    8.293103448275863e-06,
    8.293103448275863e-06,
    8.634482758620691e-06,
    8.634482758620691e-06,
    8.975862068965518e-06,
    8.975862068965518e-06,
    9.317241379310346e-06,
    9.317241379310346e-06,
    9.658620689655173e-06,
    9.658620689655173e-06,
    1e-05,
    1e-05
  ],
  "samples": 500,
  "sequence_length": 10000,
  "seeds": [
    1943005784,
    1185159893,
    236895260,
    1577252719,
    227201562,
    1561652728,
    429829932,
    1855175959,
    454181697,
    182811811,
    1301447562,
    578157115,
    1183745961,
    936487972,
    1255015745,
    1224138614,
    276690692,
    214488468,
    944966342,
    2088205569,
    1440430541,
    443690753,
    536585988,
    554447359,
    784311589,
    856695723,
    1927511930,
    1460514577,
    281454193,
    1151946436,
    335451136,
    563949668,
    1252728243,
    394014939,
    844943184,
    1169163103,
    1536661266,
    162602524,
    1439546466,
    1501055523,
    2106797456,
    1491355285,
    1354823402,
    1933478070,
    1654726744,
    655807469,
    1572097878,
    1471909965,
    1701871580,
    929931870
  ]
}