{
  "mode": "branch",
  "rep": 979,
  "ne": 10000,
  "r": [
    1e-08,
    1e-08,
    1.820689655172414e-07,
    1.820689655172414e-07,
    3.541379310344828e-07,
    3.541379310344828e-07,
    5.262068965517242e-07,
    5.262068965517242e-07,
    6.982758620689656e-07,
    6.982758620689656e-07,
    8.70344827586207e-07,
    8.70344827586207e-07,
    1.0424137931034483e-06,
    1.0424137931034483e-06,
    1.2144827586206895e-06,
    1.2144827586206895e-06,
    1.386551724137931e-06,
    1.386551724137931e-06,
    1.5586206896551725e-06,
    1.5586206896551725e-06,
    1.7306896551724138e-06,
    1.9027586206896551e-06,
    2.0748275862068966e-06,
    2.246896551724138e-06,
    2.418965517241379e-06,
    2.5910344827586207e-06,
    2.763103448275862e-06,
    2.9351724137931037e-06,
    3.107241379310345e-06,
    3.2793103448275863e-06,
    3.4513793103448278e-06,
    3.4513793103448278e-06,
    3.6234482758620693e-06,
    3.6234482758620693e-06,
    3.7955172413793103e-06,
    3.7955172413793103e-06,
    3.967586206896552e-06,
    3.967586206896552e-06,
    4.139655172413793e-06,
    4.139655172413793e-06,
    4.311724137931034e-06,
    4.311724137931034e-06,
    4.483793103448276e-06,
    4.483793103448276e-06,
    4.655862068965517e-06,
    4.655862068965517e-06,
    4.8279310344827585e-06,
    4.8279310344827585e-06,
    5e-06,
    5e-06
  ],
  "mu": 0,
  "samples": 250,
  "sequence_length": 1000,
  "seeds": [
    1533458681,
    1317909229,
    1205726393,
    902226249,
    1827108201,
    8323092,
    859842313,
    1138470654,
    482551411,
    194111121,
    772348438,
    1530772638,
    2133298799,
    234444137,
    2112541552,
    634478929,
    1608616160,
    1536016573,
    1467097107,
    1757962807,
    1635626343,
    1113218288,
    141510160,
    1076956364,
    191567360,
    1944731401,
    1809461136,
    1989277710,
    327952878,
    1556609738,
    1108853493,
    347862473,
    998813654,
    1159139838,
    439042053,
    469019079,
    927291246,
    580801195,
    278172232,
    1668351300,
    96002313,
    248968,
    431897026,
    1415833422,
    1196502934,
    1160721317,
    955437426,
    462425766,
    573585146,
    1113269538
  ]
}