{
  "mode": "site",
  "rep": 327,
  "ne": 10000,
  "r": 1e-05,
  "mu": [
    1e-07,
    1e-07,
    4.413793103448276e-07,
    4.413793103448276e-07,
    7.827586206896552e-07,
    7.827586206896552e-07,
    1.1241379310344827e-06,
    1.1241379310344827e-06,
    1.4655172413793102e-06,
    1.4655172413793102e-06,
    1.8068965517241377e-06,
    1.8068965517241377e-06,
    2.1482758620689656e-06,
    2.1482758620689656e-06,
    2.489655172413793e-06,
    2.489655172413793e-06,
    2.8310344827586205e-06,
    2.8310344827586205e-06,
    3.172413793103448e-06,
    3.172413793103448e-06,
    3.5137931034482755e-06,
    3.5137931034482755e-06,
    3.855172413793104e-06,
    3.855172413793104e-06,
    4.196551724137931e-06,
    4.196551724137931e-06,
    4.537931034482759e-06,
    4.537931034482759e-06,
    4.879310344827586e-06,
    4.879310344827586e-06,
    5.220689655172414e-06,
    5.220689655172414e-06,
    5.562068965517241e-06,
    5.562068965517241e-06,
    5.903448275862069e-06,
    5.903448275862069e-06,
    6.244827586206896e-06,
    6.244827586206896e-06,
    6.5862068965517236e-06,
    6.5862068965517236e-06,
    6.927586206896551e-06,
    7.268965517241379e-06,
    7.610344827586207e-06,
    7.951724137931034e-06,
    8.293103448275863e-06,
    8.634482758620691e-06,
    8.975862068965518e-06,
    9.317241379310346e-06,
    9.658620689655173e-06,
    1e-05
  ],
  "samples": 500,
  "sequence_length": 50000,
  "seeds": [
    24884884,
    2141543041,
    1716446704,
    103017284,
    1316156795,
    1333934706,
    1976656653,
    369273591,
    1592745719,
    988451216,
    335589390,
    1989397637,
    893626354,
    1507008297,
    596913089,
    1181111032,
    1872677107,
    593260467,
    1116020287,
    1787386920,
    873797850,
    709086940,
    1961192580,
    250473077,
    22259934,
    172630627,
    1909082344,
    1842466759,
    1605135257,
    1172637545,
    238657532,
    1182186198,
    1633930895,
    1197901122,
    650769017,
    1991230096,
    439694396,
    1887913528,
    428528671,
    2020283310,
    1970169408,
    2056165935,
    665272918,
    905264962,
    2017093131,
    176676275,
    1417213189,
    959224581,
    172441238,
    1736718676
  ]
}