{
  "mode": "site",
  "rep": 399,
  "ne": 10000,
  "r": 1e-05,
  "mu": [
    1e-07,
    1e-07,
    4.413793103448276e-07,
    4.413793103448276e-07,
    7.827586206896552e-07,
    7.827586206896552e-07,
    1.1241379310344827e-06,
    1.1241379310344827e-06,
    1.4655172413793102e-06,
    1.4655172413793102e-06,
    1.8068965517241377e-06,
    1.8068965517241377e-06,
    2.1482758620689656e-06,
    2.1482758620689656e-06,
    2.489655172413793e-06,
    2.489655172413793e-06,
    2.8310344827586205e-06,
    2.8310344827586205e-06,
    3.172413793103448e-06,
    3.172413793103448e-06,
    3.5137931034482755e-06,
    3.5137931034482755e-06,
    3.855172413793104e-06,
    3.855172413793104e-06,
    4.196551724137931e-06,
    4.196551724137931e-06,
    4.537931034482759e-06,
    4.537931034482759e-06,
    4.879310344827586e-06,
    4.879310344827586e-06,
    5.220689655172414e-06,
    5.220689655172414e-06,
    5.562068965517241e-06,
    5.562068965517241e-06,
    5.903448275862069e-06,
    5.903448275862069e-06,
    6.244827586206896e-06,
    6.244827586206896e-06,
    6.5862068965517236e-06,
    6.5862068965517236e-06,
    6.927586206896551e-06,
    7.268965517241379e-06,
    7.610344827586207e-06,
    7.951724137931034e-06,
    8.293103448275863e-06,
    8.634482758620691e-06,
    8.975862068965518e-06,
    9.317241379310346e-06,
    9.658620689655173e-06,
    1e-05
  ],
  "samples": 500,
  "sequence_length": 10000,
  "seeds": [
    809663935,
    228547337,
    1337463364,
    1431733211,
    1508299588,
    746068908,
    1126095516,
    596190987,
    990691044,
    1672246459,
    2134503705,
    2093119286,
    5302752,
    1219377294,
    966302198,
    695820767,
    1843331980,
    1336399759,
    1587077673,
    303508088,
    1817602600,
    261708480,
    1313978038,
    1229292291,
    1561685143,
    113618610,
    1367570430,
    25885747,
    1431578911,
    1046163173,
    1447911616,
    720365208,
    1721406066,
    1771886908,
    454368133,
    1780356796,
    1719301977,
    870236694,
    1362534173,
    1657595393,
    374505503,
    541332308,
    805541699,
    1073007480,
    127931575,
    768129320,
    35490662,
    1029856295,
    419450630,
    542044606
  ]
}