{
  "mode": "branch",
  "rep": 988,
  "ne": 10000,
  "r": [
    1e-08,
    1e-08,
    1.820689655172414e-07,
    1.820689655172414e-07,
    3.541379310344828e-07,
    3.541379310344828e-07,
    5.262068965517242e-07,
    5.262068965517242e-07,
    6.982758620689656e-07,
    6.982758620689656e-07,
    8.70344827586207e-07,
    8.70344827586207e-07,
    1.0424137931034483e-06,
    1.0424137931034483e-06,
    1.2144827586206895e-06,
    1.2144827586206895e-06,
    1.386551724137931e-06,
    1.386551724137931e-06,
    1.5586206896551725e-06,
    1.5586206896551725e-06,
    1.7306896551724138e-06,
    1.9027586206896551e-06,
    2.0748275862068966e-06,
    2.246896551724138e-06,
    2.418965517241379e-06,
    2.5910344827586207e-06,
    2.763103448275862e-06,
    2.9351724137931037e-06,
    3.107241379310345e-06,
    3.2793103448275863e-06,
    3.4513793103448278e-06,
    3.4513793103448278e-06,
    3.6234482758620693e-06,
    3.6234482758620693e-06,
    3.7955172413793103e-06,
    3.7955172413793103e-06,
    3.967586206896552e-06,
    3.967586206896552e-06,
    4.139655172413793e-06,
    4.139655172413793e-06,
    4.311724137931034e-06,
    4.311724137931034e-06,
    4.483793103448276e-06,
    4.483793103448276e-06,
    4.655862068965517e-06,
    4.655862068965517e-06,
    4.8279310344827585e-06,
    4.8279310344827585e-06,
    5e-06,
    5e-06
  ],
  "mu": 0,
  "samples": 250,
  "sequence_length": 1000,
  "seeds": [
    498596342,
    806555095,
    914865528,
    1562785460,
    738029203,
    1790678857,
    467695352,
    729440976,
    2139943864,
    840766422,
    1328862419,
    72458820,
    1396336720,
    639184262,
    702365434,
    567796136,
    90516030,
    1383366467,
    2126831462,
    278218410,
    365223800,
    1187631692,
    858954831,
    1444618340,
    1223630539,
    39079277,
    2133709,
    173296520,
    579575889,
    553203061,
    1295798723,
    144571798,
    178151619,
    105389771,
    1841308041,
    571124072,
    43595415,
    854987912,
    510114733,
    1798141321,
    1469053536,
    269874267,
    501121225,
    1080066496,
    996891595,
    1805856169,
    877744398,
    18057591,
    1239237133,
    35133705
  ]
}