{
  "mode": "branch",
  "rep": 661,
  "ne": 10000,
  "r": [
    1e-08,
    1e-08,
    1.820689655172414e-07,
    1.820689655172414e-07,
    3.541379310344828e-07,
    3.541379310344828e-07,
    5.262068965517242e-07,
    5.262068965517242e-07,
    6.982758620689656e-07,
    6.982758620689656e-07,
    8.70344827586207e-07,
    8.70344827586207e-07,
    1.0424137931034483e-06,
    1.0424137931034483e-06,
    1.2144827586206895e-06,
    1.2144827586206895e-06,
    1.386551724137931e-06,
    1.386551724137931e-06,
    1.5586206896551725e-06,
    1.5586206896551725e-06,
    1.7306896551724138e-06,
    1.9027586206896551e-06,
    2.0748275862068966e-06,
    2.246896551724138e-06,
    2.418965517241379e-06,
    2.5910344827586207e-06,
    2.763103448275862e-06,
    2.9351724137931037e-06,
    3.107241379310345e-06,
    3.2793103448275863e-06,
    3.4513793103448278e-06,
    3.4513793103448278e-06,
    3.6234482758620693e-06,
    3.6234482758620693e-06,
    3.7955172413793103e-06,
    3.7955172413793103e-06,
    3.967586206896552e-06,
    3.967586206896552e-06,
    4.139655172413793e-06,
    4.139655172413793e-06,
    4.311724137931034e-06,
    4.311724137931034e-06,
    4.483793103448276e-06,
    4.483793103448276e-06,
    4.655862068965517e-06,
    4.655862068965517e-06,
    4.8279310344827585e-06,
    4.8279310344827585e-06,
    5e-06,
    5e-06
  ],
  "mu": 0,
  "samples": 250,
  "sequence_length": 1000,
  "seeds": [
    127566857,
    1468474290,
    980115273,
    736734559,
    2123046990,
    806666705,
    1195198056,
    1830909079,
    1284227628,
    785705919,
    182902045,
    303244776,
    350423073,
    188942167,
    1473483739,
    2052044862,
    1279543109,
    1573101045,
    45426058,
    1285358394,
    2031475146,
    1670460565,
    938394137,
    1067043228,
    2037501294,
    654365268,
    781219783,
    1167794787,
    2297830,
    1902845498,
    2116421121,
    1152470892,
    1186808284,
    1513032121,
    844033415,
    317883305,
    1893848552,
    1493929229,
    1741481886,
    399287066,
    1987907004,
    1322798889,
    1570858952,
    795340052,
    1186368642,
    364031443,
    1915883073,
    759212999,
    967253768,
    486461483
  ]
}