{
  "mode": "site",
  "rep": 129,
  "ne": 10000,
  "r": 1e-05,
  "mu": [
    1e-07,
    1e-07,
    4.413793103448276e-07,
    4.413793103448276e-07,
    7.827586206896552e-07,
    7.827586206896552e-07,
    1.1241379310344827e-06,
    1.1241379310344827e-06,
    1.4655172413793102e-06,
    1.4655172413793102e-06,
    1.8068965517241377e-06,
    1.8068965517241377e-06,
    2.1482758620689656e-06,
    2.1482758620689656e-06,
    2.489655172413793e-06,
    2.489655172413793e-06,
    2.8310344827586205e-06,
    2.8310344827586205e-06,
    3.172413793103448e-06,
    3.172413793103448e-06,
    3.5137931034482755e-06,
    3.5137931034482755e-06,
    3.855172413793104e-06,
    3.855172413793104e-06,
    4.196551724137931e-06,
    4.196551724137931e-06,
    4.537931034482759e-06,
    4.537931034482759e-06,
    4.879310344827586e-06,
    4.879310344827586e-06,
    5.220689655172414e-06,
    5.220689655172414e-06,
    5.562068965517241e-06,
    5.562068965517241e-06,
    5.903448275862069e-06,
    5.903448275862069e-06,
    6.244827586206896e-06,
    6.244827586206896e-06,
    6.5862068965517236e-06,
    6.5862068965517236e-06,
    6.927586206896551e-06,
    7.268965517241379e-06,
    7.610344827586207e-06,
    7.951724137931034e-06,
    8.293103448275863e-06,
    8.634482758620691e-06,
    8.975862068965518e-06,
    9.317241379310346e-06,
    9.658620689655173e-06,
    1e-05
  ],
  "samples": 500,
  "sequence_length": 50000,
  "seeds": [
    1159271735,
    1049445394,
    1620561464,
    887295435,
    1186616253,
    678625900,
    111499896,
    1162189114,
    620882067,
    1744105380,
    1363849876,
    2042494352,
    1892510689,
    1076083395,
    506268208,
    9251481,
    1007243720,
    1577572570,
    1868883327,
    1984884092,
    125929668,
    246294145,
    1607482363,
    1499877255,
    1109320270,
    470934410,
    693432645,
    1014043329,
    1533097616,
    245858648,
    1561549318,
    1227153842,
    1597778076,
    706634321,
    303395793,
    321289031,
    1229798295,
    231591358,
    4839169,
    1069870466,
    539041178,
    1667640689,
    552866108,
    227202766,
    1423174141,
    1228717222,
    518326017,
    390236144,
    997817595,
    509036859
  ]
}