{
  "mode": "site",
  "rep": 550,
  "ne": 10000,
  "r": 1e-05,
  "mu": [
    1e-07,
    1e-07,
    4.413793103448276e-07,
    4.413793103448276e-07,
    7.827586206896552e-07,
    7.827586206896552e-07,
    1.1241379310344827e-06,
    1.1241379310344827e-06,
    1.4655172413793102e-06,
    1.4655172413793102e-06,
    1.8068965517241377e-06,
    1.8068965517241377e-06,
    2.1482758620689656e-06,
    2.1482758620689656e-06,
    2.489655172413793e-06,
    2.489655172413793e-06,
    2.8310344827586205e-06,
    2.8310344827586205e-06,
    3.172413793103448e-06,
    3.172413793103448e-06,
    3.5137931034482755e-06,
    3.855172413793104e-06,
    4.196551724137931e-06,
    4.537931034482759e-06,
    4.879310344827586e-06,
    5.220689655172414e-06,
    5.562068965517241e-06,
    5.903448275862069e-06,
    6.244827586206896e-06,
    6.5862068965517236e-06,
    6.927586206896551e-06,
    6.927586206896551e-06,
    7.268965517241379e-06,
    7.268965517241379e-06,
    7.610344827586207e-06,
    7.610344827586207e-06,
    7.951724137931034e-06,
    7.951724137931034e-06,
    8.293103448275863e-06,
    8.293103448275863e-06,
    8.634482758620691e-06,
    8.634482758620691e-06,
    8.975862068965518e-06,
    8.975862068965518e-06,
    9.317241379310346e-06,
    9.317241379310346e-06,
    9.658620689655173e-06,
    9.658620689655173e-06,
    1e-05,
    1e-05
  ],
  "samples": 500,
  "sequence_length": 50000,
  "seeds": [
    1643683001,
    2120184121,
    936493376,
    945394623,
    627073170,
    402520915,
    1652807592,
    1532472330,
    1533704330,
    1624393757,
    615201968,
    1371453060,
    369523292,
    513746637,
    1930464186,
    462502530,
    129264495,
    1271030235,
    274274359,
    1089995904,
    290671913,
    689358261,
    522365439,
    1036940166,
    87945881,
    1825385081,
    992792496,
    76577802,
    2106322420,
    1883674291,
    227695916,
    792425756,
    530354755,
    1482370659,
    237159697,
    722787513,
    683092606,
    1514201386,
    1069808852,
    2145688948,
    307112073,
    362968428,
    688993121,
    1740670324,
    669664563,
    479510873,
    1149059079,
    148708484,
    1281988386,
    822833947
  ]
}