{
  "mode": "branch",
  "rep": 982,
  "ne": 10000,
  "r": [
    1e-08,
    1e-08,
    1.820689655172414e-07,
    1.820689655172414e-07,
    3.541379310344828e-07,
    3.541379310344828e-07,
    5.262068965517242e-07,
    5.262068965517242e-07,
    6.982758620689656e-07,
    6.982758620689656e-07,
    8.70344827586207e-07,
    8.70344827586207e-07,
    1.0424137931034483e-06,
    1.0424137931034483e-06,
    1.2144827586206895e-06,
    1.2144827586206895e-06,
    1.386551724137931e-06,
    1.386551724137931e-06,
    1.5586206896551725e-06,
    1.5586206896551725e-06,
    1.7306896551724138e-06,
    1.9027586206896551e-06,
    2.0748275862068966e-06,
    2.246896551724138e-06,
    2.418965517241379e-06,
    2.5910344827586207e-06,
    2.763103448275862e-06,
    2.9351724137931037e-06,
    3.107241379310345e-06,
    3.2793103448275863e-06,
    3.4513793103448278e-06,
    3.4513793103448278e-06,
    3.6234482758620693e-06,
    3.6234482758620693e-06,
    3.7955172413793103e-06,
    3.7955172413793103e-06,
    3.967586206896552e-06,
    3.967586206896552e-06,
    4.139655172413793e-06,
    4.139655172413793e-06,
    4.311724137931034e-06,
    4.311724137931034e-06,
    4.483793103448276e-06,
    4.483793103448276e-06,
    4.655862068965517e-06,
    4.655862068965517e-06,
    4.8279310344827585e-06,
    4.8279310344827585e-06,
    5e-06,
    5e-06
  ],
  "mu": 0,
  "samples": 250,
  "sequence_length": 1000,
  "seeds": [
    1341348523,
    752079261,
    492820175,
    1930093904,
    1320996860,
    1552102166,
    1507074398,
    605955971,
    156496205,
    1710224733,
    1623779539,
    889061219,
    1288031865,
    1238976346,
    1038785915,
    1026721238,
    56636161,
    60823838,
    1335208518,
    1764317202,
    712326692,
    1574069605,
    1869005505,
    303112862,
    222237924,
    1718007492,
    2048668267,
    1208159550,
    686847500,
    763617960,
    1578771768,
    993473088,
    980014105,
    898597955,
    871724797,
    1894536724,
    427299575,
    999975297,
    273384990,
    387932749,
    1377982987,
    1610362344,
    1853915180,
    1832978455,
    1655538051,
    1815205791,
    1674771626,
    1483226570,
    2045221625,
    313419306
  ]
}