{
  "mode": "branch",
  "rep": 1135,
  "ne": 10000,
  "r": [
    1e-08,
    1e-08,
    1.820689655172414e-07,
    1.820689655172414e-07,
    3.541379310344828e-07,
    3.541379310344828e-07,
    5.262068965517242e-07,
    5.262068965517242e-07,
    6.982758620689656e-07,
    6.982758620689656e-07,
    8.70344827586207e-07,
    8.70344827586207e-07,
    1.0424137931034483e-06,
    1.0424137931034483e-06,
    1.2144827586206895e-06,
    1.2144827586206895e-06,
    1.386551724137931e-06,
    1.386551724137931e-06,
    1.5586206896551725e-06,
    1.5586206896551725e-06,
    1.7306896551724138e-06,
    1.9027586206896551e-06,
    2.0748275862068966e-06,
    2.246896551724138e-06,
    2.418965517241379e-06,
    2.5910344827586207e-06,
    2.763103448275862e-06,
    2.9351724137931037e-06,
    3.107241379310345e-06,
    3.2793103448275863e-06,
    3.4513793103448278e-06,
    3.4513793103448278e-06,
    3.6234482758620693e-06,
    3.6234482758620693e-06,
    3.7955172413793103e-06,
    3.7955172413793103e-06,
    3.967586206896552e-06,
    3.967586206896552e-06,
    4.139655172413793e-06,
    4.139655172413793e-06,
    4.311724137931034e-06,
    4.311724137931034e-06,
    4.483793103448276e-06,
    4.483793103448276e-06,
    4.655862068965517e-06,
    4.655862068965517e-06,
    4.8279310344827585e-06,
    4.8279310344827585e-06,
    5e-06,
    5e-06
  ],
  "mu": 0,
  "samples": 250,
  "sequence_length": 1000,
  "seeds": [
    594770777,
    685035307,
    1816366714,
    1131195499,
    1092702864,
    2013740741,
    1246401055,
    1680082514,
    284380262,
    890412395,
    403317317,
    663149626,
    1111819395,
    548685550,
    482350997,
    757757612,
    915099053,
    657422123,
    1344452340,
    1557954256,
    1081806764,
    485257044,
    1199889342,
    1596678505,
    1014617681,
    109455959,
    1026316226,
    99970705,
    1675515065,
    530471269,
    370044964,
    1345541015,
    618976544,
    1010167476,
    2027077262,
    1766434057,
    1096598576,
    1748410048,
    782943172,
    1786133188,
    1363360189,
    778798597,
    593989344,
    940198363,
    864510594,
    1376703887,
    327299361,
    1413217511,
    494129325,
    2450244
  ]
}