{
  "mode": "site",
  "rep": 446,
  "ne": 10000,
  "r": 1e-05,
  "mu": [
    1e-07,
    4.413793103448276e-07,
    7.827586206896552e-07,
    1.1241379310344827e-06,
    1.4655172413793102e-06,
    1.8068965517241377e-06,
    2.1482758620689656e-06,
    2.489655172413793e-06,
    2.8310344827586205e-06,
    3.172413793103448e-06,
    3.5137931034482755e-06,
    3.5137931034482755e-06,
    3.855172413793104e-06,
    3.855172413793104e-06,
    4.196551724137931e-06,
    4.196551724137931e-06,
    4.537931034482759e-06,
    4.537931034482759e-06,
    4.879310344827586e-06,
    4.879310344827586e-06,
    5.220689655172414e-06,
    5.220689655172414e-06,
    5.562068965517241e-06,
    5.562068965517241e-06,
    5.903448275862069e-06,
    5.903448275862069e-06,
    6.244827586206896e-06,
    6.244827586206896e-06,
    6.5862068965517236e-06,
    6.5862068965517236e-06,
    6.927586206896551e-06,
    6.927586206896551e-06,
    7.268965517241379e-06,
    7.268965517241379e-06,
    7.610344827586207e-06,
    7.610344827586207e-06,
    7.951724137931034e-06,
    7.951724137931034e-06,
    8.293103448275863e-06,
    8.293103448275863e-06,
    8.634482758620691e-06,
    8.634482758620691e-06,
    8.975862068965518e-06,
    8.975862068965518e-06,
    9.317241379310346e-06,
    9.317241379310346e-06,
    9.658620689655173e-06,
    9.658620689655173e-06,
    1e-05,
    1e-05
  ],
  "samples": 500,
  "sequence_length": 50000,
  "seeds": [
    2056519278,
    2008399748,
    2069603373,
    1976503200,
    1809651152,
    1657764441,
    834125669,
    1838498146,
    2075834362,
    1057636221,
    1427947974,
    625177388,
    1735975196,
    710640871,
    589458209,
    327412071,
    1138527750,
    1022228309,
    702355956,
    317193398,
    1018967935,
    570422410,
    95057639,
    449988411,
    1414182557,
    1018334341,
    961893084,
    1446842071,
    1832000908,
    674701513,
    1882504810,
    1522741709,
    1842110387,
    254077959,
    20104808,
    513097076,
    1561917345,
    2042432232,
    1359689717,
    1506864250,
    440375317,
    2091567972,
    1423058789,
    1691326733,
    1660878265,
    1317956405,
    1756804717,
    747928831,
    118283309,
    1263115094
  ]
}