{
  "mode": "site",
  "rep": 273,
  "ne": 10000,
  "r": 1e-05,
  "mu": [
    1e-07,
    1e-07,
    4.413793103448276e-07,
    4.413793103448276e-07,
    7.827586206896552e-07,
    7.827586206896552e-07,
    1.1241379310344827e-06,
    1.1241379310344827e-06,
    1.4655172413793102e-06,
    1.4655172413793102e-06,
    1.8068965517241377e-06,
    1.8068965517241377e-06,
    2.1482758620689656e-06,
    2.1482758620689656e-06,
    2.489655172413793e-06,
    2.489655172413793e-06,
    2.8310344827586205e-06,
    2.8310344827586205e-06,
    3.172413793103448e-06,
    3.172413793103448e-06,
    3.5137931034482755e-06,
    3.5137931034482755e-06,
    3.855172413793104e-06,
    3.855172413793104e-06,
    4.196551724137931e-06,
    4.196551724137931e-06,
    4.537931034482759e-06,
    4.537931034482759e-06,
    4.879310344827586e-06,
    4.879310344827586e-06,
    5.220689655172414e-06,
    5.220689655172414e-06,
    5.562068965517241e-06,
    5.562068965517241e-06,
    5.903448275862069e-06,
    5.903448275862069e-06,
    6.244827586206896e-06,
    6.244827586206896e-06,
    6.5862068965517236e-06,
    6.5862068965517236e-06,
    6.927586206896551e-06,
    7.268965517241379e-06,
    7.610344827586207e-06,
    7.951724137931034e-06,
    8.293103448275863e-06,
    8.634482758620691e-06,
    8.975862068965518e-06,
    9.317241379310346e-06,
    9.658620689655173e-06,
    1e-05
  ],
  "samples": 500,
  "sequence_length": 50000,
  "seeds": [
    2112751494,
    1921172466,
    1574060687,
    1190024348,
    149859912,
    1992548433,
    2039122484,
    1074700845,
    748022728,
    1682101940,
    1618218775,
    702335236,
    1347067053,
    69340872,
    456826112,
    2094655018,
    724710272,
    219539047,
    1876694700,
    1197127214,
    2075506045,
    129622244,
    2470554,
    834554734,
    1554337257,
    945437801,
    1321548486,
    891527669,
    1985538882,
    1719846017,
    508574956,
    1323512507,
    694206014,
    2057023652,
    896679195,
    214188384,
    1285175297,
    809272459,
    51057716,
    543459535,
    879292165,
    1470227904,
    1913300182,
    586868089,
    2141301383,
    1826400696,
    130985690,
    1863669186,
    1983441944,
    91820054
  ]
}