{
  "mode": "site",
  "rep": 88,
  "ne": 10000,
  "r": 1e-05,
  "mu": [
    1e-07,
    1e-07,
    4.413793103448276e-07,
    4.413793103448276e-07,
    7.827586206896552e-07,
    7.827586206896552e-07,
    1.1241379310344827e-06,
    1.1241379310344827e-06,
    1.4655172413793102e-06,
    1.4655172413793102e-06,
    1.8068965517241377e-06,
    1.8068965517241377e-06,
    2.1482758620689656e-06,
    2.1482758620689656e-06,
    2.489655172413793e-06,
    2.489655172413793e-06,
    2.8310344827586205e-06,
    2.8310344827586205e-06,
    3.172413793103448e-06,
    3.172413793103448e-06,
    3.5137931034482755e-06,
    3.855172413793104e-06,
    4.196551724137931e-06,
    4.537931034482759e-06,
    4.879310344827586e-06,
    5.220689655172414e-06,
    5.562068965517241e-06,
    5.903448275862069e-06,
    6.244827586206896e-06,
    6.5862068965517236e-06,
    6.927586206896551e-06,
    6.927586206896551e-06,
    7.268965517241379e-06,
    7.268965517241379e-06,
    7.610344827586207e-06,
    7.610344827586207e-06,
    7.951724137931034e-06,
    7.951724137931034e-06,
    8.293103448275863e-06,
    8.293103448275863e-06,
    8.634482758620691e-06,
    8.634482758620691e-06,
    8.975862068965518e-06,
    8.975862068965518e-06,
    9.317241379310346e-06,
    9.317241379310346e-06,
    9.658620689655173e-06,
    9.658620689655173e-06,
    1e-05,
    1e-05
  ],
  "samples": 500,
  "sequence_length": 50000,
  "seeds": [
    1085789647,
    274281321,
    981573820,
    1107291596,
    388692934,
    593704129,
    1924280446,
    1769844340,
    112950135,
    1010250642,
    466533743,
    1213316165,
    647656717,
    1188724075,
    575479313,
    1520398664,
    995692551,
    1542090195,
    1747640099,
    1168852236,
    1520919080,
    1751535257,
    1096702546,
    329959193,
    1702028106,
    700106402,
    1524792209,
    1667621937,
    436271472,
    1643921473,
    1759082073,
    1811585437,
    12554267,
    1030440180,
    1016365947,
    201530909,
    856560477,
    934943631,
    901559068,
    1907077341,
    1042817949,
    2006258604,
    1509836569,
    577724472,
    399246102,
    1467416127,
    483961556,
    1571279511,
    1949995436,
    877397566
  ]
}