{
  "mode": "branch",
  "rep": 1183,
  "ne": 10000,
  "r": [
    1e-08,
    1e-08,
    1.820689655172414e-07,
    1.820689655172414e-07,
    3.541379310344828e-07,
    3.541379310344828e-07,
    5.262068965517242e-07,
    5.262068965517242e-07,
    6.982758620689656e-07,
    6.982758620689656e-07,
    8.70344827586207e-07,
    8.70344827586207e-07,
    1.0424137931034483e-06,
    1.0424137931034483e-06,
    1.2144827586206895e-06,
    1.2144827586206895e-06,
    1.386551724137931e-06,
    1.386551724137931e-06,
    1.5586206896551725e-06,
    1.5586206896551725e-06,
    1.7306896551724138e-06,
    1.9027586206896551e-06,
    2.0748275862068966e-06,
    2.246896551724138e-06,
    2.418965517241379e-06,
    2.5910344827586207e-06,
    2.763103448275862e-06,
    2.9351724137931037e-06,
    3.107241379310345e-06,
    3.2793103448275863e-06,
    3.4513793103448278e-06,
    3.4513793103448278e-06,
    3.6234482758620693e-06,
    3.6234482758620693e-06,
    3.7955172413793103e-06,
    3.7955172413793103e-06,
    3.967586206896552e-06,
    3.967586206896552e-06,
    4.139655172413793e-06,
    4.139655172413793e-06,
    4.311724137931034e-06,
    4.311724137931034e-06,
    4.483793103448276e-06,
    4.483793103448276e-06,
    4.655862068965517e-06,
    4.655862068965517e-06,
    4.8279310344827585e-06,
    4.8279310344827585e-06,
    5e-06,
    5e-06
  ],
  "mu": 0,
  "samples": 250,
  "sequence_length": 1000,
  "seeds": [
    685783989,
    913386699,
    1143401749,
    1817132247,
    1250522358,
    180940915,
    1895937321,
    542515009,
    1927382979,
    1524964689,
    852485755,
    1892584034,
    2054453692,
    1578843595,
    2091465762,
    368300831,
    1321754817,
    346438920,
    1208367215,
    1011014977,
    1642218506,
    1771769299,
    2073739794,
    922586728,
    454071084,
    51706340,
    930051452,
    23257626,
    1066595319,
    1201759258,
    1994684893,
    1071555959,
    640733068,
    1078215729,
    1084335328,
    950026205,
    1173884234,
    565599841,
    435628541,
    2067631672,
    718560021,
    205542691,
    1468665264,
    943567712,
    556226656,
    151415233,
    2004995951,
    1001093905,
    1508789945,
    431941629
  ]
}