{
  "mode": "branch",
  "rep": 692,
  "ne": 10000,
  "r": [
    1e-08,
    1.820689655172414e-07,
    3.541379310344828e-07,
    5.262068965517242e-07,
    6.982758620689656e-07,
    8.70344827586207e-07,
    1.0424137931034483e-06,
    1.2144827586206895e-06,
    1.386551724137931e-06,
    1.5586206896551725e-06,
    1.7306896551724138e-06,
    1.7306896551724138e-06,
    1.9027586206896551e-06,
    1.9027586206896551e-06,
    2.0748275862068966e-06,
    2.0748275862068966e-06,
    2.246896551724138e-06,
    2.246896551724138e-06,
    2.418965517241379e-06,
    2.418965517241379e-06,
    2.5910344827586207e-06,
    2.5910344827586207e-06,
    2.763103448275862e-06,
    2.763103448275862e-06,
    2.9351724137931037e-06,
    2.9351724137931037e-06,
    3.107241379310345e-06,
    3.107241379310345e-06,
    3.2793103448275863e-06,
    3.2793103448275863e-06,
    3.4513793103448278e-06,
    3.4513793103448278e-06,
    3.6234482758620693e-06,
    3.6234482758620693e-06,
    3.7955172413793103e-06,
    3.7955172413793103e-06,
    3.967586206896552e-06,
    3.967586206896552e-06,
    4.139655172413793e-06,
    4.139655172413793e-06,
    4.311724137931034e-06,
    4.311724137931034e-06,
    4.483793103448276e-06,
    4.483793103448276e-06,
    4.655862068965517e-06,
    4.655862068965517e-06,
    4.8279310344827585e-06,
    4.8279310344827585e-06,
    5e-06,
    5e-06
  ],
  "mu": 0,
  "samples": 250,
  "sequence_length": 1000,
  "seeds": [
    355164385,
    676312092,
    898587538,
    1609947213,
    1807644360,
    1802967242,
    832468953,
    791918359,
    1015885770,
    1103319838,
    1607755274,
    1340170168,
    197560196,
    871520436,
    1164944399,
    1585383302,
    2112585303,
    2084738266,
    455484471,
    347500274,
    139963203,
    1149304073,
    231170765,
    1591260219,
    460766853,
    1469231436,
    254446486,
    898118980,
    436204930,
    224537220,
    1560836246,
    1609711425,
    515547145,
    523252607,
    2004106216,
    41980033,
    649390324,
    1171832263,
    303025565,
    259965851,
    45115600,
    1928089733,
    44697810,
    501861857,
    2104500833,
    1294390407,
    1378145925,
    1917937595,
    1094350127,
    698202302
  ]
}