{
  "mode": "site",
  "rep": 561,
  "ne": 10000,
  "r": 1e-05,
  "mu": [
    1e-07,
    1e-07,
    4.413793103448276e-07,
    4.413793103448276e-07,
    7.827586206896552e-07,
    7.827586206896552e-07,
    1.1241379310344827e-06,
    1.1241379310344827e-06,
    1.4655172413793102e-06,
    1.4655172413793102e-06,
    1.8068965517241377e-06,
    1.8068965517241377e-06,
    2.1482758620689656e-06,
    2.1482758620689656e-06,
    2.489655172413793e-06,
    2.489655172413793e-06,
    2.8310344827586205e-06,
    2.8310344827586205e-06,
    3.172413793103448e-06,
    3.172413793103448e-06,
    3.5137931034482755e-06,
    3.5137931034482755e-06,
    3.855172413793104e-06,
    3.855172413793104e-06,
    4.196551724137931e-06,
    4.196551724137931e-06,
    4.537931034482759e-06,
    4.537931034482759e-06,
    4.879310344827586e-06,
    4.879310344827586e-06,
    5.220689655172414e-06,
    5.220689655172414e-06,
    5.562068965517241e-06,
    5.562068965517241e-06,
    5.903448275862069e-06,
    5.903448275862069e-06,
    6.244827586206896e-06,
    6.244827586206896e-06,
    6.5862068965517236e-06,
    6.5862068965517236e-06,
    6.927586206896551e-06,
    7.268965517241379e-06,
    7.610344827586207e-06,
    7.951724137931034e-06,
    8.293103448275863e-06,
    8.634482758620691e-06,
    8.975862068965518e-06,
    9.317241379310346e-06,
    9.658620689655173e-06,
    1e-05
  ],
  "samples": 500,
  "sequence_length": 50000,
  "seeds": [
    939647357,
    160429732,
    2035760620,
    1861970598,
    2140062218,
    540241512,
    591363090,
    332432600,
    1146885206,
    1431011499,
    298389909,
    136520307,
    698390603,
    647242870,
    1344699030,
    980372697,
    1426547386,
    822410289,
    637844102,
    1244683557,
    2021322535,
    674780312,
    292316809,
    96449921,
    342089113,
    2065307451,
    609307631,
    1749864784,
    80669822,
    1869231295,
    1502629661,
    1759771457,
    414389394,
    1349423169,
    34352771,
    925416920,
    1326668441,
    2131460921,
    722495230,
    321372826,
    642027994,
    4597991,
    1888510830,
    1472419613,
    819183416,
    266648034,
    1819326176,
    802157895,
    1190512455,
    2002182321
  ]
}