{
  "mode": "site",
  "rep": 254,
  "ne": 10000,
  "r": 1e-05,
  "mu": [
    1e-07,
    4.413793103448276e-07,
    7.827586206896552e-07,
    1.1241379310344827e-06,
    1.4655172413793102e-06,
    1.8068965517241377e-06,
    2.1482758620689656e-06,
    2.489655172413793e-06,
    2.8310344827586205e-06,
    3.172413793103448e-06,
    3.5137931034482755e-06,
    3.5137931034482755e-06,
    3.855172413793104e-06,
    3.855172413793104e-06,
    4.196551724137931e-06,
    4.196551724137931e-06,
    4.537931034482759e-06,
    4.537931034482759e-06,
    4.879310344827586e-06,
    4.879310344827586e-06,
    5.220689655172414e-06,
    5.220689655172414e-06,
    5.562068965517241e-06,
    5.562068965517241e-06,
    5.903448275862069e-06,
    5.903448275862069e-06,
    6.244827586206896e-06,
    6.244827586206896e-06,
    6.5862068965517236e-06,
    6.5862068965517236e-06,
    6.927586206896551e-06,
    6.927586206896551e-06,
    7.268965517241379e-06,
    7.268965517241379e-06,
    7.610344827586207e-06,
    7.610344827586207e-06,
    7.951724137931034e-06,
    7.951724137931034e-06,
    8.293103448275863e-06,
    8.293103448275863e-06,
    8.634482758620691e-06,
    8.634482758620691e-06,
    8.975862068965518e-06,
    8.975862068965518e-06,
    9.317241379310346e-06,
    9.317241379310346e-06,
    9.658620689655173e-06,
    9.658620689655173e-06,
    1e-05,
    1e-05
  ],
  "samples": 500,
  "sequence_length": 50000,
  "seeds": [
    1423065316,
    1014550724,
    1181523548,
    720500501,
    856617547,
    1520266255,
    1811253615,
    1598689352,
    622459956,
    396169189,
    1487019330,
    5686487,
    1457366006,
    66215945,
    1554393766,
    725395634,
    1452526637,
    468972002,
    1422339060,
    635991392,
    191955151,
    1056299863,
    326681834,
    359765426,
    1393562484,
    853697956,
    1274867114,
    834740196,
    1887027465,
    348988947,
    452541611,
    117007638,
    1835536780,
    4642713,
    438178255,
    889607437,
    1707424563,
    1695325256,
    824456472,
    1455672056,
    1313704850,
    341137782,
    1115827417,
    1574988862,
    2091208932,
    1720678120,
    896551973,
    1002688017,
    1786143652,
    975314341
  ]
}