{
  "mode": "site",
  "rep": 455,
  "ne": 10000,
  "r": 1e-05,
  "mu": [
    1e-07,
    4.413793103448276e-07,
    7.827586206896552e-07,
    1.1241379310344827e-06,
    1.4655172413793102e-06,
    1.8068965517241377e-06,
    2.1482758620689656e-06,
    2.489655172413793e-06,
    2.8310344827586205e-06,
    3.172413793103448e-06,
    3.5137931034482755e-06,
    3.5137931034482755e-06,
    3.855172413793104e-06,
    3.855172413793104e-06,
    4.196551724137931e-06,
    4.196551724137931e-06,
    4.537931034482759e-06,
    4.537931034482759e-06,
    4.879310344827586e-06,
    4.879310344827586e-06,
    5.220689655172414e-06,
    5.220689655172414e-06,
    5.562068965517241e-06,
    5.562068965517241e-06,
    5.903448275862069e-06,
    5.903448275862069e-06,
    6.244827586206896e-06,
    6.244827586206896e-06,
    6.5862068965517236e-06,
    6.5862068965517236e-06,
    6.927586206896551e-06,
    6.927586206896551e-06,
    7.268965517241379e-06,
    7.268965517241379e-06,
    7.610344827586207e-06,
    7.610344827586207e-06,
    7.951724137931034e-06,
    7.951724137931034e-06,
    8.293103448275863e-06,
    8.293103448275863e-06,
    8.634482758620691e-06,
    8.634482758620691e-06,
    8.975862068965518e-06,
    8.975862068965518e-06,
    9.317241379310346e-06,
    9.317241379310346e-06,
    9.658620689655173e-06,
    9.658620689655173e-06,
    1e-05,
    1e-05
  ],
  "samples": 500,
  "sequence_length": 50000,
  "seeds": [
    736380914,
    364802089,
    1798305292,
    1237962447,
    1524915596,
    403088880,
    1765976888,
    70570487,
    765399554,
    1235010502,
    777628303,
    1682515521,
    1041957576,
    909058089,
    2036229176,
    1677634254,
    649994362,
    396107926,
    1372295547,
    1881494638,
    769212206,
    1946814213,
    1468540217,
    1757175673,
    477716958,
    894335819,
    1806190995,
    416188537,
    538660187,
    742334537,
    826635813,
    1320346465,
    194540153,
    1046295631,
    894170425,
    521979302,
    2070047185,
    531397381,
    2107446127,
    547944743,
    487212640,
    1025013312,
    1430828266,
    1508487782,
    417753140,
    1522325211,
    497889249,
    509710367,
    408533056,
    1930882941
  ]
}