{
  "mode": "site",
  "rep": 190,
  "ne": 10000,
  "r": 1e-05,
  "mu": [
    1e-07,
    1e-07,
    4.413793103448276e-07,
    4.413793103448276e-07,
    7.827586206896552e-07,
    7.827586206896552e-07,
    1.1241379310344827e-06,
    1.1241379310344827e-06,
    1.4655172413793102e-06,
    1.4655172413793102e-06,
    1.8068965517241377e-06,
    1.8068965517241377e-06,
    2.1482758620689656e-06,
    2.1482758620689656e-06,
    2.489655172413793e-06,
    2.489655172413793e-06,
    2.8310344827586205e-06,
    2.8310344827586205e-06,
    3.172413793103448e-06,
    3.172413793103448e-06,
    3.5137931034482755e-06,
    3.855172413793104e-06,
    4.196551724137931e-06,
    4.537931034482759e-06,
    4.879310344827586e-06,
    5.220689655172414e-06,
    5.562068965517241e-06,
    5.903448275862069e-06,
    6.244827586206896e-06,
    6.5862068965517236e-06,
    6.927586206896551e-06,
    6.927586206896551e-06,
    7.268965517241379e-06,
    7.268965517241379e-06,
    7.610344827586207e-06,
    7.610344827586207e-06,
    7.951724137931034e-06,
    7.951724137931034e-06,
    8.293103448275863e-06,
    8.293103448275863e-06,
    8.634482758620691e-06,
    8.634482758620691e-06,
    8.975862068965518e-06,
    8.975862068965518e-06,
    9.317241379310346e-06,
    9.317241379310346e-06,
    9.658620689655173e-06,
    9.658620689655173e-06,
    1e-05,
    1e-05
  ],
  "samples": 500,
  "sequence_length": 50000,
  "seeds": [
    627670288,
    940329114,
    508308238,
    772483737,
    2144522217,
    1623848609,
    1874567808,
    1133449451,
    1398878124,
    706993407,
    606609440,
    366294396,
    668594905,
    618800816,
    1452359510,
    2123317671,
    234817725,
    536074026,
    502694641,
    215582689,
    1571272298,
    1353281456,
    353828442,
    1103605949,
    1631902267,
    1396537305,
    1973034937,
    646990956,
    1328582862,
    1434682979,
    103612302,
    49991998,
    1615559963,
    1250210243,
    1115977877,
    2108943939,
    952371102,
    756621071,
    2030819768,
    1853323323,
    49950499,
    691748037,
    1093062704,
    1634637963,
    1252668185,
    290306680,
    214914871,
    1150901407,
    2028355683,
    1820386584
  ]
}