{
  "mode": "branch",
  "rep": 876,
  "ne": 10000,
  "r": [
    1e-08,
    1e-08,
    1.820689655172414e-07,
    1.820689655172414e-07,
    3.541379310344828e-07,
    3.541379310344828e-07,
    5.262068965517242e-07,
    5.262068965517242e-07,
    6.982758620689656e-07,
    6.982758620689656e-07,
    8.70344827586207e-07,
    8.70344827586207e-07,
    1.0424137931034483e-06,
    1.0424137931034483e-06,
    1.2144827586206895e-06,
    1.2144827586206895e-06,
    1.386551724137931e-06,
    1.386551724137931e-06,
    1.5586206896551725e-06,
    1.5586206896551725e-06,
    1.7306896551724138e-06,
    1.7306896551724138e-06,
    1.9027586206896551e-06,
    1.9027586206896551e-06,
    2.0748275862068966e-06,
    2.0748275862068966e-06,
    2.246896551724138e-06,
    2.246896551724138e-06,
    2.418965517241379e-06,
    2.418965517241379e-06,
    2.5910344827586207e-06,
    2.5910344827586207e-06,
    2.763103448275862e-06,
    2.763103448275862e-06,
    2.9351724137931037e-06,
    2.9351724137931037e-06,
    3.107241379310345e-06,
    3.107241379310345e-06,
    3.2793103448275863e-06,
    3.2793103448275863e-06,
    3.4513793103448278e-06,
    3.6234482758620693e-06,
    3.7955172413793103e-06,
    3.967586206896552e-06,
    4.139655172413793e-06,
    4.311724137931034e-06,
    4.483793103448276e-06,
    4.655862068965517e-06,
    4.8279310344827585e-06,
    5e-06
  ],
  "mu": 0,
  "samples": 250,
  "sequence_length": 1000,
  "seeds": [
    785762226,
    1387906227,
    128481735,
    1547784964,
    1511334676,
    88148782,
    169583095,
    900072412,
    90886884,
    1566728375,
    1778554526,
    2007931361,
    1681955833,
    1377692148,
    2022155650,
    417182891,
    1887011912,
    1944901622,
    1925501951,
    1516254007,
    640012418,
    233958997,
    198184776,
    926608274,
    834759850,
    1761480184,
    1673312825,
    394946975,
    1035999444,
    789659202,
    1657743066,
    1625712631,
    1774272786,
    549076044,
    776756084,
    437410740,
    295272832,
    1472490171,
    45135598,
    1345479322,
    1040053821,
    1232507951,
    2094163046,
    1885632564,
    701261559,
    386654431,
    479507185,
    1916975066,
    1261654761,
    1253086228
  ]
}