{
  "mode": "branch",
  "rep": 677,
  "ne": 10000,
  "r": [
    1e-08,
    1.820689655172414e-07,
    3.541379310344828e-07,
    5.262068965517242e-07,
    6.982758620689656e-07,
    8.70344827586207e-07,
    1.0424137931034483e-06,
    1.2144827586206895e-06,
    1.386551724137931e-06,
    1.5586206896551725e-06,
    1.7306896551724138e-06,
    1.7306896551724138e-06,
    1.9027586206896551e-06,
    1.9027586206896551e-06,
    2.0748275862068966e-06,
    2.0748275862068966e-06,
    2.246896551724138e-06,
    2.246896551724138e-06,
    2.418965517241379e-06,
    2.418965517241379e-06,
    2.5910344827586207e-06,
    2.5910344827586207e-06,
    2.763103448275862e-06,
    2.763103448275862e-06,
    2.9351724137931037e-06,
    2.9351724137931037e-06,
    3.107241379310345e-06,
    3.107241379310345e-06,
    3.2793103448275863e-06,
    3.2793103448275863e-06,
    3.4513793103448278e-06,
    3.4513793103448278e-06,
    3.6234482758620693e-06,
    3.6234482758620693e-06,
    3.7955172413793103e-06,
    3.7955172413793103e-06,
    3.967586206896552e-06,
    3.967586206896552e-06,
    4.139655172413793e-06,
    4.139655172413793e-06,
    4.311724137931034e-06,
    4.311724137931034e-06,
    4.483793103448276e-06,
    4.483793103448276e-06,
    4.655862068965517e-06,
    4.655862068965517e-06,
    4.8279310344827585e-06,
    4.8279310344827585e-06,
    5e-06,
    5e-06
  ],
  "mu": 0,
  "samples": 250,
  "sequence_length": 1000,
  "seeds": [
    1703403459,
    1518911622,
    2082286318,
    2038067001,
    2029731825,
    1271135458,
    1354712507,
    2032755829,
    743300887,
    2070516744,
    1660532797,
    266553977,
    856704001,
    711135512,
    689681101,
    1725728807,
    814468819,
    1155774016,
    834758295,
    750221521,
    1091355549,
    1634582206,
    1617194355,
    243587954,
    793495657,
    391751010,
    1895156463,
    1011885712,
    843457095,
    892492500,
    1984578214,
    1922585042,
    2113227755,
    1777253460,
    387071077,
    519820449,
    650853049,
    1570550670,
    1016624893,
    899803699,
    1022581570,
    787428075,
    752230333,
    1266451246,
    262757711,
    1494767034,
    965398549,
    1026583035,
    987073083,
    457405471
  ]
}