{
  "mode": "branch",
  "rep": 831,
  "ne": 10000,
  "r": [
    1e-08,
    1e-08,
    1.820689655172414e-07,
    1.820689655172414e-07,
    3.541379310344828e-07,
    3.541379310344828e-07,
    5.262068965517242e-07,
    5.262068965517242e-07,
    6.982758620689656e-07,
    6.982758620689656e-07,
    8.70344827586207e-07,
    8.70344827586207e-07,
    1.0424137931034483e-06,
    1.0424137931034483e-06,
    1.2144827586206895e-06,
    1.2144827586206895e-06,
    1.386551724137931e-06,
    1.386551724137931e-06,
    1.5586206896551725e-06,
    1.5586206896551725e-06,
    1.7306896551724138e-06,
    1.7306896551724138e-06,
    1.9027586206896551e-06,
    1.9027586206896551e-06,
    2.0748275862068966e-06,
    2.0748275862068966e-06,
    2.246896551724138e-06,
    2.246896551724138e-06,
    2.418965517241379e-06,
    2.418965517241379e-06,
    2.5910344827586207e-06,
    2.5910344827586207e-06,
    2.763103448275862e-06,
    2.763103448275862e-06,
    2.9351724137931037e-06,
    2.9351724137931037e-06,
    3.107241379310345e-06,
    3.107241379310345e-06,
    3.2793103448275863e-06,
    3.2793103448275863e-06,
    3.4513793103448278e-06,
    3.6234482758620693e-06,
    3.7955172413793103e-06,
    3.967586206896552e-06,
    4.139655172413793e-06,
    4.311724137931034e-06,
    4.483793103448276e-06,
    4.655862068965517e-06,
    4.8279310344827585e-06,
    5e-06
  ],
  "mu": 0,
  "samples": 250,
  "sequence_length": 1000,
  "seeds": [
    1060918127,
    820566663,
    316548903,
    963015278,
    1139478297,
    1695837910,
    176640403,
    225124319,
    460952771,
    946528313,
    1111427107,
    52506163,
    411179001,
    1514780909,
    1568794060,
    1345186913,
    2093960777,
    387120159,
    1994685823,
    1771051687,
    633088311,
    8033368,
    598701787,
    1046311891,
    1939136036,
    1752378379,
    1847097883,
    608392952,
    108972040,
    497715782,
    2040675809,
    1083387041,
    1755151524,
    962554304,
    1918361844,
    1068148519,
    1316343854,
    813752430,
    1982026721,
    1832558048,
    1959024487,
    1865070103,
    62682155,
    1314310329,
    1938702674,
    823471353,
    987596349,
    1207231489,
    1551220881,
    1656086538
  ]
}