{
  "mode": "site",
  "rep": 493,
  "ne": 10000,
  "r": 1e-05,
  "mu": [
    1e-07,
    1e-07,
    4.413793103448276e-07,
    4.413793103448276e-07,
    7.827586206896552e-07,
    7.827586206896552e-07,
    1.1241379310344827e-06,
    1.1241379310344827e-06,
    1.4655172413793102e-06,
    1.4655172413793102e-06,
    1.8068965517241377e-06,
    1.8068965517241377e-06,
    2.1482758620689656e-06,
    2.1482758620689656e-06,
    2.489655172413793e-06,
    2.489655172413793e-06,
    2.8310344827586205e-06,
    2.8310344827586205e-06,
    3.172413793103448e-06,
    3.172413793103448e-06,
    3.5137931034482755e-06,
    3.855172413793104e-06,
    4.196551724137931e-06,
    4.537931034482759e-06,
    4.879310344827586e-06,
    5.220689655172414e-06,
    5.562068965517241e-06,
    5.903448275862069e-06,
    6.244827586206896e-06,
    6.5862068965517236e-06,
    6.927586206896551e-06,
    6.927586206896551e-06,
    7.268965517241379e-06,
    7.268965517241379e-06,
    7.610344827586207e-06,
    7.610344827586207e-06,
    7.951724137931034e-06,
    7.951724137931034e-06,
    8.293103448275863e-06,
    8.293103448275863e-06,
    8.634482758620691e-06,
    8.634482758620691e-06,
    8.975862068965518e-06,
    8.975862068965518e-06,
    9.317241379310346e-06,
    9.317241379310346e-06,
    9.658620689655173e-06,
    9.658620689655173e-06,
    1e-05,
    1e-05
  ],
  "samples": 500,
  "sequence_length": 50000,
  "seeds": [
    2054862852,
    1229903573,
    481294910,
    1604532910,
    2097559974,
    1696572243,
    771062825,
    1085188346,
    770239054,
    362048610,
    1653068838,
    1274883051,
    1638087519,
    962831759,
    1350398070,
    1870706599,
    460092760,
    705001921,
    857506261,
    936711187,
    1835796889,
    1694137048,
    1648409300,
    545351786,
    590712055,
    1252695844,
    521198386,
    883334924,
    541742950,
    1587788468,
    19765150,
    1197282011,
    444939052,
    1270327200,
    2053421764,
    297301239,
    71956233,
    183454646,
    283349115,
    865103606,
    563837184,
    427520018,
    1008222383,
    896592743,
    1553387380,
    705056690,
    711311896,
    556064799,
    790690286,
    601136791
  ]
}