{
  "mode": "branch",
  "rep": 865,
  "ne": 10000,
  "r": [
    1e-08,
    1e-08,
    1.820689655172414e-07,
    1.820689655172414e-07,
    3.541379310344828e-07,
    3.541379310344828e-07,
    5.262068965517242e-07,
    5.262068965517242e-07,
    6.982758620689656e-07,
    6.982758620689656e-07,
    8.70344827586207e-07,
    8.70344827586207e-07,
    1.0424137931034483e-06,
    1.0424137931034483e-06,
    1.2144827586206895e-06,
    1.2144827586206895e-06,
    1.386551724137931e-06,
    1.386551724137931e-06,
    1.5586206896551725e-06,
    1.5586206896551725e-06,
    1.7306896551724138e-06,
    1.9027586206896551e-06,
    2.0748275862068966e-06,
    2.246896551724138e-06,
    2.418965517241379e-06,
    2.5910344827586207e-06,
    2.763103448275862e-06,
    2.9351724137931037e-06,
    3.107241379310345e-06,
    3.2793103448275863e-06,
    3.4513793103448278e-06,
    3.4513793103448278e-06,
    3.6234482758620693e-06,
    3.6234482758620693e-06,
    3.7955172413793103e-06,
    3.7955172413793103e-06,
    3.967586206896552e-06,
    3.967586206896552e-06,
    4.139655172413793e-06,
    4.139655172413793e-06,
    4.311724137931034e-06,
    4.311724137931034e-06,
    4.483793103448276e-06,
    4.483793103448276e-06,
    4.655862068965517e-06,
    4.655862068965517e-06,
    4.8279310344827585e-06,
    4.8279310344827585e-06,
    5e-06,
    5e-06
  ],
  "mu": 0,
  "samples": 250,
  "sequence_length": 1000,
  "seeds": [
    228480756,
    1679218535,
    388480850,
    1779901714,
    213897974,
    644144496,
    1340006224,
    30462346,
    889609252,
    716043883,
    656708499,
    1894774419,
    1239588799,
    106669603,
    1128621356,
    1071552955,
    1807915904,
    1328438984,
    1392637768,
    1784187881,
    1041082865,
    979635140,
    353210612,
    290175698,
    559088696,
    643177925,
    1230382542,
    382485364,
    1813194276,
    726086988,
    514376219,
    393095001,
    597262374,
    1988264450,
    734707227,
    308129682,
    1542831536,
    455359516,
    1061214851,
    1792065945,
    1045103630,
    1767042423,
    2100414711,
    1535075375,
    1686019720,
    19819427,
    630181539,
    2139706737,
    1113755394,
    747386544
  ]
}