{
  "mode": "branch",
  "rep": 1026,
  "ne": 10000,
  "r": [
    1e-08,
    1e-08,
    1.820689655172414e-07,
    1.820689655172414e-07,
    3.541379310344828e-07,
    3.541379310344828e-07,
    5.262068965517242e-07,
    5.262068965517242e-07,
    6.982758620689656e-07,
    6.982758620689656e-07,
    8.70344827586207e-07,
    8.70344827586207e-07,
    1.0424137931034483e-06,
    1.0424137931034483e-06,
    1.2144827586206895e-06,
    1.2144827586206895e-06,
    1.386551724137931e-06,
    1.386551724137931e-06,
    1.5586206896551725e-06,
    1.5586206896551725e-06,
    1.7306896551724138e-06,
    1.7306896551724138e-06,
    1.9027586206896551e-06,
    1.9027586206896551e-06,
    2.0748275862068966e-06,
    2.0748275862068966e-06,
    2.246896551724138e-06,
    2.246896551724138e-06,
    2.418965517241379e-06,
    2.418965517241379e-06,
    2.5910344827586207e-06,
    2.5910344827586207e-06,
    2.763103448275862e-06,
    2.763103448275862e-06,
    2.9351724137931037e-06,
    2.9351724137931037e-06,
    3.107241379310345e-06,
    3.107241379310345e-06,
    3.2793103448275863e-06,
    3.2793103448275863e-06,
    3.4513793103448278e-06,
    3.6234482758620693e-06,
    3.7955172413793103e-06,
    3.967586206896552e-06,
    4.139655172413793e-06,
    4.311724137931034e-06,
    4.483793103448276e-06,
    4.655862068965517e-06,
    4.8279310344827585e-06,
    5e-06
  ],
  "mu": 0,
  "samples": 250,
  "sequence_length": 1000,
  "seeds": [
    1481700077,
    1941819868,
    1654713963,
    1515465719,
    700868721,
    730399549,
    233015890,
    1859244251,
    1948951833,
    2023041833,
    946993640,
    903905795,
    2132188606,
    2132904971,
    753071350,
    1154878370,
    1878970263,
    726964972,
    1762344952,
    171069187,
    833868480,
    1662717290,
    1271583559,
    161353285,
    477630051,
    997528643,
    1553988341,
    67064986,
    567451595,
    769486829,
    417741072,
    2122878998,
    1693844979,
    2009575085,
    1728681167,
    170333222,
    974415831,
    1266337869,
    1083456712,
    1492123472,
    1699020662,
    595881467,
    1438349771,
    2123380367,
    44486911,
    536936200,
    2035531939,
    341770827,
    301981439,
    755188633
  ]
}