{
  "mode": "site",
  "rep": 346,
  "ne": 10000,
  "r": 1e-05,
  "mu": [
    1e-07,
    1e-07,
    4.413793103448276e-07,
    4.413793103448276e-07,
    7.827586206896552e-07,
    7.827586206896552e-07,
    1.1241379310344827e-06,
    1.1241379310344827e-06,
    1.4655172413793102e-06,
    1.4655172413793102e-06,
    1.8068965517241377e-06,
    1.8068965517241377e-06,
    2.1482758620689656e-06,
    2.1482758620689656e-06,
    2.489655172413793e-06,
    2.489655172413793e-06,
    2.8310344827586205e-06,
    2.8310344827586205e-06,
    3.172413793103448e-06,
    3.172413793103448e-06,
    3.5137931034482755e-06,
    3.855172413793104e-06,
    4.196551724137931e-06,
    4.537931034482759e-06,
    4.879310344827586e-06,
    5.220689655172414e-06,
    5.562068965517241e-06,
    5.903448275862069e-06,
    6.244827586206896e-06,
    6.5862068965517236e-06,
    6.927586206896551e-06,
    6.927586206896551e-06,
    7.268965517241379e-06,
    7.268965517241379e-06,
    7.610344827586207e-06,
    7.610344827586207e-06,
    7.951724137931034e-06,
    7.951724137931034e-06,
    8.293103448275863e-06,
    8.293103448275863e-06,
    8.634482758620691e-06,
    8.634482758620691e-06,
    8.975862068965518e-06,
    8.975862068965518e-06,
    9.317241379310346e-06,
    9.317241379310346e-06,
    9.658620689655173e-06,
    9.658620689655173e-06,
    1e-05,
    1e-05
  ],
  "samples": 500,
  "sequence_length": 10000,
  "seeds": [
    732367349,
    205572398,
    598894505,
    998892793,
    1566950811,
    119173907,
    643735804,
    1023180230,
    1253365691,
    562234478,
    1979682790,
    1924918942,
    1342453242,
    1058091815,
    508705515,
    1615991328,
    446911224,
    367003194,
    1416069141,
    787209360,
    1495403661,
    1414447528,
    244325884,
    939784812,
    1967717116,
    1526178309,
    1887138808,
    1166608414,
    841132039,
    291251254,
    1893573786,
    1523302587,
    1804794679,
    1570437154,
    1441447532,
    465287475,
    1150607975,
    1932213204,
    1881586778,
    1855453159,
    166716848,
    2054734035,
    879210864,
    20216557,
    508073992,
    1351508774,
    110575571,
    423794996,
    275406845,
    308706326
  ]
}