{
  "mode": "site",
  "rep": 120,
  "ne": 10000,
  "r": 1e-05,
  "mu": [
    1e-07,
    1e-07,
    4.413793103448276e-07,
    4.413793103448276e-07,
    7.827586206896552e-07,
    7.827586206896552e-07,
    1.1241379310344827e-06,
    1.1241379310344827e-06,
    1.4655172413793102e-06,
    1.4655172413793102e-06,
    1.8068965517241377e-06,
    1.8068965517241377e-06,
    2.1482758620689656e-06,
    2.1482758620689656e-06,
    2.489655172413793e-06,
    2.489655172413793e-06,
    2.8310344827586205e-06,
    2.8310344827586205e-06,
    3.172413793103448e-06,
    3.172413793103448e-06,
    3.5137931034482755e-06,
    3.5137931034482755e-06,
    3.855172413793104e-06,
    3.855172413793104e-06,
    4.196551724137931e-06,
    4.196551724137931e-06,
    4.537931034482759e-06,
    4.537931034482759e-06,
    4.879310344827586e-06,
    4.879310344827586e-06,
    5.220689655172414e-06,
    5.220689655172414e-06,
    5.562068965517241e-06,
    5.562068965517241e-06,
    5.903448275862069e-06,
    5.903448275862069e-06,
    6.244827586206896e-06,
    6.244827586206896e-06,
    6.5862068965517236e-06,
    6.5862068965517236e-06,
    6.927586206896551e-06,
    7.268965517241379e-06,
    7.610344827586207e-06,
    7.951724137931034e-06,
    8.293103448275863e-06,
    8.634482758620691e-06,
    8.975862068965518e-06,
    9.317241379310346e-06,
    9.658620689655173e-06,
    1e-05
  ],
  "samples": 500,
  "sequence_length": 10000,
  "seeds": [
    885890304,
    236693316,
    1990441226,
    825055678,
    636224601,
    1796230625,
    1762761713,
    447958504,
    1725943244,
    89963783,
    292891239,
    706091466,
    779031175,
    282959561,
    1819231256,
    1996844235,
    1065333039,
    256023482,
    923770292,
    982950940,
    224484133,
    1857781366,
    2081763949,
    1130439559,
    965044339,
    596778963,
    876037488,
    1998534527,
    2078345139,
    50933397,
    1931246326,
    251208705,
    561377002,
    760588113,
    1874628747,
    41727205,
    2113944344,
    1553611357,
    2077030908,
    802302353,
    318726448,
    218708219,
    1888097225,
    509343526,
    1917730900,
    1653712650,
    1638416568,
    1552052601,
    1348569694,
    909634796
  ]
}