{
  "mode": "branch",
  "rep": 1043,
  "ne": 10000,
  "r": [
    1e-08,
    1.820689655172414e-07,
    3.541379310344828e-07,
    5.262068965517242e-07,
    6.982758620689656e-07,
    8.70344827586207e-07,
    1.0424137931034483e-06,
    1.2144827586206895e-06,
    1.386551724137931e-06,
    1.5586206896551725e-06,
    1.7306896551724138e-06,
    1.7306896551724138e-06,
    1.9027586206896551e-06,
    1.9027586206896551e-06,
    2.0748275862068966e-06,
    2.0748275862068966e-06,
    2.246896551724138e-06,
    2.246896551724138e-06,
    2.418965517241379e-06,
    2.418965517241379e-06,
    2.5910344827586207e-06,
    2.5910344827586207e-06,
    2.763103448275862e-06,
    2.763103448275862e-06,
    2.9351724137931037e-06,
    2.9351724137931037e-06,
    3.107241379310345e-06,
    3.107241379310345e-06,
    3.2793103448275863e-06,
    3.2793103448275863e-06,
    3.4513793103448278e-06,
    3.4513793103448278e-06,
    3.6234482758620693e-06,
    3.6234482758620693e-06,
    3.7955172413793103e-06,
    3.7955172413793103e-06,
    3.967586206896552e-06,
    3.967586206896552e-06,
    4.139655172413793e-06,
    4.139655172413793e-06,
    4.311724137931034e-06,
    4.311724137931034e-06,
    4.483793103448276e-06,
    4.483793103448276e-06,
    4.655862068965517e-06,
    4.655862068965517e-06,
    4.8279310344827585e-06,
    4.8279310344827585e-06,
    5e-06,
    5e-06
  ],
  "mu": 0,
  "samples": 250,
  "sequence_length": 1000,
  "seeds": [
    736380914,
    364802089,
    1798305292,
    1237962447,
    1524915596,
    403088880,
    1765976888,
    70570487,
    765399554,
    1235010502,
    777628303,
    1682515521,
    1041957576,
    909058089,
    2036229176,
    1677634254,
    649994362,
    396107926,
    1372295547,
    1881494638,
    769212206,
    1946814213,
    1468540217,
    1757175673,
    477716958,
    894335819,
    1806190995,
    416188537,
    538660187,
    742334537,
    826635813,
    1320346465,
    194540153,
    1046295631,
    894170425,
    521979302,
    2070047185,
    531397381,
    2107446127,
    547944743,
    487212640,
    1025013312,
    1430828266,
    1508487782,
    417753140,
    1522325211,
    497889249,
    509710367,
    408533056,
    1930882941
  ]
}