{
  "mode": "branch",
  "rep": 964,
  "ne": 10000,
  "r": [
    1e-08,
    1e-08,
    1.820689655172414e-07,
    1.820689655172414e-07,
    3.541379310344828e-07,
    3.541379310344828e-07,
    5.262068965517242e-07,
    5.262068965517242e-07,
    6.982758620689656e-07,
    6.982758620689656e-07,
    8.70344827586207e-07,
    8.70344827586207e-07,
    1.0424137931034483e-06,
    1.0424137931034483e-06,
    1.2144827586206895e-06,
    1.2144827586206895e-06,
    1.386551724137931e-06,
    1.386551724137931e-06,
    1.5586206896551725e-06,
    1.5586206896551725e-06,
    1.7306896551724138e-06,
    1.9027586206896551e-06,
    2.0748275862068966e-06,
    2.246896551724138e-06,
    2.418965517241379e-06,
    2.5910344827586207e-06,
    2.763103448275862e-06,
    2.9351724137931037e-06,
    3.107241379310345e-06,
    3.2793103448275863e-06,
    3.4513793103448278e-06,
    3.4513793103448278e-06,
    3.6234482758620693e-06,
    3.6234482758620693e-06,
    3.7955172413793103e-06,
    3.7955172413793103e-06,
    3.967586206896552e-06,
    3.967586206896552e-06,
    4.139655172413793e-06,
    4.139655172413793e-06,
    4.311724137931034e-06,
    4.311724137931034e-06,
    4.483793103448276e-06,
    4.483793103448276e-06,
    4.655862068965517e-06,
    4.655862068965517e-06,
    4.8279310344827585e-06,
    4.8279310344827585e-06,
    5e-06,
    5e-06
  ],
  "mu": 0,
  "samples": 250,
  "sequence_length": 1000,
  "seeds": [
    813209719,
    552778885,
    1916158966,
    1865884655,
    677572720,
    954025523,
    2130175920,
    17704859,
    1045277830,
    1382046198,
    1586012872,
    105968454,
    1582182633,
    545582042,
    1954576240,
    28441041,
    2079951696,
    98533542,
    280680824,
    766382646,
    1356055328,
    1974104267,
    1425259469,
    1198845094,
    1645099247,
    393313085,
    286004098,
    1275238299,
    902419835,
    115637996,
    2124640486,
    1240207356,
    1570536634,
    1099829650,
    1132818865,
    1021765482,
    1191081624,
    442640363,
    1189277305,
    1877523125,
    1032734912,
    342512465,
    1047944164,
    931878085,
    743601316,
    1983367592,
    1774702490,
    1135511497,
    26414292,
    145302434
  ]
}