{
  "mode": "branch",
  "rep": 672,
  "ne": 10000,
  "r": [
    1e-08,
    1e-08,
    1.820689655172414e-07,
    1.820689655172414e-07,
    3.541379310344828e-07,
    3.541379310344828e-07,
    5.262068965517242e-07,
    5.262068965517242e-07,
    6.982758620689656e-07,
    6.982758620689656e-07,
    8.70344827586207e-07,
    8.70344827586207e-07,
    1.0424137931034483e-06,
    1.0424137931034483e-06,
    1.2144827586206895e-06,
    1.2144827586206895e-06,
    1.386551724137931e-06,
    1.386551724137931e-06,
    1.5586206896551725e-06,
    1.5586206896551725e-06,
    1.7306896551724138e-06,
    1.7306896551724138e-06,
    1.9027586206896551e-06,
    1.9027586206896551e-06,
    2.0748275862068966e-06,
    2.0748275862068966e-06,
    2.246896551724138e-06,
    2.246896551724138e-06,
    2.418965517241379e-06,
    2.418965517241379e-06,
    2.5910344827586207e-06,
    2.5910344827586207e-06,
    2.763103448275862e-06,
    2.763103448275862e-06,
    2.9351724137931037e-06,
    2.9351724137931037e-06,
    3.107241379310345e-06,
    3.107241379310345e-06,
    3.2793103448275863e-06,
    3.2793103448275863e-06,
    3.4513793103448278e-06,
    3.6234482758620693e-06,
    3.7955172413793103e-06,
    3.967586206896552e-06,
    4.139655172413793e-06,
    4.311724137931034e-06,
    4.483793103448276e-06,
    4.655862068965517e-06,
    4.8279310344827585e-06,
    5e-06
  ],
  "mu": 0,
  "samples": 250,
  "sequence_length": 1000,
  "seeds": [
    965625968,
    1465063973,
    1438071280,
    2039636147,
    126062912,
    381870316,
    79859553,
    1890222179,
    539653692,
    1091919817,
    699212725,
    303930179,
    1505606411,
    680976771,
    2026425220,
    1507276030,
    1126976299,
    2001783678,
    1752804959,
    607109943,
    936000966,
    1679094852,
    607644745,
    1853938727,
    11587004,
    171885965,
    401421896,
    426372797,
    121403015,
    1495194159,
    1308074488,
    1160463177,
    564183636,
    1352388980,
    973777767,
    1002074603,
    433397333,
    44099147,
    2032485059,
    1613190530,
    1033222757,
    2003889700,
    694703826,
    65614342,
    1231853244,
    1945260013,
    8265063,
    731599791,
    853376826,
    1375563586
  ]
}