{
  "mode": "branch",
  "rep": 606,
  "ne": 10000,
  "r": [
    1e-08,
    1e-08,
    1.820689655172414e-07,
    1.820689655172414e-07,
    3.541379310344828e-07,
    3.541379310344828e-07,
    5.262068965517242e-07,
    5.262068965517242e-07,
    6.982758620689656e-07,
    6.982758620689656e-07,
    8.70344827586207e-07,
    8.70344827586207e-07,
    1.0424137931034483e-06,
    1.0424137931034483e-06,
    1.2144827586206895e-06,
    1.2144827586206895e-06,
    1.386551724137931e-06,
    1.386551724137931e-06,
    1.5586206896551725e-06,
    1.5586206896551725e-06,
    1.7306896551724138e-06,
    1.7306896551724138e-06,
    1.9027586206896551e-06,
    1.9027586206896551e-06,
    2.0748275862068966e-06,
    2.0748275862068966e-06,
    2.246896551724138e-06,
    2.246896551724138e-06,
    2.418965517241379e-06,
    2.418965517241379e-06,
    2.5910344827586207e-06,
    2.5910344827586207e-06,
    2.763103448275862e-06,
    2.763103448275862e-06,
    2.9351724137931037e-06,
    2.9351724137931037e-06,
    3.107241379310345e-06,
    3.107241379310345e-06,
    3.2793103448275863e-06,
    3.2793103448275863e-06,
    3.4513793103448278e-06,
    3.6234482758620693e-06,
    3.7955172413793103e-06,
    3.967586206896552e-06,
    4.139655172413793e-06,
    4.311724137931034e-06,
    4.483793103448276e-06,
    4.655862068965517e-06,
    4.8279310344827585e-06,
    5e-06
  ],
  "mu": 0,
  "samples": 250,
  "sequence_length": 1000,
  "seeds": [
    828942461,
    432346009,
    1814866581,
    1648286332,
    1310390120,
    224083646,
    1536285021,
    947279748,
    1860174394,
    1559421055,
    2137704636,
    1218731455,
    926282929,
    1238074851,
    1802663860,
    108672125,
    419026123,
    1206973577,
    54857489,
    1437877909,
    1323848525,
    36620386,
    284441103,
    116616370,
    1487348294,
    1836744265,
    1415569082,
    1135936581,
    299139715,
    782161759,
    1158000242,
    1191422319,
    469984032,
    782907444,
    183209656,
    625672203,
    706866246,
    684115766,
    459948990,
    794620633,
    820820621,
    2055237463,
    964739469,
    1540075582,
    1043030481,
    376762502,
    1157439658,
    515118854,
    687037889,
    1720435996
  ]
}