{
  "mode": "branch",
  "rep": 605,
  "ne": 10000,
  "r": [
    1e-08,
    1.820689655172414e-07,
    3.541379310344828e-07,
    5.262068965517242e-07,
    6.982758620689656e-07,
    8.70344827586207e-07,
    1.0424137931034483e-06,
    1.2144827586206895e-06,
    1.386551724137931e-06,
    1.5586206896551725e-06,
    1.7306896551724138e-06,
    1.7306896551724138e-06,
    1.9027586206896551e-06,
    1.9027586206896551e-06,
    2.0748275862068966e-06,
    2.0748275862068966e-06,
    2.246896551724138e-06,
    2.246896551724138e-06,
    2.418965517241379e-06,
    2.418965517241379e-06,
    2.5910344827586207e-06,
    2.5910344827586207e-06,
    2.763103448275862e-06,
    2.763103448275862e-06,
    2.9351724137931037e-06,
    2.9351724137931037e-06,
    3.107241379310345e-06,
    3.107241379310345e-06,
    3.2793103448275863e-06,
    3.2793103448275863e-06,
    3.4513793103448278e-06,
    3.4513793103448278e-06,
    3.6234482758620693e-06,
    3.6234482758620693e-06,
    3.7955172413793103e-06,
    3.7955172413793103e-06,
    3.967586206896552e-06,
    3.967586206896552e-06,
    4.139655172413793e-06,
    4.139655172413793e-06,
    4.311724137931034e-06,
    4.311724137931034e-06,
    4.483793103448276e-06,
    4.483793103448276e-06,
    4.655862068965517e-06,
    4.655862068965517e-06,
    4.8279310344827585e-06,
    4.8279310344827585e-06,
    5e-06,
    5e-06
  ],
  "mu": 0,
  "samples": 250,
  "sequence_length": 1000,
  "seeds": [
    621574192,
    1861718234,
    600514610,
    1791654081,
    759693861,
    689481667,
    1891140844,
    2080340134,
    1356855277,
    945828280,
    336042529,
    1176184320,
    355401943,
    1644444552,
    782652447,
    433138761,
    2108505733,
    1055620066,
    93659442,
    817991355,
    1962996681,
    412195706,
    1644008967,
    583201048,
    1571533915,
    64679825,
    1843146974,
    958621674,
    1208903115,
    461757698,
    1704239611,
    1218443683,
    771685586,
    973852276,
    394060300,
    838023199,
    1860238911,
    450286298,
    1952617521,
    1549056547,
    1293984386,
    258064766,
    978568661,
    2111116531,
    982632813,
    136422920,
    1159528070,
    184808274,
    1072981051,
    30444609
  ]
}