{
  "mode": "site",
  "rep": 384,
  "ne": 10000,
  "r": 1e-05,
  "mu": [
    1e-07,
    1e-07,
    4.413793103448276e-07,
    4.413793103448276e-07,
    7.827586206896552e-07,
    7.827586206896552e-07,
    1.1241379310344827e-06,
    1.1241379310344827e-06,
    1.4655172413793102e-06,
    1.4655172413793102e-06,
    1.8068965517241377e-06,
    1.8068965517241377e-06,
    2.1482758620689656e-06,
    2.1482758620689656e-06,
    2.489655172413793e-06,
    2.489655172413793e-06,
    2.8310344827586205e-06,
    2.8310344827586205e-06,
    3.172413793103448e-06,
    3.172413793103448e-06,
    3.5137931034482755e-06,
    3.5137931034482755e-06,
    3.855172413793104e-06,
    3.855172413793104e-06,
    4.196551724137931e-06,
    4.196551724137931e-06,
    4.537931034482759e-06,
    4.537931034482759e-06,
    4.879310344827586e-06,
    4.879310344827586e-06,
    5.220689655172414e-06,
    5.220689655172414e-06,
    5.562068965517241e-06,
    5.562068965517241e-06,
    5.903448275862069e-06,
    5.903448275862069e-06,
    6.244827586206896e-06,
    6.244827586206896e-06,
    6.5862068965517236e-06,
    6.5862068965517236e-06,
    6.927586206896551e-06,
    7.268965517241379e-06,
    7.610344827586207e-06,
    7.951724137931034e-06,
    8.293103448275863e-06,
    8.634482758620691e-06,
    8.975862068965518e-06,
    9.317241379310346e-06,
    9.658620689655173e-06,
    1e-05
  ],
  "samples": 500,
  "sequence_length": 50000,
  "seeds": [
    1675830323,
    1347729874,
    882168588,
    112335759,
    1189902841,
    9484344,
    1918579969,
    1660271941,
    1063392652,
    1547498678,
    1075336393,
    914753398,
    762534201,
    76658530,
    1478968800,
    542471642,
    1859948866,
    1064010876,
    813265323,
    243296262,
    739811229,
    1821904082,
    449840722,
    1962131280,
    1667951355,
    1696936053,
    2144642978,
    1193142437,
    19125738,
    1578435671,
    1504965110,
    149354494,
    2001991164,
    898325564,
    300028628,
    1596813968,
    1086016662,
    600567185,
    292562010,
    1474538324,
    1596504786,
    1019025186,
    808758749,
    795959985,
    850214041,
    1618935845,
    154828220,
    756549522,
    194059189,
    1054055270
  ]
}