{
  "mode": "branch",
  "rep": 1036,
  "ne": 10000,
  "r": [
    1e-08,
    1e-08,
    1.820689655172414e-07,
    1.820689655172414e-07,
    3.541379310344828e-07,
    3.541379310344828e-07,
    5.262068965517242e-07,
    5.262068965517242e-07,
    6.982758620689656e-07,
    6.982758620689656e-07,
    8.70344827586207e-07,
    8.70344827586207e-07,
    1.0424137931034483e-06,
    1.0424137931034483e-06,
    1.2144827586206895e-06,
    1.2144827586206895e-06,
    1.386551724137931e-06,
    1.386551724137931e-06,
    1.5586206896551725e-06,
    1.5586206896551725e-06,
    1.7306896551724138e-06,
    1.9027586206896551e-06,
    2.0748275862068966e-06,
    2.246896551724138e-06,
    2.418965517241379e-06,
    2.5910344827586207e-06,
    2.763103448275862e-06,
    2.9351724137931037e-06,
    3.107241379310345e-06,
    3.2793103448275863e-06,
    3.4513793103448278e-06,
    3.4513793103448278e-06,
    3.6234482758620693e-06,
    3.6234482758620693e-06,
    3.7955172413793103e-06,
    3.7955172413793103e-06,
    3.967586206896552e-06,
    3.967586206896552e-06,
    4.139655172413793e-06,
    4.139655172413793e-06,
    4.311724137931034e-06,
    4.311724137931034e-06,
    4.483793103448276e-06,
    4.483793103448276e-06,
    4.655862068965517e-06,
    4.655862068965517e-06,
    4.8279310344827585e-06,
    4.8279310344827585e-06,
    5e-06,
    5e-06
  ],
  "mu": 0,
  "samples": 250,
  "sequence_length": 1000,
  "seeds": [
    1617350321,
    1000467011,
    1061616943,
    1526369856,
    1130565242,
    2051784619,
    1853127953,
    263561725,
    1111262128,
    458535147,
    2127118551,
    774813584,
    2015870275,
    1326889275,
    855665980,
    1073462379,
    680954133,
    975591015,
    835118183,
    197670918,
    2087750751,
    853180642,
    1028049414,
    1268809934,
    1901669883,
    212691200,
    317168800,
    119443184,
    1689075264,
    184649818,
    2065096799,
    542600340,
    1114334706,
    347766603,
    906641858,
    860369069,
    868596598,
    751679938,
    134574006,
    576518413,
    113440805,
    2067554762,
    416899569,
    170628201,
    762094326,
    276914085,
    1661199310,
    871706342,
    1498391686,
    15825184
  ]
}