{
  "mode": "site",
  "rep": 416,
  "ne": 10000,
  "r": 1e-05,
  "mu": [
    1e-07,
    4.413793103448276e-07,
    7.827586206896552e-07,
    1.1241379310344827e-06,
    1.4655172413793102e-06,
    1.8068965517241377e-06,
    2.1482758620689656e-06,
    2.489655172413793e-06,
    2.8310344827586205e-06,
    3.172413793103448e-06,
    3.5137931034482755e-06,
    3.5137931034482755e-06,
    3.855172413793104e-06,
    3.855172413793104e-06,
    4.196551724137931e-06,
    4.196551724137931e-06,
    4.537931034482759e-06,
    4.537931034482759e-06,
    4.879310344827586e-06,
    4.879310344827586e-06,
    5.220689655172414e-06,
    5.220689655172414e-06,
    5.562068965517241e-06,
    5.562068965517241e-06,
    5.903448275862069e-06,
    5.903448275862069e-06,
    6.244827586206896e-06,
    6.244827586206896e-06,
    6.5862068965517236e-06,
    6.5862068965517236e-06,
    6.927586206896551e-06,
    6.927586206896551e-06,
    7.268965517241379e-06,
    7.268965517241379e-06,
    7.610344827586207e-06,
    7.610344827586207e-06,
    7.951724137931034e-06,
    7.951724137931034e-06,
    8.293103448275863e-06,
    8.293103448275863e-06,
    8.634482758620691e-06,
    8.634482758620691e-06,
    8.975862068965518e-06,
    8.975862068965518e-06,
    9.317241379310346e-06,
    9.317241379310346e-06,
    9.658620689655173e-06,
    9.658620689655173e-06,
    1e-05,
    1e-05
  ],
  "samples": 500,
  "sequence_length": 50000,
  "seeds": [
    1437407164,
    467569140,
    2011911462,
    1991887457,
    406180653,
    1462842870,
    1056274985,
    407147698,
    1101649427,
    969310329,
    1687477559,
    2075778733,
    2113838899,
    1420899264,
    1282391738,
    141958062,
    861417167,
    1572751743,
    1615154387,
    2035234174,
    2053166781,
    1096595390,
    467557685,
    623106550,
    1643442348,
    1304055113,
    1077287973,
    1411316049,
    34200891,
    1210417530,
    509940000,
    1901628914,
    1643309443,
    1143986950,
    1401641972,
    11787866,
    79739550,
    1568553549,
    375916408,
    1486036962,
    1764243712,
    186680433,
    1006119226,
    196481271,
    889042322,
    1971612635,
    186455465,
    1312586320,
    1884832640,
    56030187
  ]
}