{
  "mode": "site",
  "rep": 595,
  "ne": 10000,
  "r": 1e-05,
  "mu": [
    1e-07,
    1e-07,
    4.413793103448276e-07,
    4.413793103448276e-07,
    7.827586206896552e-07,
    7.827586206896552e-07,
    1.1241379310344827e-06,
    1.1241379310344827e-06,
    1.4655172413793102e-06,
    1.4655172413793102e-06,
    1.8068965517241377e-06,
    1.8068965517241377e-06,
    2.1482758620689656e-06,
    2.1482758620689656e-06,
    2.489655172413793e-06,
    2.489655172413793e-06,
    2.8310344827586205e-06,
    2.8310344827586205e-06,
    3.172413793103448e-06,
    3.172413793103448e-06,
    3.5137931034482755e-06,
    3.855172413793104e-06,
    4.196551724137931e-06,
    4.537931034482759e-06,
    4.879310344827586e-06,
    5.220689655172414e-06,
    5.562068965517241e-06,
    5.903448275862069e-06,
    6.244827586206896e-06,
    6.5862068965517236e-06,
    6.927586206896551e-06,
    6.927586206896551e-06,
    7.268965517241379e-06,
    7.268965517241379e-06,
    7.610344827586207e-06,
    7.610344827586207e-06,
    7.951724137931034e-06,
    7.951724137931034e-06,
    8.293103448275863e-06,
    8.293103448275863e-06,
    8.634482758620691e-06,
    8.634482758620691e-06,
    8.975862068965518e-06,
    8.975862068965518e-06,
    9.317241379310346e-06,
    9.317241379310346e-06,
    9.658620689655173e-06,
    9.658620689655173e-06,
    1e-05,
    1e-05
  ],
  "samples": 500,
  "sequence_length": 10000,
  "seeds": [
    685783989,
    913386699,
    1143401749,
    1817132247,
    1250522358,
    180940915,
    1895937321,
    542515009,
    1927382979,
    1524964689,
    852485755,
    1892584034,
    2054453692,
    1578843595,
    2091465762,
    368300831,
    1321754817,
    346438920,
    1208367215,
    1011014977,
    1642218506,
    1771769299,
    2073739794,
    922586728,
    454071084,
    51706340,
    930051452,
    23257626,
    1066595319,
    1201759258,
    1994684893,
    1071555959,
    640733068,
    1078215729,
    1084335328,
    950026205,
    1173884234,
    565599841,
    435628541,
    2067631672,
    718560021,
    205542691,
    1468665264,
    943567712,
    556226656,
    151415233,
    2004995951,
    1001093905,
    1508789945,
    431941629
  ]
}