{
  "mode": "site",
  "rep": 322,
  "ne": 10000,
  "r": 1e-05,
  "mu": [
    1e-07,
    1e-07,
    4.413793103448276e-07,
    4.413793103448276e-07,
    7.827586206896552e-07,
    7.827586206896552e-07,
    1.1241379310344827e-06,
    1.1241379310344827e-06,
    1.4655172413793102e-06,
    1.4655172413793102e-06,
    1.8068965517241377e-06,
    1.8068965517241377e-06,
    2.1482758620689656e-06,
    2.1482758620689656e-06,
    2.489655172413793e-06,
    2.489655172413793e-06,
    2.8310344827586205e-06,
    2.8310344827586205e-06,
    3.172413793103448e-06,
    3.172413793103448e-06,
    3.5137931034482755e-06,
    3.855172413793104e-06,
    4.196551724137931e-06,
    4.537931034482759e-06,
    4.879310344827586e-06,
    5.220689655172414e-06,
    5.562068965517241e-06,
    5.903448275862069e-06,
    6.244827586206896e-06,
    6.5862068965517236e-06,
    6.927586206896551e-06,
    6.927586206896551e-06,
    7.268965517241379e-06,
    7.268965517241379e-06,
    7.610344827586207e-06,
    7.610344827586207e-06,
    7.951724137931034e-06,
    7.951724137931034e-06,
    8.293103448275863e-06,
    8.293103448275863e-06,
    8.634482758620691e-06,
    8.634482758620691e-06,
    8.975862068965518e-06,
    8.975862068965518e-06,
    9.317241379310346e-06,
    9.317241379310346e-06,
    9.658620689655173e-06,
    9.658620689655173e-06,
    1e-05,
    1e-05
  ],
  "samples": 500,
  "sequence_length": 10000,
  "seeds": [
    1181430351,
    1634155941,
    1007411457,
    549072141,
    1814192340,
    1043216762,
    1152749641,
    1301664721,
    207841698,
    28089736,
    2106659104,
    1262921538,
    1814107247,
    1256354489,
    2082601536,
    1033915873,
    1950991872,
    1128085602,
    1815641347,
    1019549258,
    647333790,
    1719082919,
    1474102864,
    855538229,
    348745839,
    792680824,
    81283549,
    123917071,
    682289003,
    923381920,
    1398052396,
    711824049,
    476227519,
    22334698,
    1877115850,
    672623618,
    175186525,
    851002564,
    1786449791,
    1796914996,
    720052790,
    1717769050,
    638978899,
    1472740721,
    708113308,
    1751595502,
    1729754989,
    1708269724,
    479708324,
    1861815933
  ]
}