{
  "mode": "branch",
  "rep": 828,
  "ne": 10000,
  "r": [
    1e-08,
    1e-08,
    1.820689655172414e-07,
    1.820689655172414e-07,
    3.541379310344828e-07,
    3.541379310344828e-07,
    5.262068965517242e-07,
    5.262068965517242e-07,
    6.982758620689656e-07,
    6.982758620689656e-07,
    8.70344827586207e-07,
    8.70344827586207e-07,
    1.0424137931034483e-06,
    1.0424137931034483e-06,
    1.2144827586206895e-06,
    1.2144827586206895e-06,
    1.386551724137931e-06,
    1.386551724137931e-06,
    1.5586206896551725e-06,
    1.5586206896551725e-06,
    1.7306896551724138e-06,
    1.7306896551724138e-06,
    1.9027586206896551e-06,
    1.9027586206896551e-06,
    2.0748275862068966e-06,
    2.0748275862068966e-06,
    2.246896551724138e-06,
    2.246896551724138e-06,
    2.418965517241379e-06,
    2.418965517241379e-06,
    2.5910344827586207e-06,
    2.5910344827586207e-06,
    2.763103448275862e-06,
    2.763103448275862e-06,
    2.9351724137931037e-06,
    2.9351724137931037e-06,
    3.107241379310345e-06,
    3.107241379310345e-06,
    3.2793103448275863e-06,
    3.2793103448275863e-06,
    3.4513793103448278e-06,
    3.6234482758620693e-06,
    3.7955172413793103e-06,
    3.967586206896552e-06,
    4.139655172413793e-06,
    4.311724137931034e-06,
    4.483793103448276e-06,
    4.655862068965517e-06,
    4.8279310344827585e-06,
    5e-06
  ],
  "mu": 0,
  "samples": 250,
  "sequence_length": 1000,
  "seeds": [
    380199445,
    2087855635,
    697339276,
    431082634,
    590907941,
    140547099,
    218974808,
    21819713,
    852783936,
    257968322,
    872005551,
    457102776,
    870141941,
    2058098286,
    810185208,
    2076601465,
    1043430840,
    1575185968,
    613951493,
    44779117,
    1225363579,
    745833631,
    691247114,
    1685614583,
    2125457826,
    1856913908,
    1991763176,
    883103503,
    255087716,
    883563572,
    1589772529,
    787276451,
    337009247,
    720440703,
    2068029849,
    1364239503,
    1385812905,
    59210909,
    1458031563,
    951990219,
    541573080,
    116455596,
    1231233916,
    1517987399,
    2077782609,
    1996528377,
    1798705251,
    697196093,
    172798755,
    103429842
  ]
}