{
  "mode": "branch",
  "rep": 854,
  "ne": 10000,
  "r": [
    1e-08,
    1.820689655172414e-07,
    3.541379310344828e-07,
    5.262068965517242e-07,
    6.982758620689656e-07,
    8.70344827586207e-07,
    1.0424137931034483e-06,
    1.2144827586206895e-06,
    1.386551724137931e-06,
    1.5586206896551725e-06,
    1.7306896551724138e-06,
    1.7306896551724138e-06,
    1.9027586206896551e-06,
    1.9027586206896551e-06,
    2.0748275862068966e-06,
    2.0748275862068966e-06,
    2.246896551724138e-06,
    2.246896551724138e-06,
    2.418965517241379e-06,
    2.418965517241379e-06,
    2.5910344827586207e-06,
    2.5910344827586207e-06,
    2.763103448275862e-06,
    2.763103448275862e-06,
    2.9351724137931037e-06,
    2.9351724137931037e-06,
    3.107241379310345e-06,
    3.107241379310345e-06,
    3.2793103448275863e-06,
    3.2793103448275863e-06,
    3.4513793103448278e-06,
    3.4513793103448278e-06,
    3.6234482758620693e-06,
    3.6234482758620693e-06,
    3.7955172413793103e-06,
    3.7955172413793103e-06,
    3.967586206896552e-06,
    3.967586206896552e-06,
    4.139655172413793e-06,
    4.139655172413793e-06,
    4.311724137931034e-06,
    4.311724137931034e-06,
    4.483793103448276e-06,
    4.483793103448276e-06,
    4.655862068965517e-06,
    4.655862068965517e-06,
    4.8279310344827585e-06,
    4.8279310344827585e-06,
    5e-06,
    5e-06
  ],
  "mu": 0,
  "samples": 250,
  "sequence_length": 1000,
  "seeds": [
    145526572,
    1547214209,
    1000581166,
    858567914,
    1009293934,
    187073645,
    153848220,
    1315920172,
    1728961956,
    1069858804,
    1397771073,
    1910809960,
    294524110,
    420380363,
    625148049,
    531133409,
    1498574832,
    1806904708,
    746239148,
    11241948,
    1444420265,
    2030894043,
    548005739,
    1226356968,
    603388859,
    482912652,
    1218792138,
    1874885913,
    1256123258,
    1942720159,
    1300026530,
    1179657669,
    904093384,
    2024636127,
    105994402,
    1198393527,
    542643504,
    1165264463,
    1374903409,
    704607478,
    1799644129,
    1036440685,
    802612631,
    1236204047,
    1954723983,
    1379689412,
    69482424,
    1082517630,
    712876980,
    370906963
  ]
}