{
  "mode": "branch",
  "rep": 1162,
  "ne": 10000,
  "r": [
    1e-08,
    1e-08,
    1.820689655172414e-07,
    1.820689655172414e-07,
    3.541379310344828e-07,
    3.541379310344828e-07,
    5.262068965517242e-07,
    5.262068965517242e-07,
    6.982758620689656e-07,
    6.982758620689656e-07,
    8.70344827586207e-07,
    8.70344827586207e-07,
    1.0424137931034483e-06,
    1.0424137931034483e-06,
    1.2144827586206895e-06,
    1.2144827586206895e-06,
    1.386551724137931e-06,
    1.386551724137931e-06,
    1.5586206896551725e-06,
    1.5586206896551725e-06,
    1.7306896551724138e-06,
    1.9027586206896551e-06,
    2.0748275862068966e-06,
    2.246896551724138e-06,
    2.418965517241379e-06,
    2.5910344827586207e-06,
    2.763103448275862e-06,
    2.9351724137931037e-06,
    3.107241379310345e-06,
    3.2793103448275863e-06,
    3.4513793103448278e-06,
    3.4513793103448278e-06,
    3.6234482758620693e-06,
    3.6234482758620693e-06,
    3.7955172413793103e-06,
    3.7955172413793103e-06,
    3.967586206896552e-06,
    3.967586206896552e-06,
    4.139655172413793e-06,
    4.139655172413793e-06,
    4.311724137931034e-06,
    4.311724137931034e-06,
    4.483793103448276e-06,
    4.483793103448276e-06,
    4.655862068965517e-06,
    4.655862068965517e-06,
    4.8279310344827585e-06,
    4.8279310344827585e-06,
    5e-06,
    5e-06
  ],
  "mu": 0,
  "samples": 250,
  "sequence_length": 1000,
  "seeds": [
    1770205569,
    1452820670,
    255786603,
    1162754603,
    988146011,
    1852491729,
    1726275048,
    1247333986,
    899728509,
    1588277765,
    1574569942,
    306215470,
    543883872,
    1629710922,
    1975561852,
    404775065,
    2008450192,
    640288816,
    1025787743,
    1818680529,
    932331753,
    1783380129,
    56378674,
    12550359,
    869619782,
    1788000061,
    2023414890,
    259383362,
    1798435581,
    1967020299,
    529831226,
    1081689421,
    844584071,
    1428991084,
    134422365,
    1379435626,
    1577941386,
    342086187,
    529932155,
    1650006645,
    1102085142,
    1339551124,
    1874312333,
    2139601710,
    456749583,
    1628515595,
    1149627751,
    1452918802,
    1310421006,
    47707060
  ]
}