{
  "mode": "site",
  "rep": 292,
  "ne": 10000,
  "r": 1e-05,
  "mu": [
    1e-07,
    1e-07,
    4.413793103448276e-07,
    4.413793103448276e-07,
    7.827586206896552e-07,
    7.827586206896552e-07,
    1.1241379310344827e-06,
    1.1241379310344827e-06,
    1.4655172413793102e-06,
    1.4655172413793102e-06,
    1.8068965517241377e-06,
    1.8068965517241377e-06,
    2.1482758620689656e-06,
    2.1482758620689656e-06,
    2.489655172413793e-06,
    2.489655172413793e-06,
    2.8310344827586205e-06,
    2.8310344827586205e-06,
    3.172413793103448e-06,
    3.172413793103448e-06,
    3.5137931034482755e-06,
    3.855172413793104e-06,
    4.196551724137931e-06,
    4.537931034482759e-06,
    4.879310344827586e-06,
    5.220689655172414e-06,
    5.562068965517241e-06,
    5.903448275862069e-06,
    6.244827586206896e-06,
    6.5862068965517236e-06,
    6.927586206896551e-06,
    6.927586206896551e-06,
    7.268965517241379e-06,
    7.268965517241379e-06,
    7.610344827586207e-06,
    7.610344827586207e-06,
    7.951724137931034e-06,
    7.951724137931034e-06,
    8.293103448275863e-06,
    8.293103448275863e-06,
    8.634482758620691e-06,
    8.634482758620691e-06,
    8.975862068965518e-06,
    8.975862068965518e-06,
    9.317241379310346e-06,
    9.317241379310346e-06,
    9.658620689655173e-06,
    9.658620689655173e-06,
    1e-05,
    1e-05
  ],
  "samples": 500,
  "sequence_length": 10000,
  "seeds": [
    734615457,
    1475301945,
    1389386271,
    983524741,
    553696424,
    273503840,
    1410315993,
    1911899155,
    1110624454,
    1495674238,
    1837974224,
    1579402921,
    659081458,
    704977621,
    2017121844,
    623250510,
    1464531377,
    246443183,
    383751216,
    1590165172,
    603051586,
    1463161240,
    1864351278,
    1633759980,
    1543028695,
    222796622,
    1507202885,
    201348402,
    717811279,
    1981923660,
    1817362263,
    1215764952,
    1319504026,
    1750939631,
    94048530,
    1135862078,
    650169851,
    1441888740,
    950436102,
    485984727,
    2137084920,
    799705057,
    944233670,
    688634960,
    1935973810,
    1501635790,
    1983893691,
    1874183932,
    882678401,
    314257275
  ]
}