{
  "mode": "site",
  "rep": 422,
  "ne": 10000,
  "r": 1e-05,
  "mu": [
    1e-07,
    4.413793103448276e-07,
    7.827586206896552e-07,
    1.1241379310344827e-06,
    1.4655172413793102e-06,
    1.8068965517241377e-06,
    2.1482758620689656e-06,
    2.489655172413793e-06,
    2.8310344827586205e-06,
    3.172413793103448e-06,
    3.5137931034482755e-06,
    3.5137931034482755e-06,
    3.855172413793104e-06,
    3.855172413793104e-06,
    4.196551724137931e-06,
    4.196551724137931e-06,
    4.537931034482759e-06,
    4.537931034482759e-06,
    4.879310344827586e-06,
    4.879310344827586e-06,
    5.220689655172414e-06,
    5.220689655172414e-06,
    5.562068965517241e-06,
    5.562068965517241e-06,
    5.903448275862069e-06,
    5.903448275862069e-06,
    6.244827586206896e-06,
    6.244827586206896e-06,
    6.5862068965517236e-06,
    6.5862068965517236e-06,
    6.927586206896551e-06,
    6.927586206896551e-06,
    7.268965517241379e-06,
    7.268965517241379e-06,
    7.610344827586207e-06,
    7.610344827586207e-06,
    7.951724137931034e-06,
    7.951724137931034e-06,
    8.293103448275863e-06,
    8.293103448275863e-06,
    8.634482758620691e-06,
    8.634482758620691e-06,
    8.975862068965518e-06,
    8.975862068965518e-06,
    9.317241379310346e-06,
    9.317241379310346e-06,
    9.658620689655173e-06,
    9.658620689655173e-06,
    1e-05,
    1e-05
  ],
  "samples": 500,
  "sequence_length": 10000,
  "seeds": [
    1979148558,
    645944669,
    56574939,
    793697540,
    561972962,
    828713739,
    1657502249,
    1991667128,
    1970033614,
    8146838,
    1484962781,
    2065970275,
    1363324014,
    96993758,
    219354287,
    1049212155,
    2022013532,
    1979535177,
    2095344947,
    2139788475,
    1396456411,
    582525680,
    1488035955,
    808577738,
    501018968,
    142398928,
    496057380,
    1979237783,
    283389164,
    1224589847,
    987144368,
    197784600,
    1836834212,
    769309458,
    882354545,
    195020194,
    79926143,
    1724027764,
    1683644542,
    1669557123,
    1501942664,
    1966152047,
    916998899,
    712274007,
    851922959,
    1018248885,
    442564768,
    1189036658,
    1282139897,
    1407965117
  ]
}