{
  "mode": "site",
  "rep": 448,
  "ne": 10000,
  "r": 1e-05,
  "mu": [
    1e-07,
    1e-07,
    4.413793103448276e-07,
    4.413793103448276e-07,
    7.827586206896552e-07,
    7.827586206896552e-07,
    1.1241379310344827e-06,
    1.1241379310344827e-06,
    1.4655172413793102e-06,
    1.4655172413793102e-06,
    1.8068965517241377e-06,
    1.8068965517241377e-06,
    2.1482758620689656e-06,
    2.1482758620689656e-06,
    2.489655172413793e-06,
    2.489655172413793e-06,
    2.8310344827586205e-06,
    2.8310344827586205e-06,
    3.172413793103448e-06,
    3.172413793103448e-06,
    3.5137931034482755e-06,
    3.855172413793104e-06,
    4.196551724137931e-06,
    4.537931034482759e-06,
    4.879310344827586e-06,
    5.220689655172414e-06,
    5.562068965517241e-06,
    5.903448275862069e-06,
    6.244827586206896e-06,
    6.5862068965517236e-06,
    6.927586206896551e-06,
    6.927586206896551e-06,
    7.268965517241379e-06,
    7.268965517241379e-06,
    7.610344827586207e-06,
    7.610344827586207e-06,
    7.951724137931034e-06,
    7.951724137931034e-06,
    8.293103448275863e-06,
    8.293103448275863e-06,
    8.634482758620691e-06,
    8.634482758620691e-06,
    8.975862068965518e-06,
    8.975862068965518e-06,
    9.317241379310346e-06,
    9.317241379310346e-06,
    9.658620689655173e-06,
    9.658620689655173e-06,
    1e-05,
    1e-05
  ],
  "samples": 500,
  "sequence_length": 50000,
  "seeds": [
    1617350321,
    1000467011,
    1061616943,
    1526369856,
    1130565242,
    2051784619,
    1853127953,
    263561725,
    1111262128,
    458535147,
    2127118551,
    774813584,
    2015870275,
    1326889275,
    855665980,
    1073462379,
    680954133,
    975591015,
    835118183,
    197670918,
    2087750751,
    853180642,
    1028049414,
    1268809934,
    1901669883,
    212691200,
    317168800,
    119443184,
    1689075264,
    184649818,
    2065096799,
    542600340,
    1114334706,
    347766603,
    906641858,
    860369069,
    868596598,
    751679938,
    134574006,
    576518413,
    113440805,
    2067554762,
    416899569,
    170628201,
    762094326,
    276914085,
    1661199310,
    871706342,
    1498391686,
    15825184
  ]
}