{
  "mode": "branch",
  "rep": 1198,
  "ne": 10000,
  "r": [
    1e-08,
    1e-08,
    1.820689655172414e-07,
    1.820689655172414e-07,
    3.541379310344828e-07,
    3.541379310344828e-07,
    5.262068965517242e-07,
    5.262068965517242e-07,
    6.982758620689656e-07,
    6.982758620689656e-07,
    8.70344827586207e-07,
    8.70344827586207e-07,
    1.0424137931034483e-06,
    1.0424137931034483e-06,
    1.2144827586206895e-06,
    1.2144827586206895e-06,
    1.386551724137931e-06,
    1.386551724137931e-06,
    1.5586206896551725e-06,
    1.5586206896551725e-06,
    1.7306896551724138e-06,
    1.9027586206896551e-06,
    2.0748275862068966e-06,
    2.246896551724138e-06,
    2.418965517241379e-06,
    2.5910344827586207e-06,
    2.763103448275862e-06,
    2.9351724137931037e-06,
    3.107241379310345e-06,
    3.2793103448275863e-06,
    3.4513793103448278e-06,
    3.4513793103448278e-06,
    3.6234482758620693e-06,
    3.6234482758620693e-06,
    3.7955172413793103e-06,
    3.7955172413793103e-06,
    3.967586206896552e-06,
    3.967586206896552e-06,
    4.139655172413793e-06,
    4.139655172413793e-06,
    4.311724137931034e-06,
    4.311724137931034e-06,
    4.483793103448276e-06,
    4.483793103448276e-06,
    4.655862068965517e-06,
    4.655862068965517e-06,
    4.8279310344827585e-06,
    4.8279310344827585e-06,
    5e-06,
    5e-06
  ],
  "mu": 0,
  "samples": 250,
  "sequence_length": 1000,
  "seeds": [
    945003869,
    1338608269,
    1235586825,
    1634575156,
    1556561857,
    1575773619,
    1775427458,
    1778529628,
    1747510740,
    1375507930,
    373103385,
    1548289543,
    1207560624,
    634062072,
    1039180645,
    316877729,
    708911216,
    1207053165,
    2094232027,
    132671732,
    2119114397,
    14813064,
    856225308,
    1017303475,
    357715303,
    1977457147,
    107042999,
    1228875826,
    2024343825,
    1699245525,
    894019899,
    854965789,
    1700125408,
    1750768542,
    2140036390,
    308910113,
    767108754,
    748927449,
    267008293,
    186984554,
    559742339,
    405311376,
    1999637299,
    1660355992,
    1448128857,
    1851280175,
    1753998552,
    1124109897,
    906154985,
    1185850547
  ]
}