{
  "mode": "branch",
  "rep": 1025,
  "ne": 10000,
  "r": [
    1e-08,
    1.820689655172414e-07,
    3.541379310344828e-07,
    5.262068965517242e-07,
    6.982758620689656e-07,
    8.70344827586207e-07,
    1.0424137931034483e-06,
    1.2144827586206895e-06,
    1.386551724137931e-06,
    1.5586206896551725e-06,
    1.7306896551724138e-06,
    1.7306896551724138e-06,
    1.9027586206896551e-06,
    1.9027586206896551e-06,
    2.0748275862068966e-06,
    2.0748275862068966e-06,
    2.246896551724138e-06,
    2.246896551724138e-06,
    2.418965517241379e-06,
    2.418965517241379e-06,
    2.5910344827586207e-06,
    2.5910344827586207e-06,
    2.763103448275862e-06,
    2.763103448275862e-06,
    2.9351724137931037e-06,
    2.9351724137931037e-06,
    3.107241379310345e-06,
    3.107241379310345e-06,
    3.2793103448275863e-06,
    3.2793103448275863e-06,
    3.4513793103448278e-06,
    3.4513793103448278e-06,
    3.6234482758620693e-06,
    3.6234482758620693e-06,
    3.7955172413793103e-06,
    3.7955172413793103e-06,
    3.967586206896552e-06,
    3.967586206896552e-06,
    4.139655172413793e-06,
    4.139655172413793e-06,
    4.311724137931034e-06,
    4.311724137931034e-06,
    4.483793103448276e-06,
    4.483793103448276e-06,
    4.655862068965517e-06,
    4.655862068965517e-06,
    4.8279310344827585e-06,
    4.8279310344827585e-06,
    5e-06,
    5e-06
  ],
  "mu": 0,
  "samples": 250,
  "sequence_length": 1000,
  "seeds": [
    1946880409,
    2032786366,
    1174940991,
    631248796,
    1801055288,
    2114338512,
    76721123,
    1986388441,
    497370239,
    1964576843,
    664361263,
    1039936418,
    1189193098,
    1757780589,
    1373511522,
    968293752,
    379612819,
    2118741697,
    922979103,
    208252718,
    836160371,
    244255937,
    1128272126,
    1928263981,
    593181583,
    392180171,
    1588545296,
    1911080735,
    367977358,
    1890596156,
    632842836,
    522930933,
    1697944100,
    352866470,
    825046287,
    324244380,
    1274680902,
    2050790274,
    771846452,
    1202893106,
    242281637,
    2094269340,
    1330565739,
    1719226164,
    1674396087,
    1801296302,
    654355411,
    1734507543,
    1366190755,
    546955831
  ]
}