{
  "mode": "branch",
  "rep": 924,
  "ne": 10000,
  "r": [
    1e-08,
    1e-08,
    1.820689655172414e-07,
    1.820689655172414e-07,
    3.541379310344828e-07,
    3.541379310344828e-07,
    5.262068965517242e-07,
    5.262068965517242e-07,
    6.982758620689656e-07,
    6.982758620689656e-07,
    8.70344827586207e-07,
    8.70344827586207e-07,
    1.0424137931034483e-06,
    1.0424137931034483e-06,
    1.2144827586206895e-06,
    1.2144827586206895e-06,
    1.386551724137931e-06,
    1.386551724137931e-06,
    1.5586206896551725e-06,
    1.5586206896551725e-06,
    1.7306896551724138e-06,
    1.7306896551724138e-06,
    1.9027586206896551e-06,
    1.9027586206896551e-06,
    2.0748275862068966e-06,
    2.0748275862068966e-06,
    2.246896551724138e-06,
    2.246896551724138e-06,
    2.418965517241379e-06,
    2.418965517241379e-06,
    2.5910344827586207e-06,
    2.5910344827586207e-06,
    2.763103448275862e-06,
    2.763103448275862e-06,
    2.9351724137931037e-06,
    2.9351724137931037e-06,
    3.107241379310345e-06,
    3.107241379310345e-06,
    3.2793103448275863e-06,
    3.2793103448275863e-06,
    3.4513793103448278e-06,
    3.6234482758620693e-06,
    3.7955172413793103e-06,
    3.967586206896552e-06,
    4.139655172413793e-06,
    4.311724137931034e-06,
    4.483793103448276e-06,
    4.655862068965517e-06,
    4.8279310344827585e-06,
    5e-06
  ],
  "mu": 0,
  "samples": 250,
  "sequence_length": 1000,
  "seeds": [
    762356612,
    598324078,
    1866476602,
    9229374,
    1604419230,
    1726063097,
    819356700,
    1658922687,
    507171158,
    1271564545,
    165450894,
    63873742,
    176933152,
    1188517853,
    716300532,
    1197349917,
    578598347,
    1353557720,
    1553303052,
    17724087,
    2013535712,
    854220219,
    1361989893,
    472140873,
    2093661255,
    151352535,
    734025189,
    1283628845,
    1502050000,
    461239376,
    472923352,
    204232948,
    476154339,
    659805481,
    372973349,
    44308926,
    965287391,
    718386162,
    268457420,
    1605727856,
    1126375714,
    1206169972,
    394987227,
    795173135,
    616877520,
    742603588,
    126982190,
    193954059,
    709636061,
    1983321897
  ]
}