{
  "mode": "site",
  "rep": 19,
  "ne": 10000,
  "r": 1e-05,
  "mu": [
    1e-07,
    1e-07,
    4.413793103448276e-07,
    4.413793103448276e-07,
    7.827586206896552e-07,
    7.827586206896552e-07,
    1.1241379310344827e-06,
    1.1241379310344827e-06,
    1.4655172413793102e-06,
    1.4655172413793102e-06,
    1.8068965517241377e-06,
    1.8068965517241377e-06,
    2.1482758620689656e-06,
    2.1482758620689656e-06,
    2.489655172413793e-06,
    2.489655172413793e-06,
    2.8310344827586205e-06,
    2.8310344827586205e-06,
    3.172413793103448e-06,
    3.172413793103448e-06,
    3.5137931034482755e-06,
    3.855172413793104e-06,
    4.196551724137931e-06,
    4.537931034482759e-06,
    4.879310344827586e-06,
    5.220689655172414e-06,
    5.562068965517241e-06,
    5.903448275862069e-06,
    6.244827586206896e-06,
    6.5862068965517236e-06,
    6.927586206896551e-06,
    6.927586206896551e-06,
    7.268965517241379e-06,
    7.268965517241379e-06,
    7.610344827586207e-06,
    7.610344827586207e-06,
    7.951724137931034e-06,
    7.951724137931034e-06,
    8.293103448275863e-06,
    8.293103448275863e-06,
    8.634482758620691e-06,
    8.634482758620691e-06,
    8.975862068965518e-06,
    8.975862068965518e-06,
    9.317241379310346e-06,
    9.317241379310346e-06,
    9.658620689655173e-06,
    9.658620689655173e-06,
    1e-05,
    1e-05
  ],
  "samples": 500,
  "sequence_length": 50000,
  "seeds": [
    1261777909,
    1669300066,
    1350121546,
    589642908,
    1036784127,
    2100430689,
    162350086,
    1779836936,
    1197975626,
    463090464,
    107153142,
    885263790,
    1875700418,
    2075824809,
    1315890724,
    1155281539,
    206952786,
    1500398776,
    575789459,
    1457811648,
    59015910,
    228004462,
    776772211,
    1936839260,
    701430045,
    1534210996,
    1481208437,
    976267557,
    959295385,
    735446492,
    1874099080,
    671682088,
    907763712,
    944792935,
    1967585508,
    2091371951,
    1971526889,
    765036828,
    1267063127,
    2051445749,
    36680352,
    262128223,
    1864375366,
    2114472188,
    670665439,
    1500104771,
    911071607,
    369160015,
    715769984,
    1872548113
  ]
}