{
  "mode": "branch",
  "rep": 1161,
  "ne": 10000,
  "r": [
    1e-08,
    1e-08,
    1.820689655172414e-07,
    1.820689655172414e-07,
    3.541379310344828e-07,
    3.541379310344828e-07,
    5.262068965517242e-07,
    5.262068965517242e-07,
    6.982758620689656e-07,
    6.982758620689656e-07,
    8.70344827586207e-07,
    8.70344827586207e-07,
    1.0424137931034483e-06,
    1.0424137931034483e-06,
    1.2144827586206895e-06,
    1.2144827586206895e-06,
    1.386551724137931e-06,
    1.386551724137931e-06,
    1.5586206896551725e-06,
    1.5586206896551725e-06,
    1.7306896551724138e-06,
    1.7306896551724138e-06,
    1.9027586206896551e-06,
    1.9027586206896551e-06,
    2.0748275862068966e-06,
    2.0748275862068966e-06,
    2.246896551724138e-06,
    2.246896551724138e-06,
    2.418965517241379e-06,
    2.418965517241379e-06,
    2.5910344827586207e-06,
    2.5910344827586207e-06,
    2.763103448275862e-06,
    2.763103448275862e-06,
    2.9351724137931037e-06,
    2.9351724137931037e-06,
    3.107241379310345e-06,
    3.107241379310345e-06,
    3.2793103448275863e-06,
    3.2793103448275863e-06,
    3.4513793103448278e-06,
    3.6234482758620693e-06,
    3.7955172413793103e-06,
    3.967586206896552e-06,
    4.139655172413793e-06,
    4.311724137931034e-06,
    4.483793103448276e-06,
    4.655862068965517e-06,
    4.8279310344827585e-06,
    5e-06
  ],
  "mu": 0,
  "samples": 250,
  "sequence_length": 1000,
  "seeds": [
    1134991282,
    1842851234,
    1342731731,
    1682337379,
    466281966,
    1298842447,
    969475199,
    310829802,
    483016901,
    312099878,
    805559090,
    1127143197,
    1665346010,
    418759729,
    430002569,
    1410747176,
    407398665,
    1268111296,
    195456191,
    1293886975,
    1720304328,
    808294551,
    1122378628,
    1547606324,
    746160372,
    1035289014,
    1312058608,
    1700045776,
    900900690,
    1324580884,
    1796606452,
    1407622348,
    484540,
    802616368,
    1629805412,
    813817023,
    211131534,
    2133807736,
    81872173,
    1243541579,
    1644774785,
    682509850,
    237633529,
    618746087,
    377008067,
    707989843,
    1416540538,
    788830146,
    2128869787,
    1432700145
  ]
}