{
  "mode": "branch",
  "rep": 767,
  "ne": 10000,
  "r": [
    1e-08,
    1.820689655172414e-07,
    3.541379310344828e-07,
    5.262068965517242e-07,
    6.982758620689656e-07,
    8.70344827586207e-07,
    1.0424137931034483e-06,
    1.2144827586206895e-06,
    1.386551724137931e-06,
    1.5586206896551725e-06,
    1.7306896551724138e-06,
    1.7306896551724138e-06,
    1.9027586206896551e-06,
    1.9027586206896551e-06,
    2.0748275862068966e-06,
    2.0748275862068966e-06,
    2.246896551724138e-06,
    2.246896551724138e-06,
    2.418965517241379e-06,
    2.418965517241379e-06,
    2.5910344827586207e-06,
    2.5910344827586207e-06,
    2.763103448275862e-06,
    2.763103448275862e-06,
    2.9351724137931037e-06,
    2.9351724137931037e-06,
    3.107241379310345e-06,
    3.107241379310345e-06,
    3.2793103448275863e-06,
    3.2793103448275863e-06,
    3.4513793103448278e-06,
    3.4513793103448278e-06,
    3.6234482758620693e-06,
    3.6234482758620693e-06,
    3.7955172413793103e-06,
    3.7955172413793103e-06,
    3.967586206896552e-06,
    3.967586206896552e-06,
    4.139655172413793e-06,
    4.139655172413793e-06,
    4.311724137931034e-06,
    4.311724137931034e-06,
    4.483793103448276e-06,
    4.483793103448276e-06,
    4.655862068965517e-06,
    4.655862068965517e-06,
    4.8279310344827585e-06,
    4.8279310344827585e-06,
    5e-06,
    5e-06
  ],
  "mu": 0,
  "samples": 250,
  "sequence_length": 1000,
  "seeds": [
    1413549565,
    1397468984,
    264367338,
    1079657467,
    658559547,
    862275220,
    253188413,
    1663574263,
    1876038862,
    1630233075,
    845122793,
    1300428668,
    1935336863,
    1543456322,
    650374312,
    932208716,
    273571248,
    12079081,
    537251263,
    525388003,
    399589623,
    940287611,
    1240258947,
    304278422,
    857364835,
    1715693270,
    642446888,
    1259912572,
    1368327264,
    940763452,
    363601822,
    1906847257,
    1890439343,
    888860583,
    1758903338,
    1360480573,
    1876395508,
    527056244,
    1893651541,
    348674888,
    1440523985,
    1578499842,
    1511739705,
    633975967,
    414261320,
    1174886494,
    1502229159,
    48924248,
    1163835698,
    387004651
  ]
}