{
  "mode": "branch",
  "rep": 1119,
  "ne": 10000,
  "r": [
    1e-08,
    1e-08,
    1.820689655172414e-07,
    1.820689655172414e-07,
    3.541379310344828e-07,
    3.541379310344828e-07,
    5.262068965517242e-07,
    5.262068965517242e-07,
    6.982758620689656e-07,
    6.982758620689656e-07,
    8.70344827586207e-07,
    8.70344827586207e-07,
    1.0424137931034483e-06,
    1.0424137931034483e-06,
    1.2144827586206895e-06,
    1.2144827586206895e-06,
    1.386551724137931e-06,
    1.386551724137931e-06,
    1.5586206896551725e-06,
    1.5586206896551725e-06,
    1.7306896551724138e-06,
    1.7306896551724138e-06,
    1.9027586206896551e-06,
    1.9027586206896551e-06,
    2.0748275862068966e-06,
    2.0748275862068966e-06,
    2.246896551724138e-06,
    2.246896551724138e-06,
    2.418965517241379e-06,
    2.418965517241379e-06,
    2.5910344827586207e-06,
    2.5910344827586207e-06,
    2.763103448275862e-06,
    2.763103448275862e-06,
    2.9351724137931037e-06,
    2.9351724137931037e-06,
    3.107241379310345e-06,
    3.107241379310345e-06,
    3.2793103448275863e-06,
    3.2793103448275863e-06,
    3.4513793103448278e-06,
    3.6234482758620693e-06,
    3.7955172413793103e-06,
    3.967586206896552e-06,
    4.139655172413793e-06,
    4.311724137931034e-06,
    4.483793103448276e-06,
    4.655862068965517e-06,
    4.8279310344827585e-06,
    5e-06
  ],
  "mu": 0,
  "samples": 250,
  "sequence_length": 1000,
  "seeds": [
    1612149157,
    984512296,
    347030670,
    586029231,
    931312914,
    881206914,
    1204878633,
    815576860,
    1847578074,
    1842328388,
    96010600,
    1477009046,
    1272448961,
    1270385984,
    1437716771,
    167368482,
    216404972,
    573533318,
    1978417421,
    45857667,
    2036524348,
    1340505277,
    1210341389,
    1943218694,
    1036327376,
    1344694918,
    80161416,
    226331064,
    469945839,
    1447145929,
    1827652701,
    1308230866,
    209685363,
    1961683211,
    109813958,
    303387480,
    358793566,
    1780375499,
    2084848255,
    2128954604,
    1219094989,
    943145843,
    325817388,
    344785141,
    1548706149,
    2037971792,
    27849358,
    1846684072,
    1679207485,
    2067792517
  ]
}