{
  "mode": "site",
  "rep": 378,
  "ne": 10000,
  "r": 1e-05,
  "mu": [
    1e-07,
    1e-07,
    4.413793103448276e-07,
    4.413793103448276e-07,
    7.827586206896552e-07,
    7.827586206896552e-07,
    1.1241379310344827e-06,
    1.1241379310344827e-06,
    1.4655172413793102e-06,
    1.4655172413793102e-06,
    1.8068965517241377e-06,
    1.8068965517241377e-06,
    2.1482758620689656e-06,
    2.1482758620689656e-06,
    2.489655172413793e-06,
    2.489655172413793e-06,
    2.8310344827586205e-06,
    2.8310344827586205e-06,
    3.172413793103448e-06,
    3.172413793103448e-06,
    3.5137931034482755e-06,
    3.5137931034482755e-06,
    3.855172413793104e-06,
    3.855172413793104e-06,
    4.196551724137931e-06,
    4.196551724137931e-06,
    4.537931034482759e-06,
    4.537931034482759e-06,
    4.879310344827586e-06,
    4.879310344827586e-06,
    5.220689655172414e-06,
    5.220689655172414e-06,
    5.562068965517241e-06,
    5.562068965517241e-06,
    5.903448275862069e-06,
    5.903448275862069e-06,
    6.244827586206896e-06,
    6.244827586206896e-06,
    6.5862068965517236e-06,
    6.5862068965517236e-06,
    6.927586206896551e-06,
    7.268965517241379e-06,
    7.610344827586207e-06,
    7.951724137931034e-06,
    8.293103448275863e-06,
    8.634482758620691e-06,
    8.975862068965518e-06,
    9.317241379310346e-06,
    9.658620689655173e-06,
    1e-05
  ],
  "samples": 500,
  "sequence_length": 10000,
  "seeds": [
    38866537,
    1165446892,
    129348281,
    1321709433,
    437671380,
    233217244,
    1542034520,
    1639373797,
    1486349728,
    356812613,
    1947458963,
    959548979,
    501921456,
    533188561,
    636884150,
    244331780,
    1913830475,
    1166642123,
    899024306,
    1591772564,
    43114244,
    1998998895,
    125098520,
    780068951,
    607059497,
    1408935900,
    493212555,
    340253665,
    1686789513,
    1786140651,
    753378927,
    2109808784,
    1201570148,
    2053138040,
    2097202894,
    38245056,
    2006435489,
    341433414,
    1271542936,
    2056453128,
    1319397229,
    822678821,
    1679190368,
    1232999083,
    1642999241,
    1271967372,
    913241152,
    140665768,
    161497103,
    500919957
  ]
}