{
  "mode": "site",
  "rep": 91,
  "ne": 10000,
  "r": 1e-05,
  "mu": [
    1e-07,
    1e-07,
    4.413793103448276e-07,
    4.413793103448276e-07,
    7.827586206896552e-07,
    7.827586206896552e-07,
    1.1241379310344827e-06,
    1.1241379310344827e-06,
    1.4655172413793102e-06,
    1.4655172413793102e-06,
    1.8068965517241377e-06,
    1.8068965517241377e-06,
    2.1482758620689656e-06,
    2.1482758620689656e-06,
    2.489655172413793e-06,
    2.489655172413793e-06,
    2.8310344827586205e-06,
    2.8310344827586205e-06,
    3.172413793103448e-06,
    3.172413793103448e-06,
    3.5137931034482755e-06,
    3.855172413793104e-06,
    4.196551724137931e-06,
    4.537931034482759e-06,
    4.879310344827586e-06,
    5.220689655172414e-06,
    5.562068965517241e-06,
    5.903448275862069e-06,
    6.244827586206896e-06,
    6.5862068965517236e-06,
    6.927586206896551e-06,
    6.927586206896551e-06,
    7.268965517241379e-06,
    7.268965517241379e-06,
    7.610344827586207e-06,
    7.610344827586207e-06,
    7.951724137931034e-06,
    7.951724137931034e-06,
    8.293103448275863e-06,
    8.293103448275863e-06,
    8.634482758620691e-06,
    8.634482758620691e-06,
    8.975862068965518e-06,
    8.975862068965518e-06,
    9.317241379310346e-06,
    9.317241379310346e-06,
    9.658620689655173e-06,
    9.658620689655173e-06,
    1e-05,
    1e-05
  ],
  "samples": 500,
  "sequence_length": 10000,
  "seeds": [
    1753205099,
    1837181277,
    1768321366,
    1542530359,
    190674503,
    180976010,
    1850656357,
    588776948,
    862639421,
    760498910,
    1044744225,
    864595026,
    2079947639,
    1790383134,
    1825876367,
    1935763170,
    952001712,
    987753110,
    1957018068,
    128212064,
    1850229467,
    883683753,
    1892202015,
    751563209,
    2154388,
    2116607429,
    804951848,
    185227432,
    544855795,
    1023554105,
    1635276925,
    397792854,
    1845320585,
    810753455,
    1248781759,
    640915016,
    245714449,
    769435047,
    1982510107,
    1905933863,
    719742346,
    519633244,
    1896463854,
    1049168543,
    673795534,
    156653557,
    1344342584,
    1745561297,
    293580400,
    1098616315
  ]
}