{
  "mode": "site",
  "rep": 149,
  "ne": 10000,
  "r": 1e-05,
  "mu": [
    1e-07,
    4.413793103448276e-07,
    7.827586206896552e-07,
    1.1241379310344827e-06,
    1.4655172413793102e-06,
    1.8068965517241377e-06,
    2.1482758620689656e-06,
    2.489655172413793e-06,
    2.8310344827586205e-06,
    3.172413793103448e-06,
    3.5137931034482755e-06,
    3.5137931034482755e-06,
    3.855172413793104e-06,
    3.855172413793104e-06,
    4.196551724137931e-06,
    4.196551724137931e-06,
    4.537931034482759e-06,
    4.537931034482759e-06,
    4.879310344827586e-06,
    4.879310344827586e-06,
    5.220689655172414e-06,
    5.220689655172414e-06,
    5.562068965517241e-06,
    5.562068965517241e-06,
    5.903448275862069e-06,
    5.903448275862069e-06,
    6.244827586206896e-06,
    6.244827586206896e-06,
    6.5862068965517236e-06,
    6.5862068965517236e-06,
    6.927586206896551e-06,
    6.927586206896551e-06,
    7.268965517241379e-06,
    7.268965517241379e-06,
    7.610344827586207e-06,
    7.610344827586207e-06,
    7.951724137931034e-06,
    7.951724137931034e-06,
    8.293103448275863e-06,
    8.293103448275863e-06,
    8.634482758620691e-06,
    8.634482758620691e-06,
    8.975862068965518e-06,
    8.975862068965518e-06,
    9.317241379310346e-06,
    9.317241379310346e-06,
    9.658620689655173e-06,
    9.658620689655173e-06,
    1e-05,
    1e-05
  ],
  "samples": 500,
  "sequence_length": 50000,
  "seeds": [
    272074632,
    227217551,
    1970553150,
    292452194,
    1859795159,
    1281971070,
    1009215874,
    2017949936,
    1058658765,
    440722415,
    66632331,
    1568774477,
    410075242,
    1176340539,
    2100913069,
    743716945,
    334759684,
    2072758462,
    1729408353,
    1223169017,
    435047996,
    1326140926,
    1664033546,
    1185487533,
    2135846812,
    535285107,
    98277065,
    1967643351,
    907996991,
    387374734,
    2102712342,
    2142818442,
    667701343,
    1077768901,
    1468323665,
    1648180558,
    713273745,
    796692839,
    1968484206,
    230026151,
    591732137,
    1009400093,
    1404241650,
    566283396,
    285814031,
    1870415020,
    24727002,
    1027358851,
    1593794947,
    421197256
  ]
}