{
  "mode": "branch",
  "rep": 667,
  "ne": 10000,
  "r": [
    1e-08,
    1e-08,
    1.820689655172414e-07,
    1.820689655172414e-07,
    3.541379310344828e-07,
    3.541379310344828e-07,
    5.262068965517242e-07,
    5.262068965517242e-07,
    6.982758620689656e-07,
    6.982758620689656e-07,
    8.70344827586207e-07,
    8.70344827586207e-07,
    1.0424137931034483e-06,
    1.0424137931034483e-06,
    1.2144827586206895e-06,
    1.2144827586206895e-06,
    1.386551724137931e-06,
    1.386551724137931e-06,
    1.5586206896551725e-06,
    1.5586206896551725e-06,
    1.7306896551724138e-06,
    1.9027586206896551e-06,
    2.0748275862068966e-06,
    2.246896551724138e-06,
    2.418965517241379e-06,
    2.5910344827586207e-06,
    2.763103448275862e-06,
    2.9351724137931037e-06,
    3.107241379310345e-06,
    3.2793103448275863e-06,
    3.4513793103448278e-06,
    3.4513793103448278e-06,
    3.6234482758620693e-06,
    3.6234482758620693e-06,
    3.7955172413793103e-06,
    3.7955172413793103e-06,
    3.967586206896552e-06,
    3.967586206896552e-06,
    4.139655172413793e-06,
    4.139655172413793e-06,
    4.311724137931034e-06,
    4.311724137931034e-06,
    4.483793103448276e-06,
    4.483793103448276e-06,
    4.655862068965517e-06,
    4.655862068965517e-06,
    4.8279310344827585e-06,
    4.8279310344827585e-06,
    5e-06,
    5e-06
  ],
  "mu": 0,
  "samples": 250,
  "sequence_length": 1000,
  "seeds": [
    1289915112,
    345265328,
    2049809691,
    1983086817,
    445906961,
    1144295440,
    632578869,
    1583525193,
    1345644256,
    1799225899,
    1254084243,
    2056357557,
    749227333,
    1509764443,
    360897267,
    1212287916,
    818984907,
    1416314826,
    1628646317,
    283699068,
    1694588015,
    1680253301,
    1627794102,
    873662083,
    1191802931,
    96839763,
    475810073,
    1346496740,
    205462995,
    78396086,
    259127904,
    1507165260,
    1357447348,
    1368611618,
    1916510005,
    1096302929,
    659119626,
    105816985,
    1362592093,
    730892290,
    854804702,
    970341182,
    575745456,
    10531008,
    794133429,
    1809766112,
    659358763,
    831136537,
    2029600827,
    778887145
  ]
}