{
  "mode": "site",
  "rep": 414,
  "ne": 10000,
  "r": 1e-05,
  "mu": [
    1e-07,
    1e-07,
    4.413793103448276e-07,
    4.413793103448276e-07,
    7.827586206896552e-07,
    7.827586206896552e-07,
    1.1241379310344827e-06,
    1.1241379310344827e-06,
    1.4655172413793102e-06,
    1.4655172413793102e-06,
    1.8068965517241377e-06,
    1.8068965517241377e-06,
    2.1482758620689656e-06,
    2.1482758620689656e-06,
    2.489655172413793e-06,
    2.489655172413793e-06,
    2.8310344827586205e-06,
    2.8310344827586205e-06,
    3.172413793103448e-06,
    3.172413793103448e-06,
    3.5137931034482755e-06,
    3.5137931034482755e-06,
    3.855172413793104e-06,
    3.855172413793104e-06,
    4.196551724137931e-06,
    4.196551724137931e-06,
    4.537931034482759e-06,
    4.537931034482759e-06,
    4.879310344827586e-06,
    4.879310344827586e-06,
    5.220689655172414e-06,
    5.220689655172414e-06,
    5.562068965517241e-06,
    5.562068965517241e-06,
    5.903448275862069e-06,
    5.903448275862069e-06,
    6.244827586206896e-06,
    6.244827586206896e-06,
    6.5862068965517236e-06,
    6.5862068965517236e-06,
    6.927586206896551e-06,
    7.268965517241379e-06,
    7.610344827586207e-06,
    7.951724137931034e-06,
    8.293103448275863e-06,
    8.634482758620691e-06,
    8.975862068965518e-06,
    9.317241379310346e-06,
    9.658620689655173e-06,
    1e-05
  ],
  "samples": 500,
  "sequence_length": 10000,
  "seeds": [
    666697456,
    1317967371,
    1346798270,
    1852509336,
    677517404,
    783313716,
    1368918059,
    1977686696,
    1176400568,
    158894394,
    6482094,
    1479175626,
    5320010,
    1271502520,
    1022170980,
    509907593,
    506313534,
    3391291,
    1440256453,
    1897005404,
    619995084,
    618109379,
    1847458503,
    1941002763,
    1792676213,
    1709578025,
    1986286386,
    650211681,
    67768461,
    1691036083,
    725105085,
    117536376,
    860742100,
    95365041,
    860565858,
    581241951,
    591465135,
    1760829747,
    1799613050,
    74540293,
    1457064240,
    1770985109,
    1752288211,
    1989600610,
    1170589927,
    635083936,
    759996453,
    83875954,
    247362085,
    190169882
  ]
}