{
  "mode": "branch",
  "rep": 673,
  "ne": 10000,
  "r": [
    1e-08,
    1e-08,
    1.820689655172414e-07,
    1.820689655172414e-07,
    3.541379310344828e-07,
    3.541379310344828e-07,
    5.262068965517242e-07,
    5.262068965517242e-07,
    6.982758620689656e-07,
    6.982758620689656e-07,
    8.70344827586207e-07,
    8.70344827586207e-07,
    1.0424137931034483e-06,
    1.0424137931034483e-06,
    1.2144827586206895e-06,
    1.2144827586206895e-06,
    1.386551724137931e-06,
    1.386551724137931e-06,
    1.5586206896551725e-06,
    1.5586206896551725e-06,
    1.7306896551724138e-06,
    1.9027586206896551e-06,
    2.0748275862068966e-06,
    2.246896551724138e-06,
    2.418965517241379e-06,
    2.5910344827586207e-06,
    2.763103448275862e-06,
    2.9351724137931037e-06,
    3.107241379310345e-06,
    3.2793103448275863e-06,
    3.4513793103448278e-06,
    3.4513793103448278e-06,
    3.6234482758620693e-06,
    3.6234482758620693e-06,
    3.7955172413793103e-06,
    3.7955172413793103e-06,
    3.967586206896552e-06,
    3.967586206896552e-06,
    4.139655172413793e-06,
    4.139655172413793e-06,
    4.311724137931034e-06,
    4.311724137931034e-06,
    4.483793103448276e-06,
    4.483793103448276e-06,
    4.655862068965517e-06,
    4.655862068965517e-06,
    4.8279310344827585e-06,
    4.8279310344827585e-06,
    5e-06,
    5e-06
  ],
  "mu": 0,
  "samples": 250,
  "sequence_length": 1000,
  "seeds": [
    1394137315,
    1967553740,
    1722744010,
    1424355279,
    547692960,
    366780390,
    1892806267,
    473996426,
    168778885,
    562330832,
    228897248,
    1953561069,
    1426286820,
    1847598271,
    937687945,
    1688691185,
    1017765528,
    721772903,
    375738034,
    305004830,
    598812543,
    712963213,
    387044303,
    1759123426,
    309166044,
    75997543,
    46059418,
    2136408445,
    1905737601,
    925287288,
    1120859275,
    539745878,
    281213236,
    2021122831,
    375119158,
    1005996326,
    1684156674,
    835018620,
    532522939,
    1592179430,
    763384971,
    1015453550,
    1353661499,
    181740700,
    1945343429,
    305644801,
    2016534287,
    94710925,
    427655565,
    326767501
  ]
}