{
  "mode": "site",
  "rep": 39,
  "ne": 10000,
  "r": 1e-05,
  "mu": [
    1e-07,
    1e-07,
    4.413793103448276e-07,
    4.413793103448276e-07,
    7.827586206896552e-07,
    7.827586206896552e-07,
    1.1241379310344827e-06,
    1.1241379310344827e-06,
    1.4655172413793102e-06,
    1.4655172413793102e-06,
    1.8068965517241377e-06,
    1.8068965517241377e-06,
    2.1482758620689656e-06,
    2.1482758620689656e-06,
    2.489655172413793e-06,
    2.489655172413793e-06,
    2.8310344827586205e-06,
    2.8310344827586205e-06,
    3.172413793103448e-06,
    3.172413793103448e-06,
    3.5137931034482755e-06,
    3.5137931034482755e-06,
    3.855172413793104e-06,
    3.855172413793104e-06,
    4.196551724137931e-06,
    4.196551724137931e-06,
    4.537931034482759e-06,
    4.537931034482759e-06,
    4.879310344827586e-06,
    4.879310344827586e-06,
    5.220689655172414e-06,
    5.220689655172414e-06,
    5.562068965517241e-06,
    5.562068965517241e-06,
    5.903448275862069e-06,
    5.903448275862069e-06,
    6.244827586206896e-06,
    6.244827586206896e-06,
    6.5862068965517236e-06,
    6.5862068965517236e-06,
    6.927586206896551e-06,
    7.268965517241379e-06,
    7.610344827586207e-06,
    7.951724137931034e-06,
    8.293103448275863e-06,
    8.634482758620691e-06,
    8.975862068965518e-06,
    9.317241379310346e-06,
    9.658620689655173e-06,
    1e-05
  ],
  "samples": 500,
  "sequence_length": 50000,
  "seeds": [
    1270848416,
    408170686,
    538547068,
    34539558,
    1445490579,
    287238037,
    1964497303,
    787396543,
    671463296,
    509118655,
    1189343472,
    1573771104,
    828212670,
    2140584281,
    1358397625,
    1521261907,
    1907830376,
    603715197,
    1179472871,
    1872413399,
    2000656119,
    1161685674,
    632215564,
    1819404661,
    1988310425,
    375429567,
    971219388,
    2085949973,
    688486627,
    2065526290,
    1313601484,
    187619011,
    615155570,
    1465929953,
    1287582815,
    1919576507,
    1343488754,
    858276709,
    966447227,
    1452766577,
    1945408658,
    739298395,
    392978836,
    1386985590,
    509458073,
    1555920985,
    1197823203,
    43177950,
    563421526,
    1948901061
  ]
}