{
  "mode": "site",
  "rep": 245,
  "ne": 10000,
  "r": 1e-05,
  "mu": [
    1e-07,
    4.413793103448276e-07,
    7.827586206896552e-07,
    1.1241379310344827e-06,
    1.4655172413793102e-06,
    1.8068965517241377e-06,
    2.1482758620689656e-06,
    2.489655172413793e-06,
    2.8310344827586205e-06,
    3.172413793103448e-06,
    3.5137931034482755e-06,
    3.5137931034482755e-06,
    3.855172413793104e-06,
    3.855172413793104e-06,
    4.196551724137931e-06,
    4.196551724137931e-06,
    4.537931034482759e-06,
    4.537931034482759e-06,
    4.879310344827586e-06,
    4.879310344827586e-06,
    5.220689655172414e-06,
    5.220689655172414e-06,
    5.562068965517241e-06,
    5.562068965517241e-06,
    5.903448275862069e-06,
    5.903448275862069e-06,
    6.244827586206896e-06,
    6.244827586206896e-06,
    6.5862068965517236e-06,
    6.5862068965517236e-06,
    6.927586206896551e-06,
    6.927586206896551e-06,
    7.268965517241379e-06,
    7.268965517241379e-06,
    7.610344827586207e-06,
    7.610344827586207e-06,
    7.951724137931034e-06,
    7.951724137931034e-06,
    8.293103448275863e-06,
    8.293103448275863e-06,
    8.634482758620691e-06,
    8.634482758620691e-06,
    8.975862068965518e-06,
    8.975862068965518e-06,
    9.317241379310346e-06,
    9.317241379310346e-06,
    9.658620689655173e-06,
    9.658620689655173e-06,
    1e-05,
    1e-05
  ],
  "samples": 500,
  "sequence_length": 10000,
  "seeds": [
    588417367,
    1615639126,
    1538185089,
    2039739585,
    142832760,
    1616406309,
    1870996700,
    856814884,
    1872421649,
    446257841,
    1836623852,
    1040216558,
    1756672734,
    856438576,
    18095723,
    439575567,
    1974538547,
    116590747,
    142644985,
    587967462,
    1256658850,
    1547953646,
    1667645997,
    1436570937,
    821784005,
    1853906651,
    1892024225,
    1317245913,
    1239674346,
    1530326640,
    639950378,
    1756071701,
    799805309,
    895051140,
    1734734670,
    1937157882,
    2007771267,
    1921848676,
    1837850804,
    1688801936,
    1948657019,
    1250274567,
    1861842081,
    1218413621,
    337791078,
    1273699636,
    2053091837,
    1095174952,
    13949896,
    599284880
  ]
}