{
  "mode": "branch",
  "rep": 608,
  "ne": 10000,
  "r": [
    1e-08,
    1.820689655172414e-07,
    3.541379310344828e-07,
    5.262068965517242e-07,
    6.982758620689656e-07,
    8.70344827586207e-07,
    1.0424137931034483e-06,
    1.2144827586206895e-06,
    1.386551724137931e-06,
    1.5586206896551725e-06,
    1.7306896551724138e-06,
    1.7306896551724138e-06,
    1.9027586206896551e-06,
    1.9027586206896551e-06,
    2.0748275862068966e-06,
    2.0748275862068966e-06,
    2.246896551724138e-06,
    2.246896551724138e-06,
    2.418965517241379e-06,
    2.418965517241379e-06,
    2.5910344827586207e-06,
    2.5910344827586207e-06,
    2.763103448275862e-06,
    2.763103448275862e-06,
    2.9351724137931037e-06,
    2.9351724137931037e-06,
    3.107241379310345e-06,
    3.107241379310345e-06,
    3.2793103448275863e-06,
    3.2793103448275863e-06,
    3.4513793103448278e-06,
    3.4513793103448278e-06,
    3.6234482758620693e-06,
    3.6234482758620693e-06,
    3.7955172413793103e-06,
    3.7955172413793103e-06,
    3.967586206896552e-06,
    3.967586206896552e-06,
    4.139655172413793e-06,
    4.139655172413793e-06,
    4.311724137931034e-06,
    4.311724137931034e-06,
    4.483793103448276e-06,
    4.483793103448276e-06,
    4.655862068965517e-06,
    4.655862068965517e-06,
    4.8279310344827585e-06,
    4.8279310344827585e-06,
    5e-06,
    5e-06
  ],
  "mu": 0,
  "samples": 250,
  "sequence_length": 1000,
  "seeds": [
    1628977441,
    1730479913,
    856160693,
    1048250768,
    313163355,
    1949676923,
    1913735119,
    162624431,
    1536118625,
    745000230,
    2000070073,
    431204865,
    1396441960,
    1712109145,
    1084757388,
    437992306,
    814870830,
    1645253476,
    1673832254,
    733627568,
    1845078653,
    2128096939,
    1570845094,
    202382697,
    640254769,
    510755224,
    1742883010,
    1968859961,
    410127225,
    1003757440,
    690764725,
    1788722128,
    1107538155,
    2132608192,
    194951786,
    2072465708,
    1213931483,
    1228148768,
    1830793509,
    1386314797,
    4625260,
    1103060273,
    184778401,
    1518336834,
    1591443866,
    107468302,
    35428340,
    427504745,
    133986794,
    1880405394
  ]
}