{
  "mode": "site",
  "rep": 308,
  "ne": 10000,
  "r": 1e-05,
  "mu": [
    1e-07,
    4.413793103448276e-07,
    7.827586206896552e-07,
    1.1241379310344827e-06,
    1.4655172413793102e-06,
    1.8068965517241377e-06,
    2.1482758620689656e-06,
    2.489655172413793e-06,
    2.8310344827586205e-06,
    3.172413793103448e-06,
    3.5137931034482755e-06,
    3.5137931034482755e-06,
    3.855172413793104e-06,
    3.855172413793104e-06,
    4.196551724137931e-06,
    4.196551724137931e-06,
    4.537931034482759e-06,
    4.537931034482759e-06,
    4.879310344827586e-06,
    4.879310344827586e-06,
    5.220689655172414e-06,
    5.220689655172414e-06,
    5.562068965517241e-06,
    5.562068965517241e-06,
    5.903448275862069e-06,
    5.903448275862069e-06,
    6.244827586206896e-06,
    6.244827586206896e-06,
    6.5862068965517236e-06,
    6.5862068965517236e-06,
    6.927586206896551e-06,
    6.927586206896551e-06,
    7.268965517241379e-06,
    7.268965517241379e-06,
    7.610344827586207e-06,
    7.610344827586207e-06,
    7.951724137931034e-06,
    7.951724137931034e-06,
    8.293103448275863e-06,
    8.293103448275863e-06,
    8.634482758620691e-06,
    8.634482758620691e-06,
    8.975862068965518e-06,
    8.975862068965518e-06,
    9.317241379310346e-06,
    9.317241379310346e-06,
    9.658620689655173e-06,
    9.658620689655173e-06,
    1e-05,
    1e-05
  ],
  "samples": 500,
  "sequence_length": 10000,
  "seeds": [
    1359056188,
    1815782224,
    124571512,
    1815060939,
    568014288,
    853867717,
    1981211175,
    127639395,
    8883449,
    2064781553,
    1209535774,
    617234702,
    1542728259,
    1139388680,
    560908313,
    209669265,
    2021397166,
    777502889,
    132759451,
    2032374759,
    819984524,
    917113559,
    1960816187,
    31582495,
    1415640283,
    175552795,
    1754780467,
    371095324,
    1330101556,
    1879393941,
    93160188,
    1572093263,
    1336577168,
    1516470624,
    1987186307,
    866599153,
    1209554832,
    561374288,
    340314989,
    879236088,
    1386674209,
    883217666,
    310332577,
    31666427,
    14802894,
    1234097483,
    339372261,
    443584051,
    1335397449,
    792444954
  ]
}