{
  "mode": "branch",
  "rep": 985,
  "ne": 10000,
  "r": [
    1e-08,
    1e-08,
    1.820689655172414e-07,
    1.820689655172414e-07,
    3.541379310344828e-07,
    3.541379310344828e-07,
    5.262068965517242e-07,
    5.262068965517242e-07,
    6.982758620689656e-07,
    6.982758620689656e-07,
    8.70344827586207e-07,
    8.70344827586207e-07,
    1.0424137931034483e-06,
    1.0424137931034483e-06,
    1.2144827586206895e-06,
    1.2144827586206895e-06,
    1.386551724137931e-06,
    1.386551724137931e-06,
    1.5586206896551725e-06,
    1.5586206896551725e-06,
    1.7306896551724138e-06,
    1.9027586206896551e-06,
    2.0748275862068966e-06,
    2.246896551724138e-06,
    2.418965517241379e-06,
    2.5910344827586207e-06,
    2.763103448275862e-06,
    2.9351724137931037e-06,
    3.107241379310345e-06,
    3.2793103448275863e-06,
    3.4513793103448278e-06,
    3.4513793103448278e-06,
    3.6234482758620693e-06,
    3.6234482758620693e-06,
    3.7955172413793103e-06,
    3.7955172413793103e-06,
    3.967586206896552e-06,
    3.967586206896552e-06,
    4.139655172413793e-06,
    4.139655172413793e-06,
    4.311724137931034e-06,
    4.311724137931034e-06,
    4.483793103448276e-06,
    4.483793103448276e-06,
    4.655862068965517e-06,
    4.655862068965517e-06,
    4.8279310344827585e-06,
    4.8279310344827585e-06,
    5e-06,
    5e-06
  ],
  "mu": 0,
  "samples": 250,
  "sequence_length": 1000,
  "seeds": [
    1144196228,
    1291895586,
    945738751,
    1948323805,
    1107425297,
    1985709542,
    1099733284,
    1870256125,
    1430392996,
    621636002,
    1778072110,
    943765990,
    101409778,
    2003300168,
    1260535449,
    760342910,
    628339813,
    851292108,
    112338853,
    849004250,
    416437793,
    542465120,
    181117385,
    803276491,
    1195381852,
    1877842931,
    1325359251,
    1177171226,
    774751874,
    1484088028,
    1416182075,
    32444696,
    1641128189,
    2117270315,
    1149413760,
    794565210,
    1432431158,
    1286436936,
    779627451,
    902289021,
    126181707,
    1579197253,
    855904043,
    1792386654,
    1807931573,
    1331144549,
    389927013,
    416900285,
    1665080148,
    2059635369
  ]
}