{
  "mode": "branch",
  "rep": 738,
  "ne": 10000,
  "r": [
    1e-08,
    1e-08,
    1.820689655172414e-07,
    1.820689655172414e-07,
    3.541379310344828e-07,
    3.541379310344828e-07,
    5.262068965517242e-07,
    5.262068965517242e-07,
    6.982758620689656e-07,
    6.982758620689656e-07,
    8.70344827586207e-07,
    8.70344827586207e-07,
    1.0424137931034483e-06,
    1.0424137931034483e-06,
    1.2144827586206895e-06,
    1.2144827586206895e-06,
    1.386551724137931e-06,
    1.386551724137931e-06,
    1.5586206896551725e-06,
    1.5586206896551725e-06,
    1.7306896551724138e-06,
    1.7306896551724138e-06,
    1.9027586206896551e-06,
    1.9027586206896551e-06,
    2.0748275862068966e-06,
    2.0748275862068966e-06,
    2.246896551724138e-06,
    2.246896551724138e-06,
    2.418965517241379e-06,
    2.418965517241379e-06,
    2.5910344827586207e-06,
    2.5910344827586207e-06,
    2.763103448275862e-06,
    2.763103448275862e-06,
    2.9351724137931037e-06,
    2.9351724137931037e-06,
    3.107241379310345e-06,
    3.107241379310345e-06,
    3.2793103448275863e-06,
    3.2793103448275863e-06,
    3.4513793103448278e-06,
    3.6234482758620693e-06,
    3.7955172413793103e-06,
    3.967586206896552e-06,
    4.139655172413793e-06,
    4.311724137931034e-06,
    4.483793103448276e-06,
    4.655862068965517e-06,
    4.8279310344827585e-06,
    5e-06
  ],
  "mu": 0,
  "samples": 250,
  "sequence_length": 1000,
  "seeds": [
    765925868,
    439267521,
    1885197644,
    828077587,
    1337113615,
    1339646225,
    1634237391,
    1810195984,
    1952726915,
    140800870,
    1208068554,
    988514548,
    1596839636,
    1655255377,
    2126148694,
    1456058492,
    669613320,
    2121673318,
    86922454,
    1196917773,
    973392719,
    1388029086,
    1824751501,
    2019987019,
    1864785260,
    1158214448,
    1351403655,
    799162802,
    1795449694,
    597228974,
    1599975305,
    693975376,
    888762787,
    1419570775,
    1459083432,
    1671216494,
    1657557163,
    1834562712,
    961599426,
    426240107,
    299934223,
    1844310592,
    641399195,
    79433345,
    1128313332,
    1649443311,
    502502571,
    1499860719,
    1582893820,
    1930638830
  ]
}