{
  "mode": "branch",
  "rep": 1165,
  "ne": 10000,
  "r": [
    1e-08,
    1e-08,
    1.820689655172414e-07,
    1.820689655172414e-07,
    3.541379310344828e-07,
    3.541379310344828e-07,
    5.262068965517242e-07,
    5.262068965517242e-07,
    6.982758620689656e-07,
    6.982758620689656e-07,
    8.70344827586207e-07,
    8.70344827586207e-07,
    1.0424137931034483e-06,
    1.0424137931034483e-06,
    1.2144827586206895e-06,
    1.2144827586206895e-06,
    1.386551724137931e-06,
    1.386551724137931e-06,
    1.5586206896551725e-06,
    1.5586206896551725e-06,
    1.7306896551724138e-06,
    1.9027586206896551e-06,
    2.0748275862068966e-06,
    2.246896551724138e-06,
    2.418965517241379e-06,
    2.5910344827586207e-06,
    2.763103448275862e-06,
    2.9351724137931037e-06,
    3.107241379310345e-06,
    3.2793103448275863e-06,
    3.4513793103448278e-06,
    3.4513793103448278e-06,
    3.6234482758620693e-06,
    3.6234482758620693e-06,
    3.7955172413793103e-06,
    3.7955172413793103e-06,
    3.967586206896552e-06,
    3.967586206896552e-06,
    4.139655172413793e-06,
    4.139655172413793e-06,
    4.311724137931034e-06,
    4.311724137931034e-06,
    4.483793103448276e-06,
    4.483793103448276e-06,
    4.655862068965517e-06,
    4.655862068965517e-06,
    4.8279310344827585e-06,
    4.8279310344827585e-06,
    5e-06,
    5e-06
  ],
  "mu": 0,
  "samples": 250,
  "sequence_length": 1000,
  "seeds": [
    1077307916,
    309498060,
    1488985473,
    909728931,
    621778057,
    813095879,
    1849366709,
    921120531,
    1049545267,
    2094686463,
    933161995,
    1433637860,
    1034560795,
    969432909,
    286873327,
    1182953154,
    1634490716,
    1531664288,
    156064227,
    618976868,
    64187700,
    1957562785,
    468286726,
    1394965836,
    1946649699,
    498757848,
    2015598479,
    682722779,
    1943817784,
    704218137,
    924753050,
    1888793623,
    1996990354,
    542448857,
    1299734514,
    132097025,
    1581023181,
    1179951618,
    1972758671,
    467243936,
    216413442,
    1492426572,
    668359417,
    1934903449,
    1869182387,
    1544152817,
    1634755003,
    150554506,
    1315112725,
    2037634612
  ]
}