{
  "mode": "branch",
  "rep": 971,
  "ne": 10000,
  "r": [
    1e-08,
    1.820689655172414e-07,
    3.541379310344828e-07,
    5.262068965517242e-07,
    6.982758620689656e-07,
    8.70344827586207e-07,
    1.0424137931034483e-06,
    1.2144827586206895e-06,
    1.386551724137931e-06,
    1.5586206896551725e-06,
    1.7306896551724138e-06,
    1.7306896551724138e-06,
    1.9027586206896551e-06,
    1.9027586206896551e-06,
    2.0748275862068966e-06,
    2.0748275862068966e-06,
    2.246896551724138e-06,
    2.246896551724138e-06,
    2.418965517241379e-06,
    2.418965517241379e-06,
    2.5910344827586207e-06,
    2.5910344827586207e-06,
    2.763103448275862e-06,
    2.763103448275862e-06,
    2.9351724137931037e-06,
    2.9351724137931037e-06,
    3.107241379310345e-06,
    3.107241379310345e-06,
    3.2793103448275863e-06,
    3.2793103448275863e-06,
    3.4513793103448278e-06,
    3.4513793103448278e-06,
    3.6234482758620693e-06,
    3.6234482758620693e-06,
    3.7955172413793103e-06,
    3.7955172413793103e-06,
    3.967586206896552e-06,
    3.967586206896552e-06,
    4.139655172413793e-06,
    4.139655172413793e-06,
    4.311724137931034e-06,
    4.311724137931034e-06,
    4.483793103448276e-06,
    4.483793103448276e-06,
    4.655862068965517e-06,
    4.655862068965517e-06,
    4.8279310344827585e-06,
    4.8279310344827585e-06,
    5e-06,
    5e-06
  ],
  "mu": 0,
  "samples": 250,
  "sequence_length": 1000,
  "seeds": [
    1007911167,
    1447119116,
    198631750,
    1404021559,
    504233815,
    774579362,
    1714002179,
    1307153938,
    1295377925,
    1959038629,
    50045323,
    999525913,
    854799183,
    1842718179,
    114899818,
    793800759,
    562760985,
    70503260,
    502073420,
    792401350,
    983549569,
    1284558536,
    114268856,
    1690137090,
    2042912354,
    1708043243,
    441955671,
    991641907,
    844822166,
    586319171,
    787178282,
    1792254517,
    705165830,
    1411399436,
    1323865147,
    1309177158,
    300242649,
    211698445,
    277455059,
    422023349,
    279696266,
    1872542795,
    145276948,
    947144575,
    1565181633,
    860224270,
    164600339,
    336473761,
    1864850049,
    368537316
  ]
}