{
  "mode": "site",
  "rep": 131,
  "ne": 10000,
  "r": 1e-05,
  "mu": [
    1e-07,
    4.413793103448276e-07,
    7.827586206896552e-07,
    1.1241379310344827e-06,
    1.4655172413793102e-06,
    1.8068965517241377e-06,
    2.1482758620689656e-06,
    2.489655172413793e-06,
    2.8310344827586205e-06,
    3.172413793103448e-06,
    3.5137931034482755e-06,
    3.5137931034482755e-06,
    3.855172413793104e-06,
    3.855172413793104e-06,
    4.196551724137931e-06,
    4.196551724137931e-06,
    4.537931034482759e-06,
    4.537931034482759e-06,
    4.879310344827586e-06,
    4.879310344827586e-06,
    5.220689655172414e-06,
    5.220689655172414e-06,
    5.562068965517241e-06,
    5.562068965517241e-06,
    5.903448275862069e-06,
    5.903448275862069e-06,
    6.244827586206896e-06,
    6.244827586206896e-06,
    6.5862068965517236e-06,
    6.5862068965517236e-06,
    6.927586206896551e-06,
    6.927586206896551e-06,
    7.268965517241379e-06,
    7.268965517241379e-06,
    7.610344827586207e-06,
    7.610344827586207e-06,
    7.951724137931034e-06,
    7.951724137931034e-06,
    8.293103448275863e-06,
    8.293103448275863e-06,
    8.634482758620691e-06,
    8.634482758620691e-06,
    8.975862068965518e-06,
    8.975862068965518e-06,
    9.317241379310346e-06,
    9.317241379310346e-06,
    9.658620689655173e-06,
    9.658620689655173e-06,
    1e-05,
    1e-05
  ],
  "samples": 500,
  "sequence_length": 50000,
  "seeds": [
    440707037,
    1282061616,
    999548794,
    1440322075,
    1719095605,
    450294835,
    747459255,
    1119389383,
    356520628,
    1923952345,
    878221358,
    1806202782,
    348431770,
    1655227973,
    361309644,
    1022859933,
    210139344,
    1267785564,
    2122084461,
    834587635,
    1415576222,
    760762097,
    804339982,
    44382772,
    2068913202,
    713116103,
    264158021,
    1723038264,
    616157025,
    895748784,
    1911957659,
    2138556788,
    195729829,
    121110388,
    759589834,
    238511769,
    434895532,
    1057859728,
    627004758,
    407710703,
    1001462341,
    579387511,
    1444904394,
    1831002916,
    869795551,
    782592296,
    772322375,
    970798837,
    163096321,
    340779518
  ]
}