{
  "mode": "branch",
  "rep": 731,
  "ne": 10000,
  "r": [
    1e-08,
    1.820689655172414e-07,
    3.541379310344828e-07,
    5.262068965517242e-07,
    6.982758620689656e-07,
    8.70344827586207e-07,
    1.0424137931034483e-06,
    1.2144827586206895e-06,
    1.386551724137931e-06,
    1.5586206896551725e-06,
    1.7306896551724138e-06,
    1.7306896551724138e-06,
    1.9027586206896551e-06,
    1.9027586206896551e-06,
    2.0748275862068966e-06,
    2.0748275862068966e-06,
    2.246896551724138e-06,
    2.246896551724138e-06,
    2.418965517241379e-06,
    2.418965517241379e-06,
    2.5910344827586207e-06,
    2.5910344827586207e-06,
    2.763103448275862e-06,
    2.763103448275862e-06,
    2.9351724137931037e-06,
    2.9351724137931037e-06,
    3.107241379310345e-06,
    3.107241379310345e-06,
    3.2793103448275863e-06,
    3.2793103448275863e-06,
    3.4513793103448278e-06,
    3.4513793103448278e-06,
    3.6234482758620693e-06,
    3.6234482758620693e-06,
    3.7955172413793103e-06,
    3.7955172413793103e-06,
    3.967586206896552e-06,
    3.967586206896552e-06,
    4.139655172413793e-06,
    4.139655172413793e-06,
    4.311724137931034e-06,
    4.311724137931034e-06,
    4.483793103448276e-06,
    4.483793103448276e-06,
    4.655862068965517e-06,
    4.655862068965517e-06,
    4.8279310344827585e-06,
    4.8279310344827585e-06,
    5e-06,
    5e-06
  ],
  "mu": 0,
  "samples": 250,
  "sequence_length": 1000,
  "seeds": [
    2101265049,
    1657678592,
    273019314,
    890956638,
    1471431414,
    1342163925,
    1467849501,
    1408464570,
    1703296230,
    536483348,
    1080931598,
    453802244,
    1378336384,
    1718998950,
    893489885,
    789531385,
    1900095020,
    149734916,
    912974480,
    647236958,
    173992468,
    1829159672,
    1217740376,
    105055290,
    251956684,
    1118994489,
    613693650,
    1606295308,
    1690799630,
    272409002,
    2006159976,
    1536713740,
    1080342968,
    1027276447,
    2070784495,
    1887171640,
    1784982604,
    883508200,
    60365121,
    131647563,
    1315246879,
    349117033,
    5946192,
    1523633958,
    2130120939,
    1291454986,
    1584269260,
    627193285,
    1222678362,
    1310372002
  ]
}