{
  "mode": "branch",
  "rep": 1022,
  "ne": 10000,
  "r": [
    1e-08,
    1.820689655172414e-07,
    3.541379310344828e-07,
    5.262068965517242e-07,
    6.982758620689656e-07,
    8.70344827586207e-07,
    1.0424137931034483e-06,
    1.2144827586206895e-06,
    1.386551724137931e-06,
    1.5586206896551725e-06,
    1.7306896551724138e-06,
    1.7306896551724138e-06,
    1.9027586206896551e-06,
    1.9027586206896551e-06,
    2.0748275862068966e-06,
    2.0748275862068966e-06,
    2.246896551724138e-06,
    2.246896551724138e-06,
    2.418965517241379e-06,
    2.418965517241379e-06,
    2.5910344827586207e-06,
    2.5910344827586207e-06,
    2.763103448275862e-06,
    2.763103448275862e-06,
    2.9351724137931037e-06,
    2.9351724137931037e-06,
    3.107241379310345e-06,
    3.107241379310345e-06,
    3.2793103448275863e-06,
    3.2793103448275863e-06,
    3.4513793103448278e-06,
    3.4513793103448278e-06,
    3.6234482758620693e-06,
    3.6234482758620693e-06,
    3.7955172413793103e-06,
    3.7955172413793103e-06,
    3.967586206896552e-06,
    3.967586206896552e-06,
    4.139655172413793e-06,
    4.139655172413793e-06,
    4.311724137931034e-06,
    4.311724137931034e-06,
    4.483793103448276e-06,
    4.483793103448276e-06,
    4.655862068965517e-06,
    4.655862068965517e-06,
    4.8279310344827585e-06,
    4.8279310344827585e-06,
    5e-06,
    5e-06
  ],
  "mu": 0,
  "samples": 250,
  "sequence_length": 1000,
  "seeds": [
    521382789,
    1322095322,
    1241284883,
    224313348,
    838744070,
    334564269,
    852188287,
    1458516705,
    1671794540,
    638933115,
    296782962,
    2036793334,
    788315449,
    280720051,
    1472657774,
    1131347879,
    1560776830,
    827878538,
    454402840,
    123831777,
    30929661,
    763968055,
    782581236,
    483734924,
    961442667,
    2145014404,
    646434855,
    159398729,
    916273584,
    571980311,
    783473316,
    18743997,
    2068935095,
    167277741,
    525668352,
    807588065,
    681809361,
    1908444348,
    709256222,
    1898779806,
    1675260170,
    56484312,
    1822254747,
    482826275,
    2092098987,
    453404520,
    1689890575,
    767733367,
    281048823,
    799636617
  ]
}