{
  "mode": "branch",
  "rep": 1124,
  "ne": 10000,
  "r": [
    1e-08,
    1.820689655172414e-07,
    3.541379310344828e-07,
    5.262068965517242e-07,
    6.982758620689656e-07,
    8.70344827586207e-07,
    1.0424137931034483e-06,
    1.2144827586206895e-06,
    1.386551724137931e-06,
    1.5586206896551725e-06,
    1.7306896551724138e-06,
    1.7306896551724138e-06,
    1.9027586206896551e-06,
    1.9027586206896551e-06,
    2.0748275862068966e-06,
    2.0748275862068966e-06,
    2.246896551724138e-06,
    2.246896551724138e-06,
    2.418965517241379e-06,
    2.418965517241379e-06,
    2.5910344827586207e-06,
    2.5910344827586207e-06,
    2.763103448275862e-06,
    2.763103448275862e-06,
    2.9351724137931037e-06,
    2.9351724137931037e-06,
    3.107241379310345e-06,
    3.107241379310345e-06,
    3.2793103448275863e-06,
    3.2793103448275863e-06,
    3.4513793103448278e-06,
    3.4513793103448278e-06,
    3.6234482758620693e-06,
    3.6234482758620693e-06,
    3.7955172413793103e-06,
    3.7955172413793103e-06,
    3.967586206896552e-06,
    3.967586206896552e-06,
    4.139655172413793e-06,
    4.139655172413793e-06,
    4.311724137931034e-06,
    4.311724137931034e-06,
    4.483793103448276e-06,
    4.483793103448276e-06,
    4.655862068965517e-06,
    4.655862068965517e-06,
    4.8279310344827585e-06,
    4.8279310344827585e-06,
    5e-06,
    5e-06
  ],
  "mu": 0,
  "samples": 250,
  "sequence_length": 1000,
  "seeds": [
    528987443,
    148254187,
    43908139,
    1556497429,
    254047815,
    404731625,
    1469698442,
    244741303,
    998656900,
    461801678,
    1651164925,
    580291774,
    1703285130,
    187858607,
    384288364,
    1182412669,
    193550728,
    962366799,
    410198568,
    1021781127,
    1721246597,
    1352506933,
    2117547943,
    1862889672,
    1155197893,
    774839953,
    832403355,
    1989109917,
    236633829,
    1255858963,
    1404026833,
    1105285367,
    493861235,
    650593312,
    1550632967,
    1566434246,
    1572537767,
    2010787613,
    1726002904,
    1265025982,
    1801310288,
    2002903151,
    1213927446,
    362524449,
    1629905837,
    1952108322,
    1782454461,
    390057032,
    317394096,
    1775065904
  ]
}