{
  "mode": "site",
  "rep": 450,
  "ne": 10000,
  "r": 1e-05,
  "mu": [
    1e-07,
    1e-07,
    4.413793103448276e-07,
    4.413793103448276e-07,
    7.827586206896552e-07,
    7.827586206896552e-07,
    1.1241379310344827e-06,
    1.1241379310344827e-06,
    1.4655172413793102e-06,
    1.4655172413793102e-06,
    1.8068965517241377e-06,
    1.8068965517241377e-06,
    2.1482758620689656e-06,
    2.1482758620689656e-06,
    2.489655172413793e-06,
    2.489655172413793e-06,
    2.8310344827586205e-06,
    2.8310344827586205e-06,
    3.172413793103448e-06,
    3.172413793103448e-06,
    3.5137931034482755e-06,
    3.5137931034482755e-06,
    3.855172413793104e-06,
    3.855172413793104e-06,
    4.196551724137931e-06,
    4.196551724137931e-06,
    4.537931034482759e-06,
    4.537931034482759e-06,
    4.879310344827586e-06,
    4.879310344827586e-06,
    5.220689655172414e-06,
    5.220689655172414e-06,
    5.562068965517241e-06,
    5.562068965517241e-06,
    5.903448275862069e-06,
    5.903448275862069e-06,
    6.244827586206896e-06,
    6.244827586206896e-06,
    6.5862068965517236e-06,
    6.5862068965517236e-06,
    6.927586206896551e-06,
    7.268965517241379e-06,
    7.610344827586207e-06,
    7.951724137931034e-06,
    8.293103448275863e-06,
    8.634482758620691e-06,
    8.975862068965518e-06,
    9.317241379310346e-06,
    9.658620689655173e-06,
    1e-05
  ],
  "samples": 500,
  "sequence_length": 10000,
  "seeds": [
    1435256401,
    55967933,
    53666896,
    1729819804,
    182259540,
    576678501,
    257445970,
    1137446067,
    361706171,
    892828641,
    841846851,
    1278201323,
    1542933178,
    894570315,
    1787551958,
    592243822,
    702359767,
    782284382,
    1958255393,
    736171772,
    461003900,
    1736926210,
    1077495725,
    2000633030,
    1857164751,
    1715162625,
    1133146871,
    670619768,
    1443255937,
    2106051591,
    685547757,
    1689361365,
    235106277,
    675601261,
    252404476,
    1084093453,
    206917508,
    1979631452,
    889764411,
    1579654457,
    1459825511,
    1762297393,
    913942368,
    1816431364,
    2055284185,
    1052062196,
    1458750306,
    76501197,
    1898084402,
    1906588806
  ]
}